Par_Sensores,Fecha_Hora_Centro,Inicio_Ventana,Fin_Ventana,Flujo_McCallum_mm_dia,Flujo_Hatch_Amplitud_mm_dia,Flujo_Keery_mm_dia,Flujo_Luce_mm_dia,Amplitud_Sup_C,Amplitud_Prof_C,R2_Sup,R2_Prof,Desfase_rad,Flag_Calidad,R2_promedio,Amp_promedio,flag_r2_ok,flag_amp_ok,flag_fisica_ok,flag_calidad_total,Flujo_Consenso
TC1_int_inf,2026-01-02 00:00:00,2026-01-01 00:00:00,2026-01-02 23:00:00,0.0,0.0,0.0,0.0,0.0,0.0,-0.0,-0.0,0.0,1,-0.0,0.0,False,False,True,False,0.0
TC1_int_inf,2026-01-02 12:00:00,2026-01-01 12:00:00,2026-01-03 11:00:00,0.0,0.0,0.0,0.0,0.0,0.0,-0.0,-0.0,0.0,1,-0.0,0.0,False,False,True,False,0.0
TC1_int_inf,2026-01-03 00:00:00,2026-01-02 00:00:00,2026-01-03 23:00:00,0.0,0.0,0.0,0.0,0.0,0.0,-0.0,-0.0,0.0,1,-0.0,0.0,False,False,True,False,0.0
TC1_int_inf,2026-01-03 12:00:00,2026-01-02 12:00:00,2026-01-04 11:00:00,0.0,0.0,0.0,0.0,0.3366,0.3366,0.0531,0.0531,0.0,1,0.0531,0.3366,False,True,True,False,0.0
TC1_int_inf,2026-01-04 00:00:00,2026-01-03 00:00:00,2026-01-04 23:00:00,0.0,0.0,0.0,0.0,0.4157,0.4157,0.0753,0.0753,0.0,1,0.0753,0.4157,False,True,True,False,0.0
TC1_int_inf,2026-01-04 12:00:00,2026-01-03 12:00:00,2026-01-05 11:00:00,0.0,0.0,0.0,0.0,0.0,0.0,0.0,0.0,0.0,1,0.0,0.0,False,False,True,False,0.0
TC1_int_inf,2026-01-05 00:00:00,2026-01-04 00:00:00,2026-01-05 23:00:00,0.0,0.0,0.0,0.0,0.2872,0.2872,0.034,0.034,0.0,1,0.034,0.2872,False,False,True,False,0.0
TC1_int_inf,2026-01-05 12:00:00,2026-01-04 12:00:00,2026-01-06 11:00:00,0.0,0.0,0.0,0.0,0.4481,0.4481,0.1086,0.1086,0.0,1,0.1086,0.4481,False,True,True,False,0.0
TC1_int_inf,2026-01-06 00:00:00,2026-01-05 00:00:00,2026-01-06 23:00:00,0.0,0.0,0.0,0.0,0.0,0.0,0.0,0.0,0.0,1,0.0,0.0,False,False,True,False,0.0
TC1_int_inf,2026-01-06 12:00:00,2026-01-05 12:00:00,2026-01-07 11:00:00,0.0,0.0,0.0,0.0,0.3984,0.3984,0.0884,0.0884,0.0,1,0.0884,0.3984,False,True,True,False,0.0
TC1_int_inf,2026-01-07 00:00:00,2026-01-06 00:00:00,2026-01-07 23:00:00,0.0,0.0,0.0,0.0,0.2728,0.2728,0.0378,0.0378,0.0,1,0.0378,0.2728,False,False,True,False,0.0
TC1_int_inf,2026-01-07 12:00:00,2026-01-06 12:00:00,2026-01-08 11:00:00,0.0,0.0,0.0,0.0,0.3166,0.3166,0.0538,0.0538,0.0,1,0.0538,0.3166,False,True,True,False,0.0
TC1_int_inf,2026-01-08 00:00:00,2026-01-07 00:00:00,2026-01-08 23:00:00,0.0,0.0,0.0,0.0,0.2614,0.2614,0.0386,0.0386,0.0,1,0.0386,0.2614,False,False,True,False,0.0
TC1_int_inf,2026-01-08 12:00:00,2026-01-07 12:00:00,2026-01-09 11:00:00,0.0,0.0,0.0,0.0,0.0,0.0,0.0,0.0,0.0,1,0.0,0.0,False,False,True,False,0.0
TC1_int_inf,2026-01-09 00:00:00,2026-01-08 00:00:00,2026-01-09 23:00:00,0.0,0.0,0.0,0.0,0.0,0.0,0.0,0.0,0.0,1,0.0,0.0,False,False,True,False,0.0
TC1_int_inf,2026-01-09 12:00:00,2026-01-08 12:00:00,2026-01-10 11:00:00,0.0,0.0,0.0,0.0,0.4257,0.4257,0.0724,0.0724,0.0,1,0.0724,0.4257,False,True,True,False,0.0
TC1_int_inf,2026-01-10 00:00:00,2026-01-09 00:00:00,2026-01-10 23:00:00,0.0,0.0,0.0,0.0,0.0,0.0,-0.0,-0.0,0.0,1,-0.0,0.0,False,False,True,False,0.0
TC1_int_inf,2026-01-10 12:00:00,2026-01-09 12:00:00,2026-01-11 11:00:00,0.0,0.0,0.0,0.0,0.3673,0.3673,0.0583,0.0583,0.0,1,0.0583,0.3673,False,True,True,False,0.0
TC1_int_inf,2026-01-11 00:00:00,2026-01-10 00:00:00,2026-01-11 23:00:00,0.0,0.0,0.0,0.0,0.3457,0.3457,0.0509,0.0509,0.0,1,0.0509,0.3457,False,True,True,False,0.0
TC1_int_inf,2026-01-11 12:00:00,2026-01-10 12:00:00,2026-01-12 11:00:00,0.0,0.0,0.0,0.0,0.3901,0.3901,0.0687,0.0687,0.0,1,0.0687,0.3901,False,True,True,False,0.0
TC1_int_inf,2026-01-12 00:00:00,2026-01-11 00:00:00,2026-01-12 23:00:00,0.0,0.0,0.0,0.0,0.0,0.0,0.0,0.0,0.0,1,0.0,0.0,False,False,True,False,0.0
TC1_int_inf,2026-01-12 12:00:00,2026-01-11 12:00:00,2026-01-13 11:00:00,0.0,0.0,0.0,0.0,0.3783,0.3783,0.0646,0.0646,0.0,1,0.0646,0.3783,False,True,True,False,0.0
TC1_int_inf,2026-01-13 00:00:00,2026-01-12 00:00:00,2026-01-13 23:00:00,0.0,0.0,0.0,0.0,0.0,0.0,0.0,0.0,0.0,1,0.0,0.0,False,False,True,False,0.0
TC1_int_inf,2026-01-13 12:00:00,2026-01-12 12:00:00,2026-01-14 11:00:00,0.0,0.0,0.0,0.0,0.0,0.0,0.0,0.0,0.0,1,0.0,0.0,False,False,True,False,0.0
TC1_int_inf,2026-01-14 00:00:00,2026-01-13 00:00:00,2026-01-14 23:00:00,0.0,0.0,0.0,0.0,0.3092,0.3092,0.0477,0.0477,0.0,1,0.0477,0.3092,False,True,True,False,0.0
TC1_int_inf,2026-01-14 12:00:00,2026-01-13 12:00:00,2026-01-15 11:00:00,0.0,0.0,0.0,0.0,0.3067,0.3067,0.0476,0.0476,0.0,1,0.0476,0.3067,False,True,True,False,0.0
TC1_int_inf,2026-01-15 00:00:00,2026-01-14 00:00:00,2026-01-15 23:00:00,0.0,0.0,0.0,0.0,0.3265,0.3265,0.0549,0.0549,0.0,1,0.0549,0.3265,False,True,True,False,0.0
TC1_int_inf,2026-01-15 12:00:00,2026-01-14 12:00:00,2026-01-16 11:00:00,0.0,0.0,0.0,0.0,0.0,0.0,0.0,0.0,0.0,1,0.0,0.0,False,False,True,False,0.0
TC1_int_inf,2026-01-16 00:00:00,2026-01-15 00:00:00,2026-01-16 23:00:00,0.0,0.0,0.0,0.0,0.0,0.0,-0.0,-0.0,0.0,1,-0.0,0.0,False,False,True,False,0.0
TC1_int_inf,2026-01-16 12:00:00,2026-01-15 12:00:00,2026-01-17 11:00:00,0.0,0.0,0.0,0.0,0.3852,0.3852,0.0687,0.0687,0.0,1,0.0687,0.3852,False,True,True,False,0.0
TC1_int_inf,2026-01-17 00:00:00,2026-01-16 00:00:00,2026-01-17 23:00:00,0.0,0.0,0.0,0.0,0.0,0.0,-0.0,-0.0,0.0,1,-0.0,0.0,False,False,True,False,0.0
TC1_int_inf,2026-01-17 12:00:00,2026-01-16 12:00:00,2026-01-18 11:00:00,0.0,0.0,0.0,0.0,0.0,0.0,0.0,0.0,0.0,1,0.0,0.0,False,False,True,False,0.0
TC1_int_inf,2026-01-18 00:00:00,2026-01-17 00:00:00,2026-01-18 23:00:00,0.0,0.0,0.0,0.0,0.3169,0.3169,0.0502,0.0502,0.0,1,0.0502,0.3169,False,True,True,False,0.0
TC1_int_inf,2026-01-18 12:00:00,2026-01-17 12:00:00,2026-01-19 11:00:00,0.0,0.0,0.0,0.0,0.383,0.383,0.0642,0.0642,0.0,1,0.0642,0.383,False,True,True,False,0.0
TC1_int_inf,2026-01-19 00:00:00,2026-01-18 00:00:00,2026-01-19 23:00:00,0.0,0.0,0.0,0.0,0.2884,0.2884,0.034,0.034,0.0,1,0.034,0.2884,False,False,True,False,0.0
TC1_int_inf,2026-01-19 12:00:00,2026-01-18 12:00:00,2026-01-20 11:00:00,0.0,0.0,0.0,0.0,0.3544,0.3544,0.0553,0.0553,0.0,1,0.0553,0.3544,False,True,True,False,0.0
TC1_int_inf,2026-01-20 00:00:00,2026-01-19 00:00:00,2026-01-20 23:00:00,0.0,0.0,0.0,0.0,0.0,0.0,-0.0,-0.0,0.0,1,-0.0,0.0,False,False,True,False,0.0
TC1_int_inf,2026-01-20 12:00:00,2026-01-19 12:00:00,2026-01-21 11:00:00,0.0,0.0,0.0,0.0,0.0,0.0,0.0,0.0,0.0,1,0.0,0.0,False,False,True,False,0.0
TC1_int_inf,2026-01-21 00:00:00,2026-01-20 00:00:00,2026-01-21 23:00:00,0.0,0.0,0.0,0.0,0.3559,0.3559,0.0537,0.0537,0.0,1,0.0537,0.3559,False,True,True,False,0.0
TC1_int_inf,2026-01-21 12:00:00,2026-01-20 12:00:00,2026-01-22 11:00:00,0.0,0.0,0.0,0.0,0.0,0.0,0.0,0.0,0.0,1,0.0,0.0,False,False,True,False,0.0
TC1_int_inf,2026-01-22 00:00:00,2026-01-21 00:00:00,2026-01-22 23:00:00,0.0,0.0,0.0,0.0,0.3777,0.3777,0.0601,0.0601,0.0,1,0.0601,0.3777,False,True,True,False,0.0
TC1_int_inf,2026-01-22 12:00:00,2026-01-21 12:00:00,2026-01-23 11:00:00,0.0,0.0,0.0,0.0,0.3041,0.3041,0.0441,0.0441,0.0,1,0.0441,0.3041,False,True,True,False,0.0
TC1_int_inf,2026-01-23 00:00:00,2026-01-22 00:00:00,2026-01-23 23:00:00,0.0,0.0,0.0,0.0,0.3444,0.3444,0.0594,0.0594,0.0,1,0.0594,0.3444,False,True,True,False,0.0
TC1_int_inf,2026-01-23 12:00:00,2026-01-22 12:00:00,2026-01-24 11:00:00,0.0,0.0,0.0,0.0,0.3174,0.3174,0.0488,0.0488,0.0,1,0.0488,0.3174,False,True,True,False,0.0
TC1_int_inf,2026-01-24 00:00:00,2026-01-23 00:00:00,2026-01-24 23:00:00,0.0,0.0,0.0,0.0,0.3704,0.3704,0.0615,0.0615,0.0,1,0.0615,0.3704,False,True,True,False,0.0
TC1_int_inf,2026-01-24 12:00:00,2026-01-23 12:00:00,2026-01-25 11:00:00,0.0,0.0,0.0,0.0,0.0,0.0,0.0,0.0,0.0,1,0.0,0.0,False,False,True,False,0.0
TC1_int_inf,2026-01-25 00:00:00,2026-01-24 00:00:00,2026-01-25 23:00:00,0.0,0.0,0.0,0.0,0.3421,0.3421,0.0637,0.0637,0.0,1,0.0637,0.3421,False,True,True,False,0.0
TC1_int_inf,2026-01-26 12:00:00,2026-01-25 12:00:00,2026-01-27 11:00:00,-71.0208,-81.4844,711.4856,-380.9657,0.3792,0.4657,0.066,0.5017,3.7921,1,0.28385000000000005,0.42245,False,True,True,False,-76.2526
TC1_int_inf,2026-01-27 00:00:00,2026-01-26 00:00:00,2026-01-27 23:00:00,246.5811,103.0871,321.1599,382.3411,0.0,0.0,-0.0,0.0,1.3592,1,0.0,0.0,False,False,True,False,174.8341
TC1_int_inf,2026-01-30 12:00:00,2026-01-29 12:00:00,2026-01-31 11:00:00,27.6697,22.3687,541.8664,91.6016,0.0,0.0,0.0,0.0,2.6752,1,0.0,0.0,False,False,True,False,25.019199999999998
TC1_int_inf,2026-02-01 12:00:00,2026-01-31 12:00:00,2026-02-02 11:00:00,391.4949,436.6418,917.331,1115.0296,0.2268,0.0755,0.028,0.056,3.5238,1,0.042,0.15115,False,False,True,False,414.06835
TC1_int_inf,2026-02-05 12:00:00,2026-02-04 12:00:00,2026-02-06 11:00:00,228.9873,368.4018,1224.3633,1010.7032,0.118,0.0466,0.015,0.0508,5.2436,1,0.0329,0.0823,False,False,True,False,298.69455
TC1_int_inf,2026-02-07 12:00:00,2026-02-06 12:00:00,2026-02-08 11:00:00,426.4494,471.3793,922.1245,1161.6303,0.3453,0.1052,0.0799,0.0905,3.4604,1,0.0852,0.22525,False,False,True,False,448.91435
TC1_int_inf,2026-02-09 00:00:00,2026-02-08 00:00:00,2026-02-09 23:00:00,-293.7469,-361.4547,606.7354,-2484.6078,0.0,0.0,0.0,0.0,3.9697,1,0.0,0.0,False,False,True,False,-327.6008
TC1_int_inf,2026-02-10 00:00:00,2026-02-09 00:00:00,2026-02-10 23:00:00,232.1306,263.7415,866.1289,811.4092,0.19,0.0978,0.0161,0.1571,3.7015,1,0.0866,0.1439,False,False,True,False,247.93604999999997
TC1_int_inf,2026-02-11 12:00:00,2026-02-10 12:00:00,2026-02-12 11:00:00,-61.512,-59.7707,607.4202,-271.6833,0.0,0.0,0.0,-0.0,3.2128,1,0.0,0.0,False,False,True,False,-60.64135
TC1_int_inf,2026-02-12 00:00:00,2026-02-11 00:00:00,2026-02-12 23:00:00,236.6387,267.1712,862.7605,818.8072,0.2001,0.1021,0.0179,0.1763,3.6759,1,0.0971,0.1511,False,False,True,False,251.90494999999999
TC1_int_inf,2026-02-14 00:00:00,2026-02-13 00:00:00,2026-02-14 23:00:00,423.5653,485.8662,955.8475,1179.8908,0.2981,0.0876,0.0473,0.1773,3.5939,1,0.11230000000000001,0.19285,False,False,True,False,454.71574999999996
TC1_int_inf,2026-02-19 12:00:00,2026-02-18 12:00:00,2026-02-20 11:00:00,430.5683,491.7004,954.2156,1187.0585,0.2498,0.0723,0.0339,0.0682,3.571,1,0.05105,0.16105,False,False,True,False,461.13435000000004
TC1_int_inf,2026-02-22 00:00:00,2026-02-21 00:00:00,2026-02-22 23:00:00,21.711,22.4568,690.2829,91.9524,0.0,0.0,0.0,0.0,3.4232,1,0.0,0.0,False,False,True,False,22.0839
TC1_int_inf,2026-02-25 00:00:00,2026-02-24 00:00:00,2026-02-25 23:00:00,373.8152,428.0664,934.8091,1102.8837,0.232,0.0789,0.0336,0.0998,3.6335,1,0.0667,0.15545,False,False,True,False,400.94079999999997
TC1_int_inf,2026-02-26 00:00:00,2026-02-25 00:00:00,2026-02-26 23:00:00,356.9499,415.7819,943.9061,1085.0207,0.2513,0.0881,0.0259,0.1188,3.7104,1,0.07235,0.16970000000000002,False,False,True,False,386.3659
TC1_int_inf,2026-03-08 12:00:00,2026-03-07 12:00:00,2026-03-09 11:00:00,382.876,484.2371,1036.4551,1177.8705,0.4387,0.1295,0.052,0.0506,4.0044,1,0.0513,0.2841,False,False,True,False,433.55655
TC1_int_inf,2026-03-10 00:00:00,2026-03-09 00:00:00,2026-03-10 23:00:00,316.3601,438.1972,1101.7734,1117.2045,0.4876,0.1616,0.0558,0.0474,4.4497,1,0.0516,0.3246,False,True,True,False,377.27864999999997
TC1_int_inf,2026-03-10 12:00:00,2026-03-09 12:00:00,2026-03-11 11:00:00,373.5988,486.1285,1062.1207,1180.2153,0.4711,0.1383,0.0511,0.0321,4.129,1,0.0416,0.3047,False,True,True,False,429.86365
TC1_int_inf,2026-03-12 12:00:00,2026-03-11 12:00:00,2026-03-13 11:00:00,233.4251,395.4504,1292.3588,1054.2138,0.5642,0.2082,0.0978,0.0877,5.5182,1,0.09275,0.3862,False,True,True,False,314.43775
TC1_int_inf,2026-03-19 00:00:00,2026-03-18 00:00:00,2026-03-19 23:00:00,411.4569,461.3782,929.8711,1148.6294,0.3701,0.1157,0.0523,0.0677,3.5247,1,0.06,0.2429,False,False,True,False,436.41755
TC1_int_inf,2026-03-20 00:00:00,2026-03-19 00:00:00,2026-03-20 23:00:00,118.5382,163.0732,981.1245,563.1558,0.0,0.0,0.0,0.0,4.535,1,0.0,0.0,False,False,True,False,140.8057
TC1_int_inf,2026-03-23 12:00:00,2026-03-22 12:00:00,2026-03-24 11:00:00,-184.1513,-127.6827,386.914,-634.3648,0.0,0.0,0.0,0.0,2.2723,1,0.0,0.0,False,False,True,False,-155.917
TC1_int_inf,2026-03-24 00:00:00,2026-03-23 00:00:00,2026-03-24 23:00:00,-187.723,-354.5751,1050.1614,-2413.1703,0.0,0.0,0.0,0.0,6.1878,1,0.0,0.0,False,False,True,False,-271.14905
TC1_int_inf,2026-03-24 12:00:00,2026-03-23 12:00:00,2026-03-25 11:00:00,136.049,120.8766,640.6677,438.8432,0.1523,0.1123,0.0134,0.1852,2.925,1,0.0993,0.1323,False,False,True,False,128.46280000000002
TC1_int_inf,2026-03-25 12:00:00,2026-03-24 12:00:00,2026-03-26 11:00:00,98.9047,82.5331,587.618,313.8244,0.1631,0.1324,0.0193,0.071,2.7542,1,0.045149999999999996,0.14775,False,False,True,False,90.7189
TC1_int_inf,2026-04-03 00:00:00,2026-04-02 00:00:00,2026-04-03 23:00:00,-257.9563,-49.4462,98.6833,-221.782,0.535,0.606,0.1392,0.3232,0.6221,1,0.2312,0.5705,False,True,True,False,-153.70125
TC1_int_inf,2026-04-03 12:00:00,2026-04-02 12:00:00,2026-04-04 11:00:00,-187.9682,-16.4557,48.6619,-70.7627,0.4155,0.4331,0.0987,0.2553,0.2868,1,0.17700000000000002,0.4243,False,True,True,False,-102.21195
TC1_int_inf,2026-04-06 00:00:00,2026-04-05 00:00:00,2026-04-06 23:00:00,188.9393,302.8346,1192.864,892.0615,0.0,0.0,0.0,0.0,5.2501,1,0.0,0.0,False,False,True,False,245.88695
TC1_int_inf,2026-04-08 00:00:00,2026-04-07 00:00:00,2026-04-08 23:00:00,113.3247,208.3165,1306.6216,682.5445,0.0,0.0,-0.0,-0.0,6.0618,1,-0.0,0.0,False,False,True,False,160.8206
TC1_int_inf,2026-04-15 12:00:00,2026-04-14 12:00:00,2026-04-16 11:00:00,254.1402,289.7627,879.3548,865.9726,0.1962,0.0945,0.0257,0.1902,3.7026,1,0.10795,0.14535,False,False,True,False,271.95145
TC1_int_inf,2026-04-16 00:00:00,2026-04-15 00:00:00,2026-04-16 23:00:00,247.9987,477.7155,1480.882,1169.6991,0.3679,0.1104,0.0652,0.0609,6.2612,1,0.06305,0.23915,False,False,True,False,362.8571
TC1_int_inf,2026-04-17 00:00:00,2026-04-16 00:00:00,2026-04-17 23:00:00,246.2325,452.9854,1412.9794,1137.4632,0.3765,0.1202,0.0847,0.1478,5.9813,1,0.11624999999999999,0.24835000000000002,False,False,True,False,349.60895
TC1_int_inf,2026-04-23 12:00:00,2026-04-22 12:00:00,2026-04-24 11:00:00,307.2877,446.6542,1151.2123,1128.8824,0.2743,0.089,0.0418,0.0674,4.6776,1,0.054599999999999996,0.18164999999999998,False,False,True,False,376.97095
TC1_int_inf,2026-04-24 00:00:00,2026-04-23 00:00:00,2026-04-24 23:00:00,385.248,292.7259,623.3147,871.962,0.0,0.0,0.0,-0.0,2.4044,1,0.0,0.0,False,False,True,False,338.98695
TC1_int_inf,2026-04-30 00:00:00,2026-04-29 00:00:00,2026-04-30 23:00:00,337.2201,483.1163,1150.6774,1176.4756,0.2474,0.0732,0.0431,0.0495,4.583,1,0.0463,0.1603,False,False,True,False,410.1682
TC1_int_inf,2026-05-05 00:00:00,2026-05-04 00:00:00,2026-05-05 23:00:00,-214.4752,-347.2544,875.1806,-2338.5005,0.0,0.0,0.0,0.0,5.2872,1,0.0,0.0,False,False,True,False,-280.8648
TC1_sup_inf,2026-01-08 12:00:00,2026-01-07 12:00:00,2026-01-09 11:00:00,-328.853,-133.2839,461.4028,-1600.6545,0.0,0.0,0.0,0.0,5.3239,1,0.0,0.0,False,False,True,False,-231.06844999999998
TC1_sup_inf,2026-01-20 12:00:00,2026-01-19 12:00:00,2026-01-21 11:00:00,-482.3688,-82.1404,178.7424,-857.1383,0.0,0.0,-0.0,0.0,2.2162,1,0.0,0.0,False,False,True,False,-282.2546
TC1_sup_inf,2026-02-11 12:00:00,2026-02-10 12:00:00,2026-02-12 11:00:00,208.3011,25.319,171.7743,200.2183,0.0,0.0,0.0,-0.0,1.6042,1,0.0,0.0,False,False,True,False,116.81004999999999
TC1_sup_inf,2026-02-26 12:00:00,2026-02-25 12:00:00,2026-02-27 11:00:00,-173.3755,-62.0297,437.7872,-613.4067,0.0,0.0,0.0,0.0,4.7266,1,0.0,0.0,False,False,True,False,-117.70259999999999
TC1_sup_inf,2026-04-06 00:00:00,2026-04-05 00:00:00,2026-04-06 23:00:00,-300.0276,-74.4146,286.3645,-760.5718,0.0,0.0,0.0,0.0,3.2623,1,0.0,0.0,False,False,True,False,-187.2211
TC1_sup_inf,2026-04-18 00:00:00,2026-04-17 00:00:00,2026-04-18 23:00:00,-143.7319,-5.9315,51.1457,-50.7173,0.0,0.0,0.0,-0.0,0.5456,1,0.0,0.0,False,False,True,False,-74.8317
TC1_sup_inf,2026-04-18 12:00:00,2026-04-17 12:00:00,2026-04-19 11:00:00,-13.0164,-6.1175,614.1103,-52.3321,0.0,0.0,0.0,-0.0,6.2225,1,0.0,0.0,False,False,True,False,-9.56695
TC1_sup_inf,2026-04-24 00:00:00,2026-04-23 00:00:00,2026-04-24 23:00:00,94.9541,22.8207,326.8074,181.5793,0.0,0.0,-0.0,-0.0,3.1799,1,-0.0,0.0,False,False,True,False,58.8874
TC1_sup_inf,2026-05-04 00:00:00,2026-05-03 00:00:00,2026-05-04 23:00:00,-352.7424,-71.639,228.4611,-726.7872,0.0,0.0,0.0,0.0,2.6646,1,0.0,0.0,False,False,True,False,-212.1907
TC1_sup_int,2026-01-04 00:00:00,2026-01-03 00:00:00,2026-01-04 23:00:00,330.2057,495.1583,1200.5342,1191.2573,1.4481,0.4157,0.1509,0.0753,4.804,1,0.1131,0.9319,False,True,True,False,412.682
TC1_sup_int,2026-01-05 12:00:00,2026-01-04 12:00:00,2026-01-06 11:00:00,314.5361,452.3508,1142.9689,1136.6093,1.4015,0.4481,0.1528,0.1086,4.6217,1,0.13069999999999998,0.9248,False,True,True,False,383.44345
TC1_sup_int,2026-01-06 12:00:00,2026-01-05 12:00:00,2026-01-07 11:00:00,322.5176,462.7267,1144.5457,1150.4015,1.2788,0.3984,0.1229,0.0884,4.6035,1,0.10565,0.8386,False,True,True,False,392.62215000000003
TC1_sup_int,2026-01-08 12:00:00,2026-01-07 12:00:00,2026-01-09 11:00:00,-164.4265,-266.5678,922.8055,-1600.6545,0.0,0.0,0.0,0.0,5.3239,1,0.0,0.0,False,False,True,False,-215.49714999999998
TC1_sup_int,2026-01-11 12:00:00,2026-01-10 12:00:00,2026-01-12 11:00:00,349.3893,494.4308,1142.8877,1190.3769,1.3564,0.3901,0.1334,0.0687,4.5152,1,0.10105,0.8732500000000001,False,True,True,False,421.91004999999996
TC1_sup_int,2026-01-12 12:00:00,2026-01-11 12:00:00,2026-01-13 11:00:00,345.1737,482.9928,1127.9432,1176.3217,1.2781,0.3783,0.1153,0.0646,4.4687,1,0.08995,0.8282,False,True,True,False,414.08325
TC1_sup_int,2026-01-16 12:00:00,2026-01-15 12:00:00,2026-01-17 11:00:00,332.0887,466.6025,1125.8626,1155.4615,1.2489,0.3852,0.1084,0.0687,4.4995,1,0.08854999999999999,0.8170499999999999,False,True,True,False,399.3456
TC1_sup_int,2026-01-18 12:00:00,2026-01-17 12:00:00,2026-01-19 11:00:00,334.5376,470.1783,1127.4553,1160.0863,1.2527,0.383,0.1028,0.0642,4.4986,1,0.08349999999999999,0.81785,False,True,True,False,402.35794999999996
TC1_sup_int,2026-01-20 12:00:00,2026-01-19 12:00:00,2026-01-21 11:00:00,-241.1844,-164.2808,357.4848,-857.1383,0.0,0.0,-0.0,0.0,2.2162,1,0.0,0.0,False,False,True,False,-202.7326
TC1_sup_int,2026-01-21 12:00:00,2026-01-20 12:00:00,2026-01-22 11:00:00,-354.5262,-138.343,177.5298,-697.1468,0.0,0.0,-0.0,0.0,1.2437,1,0.0,0.0,False,False,True,False,-246.4346
TC1_sup_int,2026-01-26 00:00:00,2026-01-25 00:00:00,2026-01-26 23:00:00,109.6642,144.6178,935.1547,510.4084,0.0,0.0,0.0,0.0,4.3497,1,0.0,0.0,False,False,True,False,127.14099999999999
TC1_sup_int,2026-01-30 12:00:00,2026-01-29 12:00:00,2026-01-31 11:00:00,-234.1652,-326.7919,738.2337,-2136.9492,0.0,0.0,0.0,0.0,4.5453,1,0.0,0.0,False,False,True,False,-280.47855
TC1_sup_int,2026-02-01 00:00:00,2026-01-31 00:00:00,2026-02-01 23:00:00,339.2843,471.0091,1116.0663,1161.1549,1.3474,0.411,0.1304,0.0686,4.439,1,0.09949999999999999,0.8792,False,True,True,False,405.1467
TC1_sup_int,2026-02-05 00:00:00,2026-02-04 00:00:00,2026-02-05 23:00:00,250.9477,358.2791,1099.284,993.6416,0.8248,0.3343,0.0803,0.0668,4.6386,1,0.07355,0.57955,False,True,True,False,304.6134
TC1_sup_int,2026-02-08 12:00:00,2026-02-07 12:00:00,2026-02-09 11:00:00,219.5935,294.0783,1013.9633,874.6809,0.0,0.0,0.0,0.0,4.3703,1,0.0,0.0,False,False,True,False,256.83590000000004
TC1_sup_int,2026-02-09 00:00:00,2026-02-08 00:00:00,2026-02-09 23:00:00,-258.3494,-300.7006,598.9423,-1894.5823,0.0,0.0,0.0,0.0,3.7773,1,0.0,0.0,False,False,True,False,-279.525
TC1_sup_int,2026-02-11 12:00:00,2026-02-10 12:00:00,2026-02-12 11:00:00,78.0386,110.4087,982.5071,405.9028,0.0,0.0,0.0,0.0,4.6747,1,0.0,0.0,False,False,True,False,94.22364999999999
TC1_sup_int,2026-03-06 00:00:00,2026-03-05 00:00:00,2026-03-06 23:00:00,118.4093,214.948,1294.5296,698.9278,1.6699,0.9714,0.0875,0.1218,5.9841,1,0.10464999999999999,1.32065,False,True,True,False,166.67865
TC1_sup_int,2026-03-07 00:00:00,2026-03-06 00:00:00,2026-03-07 23:00:00,169.7347,249.07,1079.9418,779.0297,1.8462,0.9854,0.0575,0.1075,4.8164,1,0.0825,1.4158,False,True,True,False,209.40235
TC1_sup_int,2026-03-08 00:00:00,2026-03-07 00:00:00,2026-03-08 23:00:00,361.7342,489.0371,1097.84,1183.7996,1.7148,0.4999,0.049,0.0726,4.3017,1,0.0608,1.10735,False,True,True,False,425.38565
TC1_sup_int,2026-03-09 12:00:00,2026-03-08 12:00:00,2026-03-10 11:00:00,75.0135,23.3671,215.8817,95.5712,0.0,0.0,0.0,-0.0,1.0294,1,0.0,0.0,False,False,True,False,49.19029999999999
TC1_sup_int,2026-03-11 00:00:00,2026-03-10 00:00:00,2026-03-11 23:00:00,350.5508,482.7595,1112.7906,1176.0308,1.6887,0.5001,0.0496,0.0561,4.3929,1,0.052849999999999994,1.0944,False,True,True,False,416.65515
TC1_sup_int,2026-03-17 12:00:00,2026-03-16 12:00:00,2026-03-18 11:00:00,-77.2347,-100.6467,803.8204,-482.5031,0.0,0.0,0.0,0.0,4.3059,1,0.0,0.0,False,False,True,False,-88.94069999999999
TC1_sup_int,2026-03-21 00:00:00,2026-03-20 00:00:00,2026-03-21 23:00:00,226.9734,294.8727,987.6114,876.2735,0.0,0.0,-0.0,-0.0,4.2355,1,-0.0,0.0,False,False,True,False,260.92305
TC1_sup_int,2026-03-26 12:00:00,2026-03-25 12:00:00,2026-03-27 11:00:00,485.0582,194.9021,342.62,648.555,0.0,0.0,-0.0,0.0,1.2359,1,0.0,0.0,False,False,True,False,339.98015
TC1_sup_int,2026-03-29 12:00:00,2026-03-28 12:00:00,2026-03-30 11:00:00,210.7087,262.793,939.6796,809.3518,2.0328,1.0482,0.0612,0.071,4.0747,1,0.06609999999999999,1.5405,False,True,True,False,236.75085
TC1_sup_int,2026-03-30 12:00:00,2026-03-29 12:00:00,2026-03-31 11:00:00,321.353,392.8194,974.6207,1050.1105,2.1671,0.8051,0.0684,0.0402,3.9231,1,0.0543,1.4861,False,True,True,False,357.08619999999996
TC1_sup_int,2026-04-06 00:00:00,2026-04-05 00:00:00,2026-04-06 23:00:00,-336.4277,-451.6638,626.2438,-3545.5299,0.0,0.0,0.0,0.0,4.2954,1,0.0,0.0,False,False,True,False,-394.04575
TC1_sup_int,2026-04-17 12:00:00,2026-04-16 12:00:00,2026-04-18 11:00:00,-168.2714,-211.7263,713.4794,-1178.2861,0.0,0.0,0.0,0.0,4.1304,1,0.0,0.0,False,False,True,False,-189.99885
TC1_sup_int,2026-05-01 12:00:00,2026-04-30 12:00:00,2026-05-02 11:00:00,293.7303,360.1342,964.6996,996.8011,0.0,0.0,0.0,0.0,3.9555,1,0.0,0.0,False,False,True,False,326.93225
TC1_sup_int,2026-05-02 00:00:00,2026-05-01 00:00:00,2026-05-02 23:00:00,305.2969,328.6245,851.7097,941.0793,0.0,0.0,0.0,0.0,3.4653,1,0.0,0.0,False,False,True,False,316.9607
TC1_sup_int,2026-05-10 00:00:00,2026-05-09 00:00:00,2026-05-10 23:00:00,158.8902,177.089,814.9646,601.6066,0.0,0.0,0.0,0.0,3.662,1,0.0,0.0,False,False,True,False,167.9896
TC2_int_inf,2026-03-11 00:00:00,2026-03-10 00:00:00,2026-03-11 23:00:00,-63.8082,-92.1998,630.0059,-301.7138,0.0,0.0,-0.0,0.0,2.4345,1,0.0,0.0,False,False,True,False,-78.00399999999999
TC2_int_inf,2026-03-13 00:00:00,2026-03-12 00:00:00,2026-03-13 23:00:00,-85.5623,-292.0022,1447.885,-1155.7302,0.0,0.0,0.0,0.0,5.7393,1,0.0,0.0,False,False,True,False,-188.78225
TC2_int_inf,2026-03-13 12:00:00,2026-03-12 12:00:00,2026-03-14 11:00:00,149.9833,379.4576,1361.0184,827.0785,0.0958,0.0484,0.0103,0.022,4.2176,1,0.016149999999999998,0.0721,False,False,True,False,264.72045
TC2_int_inf,2026-03-20 00:00:00,2026-03-19 00:00:00,2026-03-20 23:00:00,182.4671,474.1637,1432.5421,959.3595,0.1904,0.0811,0.0309,0.0779,4.3046,1,0.0544,0.13575,False,False,True,False,328.3154
TC2_int_inf,2026-03-25 12:00:00,2026-03-24 12:00:00,2026-03-26 11:00:00,115.4966,183.936,833.1898,471.0419,0.1295,0.093,0.0175,0.0421,2.669,1,0.0298,0.11125,False,False,True,False,149.7163
TC2_int_inf,2026-03-31 00:00:00,2026-03-30 00:00:00,2026-03-31 23:00:00,49.9861,150.7708,1487.9833,397.2154,0.1607,0.1225,0.0371,0.0724,5.0865,1,0.05475000000000001,0.1416,False,False,True,False,100.37845
TC2_int_inf,2026-04-01 00:00:00,2026-03-31 00:00:00,2026-04-01 23:00:00,86.4775,249.3863,1471.4341,604.4171,0.1372,0.0876,0.0217,0.2408,4.8494,1,0.13125,0.1124,False,False,True,False,167.9319
TC2_int_inf,2026-04-01 12:00:00,2026-03-31 12:00:00,2026-04-02 11:00:00,91.944,244.758,1364.8466,595.4931,0.0,0.0,-0.0,0.0,4.4739,1,0.0,0.0,False,False,True,False,168.351
TC2_int_inf,2026-04-02 00:00:00,2026-04-01 00:00:00,2026-04-02 23:00:00,139.0537,389.9513,1495.6558,842.871,0.1319,0.0654,0.0239,0.0424,4.6835,1,0.03315,0.09864999999999999,False,False,True,False,264.5025
TC2_int_inf,2026-04-03 12:00:00,2026-04-02 12:00:00,2026-04-04 11:00:00,62.8599,223.9019,1778.7162,554.3445,0.1605,0.1073,0.0562,0.3176,6.0017,1,0.1869,0.13390000000000002,False,False,True,False,143.3809
TC2_int_inf,2026-04-06 12:00:00,2026-04-05 12:00:00,2026-04-07 11:00:00,166.1489,392.4094,1286.358,846.5274,0.1463,0.0722,0.0338,0.0634,3.9254,1,0.0486,0.10925000000000001,False,False,True,False,279.27915
TC2_int_inf,2026-04-09 12:00:00,2026-04-08 12:00:00,2026-04-10 11:00:00,157.0331,406.6876,1400.8144,867.449,0.1106,0.0532,0.0276,0.1214,4.3119,1,0.0745,0.0819,False,False,True,False,281.86035
TC2_int_inf,2026-04-14 12:00:00,2026-04-13 12:00:00,2026-04-15 11:00:00,103.9255,277.8312,1384.992,657.6591,0.0801,0.0486,0.0109,0.0338,4.4869,1,0.02235,0.06435,False,False,True,False,190.87835
TC2_int_inf,2026-04-15 12:00:00,2026-04-14 12:00:00,2026-04-16 11:00:00,112.2924,281.323,1307.1707,664.0089,0.094,0.0566,0.0259,0.1416,4.2004,1,0.08375,0.0753,False,False,True,False,196.80769999999998
TC2_int_inf,2026-04-16 12:00:00,2026-04-15 12:00:00,2026-04-17 11:00:00,68.4626,188.5032,1382.1259,480.8677,0.0883,0.0629,0.0162,0.0609,4.6374,1,0.03855,0.0756,False,False,True,False,128.4829
TC2_int_inf,2026-04-19 00:00:00,2026-04-18 00:00:00,2026-04-19 23:00:00,-95.2692,-257.1249,1130.6764,-983.6941,0.0,0.0,0.0,-0.0,4.5343,1,0.0,0.0,False,False,True,False,-176.19705000000002
TC2_int_inf,2026-04-24 12:00:00,2026-04-23 12:00:00,2026-04-25 11:00:00,177.7452,447.7257,1383.8185,924.6719,0.0706,0.0315,0.012,0.0228,4.1768,1,0.0174,0.05105,False,False,True,False,312.73545
TC2_int_inf,2026-04-25 12:00:00,2026-04-24 12:00:00,2026-04-26 11:00:00,95.6447,263.8408,1418.9228,631.813,0.0688,0.0428,0.0179,0.0811,4.6343,1,0.0495,0.0558,False,False,True,False,179.74275
TC2_int_inf,2026-04-26 12:00:00,2026-04-25 12:00:00,2026-04-27 11:00:00,103.7402,291.5902,1455.9466,682.4505,0.0879,0.052,0.0144,0.0434,4.7176,1,0.028900000000000002,0.06995,False,False,True,False,197.6652
TC2_int_inf,2026-05-02 00:00:00,2026-05-01 00:00:00,2026-05-02 23:00:00,59.3767,178.9093,1499.7592,460.134,0.0795,0.0576,0.0226,0.0559,5.0783,1,0.03925,0.06855,False,False,True,False,119.143
TC2_sup_inf,2026-03-30 00:00:00,2026-03-29 00:00:00,2026-03-30 23:00:00,287.198,85.6439,319.2381,443.4057,0.0,0.0,0.0,0.0,1.9907,1,0.0,0.0,False,False,True,False,186.42095
TC2_sup_inf,2026-04-07 12:00:00,2026-04-06 12:00:00,2026-04-08 11:00:00,-366.9881,-236.5904,474.7258,-2245.9228,0.0,0.0,0.0,-0.0,4.2707,1,0.0,0.0,False,False,True,False,-301.78925
TC2_sup_int,2026-03-25 00:00:00,2026-03-24 00:00:00,2026-03-25 23:00:00,169.4685,480.2412,1547.2903,967.1026,0.7039,0.2965,0.1004,0.0645,4.7069,1,0.08245,0.5002,False,True,True,False,324.85485
TC2_sup_int,2026-03-26 00:00:00,2026-03-25 00:00:00,2026-03-26 23:00:00,91.2103,257.8902,1448.708,620.621,0.7155,0.4497,0.1224,0.3809,4.7522,1,0.25165,0.5826,False,True,True,False,174.55025
TC2_sup_int,2026-04-03 00:00:00,2026-04-02 00:00:00,2026-04-03 23:00:00,134.4579,348.5576,1377.5071,778.8044,0.6943,0.3707,0.1202,0.4844,4.3326,1,0.3023,0.5325,True,True,True,True,241.50775
TC2_sup_int,2026-04-04 00:00:00,2026-04-03 00:00:00,2026-04-04 23:00:00,176.9316,494.2429,1533.699,984.6227,0.8179,0.3359,0.1314,0.0941,4.6327,1,0.11274999999999999,0.5769,False,True,True,False,335.58725000000004
TC2_sup_int,2026-04-19 12:00:00,2026-04-18 12:00:00,2026-04-20 11:00:00,-481.617,-202.7653,68.0534,-736.1994,0.0,0.0,0.0,-0.0,0.6101,1,0.0,0.0,False,False,True,False,-342.19115
TC3_int_inf,2026-03-08 12:00:00,2026-03-07 12:00:00,2026-03-09 11:00:00,15.4917,15.4917,,45.9596,4.599,4.4725,0.0,0.0,,1,0.0,4.53575,False,True,True,False,15.4917
TC3_int_inf,2026-03-09 00:00:00,2026-03-08 00:00:00,2026-03-09 23:00:00,0.465,1.6406,1655.6296,4.9281,1.2169,1.2133,0.0769,0.0791,5.9587,1,0.078,1.2151,False,True,True,False,1.0528
TC3_int_inf,2026-03-09 12:00:00,2026-03-08 12:00:00,2026-03-10 11:00:00,-0.9981,-3.5239,1654.0466,-10.6345,1.1884,1.1959,0.0733,0.0771,5.9623,1,0.0752,1.1921499999999998,False,True,True,False,-2.261
TC3_int_inf,2026-03-10 00:00:00,2026-03-09 00:00:00,2026-03-10 23:00:00,-2.6077,-9.1839,1647.1512,-27.8575,1.1034,1.1218,0.0622,0.0665,5.9476,1,0.06435,1.1126,False,True,True,False,-5.8957999999999995
TC3_int_inf,2026-03-11 00:00:00,2026-03-10 00:00:00,2026-03-11 23:00:00,0.7807,2.7551,1656.5311,8.2676,1.1083,1.1028,0.0608,0.0624,5.9599,1,0.0616,1.10555,False,True,True,False,1.7679
TC3_int_inf,2026-03-11 12:00:00,2026-03-10 12:00:00,2026-03-12 11:00:00,4.2247,14.8981,1661.2937,44.2221,1.1798,1.1486,0.0701,0.0684,5.9552,1,0.06925,1.1642000000000001,False,True,True,False,9.561399999999999
TC3_int_inf,2026-03-12 00:00:00,2026-03-11 00:00:00,2026-03-12 23:00:00,-0.8267,-2.9382,1665.335,-8.8625,1.4794,1.4872,0.1119,0.1182,6.0019,1,0.11505,1.4833,False,True,True,False,-1.88245
TC3_int_inf,2026-03-16 12:00:00,2026-03-15 12:00:00,2026-03-17 11:00:00,-0.3571,-1.2812,1681.7847,-3.8586,1.3424,1.3455,0.0884,0.0906,6.0581,1,0.0895,1.34395,False,True,True,False,-0.8191499999999999
TC3_int_inf,2026-03-17 00:00:00,2026-03-16 00:00:00,2026-03-17 23:00:00,2.8516,10.2158,1685.2524,30.4511,1.2425,1.2199,0.0768,0.0766,6.0499,1,0.07669999999999999,1.2311999999999999,False,True,True,False,6.5337
TC3_int_inf,2026-03-17 12:00:00,2026-03-16 12:00:00,2026-03-18 11:00:00,-1.2245,-4.4121,1687.7338,-13.3259,1.3764,1.3874,0.0828,0.0865,6.0852,1,0.08465,1.3819,False,True,True,False,-2.8183
TC3_int_inf,2026-03-18 00:00:00,2026-03-17 00:00:00,2026-03-18 23:00:00,2.883,10.3194,1683.8731,30.7572,1.1758,1.1541,0.061,0.0597,6.0447,1,0.06035,1.16495,False,True,True,False,6.6012
TC3_int_inf,2026-03-19 12:00:00,2026-03-18 12:00:00,2026-03-20 11:00:00,0.2836,1.0215,1689.7544,3.07,1.3263,1.3238,0.0936,0.0954,6.0827,1,0.0945,1.32505,False,True,True,False,0.6525500000000001
TC3_int_inf,2026-03-20 00:00:00,2026-03-19 00:00:00,2026-03-20 23:00:00,0.3268,1.1771,1689.8749,3.5373,1.3189,1.3161,0.0928,0.0945,6.0828,1,0.09365,1.3175,False,True,True,False,0.75195
TC3_int_inf,2026-03-20 12:00:00,2026-03-19 12:00:00,2026-03-21 11:00:00,0.7188,2.5927,1692.8801,7.7814,1.3157,1.3096,0.0926,0.0934,6.0911,1,0.093,1.31265,False,True,True,False,1.6557499999999998
TC3_int_inf,2026-03-21 12:00:00,2026-03-20 12:00:00,2026-03-22 11:00:00,1.5957,5.7512,1693.1577,17.2119,1.2568,1.2438,0.0894,0.0891,6.0864,1,0.08925,1.2503,False,True,True,False,3.67345
TC3_int_inf,2026-03-22 00:00:00,2026-03-21 00:00:00,2026-03-22 23:00:00,-0.1154,-0.4163,1691.6567,-1.2527,1.2985,1.2994,0.0948,0.097,6.0921,1,0.0959,1.29895,False,True,True,False,-0.26585000000000003
TC3_int_inf,2026-03-23 00:00:00,2026-03-22 00:00:00,2026-03-23 23:00:00,-4.0104,-14.5408,1693.1733,-44.3205,1.2791,1.313,0.0846,0.0892,6.123,1,0.0869,1.29605,False,True,True,False,-9.2756
TC3_int_inf,2026-03-24 00:00:00,2026-03-23 00:00:00,2026-03-24 23:00:00,-6.811,-24.6775,1686.8725,-75.9111,1.0741,1.1229,0.1194,0.1333,6.1186,1,0.12635000000000002,1.0985,False,True,True,False,-15.74425
TC3_int_inf,2026-03-24 12:00:00,2026-03-23 12:00:00,2026-03-25 11:00:00,1.2697,4.5709,1690.6132,13.6942,0.8667,0.8596,0.0615,0.0616,6.0794,1,0.06155,0.8631500000000001,False,True,True,False,2.9203
TC3_int_inf,2026-03-25 00:00:00,2026-03-24 00:00:00,2026-03-25 23:00:00,-2.5373,-9.1701,1690.4113,-27.8153,0.9863,1.0027,0.0777,0.0804,6.1034,1,0.07905000000000001,0.9944999999999999,False,True,True,False,-5.8537
TC3_int_inf,2026-03-26 00:00:00,2026-03-25 00:00:00,2026-03-26 23:00:00,-2.9717,-10.7326,1688.4319,-32.6008,1.1838,1.2069,0.1335,0.1409,6.0991,1,0.1372,1.19535,False,True,True,False,-6.85215
TC3_int_inf,2026-03-27 00:00:00,2026-03-26 00:00:00,2026-03-27 23:00:00,-6.0996,-21.3926,1634.1426,-65.6106,1.2772,1.3273,0.1442,0.1624,5.9228,1,0.1533,1.30225,False,True,True,False,-13.7461
TC3_int_inf,2026-03-28 00:00:00,2026-03-27 00:00:00,2026-03-28 23:00:00,164.4578,488.1907,1614.7344,977.1039,0.8644,0.3589,0.0187,0.0047,4.9354,1,0.0117,0.61165,False,True,True,False,326.32425
TC3_int_inf,2026-03-30 12:00:00,2026-03-29 12:00:00,2026-03-31 11:00:00,92.1813,285.6379,1589.0359,671.8007,1.4082,0.842,0.0919,0.0547,5.2076,1,0.0733,1.1251,False,True,True,False,188.9096
TC3_int_inf,2026-04-01 00:00:00,2026-03-31 00:00:00,2026-04-01 23:00:00,75.0208,238.7809,1607.354,583.8579,1.5749,1.0246,0.1041,0.0677,5.3579,1,0.0859,1.29975,False,True,True,False,156.90085
TC3_int_inf,2026-04-02 12:00:00,2026-04-01 12:00:00,2026-04-03 11:00:00,144.4796,421.4359,1562.4142,888.5022,0.9506,0.4451,0.0631,0.0148,4.8672,1,0.03895,0.69785,False,True,True,False,282.95775000000003
TC3_int_inf,2026-04-03 00:00:00,2026-04-02 00:00:00,2026-04-03 23:00:00,13.8919,45.921,1573.0938,132.5876,1.5495,1.4266,0.1974,0.2447,5.5818,1,0.22105,1.48805,False,True,True,False,29.90645
TC3_int_inf,2026-04-03 12:00:00,2026-04-02 12:00:00,2026-04-04 11:00:00,45.1271,143.3325,1559.5596,380.0435,1.209,0.934,0.1002,0.0851,5.3576,1,0.09265,1.0715000000000001,False,True,True,False,94.22980000000001
TC3_int_inf,2026-04-04 12:00:00,2026-04-03 12:00:00,2026-04-05 11:00:00,47.8999,153.1655,1574.2904,402.6949,0.9149,0.6944,0.0818,0.0667,5.393,1,0.07425,0.8046500000000001,False,True,True,False,100.5327
TC3_int_inf,2026-04-05 00:00:00,2026-04-04 00:00:00,2026-04-05 23:00:00,37.3974,51.1959,667.1274,147.1276,0.0,0.0,0.0,-0.0,2.31,1,0.0,0.0,False,False,True,False,44.29665
TC3_int_inf,2026-04-08 00:00:00,2026-04-07 00:00:00,2026-04-08 23:00:00,47.6665,154.2972,1593.3312,405.2764,0.9806,0.7428,0.0844,0.068,5.4595,1,0.0762,0.8617,False,True,True,False,100.98185000000001
TC3_int_inf,2026-04-10 00:00:00,2026-04-09 00:00:00,2026-04-10 23:00:00,39.9745,130.3047,1592.5459,349.4083,1.0159,0.8034,0.0754,0.0647,5.4999,1,0.07005,0.9096500000000001,False,True,True,False,85.1396
TC3_int_inf,2026-04-11 12:00:00,2026-04-10 12:00:00,2026-04-12 11:00:00,34.2003,112.539,1598.5117,306.4565,1.0589,0.8647,0.0891,0.0804,5.5533,1,0.08474999999999999,0.9618,False,True,True,False,73.36965000000001
TC3_int_inf,2026-04-14 00:00:00,2026-04-13 00:00:00,2026-04-14 23:00:00,31.0343,102.6354,1601.5095,281.9096,1.2226,1.0164,0.0964,0.0861,5.582,1,0.09125,1.1195,False,True,True,False,66.83485
TC3_int_inf,2026-04-14 12:00:00,2026-04-13 12:00:00,2026-04-15 11:00:00,29.3772,96.5598,1589.0623,266.6328,1.1304,0.95,0.0911,0.08,5.5481,1,0.08555,1.0402,False,True,True,False,62.9685
TC3_int_inf,2026-04-15 00:00:00,2026-04-14 00:00:00,2026-04-15 23:00:00,0.2861,0.957,1569.316,2.8764,0.0,0.0,-0.0,-0.0,5.6491,1,-0.0,0.0,False,False,True,False,0.62155
TC3_int_inf,2026-04-15 12:00:00,2026-04-14 12:00:00,2026-04-16 11:00:00,103.3526,145.6207,729.5867,385.3505,0.0,0.0,0.0,-0.0,2.3649,1,0.0,0.0,False,False,True,False,124.48665
TC3_int_inf,2026-04-16 00:00:00,2026-04-15 00:00:00,2026-04-16 23:00:00,23.7978,79.4251,1604.4793,222.6367,1.2901,1.1182,0.0955,0.0892,5.6344,1,0.09235,1.20415,False,True,True,False,51.61145
TC3_int_inf,2026-04-16 12:00:00,2026-04-15 12:00:00,2026-04-17 11:00:00,27.889,92.1793,1595.5335,255.5138,1.2195,1.033,0.0899,0.0813,5.5793,1,0.0856,1.12625,False,True,True,False,60.03415
TC3_int_inf,2026-04-17 00:00:00,2026-04-16 00:00:00,2026-04-17 23:00:00,28.6276,94.8079,1599.8798,262.1964,1.2274,1.0348,0.0912,0.0819,5.5902,1,0.08655,1.1311,False,True,True,False,61.71775
TC3_int_inf,2026-04-19 12:00:00,2026-04-18 12:00:00,2026-04-20 11:00:00,23.2914,77.87,1606.4384,218.5762,1.244,1.0813,0.0928,0.0838,5.6443,1,0.08829999999999999,1.16265,False,True,True,False,50.5807
TC3_int_inf,2026-04-21 12:00:00,2026-04-20 12:00:00,2026-04-22 11:00:00,22.5166,75.3164,1605.9562,211.8837,1.1255,0.9828,0.0839,0.076,5.6472,1,0.07995,1.05415,False,True,True,False,48.9165
TC3_int_inf,2026-04-22 00:00:00,2026-04-21 00:00:00,2026-04-22 23:00:00,23.2988,77.6703,1601.8213,218.0539,1.0894,0.9473,0.0801,0.0727,5.628,1,0.0764,1.0183499999999999,False,True,True,False,50.48455
TC3_int_inf,2026-04-22 12:00:00,2026-04-21 12:00:00,2026-04-23 11:00:00,22.088,73.3535,1593.7611,206.7186,1.0171,0.8913,0.0743,0.0672,5.6068,1,0.07075000000000001,0.9541999999999999,False,True,True,False,47.720749999999995
TC3_int_inf,2026-04-23 12:00:00,2026-04-22 12:00:00,2026-04-24 11:00:00,21.7284,71.8146,1585.5691,202.6562,0.9539,0.8382,0.0603,0.0565,5.5801,1,0.0584,0.89605,False,True,True,False,46.7715
TC3_int_inf,2026-04-25 00:00:00,2026-04-24 00:00:00,2026-04-25 23:00:00,17.0073,57.3524,1609.9755,163.9244,1.1646,1.0504,0.0963,0.0955,5.694,1,0.0959,1.1075,False,True,True,False,37.17985
TC3_int_inf,2026-04-25 12:00:00,2026-04-24 12:00:00,2026-04-26 11:00:00,20.9251,69.7776,1598.4262,197.2615,1.1129,0.9815,0.0844,0.08,5.63,1,0.0822,1.0472000000000001,False,True,True,False,45.351350000000004
TC3_int_inf,2026-04-26 12:00:00,2026-04-25 12:00:00,2026-04-27 11:00:00,22.2213,74.6908,1613.3018,210.2396,1.2611,1.1025,0.0999,0.0939,5.6747,1,0.0969,1.1818,False,True,True,False,48.45605
TC3_int_inf,2026-04-27 00:00:00,2026-04-26 00:00:00,2026-04-27 23:00:00,25.23,84.1597,1605.9381,234.9295,1.1653,1.0015,0.0849,0.0757,5.6312,1,0.08030000000000001,1.0834000000000001,False,True,True,False,54.69485
TC3_int_inf,2026-04-27 12:00:00,2026-04-26 12:00:00,2026-04-28 11:00:00,24.6146,82.4703,1612.0467,230.5553,1.1931,1.0284,0.0903,0.0811,5.6562,1,0.0857,1.11075,False,True,True,False,53.542449999999995
TC3_int_inf,2026-04-28 00:00:00,2026-04-27 00:00:00,2026-04-28 23:00:00,23.8191,79.6364,1607.3416,223.1878,1.1544,1.0002,0.086,0.0782,5.6444,1,0.0821,1.0773000000000001,False,True,True,False,51.72775
TC3_int_inf,2026-04-29 00:00:00,2026-04-28 00:00:00,2026-04-29 23:00:00,25.9333,85.8874,1595.5965,239.3893,1.044,0.8944,0.0692,0.0619,5.5908,1,0.06555,0.9692000000000001,False,True,True,False,55.91035
TC3_int_inf,2026-04-30 00:00:00,2026-04-29 00:00:00,2026-04-30 23:00:00,25.4402,83.8416,1586.987,234.1069,1.0258,0.8821,0.0728,0.0673,5.5635,1,0.07005,0.9539500000000001,False,True,True,False,54.6409
TC3_int_inf,2026-05-01 12:00:00,2026-04-30 12:00:00,2026-05-02 11:00:00,20.3847,69.1375,1624.8495,195.5623,1.3359,1.1796,0.1278,0.1181,5.7263,1,0.12295,1.2577500000000001,False,True,True,False,44.7611
TC3_int_inf,2026-05-02 12:00:00,2026-05-01 12:00:00,2026-05-03 11:00:00,25.7832,85.8899,1604.6864,239.3957,0.9089,0.7787,0.0792,0.071,5.6236,1,0.0751,0.8438,False,True,True,False,55.83655
TC3_int_inf,2026-05-03 00:00:00,2026-05-02 00:00:00,2026-05-03 23:00:00,18.7454,63.701,1625.2851,181.0511,1.0825,0.9652,0.1113,0.1139,5.7377,1,0.1126,1.02385,False,True,True,False,41.2232
TC3_int_inf,2026-05-07 00:00:00,2026-05-06 00:00:00,2026-05-07 23:00:00,34.0608,112.2144,1600.2071,305.6588,0.983,0.8032,0.0658,0.0556,5.56,1,0.0607,0.8931,False,True,True,False,73.13759999999999
TC3_int_inf,2026-05-07 12:00:00,2026-05-06 12:00:00,2026-05-08 11:00:00,26.0286,87.7435,1624.2619,244.165,1.1721,1.0009,0.1049,0.0958,5.6907,1,0.10035,1.0865,False,True,True,False,56.88605
TC3_int_inf,2026-05-09 00:00:00,2026-05-08 00:00:00,2026-05-09 23:00:00,30.2464,100.9401,1614.8117,277.6637,1.0815,0.9018,0.09,0.0808,5.6329,1,0.0854,0.9916499999999999,False,True,True,False,65.59325
TC3_int_inf,2026-05-09 12:00:00,2026-05-08 12:00:00,2026-05-10 11:00:00,27.8914,93.1158,1611.6112,257.8983,1.0841,0.9168,0.0902,0.0841,5.6355,1,0.08715,1.00045,False,True,True,False,60.5036
TC3_int_inf,2026-05-10 00:00:00,2026-05-09 00:00:00,2026-05-10 23:00:00,28.0757,93.7035,1611.4342,259.3928,1.0691,0.9031,0.0882,0.082,5.6338,1,0.08510000000000001,0.9861,False,True,True,False,60.8896
TC3_int_inf,2026-05-10 12:00:00,2026-05-09 12:00:00,2026-05-11 11:00:00,26.5838,88.6468,1607.6118,246.4834,1.0226,0.8717,0.084,0.0786,5.6291,1,0.08130000000000001,0.9471499999999999,False,True,True,False,57.6153
TC3_int_inf,2026-05-11 00:00:00,2026-05-10 00:00:00,2026-05-11 23:00:00,27.1793,90.8828,1613.0174,252.2062,1.0392,0.8824,0.0867,0.0808,5.6446,1,0.08374999999999999,0.9607999999999999,False,True,True,False,59.03105
TC3_int_inf,2026-05-11 12:00:00,2026-05-10 12:00:00,2026-05-12 11:00:00,27.4889,91.7959,1611.3757,254.5366,1.0341,0.8766,0.0858,0.0794,5.637,1,0.0826,0.95535,False,True,True,False,59.6424
TC3_sup_inf,2026-03-08 12:00:00,2026-03-07 12:00:00,2026-03-09 11:00:00,52.8495,52.8495,,289.5497,5.41,4.4725,0.0,0.0,,1,0.0,4.94125,False,True,True,False,52.8495
TC3_sup_inf,2026-03-09 00:00:00,2026-03-08 00:00:00,2026-03-09 23:00:00,72.5104,58.9729,791.7853,319.674,1.5004,1.2133,0.0819,0.0791,5.4898,1,0.0805,1.3568500000000001,False,True,True,False,65.74165
TC3_sup_inf,2026-03-09 12:00:00,2026-03-08 12:00:00,2026-03-10 11:00:00,117.5168,100.8111,853.4741,508.6464,1.7193,1.1959,0.0837,0.0771,5.7834,1,0.0804,1.4576,False,True,True,False,109.16395
TC3_sup_inf,2026-03-10 00:00:00,2026-03-09 00:00:00,2026-03-10 23:00:00,121.8464,103.7332,848.732,520.8113,1.6298,1.1218,0.0754,0.0665,5.7387,1,0.07095,1.3758,False,True,True,False,112.7898
TC3_sup_inf,2026-03-11 00:00:00,2026-03-10 00:00:00,2026-03-11 23:00:00,127.2591,107.8966,847.3908,537.9244,1.6264,1.1028,0.0725,0.0624,5.7141,1,0.06745,1.3646,False,True,True,False,117.57785000000001
TC3_sup_inf,2026-03-12 00:00:00,2026-03-11 00:00:00,2026-03-12 23:00:00,89.581,71.0584,778.7234,377.2152,1.9209,1.4872,0.13,0.1182,5.3522,1,0.1241,1.70405,False,True,True,False,80.31970000000001
TC3_sup_inf,2026-03-12 12:00:00,2026-03-11 12:00:00,2026-03-13 11:00:00,473.6965,391.072,944.8232,1262.2141,0.0,0.0,-0.0,-0.0,5.3961,1,-0.0,0.0,False,False,True,False,432.38425
TC3_sup_inf,2026-03-13 00:00:00,2026-03-12 00:00:00,2026-03-13 23:00:00,111.2473,90.728,808.9975,465.6725,1.7168,1.2383,0.1252,0.092,5.4994,1,0.1086,1.47755,False,True,True,False,100.98765
TC3_sup_inf,2026-03-13 12:00:00,2026-03-12 12:00:00,2026-03-14 11:00:00,101.2762,83.0096,809.1941,431.7066,1.2323,0.9139,0.0976,0.0687,5.5286,1,0.08315,1.0731,False,True,True,False,92.1429
TC3_sup_inf,2026-03-14 00:00:00,2026-03-13 00:00:00,2026-03-14 23:00:00,23.0049,18.9599,782.4818,110.2671,1.1965,1.1176,0.0857,0.1013,5.5669,1,0.0935,1.15705,False,True,True,False,20.9824
TC3_sup_inf,2026-03-15 00:00:00,2026-03-14 00:00:00,2026-03-15 23:00:00,41.5627,33.8658,781.0316,191.8234,1.4422,1.2766,0.0976,0.0985,5.5028,1,0.09805,1.3594,False,True,True,False,37.71425
TC3_sup_inf,2026-03-16 12:00:00,2026-03-15 12:00:00,2026-03-17 11:00:00,57.1387,47.1241,796.7931,260.7765,1.5944,1.3455,0.0959,0.0906,5.5685,1,0.09325,1.4699499999999999,False,True,True,False,52.1314
TC3_sup_inf,2026-03-17 12:00:00,2026-03-16 12:00:00,2026-03-18 11:00:00,60.7716,50.807,809.1807,279.3529,1.6659,1.3874,0.0869,0.0865,5.6445,1,0.0867,1.52665,False,True,True,False,55.7893
TC3_sup_inf,2026-03-18 00:00:00,2026-03-17 00:00:00,2026-03-18 23:00:00,101.9846,84.4938,818.218,438.3115,1.5646,1.1541,0.0808,0.0597,5.5883,1,0.07025,1.35935,False,True,True,False,93.2392
TC3_sup_inf,2026-03-19 00:00:00,2026-03-18 00:00:00,2026-03-19 23:00:00,92.1294,76.5547,816.7567,402.5669,1.6188,1.2288,0.1025,0.0875,5.6063,1,0.095,1.4238,False,True,True,False,84.34205
TC3_sup_inf,2026-03-19 12:00:00,2026-03-18 12:00:00,2026-03-20 11:00:00,67.998,56.4104,805.8397,307.1484,1.622,1.3238,0.1035,0.0954,5.6002,1,0.09945,1.4729,False,True,True,False,62.2042
TC3_sup_inf,2026-03-20 00:00:00,2026-03-19 00:00:00,2026-03-20 23:00:00,69.8696,58.1691,809.4553,315.7578,1.6228,1.3161,0.1034,0.0945,5.62,1,0.09895000000000001,1.4694500000000001,False,True,True,False,64.01935
TC3_sup_inf,2026-03-20 12:00:00,2026-03-19 12:00:00,2026-03-21 11:00:00,68.3876,57.0284,810.1836,310.1799,1.6081,1.3096,0.1015,0.0934,5.6293,1,0.09745000000000001,1.45885,False,True,True,False,62.708
TC3_sup_inf,2026-03-22 00:00:00,2026-03-21 00:00:00,2026-03-22 23:00:00,72.7733,61.1084,817.6003,330.0247,1.6193,1.2994,0.104,0.097,5.668,1,0.1005,1.4593500000000001,False,True,True,False,66.94085000000001
TC3_sup_inf,2026-03-23 00:00:00,2026-03-22 00:00:00,2026-03-23 23:00:00,35.7514,30.5177,815.7907,173.8838,1.4655,1.313,0.0859,0.0892,5.7651,1,0.08755,1.38925,False,True,True,False,33.13455
TC3_sup_inf,2026-03-24 00:00:00,2026-03-23 00:00:00,2026-03-24 23:00:00,-3.1523,-2.636,783.0582,-15.9354,1.1123,1.1229,0.0885,0.1333,5.6488,1,0.1109,1.1176,False,True,True,False,-2.89415
TC3_sup_inf,2026-03-25 00:00:00,2026-03-24 00:00:00,2026-03-25 23:00:00,22.8636,19.1811,796.4427,111.5095,1.0744,1.0027,0.0731,0.0804,5.6666,1,0.07675,1.0385499999999999,False,True,True,False,21.022350000000003
TC3_sup_inf,2026-03-26 00:00:00,2026-03-25 00:00:00,2026-03-26 23:00:00,16.5835,13.3691,762.8336,78.5311,1.2664,1.2069,0.1269,0.1409,5.4455,1,0.13390000000000002,1.23665,False,True,True,False,14.9763
TC3_sup_inf,2026-03-27 00:00:00,2026-03-26 00:00:00,2026-03-27 23:00:00,260.6402,191.0958,776.5922,831.2219,2.6413,1.3273,0.1902,0.1624,4.9046,1,0.1763,1.9843000000000002,False,True,True,False,225.868
TC3_sup_inf,2026-03-27 12:00:00,2026-03-26 12:00:00,2026-03-28 11:00:00,403.9602,319.0336,882.9298,1141.1839,5.7281,1.8159,0.2282,0.1752,5.2098,1,0.2017,3.7720000000000002,False,True,True,False,361.4969
TC3_sup_inf,2026-03-28 12:00:00,2026-03-27 12:00:00,2026-03-29 11:00:00,492.9242,394.1718,920.8031,1266.7504,5.2106,1.2603,0.1733,0.0827,5.212,1,0.128,3.23545,False,True,True,False,443.548
TC3_sup_inf,2026-04-04 12:00:00,2026-04-03 12:00:00,2026-04-05 11:00:00,335.5776,209.3317,680.342,884.5871,1.4756,0.6944,0.1256,0.0667,4.1458,1,0.09614999999999999,1.085,False,True,True,False,272.45465
TC3_sup_inf,2026-04-08 00:00:00,2026-04-07 00:00:00,2026-04-08 23:00:00,314.501,200.9332,691.2624,860.4446,1.5314,0.7428,0.1273,0.068,4.2547,1,0.09765,1.1371,False,True,True,False,257.71709999999996
TC3_sup_inf,2026-04-08 12:00:00,2026-04-07 12:00:00,2026-04-09 11:00:00,280.3213,181.9712,693.0475,803.1751,1.5804,0.8207,0.132,0.0776,4.3358,1,0.1048,1.20055,False,True,True,False,231.14625
TC3_sup_inf,2026-04-09 00:00:00,2026-04-08 00:00:00,2026-04-09 23:00:00,221.4386,146.4417,689.1954,684.7493,1.5983,0.9433,0.1307,0.1052,4.436,1,0.11795,1.2708,False,True,True,False,183.94015000000002
TC3_sup_inf,2026-04-09 12:00:00,2026-04-08 12:00:00,2026-04-10 11:00:00,284.7011,180.6952,678.7788,799.179,1.5023,0.7838,0.1089,0.0657,4.2377,1,0.08729999999999999,1.1430500000000001,False,True,True,False,232.69815
TC3_sup_inf,2026-04-10 00:00:00,2026-04-09 00:00:00,2026-04-10 23:00:00,253.6713,170.0972,708.2333,765.2703,1.4823,0.8034,0.1108,0.0647,4.488,1,0.08775,1.14285,False,True,True,False,211.88425
TC3_sup_inf,2026-04-11 00:00:00,2026-04-10 00:00:00,2026-04-11 23:00:00,163.0912,111.7852,696.371,553.678,1.411,0.9435,0.1172,0.1004,4.6125,1,0.10880000000000001,1.17725,False,True,True,False,137.4382
TC3_sup_inf,2026-04-11 12:00:00,2026-04-10 12:00:00,2026-04-12 11:00:00,220.6289,148.9777,703.4625,693.7134,1.4785,0.8647,0.1255,0.0804,4.5296,1,0.10295,1.1716,False,True,True,False,184.80329999999998
TC3_sup_inf,2026-04-12 12:00:00,2026-04-11 12:00:00,2026-04-13 11:00:00,171.577,119.4791,710.1792,584.205,1.5892,1.0336,0.1356,0.0992,4.6842,1,0.1174,1.3114,False,True,True,False,145.52805
TC3_sup_inf,2026-04-14 00:00:00,2026-04-13 00:00:00,2026-04-14 23:00:00,159.6735,112.2867,713.3693,555.6937,1.5228,1.0164,0.118,0.0861,4.7331,1,0.10205,1.2696,False,True,True,False,135.9801
TC3_sup_inf,2026-04-16 12:00:00,2026-04-15 12:00:00,2026-04-17 11:00:00,163.705,115.8251,719.0304,569.8124,1.5676,1.033,0.1092,0.0813,4.7611,1,0.09525,1.3003,False,True,True,False,139.76505
TC3_sup_inf,2026-04-17 00:00:00,2026-04-16 00:00:00,2026-04-17 23:00:00,173.3362,123.8123,729.0368,601.0292,1.6161,1.0348,0.1152,0.0819,4.8044,1,0.09855,1.32545,False,True,True,False,148.57425
TC3_sup_inf,2026-04-17 12:00:00,2026-04-16 12:00:00,2026-04-18 11:00:00,165.9719,119.0419,729.6477,582.4927,1.606,1.0461,0.1163,0.0842,4.826,1,0.10025,1.32605,False,True,True,False,142.5069
TC3_sup_inf,2026-04-18 00:00:00,2026-04-17 00:00:00,2026-04-18 23:00:00,191.337,136.7627,735.3356,649.7736,1.6409,1.0028,0.1189,0.0792,4.8032,1,0.09905,1.32185,False,True,True,False,164.04985
TC3_sup_inf,2026-04-18 12:00:00,2026-04-17 12:00:00,2026-04-19 11:00:00,193.166,140.4958,748.8514,663.4079,0.0,0.0,0.0,0.0,4.8871,1,0.0,0.0,False,False,True,False,166.83089999999999
TC3_sup_inf,2026-04-19 12:00:00,2026-04-18 12:00:00,2026-04-20 11:00:00,159.7784,116.3036,738.4391,571.7081,1.6437,1.0813,0.1177,0.0838,4.8992,1,0.10075,1.3624999999999998,False,True,True,False,138.041
TC3_sup_inf,2026-04-20 12:00:00,2026-04-19 12:00:00,2026-04-21 11:00:00,374.9005,259.3225,765.3904,1014.1205,0.0,0.0,0.0,0.0,4.5783,1,0.0,0.0,False,False,True,False,317.1115
TC3_sup_inf,2026-04-21 00:00:00,2026-04-20 00:00:00,2026-04-21 23:00:00,174.9373,126.0504,735.9454,609.6165,1.5111,0.9598,0.1064,0.0716,4.8461,1,0.089,1.2354500000000002,False,True,True,False,150.49385
TC3_sup_inf,2026-04-22 00:00:00,2026-04-21 00:00:00,2026-04-22 23:00:00,173.9116,125.2292,735.1277,606.4735,1.487,0.9473,0.108,0.0727,4.8432,1,0.09035,1.2171500000000002,False,True,True,False,149.5704
TC3_sup_inf,2026-04-23 12:00:00,2026-04-22 12:00:00,2026-04-24 11:00:00,228.2028,163.5194,748.8877,743.5641,1.5103,0.8382,0.1036,0.0565,4.8044,1,0.08005,1.17425,False,True,True,False,195.8611
TC3_sup_inf,2026-04-25 00:00:00,2026-04-24 00:00:00,2026-04-25 23:00:00,155.8265,112.8912,733.6403,558.1185,1.5772,1.0504,0.1252,0.0955,4.8769,1,0.11035,1.3138,False,True,True,False,134.35885000000002
TC3_sup_inf,2026-04-25 12:00:00,2026-04-24 12:00:00,2026-04-26 11:00:00,183.0544,130.7535,732.1739,627.4378,1.5717,0.9815,0.1201,0.08,4.802,1,0.10005,1.2766000000000002,False,True,True,False,156.90395
TC3_sup_inf,2026-04-26 00:00:00,2026-04-25 00:00:00,2026-04-26 23:00:00,163.5537,117.7289,731.4756,577.3347,1.6549,1.0831,0.1306,0.092,4.8439,1,0.1113,1.369,False,True,True,False,140.6413
TC3_sup_inf,2026-04-27 00:00:00,2026-04-26 00:00:00,2026-04-27 23:00:00,189.0908,136.037,739.3967,647.1018,1.6345,1.0015,0.1192,0.0757,4.835,1,0.09745000000000001,1.318,False,True,True,False,162.5639
TC3_sup_inf,2026-04-27 12:00:00,2026-04-26 12:00:00,2026-04-28 11:00:00,178.3455,128.9926,739.8471,620.8007,1.6364,1.0284,0.1204,0.0811,4.8636,1,0.10075,1.3324,False,True,True,False,153.66905
TC3_sup_inf,2026-04-28 00:00:00,2026-04-27 00:00:00,2026-04-28 23:00:00,181.8506,131.4734,740.6863,630.1393,1.6058,1.0002,0.1176,0.0782,4.8607,1,0.0979,1.303,False,True,True,False,156.66199999999998
TC3_sup_inf,2026-04-28 12:00:00,2026-04-27 12:00:00,2026-04-29 11:00:00,-398.2636,-312.4512,562.8848,-3476.2426,0.0,0.0,0.0,0.0,5.1788,1,0.0,0.0,False,False,True,False,-355.3574
TC3_sup_inf,2026-04-29 00:00:00,2026-04-28 00:00:00,2026-04-29 23:00:00,191.5266,135.8277,729.6456,646.33,1.4586,0.8944,0.0987,0.0619,4.7656,1,0.0803,1.1764999999999999,False,True,True,False,163.67714999999998
TC3_sup_inf,2026-04-30 00:00:00,2026-04-29 00:00:00,2026-04-30 23:00:00,197.9036,139.1857,725.6007,658.6441,1.4561,0.8821,0.1001,0.0673,4.7243,1,0.0837,1.1691,False,True,True,False,168.54465
TC3_sup_inf,2026-04-30 12:00:00,2026-04-29 12:00:00,2026-05-01 11:00:00,-5.2385,-3.7688,672.933,-22.8296,0.0,0.0,0.0,0.0,4.8598,1,0.0,0.0,False,False,True,False,-4.50365
TC3_sup_inf,2026-05-01 00:00:00,2026-04-30 00:00:00,2026-05-01 23:00:00,212.0314,148.8188,728.539,693.154,1.556,0.9105,0.1103,0.0623,4.7108,1,0.0863,1.23325,False,True,True,False,180.4251
TC3_sup_inf,2026-05-02 00:00:00,2026-05-01 00:00:00,2026-05-02 23:00:00,176.6678,127.2139,736.027,614.0532,1.3963,0.8831,0.1191,0.0831,4.8425,1,0.1011,1.1397,False,True,True,False,151.94085
TC3_sup_inf,2026-05-02 12:00:00,2026-05-01 12:00:00,2026-05-03 11:00:00,198.9352,140.7608,730.3326,664.3688,1.2926,0.7787,0.1201,0.071,4.7527,1,0.09555,1.03565,False,True,True,False,169.848
TC3_sup_inf,2026-05-03 00:00:00,2026-05-02 00:00:00,2026-05-03 23:00:00,124.2955,91.602,735.5518,469.4597,1.3423,0.9652,0.1191,0.1139,4.9673,1,0.11649999999999999,1.15375,False,True,True,False,107.94875
TC3_sup_inf,2026-05-04 00:00:00,2026-05-03 00:00:00,2026-05-04 23:00:00,160.8646,115.4396,728.3607,568.2831,1.3474,0.8891,0.0997,0.0736,4.8297,1,0.08665,1.11825,False,True,True,False,138.1521
TC3_sup_inf,2026-05-06 00:00:00,2026-05-05 00:00:00,2026-05-06 23:00:00,413.4377,304.3548,825.707,1112.4324,0.0,0.0,0.0,0.0,4.8505,1,0.0,0.0,False,False,True,False,358.89625
TC3_sup_inf,2026-05-07 00:00:00,2026-05-06 00:00:00,2026-05-07 23:00:00,216.9208,152.1825,729.7315,704.9252,1.3893,0.8032,0.1027,0.0556,4.7073,1,0.07915,1.09625,False,True,True,False,184.55165
TC3_sup_inf,2026-05-07 12:00:00,2026-05-06 12:00:00,2026-05-08 11:00:00,141.5393,102.9807,732.0049,517.6909,1.4502,1.0009,0.1255,0.0958,4.9008,1,0.11065,1.22555,False,True,True,False,122.25999999999999
TC3_sup_inf,2026-05-09 00:00:00,2026-05-08 00:00:00,2026-05-09 23:00:00,178.9243,127.5857,729.5969,615.4673,1.4276,0.9018,0.1184,0.0808,4.7949,1,0.0996,1.1647,False,True,True,False,153.255
TC3_sup_inf,2026-05-09 12:00:00,2026-05-08 12:00:00,2026-05-10 11:00:00,170.3735,121.2824,725.6009,591.2382,1.4188,0.9168,0.1155,0.0841,4.7888,1,0.0998,1.1678,False,True,True,False,145.82795
TC3_sup_inf,2026-05-10 00:00:00,2026-05-09 00:00:00,2026-05-10 23:00:00,164.9302,117.5478,724.7026,576.6215,1.379,0.9031,0.1109,0.082,4.7958,1,0.09645000000000001,1.14105,False,True,True,False,141.239
TC3_sup_inf,2026-05-10 12:00:00,2026-05-09 12:00:00,2026-05-11 11:00:00,166.9467,118.62,723.1322,580.8381,1.3362,0.8717,0.1081,0.0786,4.7806,1,0.09335,1.10395,False,True,True,False,142.78334999999998
TC3_sup_inf,2026-05-11 00:00:00,2026-05-10 00:00:00,2026-05-11 23:00:00,165.3091,118.0763,726.4155,578.7021,1.3499,0.8824,0.1096,0.0808,4.8062,1,0.0952,1.11615,False,True,True,False,141.6927
TC3_sup_inf,2026-05-11 12:00:00,2026-05-10 12:00:00,2026-05-12 11:00:00,173.05,123.3964,727.697,599.4258,1.367,0.8766,0.113,0.0794,4.7963,1,0.09620000000000001,1.1218,False,True,True,False,148.22320000000002
TC3_sup_int,2026-03-08 12:00:00,2026-03-07 12:00:00,2026-03-09 11:00:00,90.2073,90.2073,,250.4798,5.41,4.599,0.0,0.0,,1,0.0,5.0045,False,True,True,False,90.2073
TC3_sup_int,2026-03-09 00:00:00,2026-03-08 00:00:00,2026-03-09 23:00:00,33.7589,116.3051,1672.8713,315.6769,1.5004,1.2169,0.0819,0.0769,5.8143,1,0.0794,1.35865,False,True,True,False,75.032
TC3_sup_int,2026-03-09 12:00:00,2026-03-08 12:00:00,2026-03-10 11:00:00,56.6502,205.1461,1797.8318,515.9968,1.7193,1.1884,0.0837,0.0733,6.1043,1,0.0785,1.45385,False,True,True,False,130.89815
TC3_sup_int,2026-03-10 00:00:00,2026-03-09 00:00:00,2026-03-10 23:00:00,60.109,216.6502,1795.243,539.6713,1.6298,1.1034,0.0754,0.0622,6.0743,1,0.0688,1.3666,False,True,True,False,138.3796
TC3_sup_int,2026-03-11 00:00:00,2026-03-10 00:00:00,2026-03-11 23:00:00,59.471,213.0381,1783.1807,532.2906,1.6264,1.1083,0.0725,0.0608,6.0374,1,0.06665,1.36735,False,True,True,False,136.25455
TC3_sup_int,2026-03-12 00:00:00,2026-03-11 00:00:00,2026-03-12 23:00:00,43.4365,145.0551,1637.042,384.0407,1.9209,1.4794,0.13,0.1119,5.6335,1,0.12095,1.70015,False,True,True,False,94.2458
TC3_sup_int,2026-03-12 12:00:00,2026-03-11 12:00:00,2026-03-13 11:00:00,-111.566,-377.0518,1385.2522,-1623.4511,0.0,0.0,-0.0,-0.0,5.6669,1,-0.0,0.0,False,False,True,False,-244.3089
TC3_sup_int,2026-03-16 00:00:00,2026-03-15 00:00:00,2026-03-16 23:00:00,35.5245,121.6952,1666.3155,328.7649,1.5683,1.2597,0.0885,0.0737,5.781,1,0.0811,1.4140000000000001,False,True,True,False,78.60985
TC3_sup_int,2026-03-16 12:00:00,2026-03-15 12:00:00,2026-03-17 11:00:00,27.8334,95.5295,1656.7319,264.0254,1.5944,1.3424,0.0959,0.0884,5.7936,1,0.09215000000000001,1.4684,False,True,True,False,61.68145
TC3_sup_int,2026-03-17 12:00:00,2026-03-16 12:00:00,2026-03-18 11:00:00,30.6304,106.0261,1675.5579,290.3631,1.6659,1.3764,0.0869,0.0828,5.8425,1,0.08485000000000001,1.52115,False,True,True,False,68.32825
TC3_sup_int,2026-03-18 00:00:00,2026-03-17 00:00:00,2026-03-18 23:00:00,45.932,158.6682,1697.4933,415.1971,1.5646,1.1758,0.0808,0.061,5.8267,1,0.07089999999999999,1.3702,False,True,True,False,102.30010000000001
TC3_sup_int,2026-03-18 12:00:00,2026-03-17 12:00:00,2026-03-19 11:00:00,30.2824,104.6402,1672.0746,286.914,1.759,1.457,0.12,0.1114,5.8324,1,0.1157,1.608,False,True,True,False,67.4613
TC3_sup_int,2026-03-19 12:00:00,2026-03-18 12:00:00,2026-03-20 11:00:00,32.5284,111.7992,1666.8553,304.6381,1.622,1.3263,0.1035,0.0936,5.8008,1,0.09855,1.47415,False,True,True,False,72.1638
TC3_sup_int,2026-03-20 00:00:00,2026-03-19 00:00:00,2026-03-20 23:00:00,33.3929,115.1612,1673.9661,312.8829,1.6228,1.3189,0.1034,0.0928,5.8203,1,0.09809999999999999,1.47085,False,True,True,False,74.27705
TC3_sup_int,2026-03-20 12:00:00,2026-03-19 12:00:00,2026-03-21 11:00:00,32.3161,111.4641,1672.4174,303.8134,1.6081,1.3157,0.1015,0.0926,5.8214,1,0.09705,1.4619,False,True,True,False,71.8901
TC3_sup_int,2026-03-21 00:00:00,2026-03-20 00:00:00,2026-03-21 23:00:00,32.2304,111.2447,1673.4222,303.2733,1.5987,1.3085,0.1011,0.092,5.8254,1,0.09655,1.4536,False,True,True,False,71.73755
TC3_sup_int,2026-03-22 00:00:00,2026-03-21 00:00:00,2026-03-22 23:00:00,35.3214,122.6331,1688.4742,331.0292,1.6193,1.2985,0.104,0.0948,5.8591,1,0.09939999999999999,1.4588999999999999,False,True,True,False,78.97725
TC3_sup_int,2026-03-23 00:00:00,2026-03-22 00:00:00,2026-03-23 23:00:00,21.5341,75.5762,1683.3384,212.566,1.4655,1.2791,0.0859,0.0846,5.9253,1,0.08524999999999999,1.3723,False,True,True,False,48.55515
TC3_sup_int,2026-03-24 00:00:00,2026-03-23 00:00:00,2026-03-24 23:00:00,5.6371,19.4054,1624.1743,57.3694,1.1123,1.0741,0.0885,0.1194,5.8134,1,0.10395,1.0932,False,True,True,False,12.52125
TC3_sup_int,2026-03-25 00:00:00,2026-03-24 00:00:00,2026-03-25 23:00:00,13.7284,47.5322,1647.4044,137.0435,1.0744,0.9863,0.0731,0.0777,5.8464,1,0.0754,1.0303499999999999,False,True,True,False,30.630300000000002
TC3_sup_int,2026-03-26 00:00:00,2026-03-25 00:00:00,2026-03-26 23:00:00,11.2396,37.4708,1582.1657,109.0051,1.2664,1.1838,0.1269,0.1335,5.6296,1,0.1302,1.2250999999999999,False,True,True,False,24.355199999999996
TC3_sup_int,2026-03-26 12:00:00,2026-03-25 12:00:00,2026-03-27 11:00:00,25.8393,86.0528,1604.329,239.8157,1.3333,1.1419,0.1278,0.1153,5.622,1,0.12154999999999999,1.2376,False,True,True,False,55.94605
TC3_sup_int,2026-03-27 00:00:00,2026-03-26 00:00:00,2026-03-27 23:00:00,128.2344,403.5843,1663.9722,862.9474,2.6413,1.2772,0.1902,0.1442,5.2651,1,0.16720000000000002,1.95925,False,True,True,False,265.90935
TC3_sup_int,2026-04-01 00:00:00,2026-03-31 00:00:00,2026-04-01 23:00:00,161.861,485.4479,1628.2171,973.6694,3.7743,1.5749,0.0786,0.1041,4.9889,1,0.09135,2.6746,False,True,True,False,323.65445
TC3_sup_int,2026-04-04 00:00:00,2026-04-03 00:00:00,2026-04-04 23:00:00,-12.1591,-37.3002,1419.9538,-116.0636,1.3119,1.403,0.1191,0.1284,5.1802,1,0.12375,1.35745,False,True,True,False,-24.72965
TC3_sup_int,2026-04-04 12:00:00,2026-04-03 12:00:00,2026-04-05 11:00:00,88.6331,265.498,1531.3241,634.9087,1.4756,0.9149,0.1256,0.0818,5.036,1,0.10369999999999999,1.1952500000000001,False,True,True,False,177.06555
TC3_sup_int,2026-04-06 00:00:00,2026-04-05 00:00:00,2026-04-06 23:00:00,87.0032,261.0415,1531.6105,626.563,1.5095,0.9434,0.1314,0.085,5.0451,1,0.10819999999999999,1.22645,False,True,True,False,174.02235
TC3_sup_int,2026-04-06 12:00:00,2026-04-05 12:00:00,2026-04-07 11:00:00,86.142,258.3334,1529.7041,621.4586,1.5053,0.9454,0.1328,0.0857,5.0431,1,0.10925,1.2253500000000002,False,True,True,False,172.2377
TC3_sup_int,2026-04-08 00:00:00,2026-04-07 00:00:00,2026-04-08 23:00:00,82.0115,247.5691,1534.1238,600.9222,1.5314,0.9806,0.1273,0.0844,5.0784,1,0.10585,1.256,False,True,True,False,164.7903
TC3_sup_int,2026-04-10 00:00:00,2026-04-09 00:00:00,2026-04-10 23:00:00,67.0707,209.8897,1568.851,525.8182,1.4823,1.0159,0.1108,0.0754,5.2713,1,0.09309999999999999,1.2490999999999999,False,True,True,False,138.4802
TC3_sup_int,2026-04-10 12:00:00,2026-04-09 12:00:00,2026-04-11 11:00:00,67.6985,211.4364,1566.6653,529.0024,1.3738,0.9389,0.1123,0.0713,5.2606,1,0.09179999999999999,1.15635,False,True,True,False,139.56745
TC3_sup_int,2026-04-11 12:00:00,2026-04-10 12:00:00,2026-04-12 11:00:00,59.4157,185.4164,1553.3437,474.2358,1.4785,1.0589,0.1255,0.0891,5.2595,1,0.1073,1.2687,False,True,True,False,122.41605000000001
TC3_sup_int,2026-04-13 12:00:00,2026-04-12 12:00:00,2026-04-14 11:00:00,46.1633,147.4713,1570.1519,389.6268,1.5066,1.1553,0.1138,0.0882,5.3883,1,0.101,1.33095,False,True,True,False,96.8173
TC3_sup_int,2026-04-14 00:00:00,2026-04-13 00:00:00,2026-04-14 23:00:00,37.8625,121.938,1570.1595,329.3515,1.5228,1.2226,0.118,0.0964,5.4343,1,0.10719999999999999,1.3727,False,True,True,False,79.90025
TC3_sup_int,2026-04-15 12:00:00,2026-04-14 12:00:00,2026-04-16 11:00:00,112.6242,365.5731,1694.1099,805.7191,0.0,0.0,0.0,0.0,5.442,1,0.0,0.0,False,False,True,False,239.09865000000002
TC3_sup_int,2026-04-16 12:00:00,2026-04-15 12:00:00,2026-04-17 11:00:00,43.0528,139.471,1587.4577,371.0378,1.5676,1.2195,0.1092,0.0899,5.465,1,0.09955,1.39355,False,True,True,False,91.2619
TC3_sup_int,2026-04-17 00:00:00,2026-04-16 00:00:00,2026-04-17 23:00:00,46.8854,152.8168,1603.1241,401.8986,1.6161,1.2274,0.1152,0.0912,5.4974,1,0.1032,1.42175,False,True,True,False,99.8511
TC3_sup_int,2026-04-19 00:00:00,2026-04-18 00:00:00,2026-04-19 23:00:00,55.5388,181.6168,1621.7735,466.0215,1.613,1.1631,0.1071,0.0769,5.5127,1,0.092,1.38805,False,True,True,False,118.57780000000001
TC3_sup_int,2026-04-19 12:00:00,2026-04-18 12:00:00,2026-04-20 11:00:00,47.1257,154.7373,1615.37,406.2788,1.6437,1.244,0.1177,0.0928,5.5381,1,0.10525,1.4438499999999999,False,True,True,False,100.9315
TC3_sup_int,2026-04-20 00:00:00,2026-04-19 00:00:00,2026-04-20 23:00:00,52.2267,172.0455,1628.5924,445.0788,1.577,1.1569,0.1116,0.0835,5.5545,1,0.09755,1.36695,False,True,True,False,112.1361
TC3_sup_int,2026-04-22 00:00:00,2026-04-21 00:00:00,2026-04-22 23:00:00,52.9855,172.7881,1613.3644,446.7167,1.487,1.0894,0.108,0.0801,5.4984,1,0.09405,1.2882,False,True,True,False,112.8868
TC3_sup_int,2026-04-23 00:00:00,2026-04-22 00:00:00,2026-04-23 23:00:00,61.679,202.8953,1640.8857,511.3074,1.5496,1.0754,0.1167,0.0827,5.5432,1,0.0997,1.3125,False,True,True,False,132.28715
TC3_sup_int,2026-04-23 12:00:00,2026-04-22 12:00:00,2026-04-24 11:00:00,77.9879,255.2242,1657.1367,615.5677,1.5103,0.9539,0.1036,0.0603,5.5075,1,0.08195,1.2321,False,True,True,False,166.60604999999998
TC3_sup_int,2026-04-24 12:00:00,2026-04-23 12:00:00,2026-04-25 11:00:00,91.4951,128.5765,720.2158,345.2901,0.0,0.0,0.0,-0.0,2.3619,1,0.0,0.0,False,False,True,False,110.0358
TC3_sup_int,2026-04-25 00:00:00,2026-04-24 00:00:00,2026-04-25 23:00:00,51.9568,168.43,1602.2354,437.0736,1.5772,1.1646,0.1252,0.0963,5.4661,1,0.11075,1.3709,False,True,True,False,110.1934
TC3_sup_int,2026-04-25 12:00:00,2026-04-24 12:00:00,2026-04-26 11:00:00,59.2352,191.7294,1610.852,487.76,1.5717,1.1129,0.1201,0.0844,5.4552,1,0.10225000000000001,1.3423,False,True,True,False,125.4823
TC3_sup_int,2026-04-27 00:00:00,2026-04-26 00:00:00,2026-04-27 23:00:00,57.7255,187.9142,1617.7855,479.6052,1.6345,1.1653,0.1192,0.0849,5.487,1,0.10205,1.3999000000000001,False,True,True,False,122.81985
TC3_sup_int,2026-04-27 12:00:00,2026-04-26 12:00:00,2026-04-28 11:00:00,53.8946,175.5149,1612.5778,452.712,1.6364,1.1931,0.1204,0.0903,5.4906,1,0.10535,1.4147500000000002,False,True,True,False,114.70475
TC3_sup_int,2026-04-28 00:00:00,2026-04-27 00:00:00,2026-04-28 23:00:00,56.1886,183.3104,1618.9614,469.6899,1.6058,1.1544,0.1176,0.086,5.4996,1,0.1018,1.3801,False,True,True,False,119.7495
TC3_sup_int,2026-04-28 12:00:00,2026-04-27 12:00:00,2026-04-29 11:00:00,239.2859,345.5474,827.6302,773.9563,0.0,0.0,0.0,-0.0,2.358,1,0.0,0.0,False,False,True,False,292.41665
TC3_sup_int,2026-04-29 00:00:00,2026-04-28 00:00:00,2026-04-29 23:00:00,57.372,185.768,1608.625,474.993,1.4586,1.044,0.0987,0.0692,5.4579,1,0.08395,1.2513,False,True,True,False,121.57
TC3_sup_int,2026-04-30 00:00:00,2026-04-29 00:00:00,2026-04-30 23:00:00,60.2199,194.5299,1609.1448,493.7104,1.4561,1.0258,0.1001,0.0728,5.444,1,0.08645,1.24095,False,True,True,False,127.3749
TC3_sup_int,2026-05-02 12:00:00,2026-05-01 12:00:00,2026-05-03 11:00:00,60.9121,195.6317,1600.9091,496.0432,1.2926,0.9089,0.1201,0.0792,5.4124,1,0.09965,1.1007500000000001,False,True,True,False,128.2719
TC3_sup_int,2026-05-03 00:00:00,2026-05-02 00:00:00,2026-05-03 23:00:00,36.5798,119.503,1590.7488,323.457,1.3423,1.0825,0.1191,0.1113,5.5129,1,0.1152,1.2124000000000001,False,True,True,False,78.0414
TC3_sup_int,2026-05-05 00:00:00,2026-05-04 00:00:00,2026-05-05 23:00:00,46.2697,149.6948,1590.3243,394.7457,1.4122,1.0786,0.1077,0.0837,5.457,1,0.09570000000000001,1.2454,False,True,True,False,97.98225
TC3_sup_int,2026-05-06 12:00:00,2026-05-05 12:00:00,2026-05-07 11:00:00,40.7326,132.0669,1585.2157,353.5942,1.4756,1.1633,0.1109,0.0925,5.4703,1,0.1017,1.31945,False,True,True,False,86.39975
TC3_sup_int,2026-05-07 00:00:00,2026-05-06 00:00:00,2026-05-07 23:00:00,59.6345,192.1507,1604.1862,488.657,1.3893,0.983,0.1027,0.0658,5.4304,1,0.08424999999999999,1.18615,False,True,True,False,125.8926
TC3_sup_int,2026-05-07 12:00:00,2026-05-06 12:00:00,2026-05-08 11:00:00,36.3157,118.218,1584.6783,320.3361,1.4502,1.1721,0.1255,0.1049,5.4933,1,0.1152,1.31115,False,True,True,False,77.26685
TC3_sup_int,2026-05-08 12:00:00,2026-05-07 12:00:00,2026-05-09 11:00:00,45.7241,147.777,1587.8434,390.3316,1.424,1.0913,0.1175,0.0918,5.4515,1,0.10464999999999999,1.25765,False,True,True,False,96.75054999999999
TC3_sup_int,2026-05-09 00:00:00,2026-05-08 00:00:00,2026-05-09 23:00:00,47.7714,154.2313,1589.3125,405.1262,1.4276,1.0815,0.1184,0.09,5.4452,1,0.1042,1.25455,False,True,True,False,101.00135
TC3_sup_int,2026-05-09 12:00:00,2026-05-08 12:00:00,2026-05-10 11:00:00,46.3673,149.449,1584.5209,394.1807,1.4188,1.0841,0.1155,0.0902,5.4365,1,0.10285,1.2514500000000002,False,True,True,False,97.90815
TC3_sup_int,2026-05-10 00:00:00,2026-05-09 00:00:00,2026-05-10 23:00:00,43.8035,141.3921,1582.9012,375.5261,1.379,1.0691,0.1109,0.0882,5.4452,1,0.09955,1.22405,False,True,True,False,92.5978
TC3_sup_int,2026-05-10 12:00:00,2026-05-09 12:00:00,2026-05-11 11:00:00,46.118,148.5932,1583.5829,392.2122,1.3362,1.0226,0.1081,0.084,5.4347,1,0.09605,1.1794,False,True,True,False,97.3556
TC3_sup_int,2026-05-11 00:00:00,2026-05-10 00:00:00,2026-05-11 23:00:00,45.0049,145.2699,1584.744,384.5384,1.3499,1.0392,0.1096,0.0867,5.4448,1,0.09815,1.19455,False,True,True,False,95.1374
TC3_sup_int,2026-05-11 12:00:00,2026-05-10 12:00:00,2026-05-12 11:00:00,48.0316,154.997,1588.9487,406.8699,1.367,1.0341,0.113,0.0858,5.4425,1,0.0994,1.20055,False,True,True,False,101.5143
TC4_int_inf,2026-01-02 00:00:00,2026-01-01 00:00:00,2026-01-02 23:00:00,31.4867,57.7611,1233.0281,226.3878,1.2929,1.1177,0.1124,0.1005,6.0703,1,0.10645,1.2052999999999998,False,True,True,False,44.6239
TC4_int_inf,2026-01-02 12:00:00,2026-01-01 12:00:00,2026-01-03 11:00:00,17.6949,32.42,1219.0926,131.1108,1.5646,1.4418,0.1178,0.1145,6.0639,1,0.11615,1.5032,False,True,True,False,25.057450000000003
TC4_int_inf,2026-01-03 00:00:00,2026-01-02 00:00:00,2026-01-03 23:00:00,19.1146,34.9962,1219.4988,141.0768,1.5165,1.3885,0.1097,0.1052,6.0595,1,0.10745,1.4525000000000001,False,True,True,False,27.0554
TC4_int_inf,2026-01-04 12:00:00,2026-01-03 12:00:00,2026-01-05 11:00:00,15.7623,28.9889,1221.9651,117.7364,1.6015,1.4886,0.105,0.1015,6.087,1,0.10325000000000001,1.5450499999999998,False,True,True,False,22.3756
TC4_int_inf,2026-01-05 00:00:00,2026-01-04 00:00:00,2026-01-05 23:00:00,19.7494,36.2883,1224.4529,146.0511,1.6282,1.4859,0.1138,0.1051,6.0812,1,0.10944999999999999,1.55705,False,True,True,False,28.01885
TC4_int_inf,2026-01-05 12:00:00,2026-01-04 12:00:00,2026-01-06 11:00:00,14.3561,26.3915,1220.1695,107.5345,1.6702,1.5627,0.1308,0.127,6.0845,1,0.12890000000000001,1.61645,False,True,True,False,20.3738
TC4_int_inf,2026-01-06 00:00:00,2026-01-05 00:00:00,2026-01-06 23:00:00,12.2262,22.6452,1227.4039,92.702,1.4527,1.3721,0.1119,0.1078,6.1305,1,0.10985,1.4124,False,True,True,False,17.4357
TC4_int_inf,2026-01-07 00:00:00,2026-01-06 00:00:00,2026-01-07 23:00:00,13.5251,25.0601,1229.0392,102.2791,1.1081,1.0402,0.0668,0.0639,6.1326,1,0.06534999999999999,1.07415,False,True,True,False,19.2926
TC4_int_inf,2026-01-07 12:00:00,2026-01-06 12:00:00,2026-01-08 11:00:00,11.5061,21.3077,1226.5256,87.3725,1.1317,1.0725,0.0744,0.0728,6.1294,1,0.0736,1.1021,False,True,True,False,16.4069
TC4_int_inf,2026-01-08 00:00:00,2026-01-07 00:00:00,2026-01-08 23:00:00,21.1261,39.1647,1236.6541,157.0666,1.2857,1.1648,0.082,0.0755,6.1354,1,0.07875,1.22525,False,True,True,False,30.145400000000002
TC4_int_inf,2026-01-09 00:00:00,2026-01-08 00:00:00,2026-01-09 23:00:00,14.7114,27.2331,1228.9964,110.8472,1.369,1.2782,0.0774,0.0727,6.1269,1,0.07505,1.3235999999999999,False,True,True,False,20.97225
TC4_int_inf,2026-01-09 12:00:00,2026-01-08 12:00:00,2026-01-10 11:00:00,9.3818,17.3686,1224.2119,71.5719,1.4167,1.3561,0.0891,0.088,6.1277,1,0.08854999999999999,1.3864,False,True,True,False,13.3752
TC4_int_inf,2026-01-10 00:00:00,2026-01-09 00:00:00,2026-01-10 23:00:00,11.9048,22.0983,1229.7967,90.5251,1.3707,1.2965,0.0844,0.0816,6.1439,1,0.083,1.3336000000000001,False,True,True,False,17.001549999999998
TC4_int_inf,2026-01-10 12:00:00,2026-01-09 12:00:00,2026-01-11 11:00:00,13.0084,24.1526,1231.1106,98.687,1.3808,1.2993,0.0886,0.0849,6.1453,1,0.08675,1.34005,False,True,True,False,18.5805
TC4_int_inf,2026-01-11 00:00:00,2026-01-10 00:00:00,2026-01-11 23:00:00,12.4474,23.1037,1230.2085,94.5249,1.4174,1.3372,0.0925,0.0893,6.1434,1,0.09090000000000001,1.3773,False,True,True,False,17.77555
TC4_int_inf,2026-01-12 00:00:00,2026-01-11 00:00:00,2026-01-12 23:00:00,13.9684,25.921,1231.326,105.6796,1.4124,1.3231,0.0933,0.0889,6.142,1,0.0911,1.36775,False,True,True,False,19.9447
TC4_int_inf,2026-01-12 12:00:00,2026-01-11 12:00:00,2026-01-13 11:00:00,12.0196,22.3101,1229.8374,91.3687,1.3811,1.3056,0.0875,0.0847,6.1436,1,0.0861,1.34335,False,True,True,False,17.16485
TC4_int_inf,2026-01-13 00:00:00,2026-01-12 00:00:00,2026-01-13 23:00:00,13.7708,25.5961,1233.1494,104.3969,1.3354,1.252,0.0835,0.0794,6.152,1,0.08145,1.2936999999999999,False,True,True,False,19.68345
TC4_int_inf,2026-01-14 00:00:00,2026-01-13 00:00:00,2026-01-14 23:00:00,11.5353,21.4388,1230.9745,87.8959,1.2418,1.1765,0.0772,0.0751,6.1515,1,0.07615,1.2091500000000002,False,True,True,False,16.48705
TC4_int_inf,2026-01-14 12:00:00,2026-01-13 12:00:00,2026-01-15 11:00:00,14.1208,26.2564,1233.9354,107.0022,1.1929,1.1165,0.0755,0.0721,6.1543,1,0.0738,1.1547,False,True,True,False,20.1886
TC4_int_inf,2026-01-15 00:00:00,2026-01-14 00:00:00,2026-01-15 23:00:00,11.9065,22.097,1229.5512,90.52,1.1855,1.1213,0.0737,0.0719,6.1427,1,0.0728,1.1534,False,True,True,False,17.00175
TC4_int_inf,2026-01-16 00:00:00,2026-01-15 00:00:00,2026-01-16 23:00:00,13.3506,24.7778,1230.9197,101.1627,1.2334,1.1588,0.0773,0.0746,6.1428,1,0.07594999999999999,1.1961,False,True,True,False,19.0642
TC4_int_inf,2026-01-16 12:00:00,2026-01-15 12:00:00,2026-01-17 11:00:00,8.7999,16.3294,1226.5364,67.3771,1.2962,1.2439,0.0769,0.0766,6.142,1,0.07675,1.27005,False,True,True,False,12.56465
TC4_int_inf,2026-01-17 00:00:00,2026-01-16 00:00:00,2026-01-17 23:00:00,12.2968,22.8188,1229.7768,93.3926,1.257,1.1867,0.0736,0.0707,6.142,1,0.07214999999999999,1.2218499999999999,False,True,True,False,17.5578
TC4_int_inf,2026-01-18 00:00:00,2026-01-17 00:00:00,2026-01-18 23:00:00,12.897,23.9253,1229.9481,97.786,1.2527,1.1794,0.0753,0.0729,6.1401,1,0.0741,1.21605,False,True,True,False,18.41115
TC4_int_inf,2026-01-19 00:00:00,2026-01-18 00:00:00,2026-01-19 23:00:00,13.2212,24.5731,1232.5786,100.3525,1.2613,1.1856,0.0706,0.0678,6.1517,1,0.0692,1.2234500000000001,False,True,True,False,18.89715
TC4_int_inf,2026-01-20 00:00:00,2026-01-19 00:00:00,2026-01-20 23:00:00,12.5996,23.4142,1231.8095,95.758,1.3863,1.3069,0.0823,0.0801,6.1507,1,0.0812,1.3466,False,True,True,False,18.0069
TC4_int_inf,2026-01-20 12:00:00,2026-01-19 12:00:00,2026-01-21 11:00:00,11.7557,21.8486,1231.1953,89.5302,1.3565,1.2838,0.0787,0.0772,6.1516,1,0.07795,1.32015,False,True,True,False,16.80215
TC4_int_inf,2026-01-21 00:00:00,2026-01-20 00:00:00,2026-01-21 23:00:00,12.1315,22.5378,1231.0254,92.2746,1.3183,1.2455,0.0746,0.0729,6.149,1,0.07375000000000001,1.2819,False,True,True,False,17.33465
TC4_int_inf,2026-01-23 00:00:00,2026-01-22 00:00:00,2026-01-23 23:00:00,13.1581,24.4711,1233.2931,99.9487,1.3612,1.2798,0.0861,0.0839,6.1555,1,0.08499999999999999,1.3205,False,True,True,False,18.8146
TC4_int_inf,2026-01-23 12:00:00,2026-01-22 12:00:00,2026-01-24 11:00:00,15.8867,29.5361,1235.3988,119.877,1.3464,1.2498,0.0786,0.0747,6.1534,1,0.07665,1.2981,False,True,True,False,22.7114
TC4_int_inf,2026-01-24 00:00:00,2026-01-23 00:00:00,2026-01-24 23:00:00,11.6432,21.6528,1231.8459,88.7494,1.3898,1.3159,0.0842,0.0824,6.1553,1,0.0833,1.35285,False,True,True,False,16.648
TC4_int_inf,2026-01-24 12:00:00,2026-01-23 12:00:00,2026-01-25 11:00:00,14.9187,27.7742,1236.1916,112.9737,1.3619,1.2698,0.0875,0.0839,6.1618,1,0.0857,1.3158500000000002,False,True,True,False,21.34645
TC4_int_inf,2026-01-25 00:00:00,2026-01-24 00:00:00,2026-01-25 23:00:00,13.8053,25.6922,1234.7221,104.7767,1.3996,1.3118,0.0915,0.0888,6.1597,1,0.09015000000000001,1.3557000000000001,False,True,True,False,19.74875
TC4_int_inf,2026-01-25 12:00:00,2026-01-24 12:00:00,2026-01-26 11:00:00,15.2887,28.459,1236.3527,115.6604,1.3882,1.2921,0.087,0.0831,6.1609,1,0.08504999999999999,1.34015,False,True,True,False,21.87385
TC4_int_inf,2026-01-26 00:00:00,2026-01-25 00:00:00,2026-01-26 23:00:00,15.5302,28.9035,1236.3638,117.4021,1.4318,1.3312,0.091,0.0869,6.1598,1,0.08895,1.3815,False,True,True,False,22.21685
TC4_int_inf,2026-01-28 00:00:00,2026-01-27 00:00:00,2026-01-28 23:00:00,14.68,27.3405,1236.4557,111.2698,1.3542,1.264,0.0791,0.0761,6.1642,1,0.0776,1.3091,False,True,True,False,21.01025
TC4_int_inf,2026-01-28 12:00:00,2026-01-27 12:00:00,2026-01-29 11:00:00,13.7264,25.5534,1235.0371,104.2283,1.3462,1.2623,0.0784,0.0758,6.1616,1,0.0771,1.3042500000000001,False,True,True,False,19.6399
TC4_int_inf,2026-01-29 00:00:00,2026-01-28 00:00:00,2026-01-29 23:00:00,15.3102,28.511,1236.8944,115.8644,1.3644,1.2698,0.0814,0.0774,6.1635,1,0.0794,1.3171,False,True,True,False,21.9106
TC4_int_inf,2026-01-29 12:00:00,2026-01-28 12:00:00,2026-01-30 11:00:00,12.3222,22.9472,1234.1692,93.9028,1.3662,1.2894,0.0859,0.0842,6.1638,1,0.08505,1.3278,False,True,True,False,17.6347
TC4_int_inf,2026-01-30 00:00:00,2026-01-29 00:00:00,2026-01-30 23:00:00,13.0486,24.2808,1233.8648,99.1952,1.3423,1.2626,0.0848,0.0827,6.1589,1,0.08374999999999999,1.3024499999999999,False,True,True,False,18.6647
TC4_int_inf,2026-01-30 12:00:00,2026-01-29 12:00:00,2026-01-31 11:00:00,-48.0046,-89.3809,1177.019,-422.2147,0.0,0.0,0.0,0.0,6.1588,1,0.0,0.0,False,False,True,False,-68.69275
TC4_int_inf,2026-01-31 00:00:00,2026-01-30 00:00:00,2026-01-31 23:00:00,12.0962,22.5196,1233.5877,92.2022,1.3576,1.2827,0.0961,0.096,6.1619,1,0.09605,1.32015,False,True,True,False,17.3079
TC4_int_inf,2026-01-31 12:00:00,2026-01-30 12:00:00,2026-02-01 11:00:00,16.6532,30.9922,1237.3405,125.5594,1.2896,1.1927,0.0784,0.0748,6.1595,1,0.0766,1.2411500000000002,False,True,True,False,23.822699999999998
TC4_int_inf,2026-02-01 00:00:00,2026-01-31 00:00:00,2026-02-01 23:00:00,10.8308,20.1533,1231.7799,82.7581,1.4076,1.3379,0.0957,0.0948,6.1588,1,0.09525,1.37275,False,True,True,False,15.49205
TC4_int_inf,2026-02-01 12:00:00,2026-01-31 12:00:00,2026-02-02 11:00:00,-25.4762,-47.4044,1197.8109,-212.0666,0.0,0.0,0.0,0.0,6.1578,1,0.0,0.0,False,False,True,False,-36.4403
TC4_int_inf,2026-02-03 00:00:00,2026-02-02 00:00:00,2026-02-03 23:00:00,16.9314,31.4583,1235.5705,127.3738,1.2766,1.1793,0.0815,0.0779,6.1494,1,0.0797,1.2279499999999999,False,True,True,False,24.194850000000002
TC4_int_inf,2026-02-04 00:00:00,2026-02-03 00:00:00,2026-02-04 23:00:00,16.958,31.5415,1236.9149,127.6974,1.3338,1.2318,0.0858,0.0813,6.156,1,0.08355,1.2828,False,True,True,False,24.24975
TC4_int_inf,2026-02-04 12:00:00,2026-02-03 12:00:00,2026-02-05 11:00:00,11.9533,22.2336,1232.354,91.0641,1.3309,1.2584,0.097,0.0963,6.1564,1,0.09665,1.2946499999999999,False,True,True,False,17.09345
TC4_int_inf,2026-02-05 00:00:00,2026-02-04 00:00:00,2026-02-05 23:00:00,6.8068,12.7466,1235.9079,52.8305,1.18,1.1427,0.0899,0.0909,6.1983,1,0.0904,1.16135,False,True,True,False,9.7767
TC4_int_inf,2026-02-06 00:00:00,2026-02-05 00:00:00,2026-02-06 23:00:00,8.5092,15.8296,1229.3479,65.3556,0.7512,0.7218,0.0937,0.0999,6.1574,1,0.0968,0.7364999999999999,False,True,True,False,12.1694
TC4_int_inf,2026-02-07 12:00:00,2026-02-06 12:00:00,2026-02-08 11:00:00,13.0204,24.1514,1229.9236,98.6822,1.5913,1.4973,0.1154,0.1156,6.1394,1,0.11549999999999999,1.5443,False,True,True,False,18.5859
TC4_int_inf,2026-02-08 00:00:00,2026-02-07 00:00:00,2026-02-08 23:00:00,22.8087,42.3906,1241.3082,169.3259,1.3785,1.2388,0.0906,0.082,6.1508,1,0.0863,1.30865,False,True,True,False,32.59965
TC4_int_inf,2026-02-09 00:00:00,2026-02-08 00:00:00,2026-02-09 23:00:00,23.996,44.6163,1242.9247,177.7262,1.3025,1.164,0.0957,0.0889,6.1533,1,0.0923,1.23325,False,True,True,False,34.30615
TC4_int_inf,2026-02-09 12:00:00,2026-02-08 12:00:00,2026-02-10 11:00:00,13.2966,24.6929,1231.6302,100.8269,1.388,1.3043,0.0869,0.0867,6.1466,1,0.0868,1.34615,False,True,True,False,18.99475
TC4_int_inf,2026-02-10 12:00:00,2026-02-09 12:00:00,2026-02-11 11:00:00,14.7515,27.3921,1232.8474,111.4726,1.3415,1.252,0.0943,0.0928,6.1459,1,0.09355,1.2967499999999998,False,True,True,False,21.0718
TC4_int_inf,2026-02-11 12:00:00,2026-02-10 12:00:00,2026-02-12 11:00:00,13.7598,25.5452,1231.6826,104.1963,1.3576,1.2729,0.0832,0.0824,6.1447,1,0.0828,1.3152499999999998,False,True,True,False,19.6525
TC4_int_inf,2026-02-12 00:00:00,2026-02-11 00:00:00,2026-02-12 23:00:00,19.0937,35.4856,1237.8898,142.9628,1.2905,1.18,0.0774,0.0725,6.1509,1,0.07494999999999999,1.23525,False,True,True,False,27.289649999999998
TC4_int_inf,2026-02-13 00:00:00,2026-02-12 00:00:00,2026-02-13 23:00:00,18.3583,34.1215,1237.3105,137.7002,1.3075,1.1997,0.086,0.0825,6.1515,1,0.08424999999999999,1.2536,False,True,True,False,26.2399
TC4_int_inf,2026-02-14 12:00:00,2026-02-13 12:00:00,2026-02-15 11:00:00,19.3498,35.9049,1236.176,144.577,1.2906,1.179,0.0754,0.0715,6.1413,1,0.07344999999999999,1.2348,False,True,True,False,27.62735
TC4_int_inf,2026-02-15 00:00:00,2026-02-14 00:00:00,2026-02-15 23:00:00,16.21,30.0589,1232.4809,121.9194,1.3643,1.2648,0.0846,0.082,6.1374,1,0.0833,1.31455,False,True,True,False,23.13445
TC4_int_inf,2026-02-16 12:00:00,2026-02-15 12:00:00,2026-02-17 11:00:00,20.4164,37.9002,1237.6723,152.2338,1.2425,1.1293,0.0717,0.0681,6.1438,1,0.06989999999999999,1.1859,False,True,True,False,29.158299999999997
TC4_int_inf,2026-02-17 00:00:00,2026-02-16 00:00:00,2026-02-17 23:00:00,17.9857,33.3165,1232.8068,134.5861,1.2616,1.1599,0.0747,0.0722,6.1308,1,0.07345,1.21075,False,True,True,False,25.6511
TC4_int_inf,2026-02-18 00:00:00,2026-02-17 00:00:00,2026-02-18 23:00:00,17.5001,32.4222,1232.5642,131.1192,1.3808,1.2724,0.0936,0.0931,6.1318,1,0.09335,1.3266,False,True,True,False,24.961149999999996
TC4_int_inf,2026-02-19 00:00:00,2026-02-18 00:00:00,2026-02-19 23:00:00,19.6473,36.346,1232.6844,146.273,1.37,1.25,0.081,0.0775,6.1225,1,0.07925,1.31,False,True,True,False,27.99665
TC4_int_inf,2026-02-19 12:00:00,2026-02-18 12:00:00,2026-02-20 11:00:00,24.7259,45.8271,1239.632,182.2761,1.3134,1.1701,0.0801,0.0744,6.1337,1,0.07725,1.24175,False,True,True,False,35.2765
TC4_int_inf,2026-02-20 00:00:00,2026-02-19 00:00:00,2026-02-20 23:00:00,22.8509,42.356,1238.0414,169.1947,1.3405,1.2048,0.0832,0.0789,6.1344,1,0.08105,1.27265,False,True,True,False,32.60345
TC4_int_inf,2026-02-20 12:00:00,2026-02-19 12:00:00,2026-02-21 11:00:00,22.1984,41.1447,1237.3897,164.6028,1.3253,1.1948,0.0829,0.079,6.1342,1,0.08095,1.2600500000000001,False,True,True,False,31.67155
TC4_int_inf,2026-02-21 00:00:00,2026-02-20 00:00:00,2026-02-21 23:00:00,23.1682,42.9116,1237.3933,171.2963,1.3159,1.181,0.0813,0.0771,6.1297,1,0.07919999999999999,1.24845,False,True,True,False,33.0399
TC4_int_inf,2026-02-21 12:00:00,2026-02-20 12:00:00,2026-02-22 11:00:00,19.6772,36.4548,1234.5236,146.6911,1.3242,1.2079,0.0752,0.0735,6.1315,1,0.07435,1.26605,False,True,True,False,28.066
TC4_int_inf,2026-02-23 00:00:00,2026-02-22 00:00:00,2026-02-23 23:00:00,26.483,49.0421,1240.1719,194.2905,1.2227,1.0806,0.0734,0.0683,6.1283,1,0.07085,1.15165,False,True,True,False,37.76255
TC4_int_inf,2026-02-23 12:00:00,2026-02-22 12:00:00,2026-02-24 11:00:00,-147.7493,-275.0658,1077.0881,-1671.4865,0.0,0.0,0.0,0.0,6.1231,1,0.0,0.0,False,False,True,False,-211.40755000000001
TC4_int_inf,2026-02-24 00:00:00,2026-02-23 00:00:00,2026-02-24 23:00:00,29.207,54.0902,1242.728,212.9601,1.2003,1.0473,0.0634,0.0564,6.1284,1,0.059899999999999995,1.1238,False,True,True,False,41.6486
TC4_int_inf,2026-02-25 00:00:00,2026-02-24 00:00:00,2026-02-25 23:00:00,27.1019,50.1896,1240.7697,198.5554,1.1579,1.0203,0.0669,0.0615,6.1284,1,0.06420000000000001,1.0891,False,True,True,False,38.64575
TC4_int_inf,2026-02-26 00:00:00,2026-02-25 00:00:00,2026-02-26 23:00:00,25.6857,47.563,1239.3837,188.7754,1.1758,1.043,0.0659,0.0602,6.128,1,0.06305,1.1094,False,True,True,False,36.62435
TC4_int_inf,2026-02-26 12:00:00,2026-02-25 12:00:00,2026-02-27 11:00:00,22.5465,41.7015,1235.0896,166.7153,1.2633,1.1373,0.0791,0.0752,6.1212,1,0.07715,1.2003,False,True,True,False,32.124
TC4_int_inf,2026-02-27 12:00:00,2026-02-26 12:00:00,2026-02-28 11:00:00,24.2929,44.9107,1236.1028,178.8336,1.3306,1.1882,0.0818,0.077,6.1182,1,0.0794,1.2593999999999999,False,True,True,False,34.6018
TC4_int_inf,2026-02-28 00:00:00,2026-02-27 00:00:00,2026-02-28 23:00:00,26.3544,48.7755,1239.3346,193.2981,1.2896,1.1404,0.0771,0.071,6.1247,1,0.07405,1.215,False,True,True,False,37.564949999999996
TC4_int_inf,2026-02-28 12:00:00,2026-02-27 12:00:00,2026-03-01 11:00:00,23.9984,44.3708,1235.9626,176.8018,1.2926,1.1559,0.0791,0.0749,6.1188,1,0.077,1.22425,False,True,True,False,34.1846
TC4_int_inf,2026-03-01 00:00:00,2026-02-28 00:00:00,2026-03-01 23:00:00,23.9486,44.3187,1237.0329,176.6056,1.2742,1.1395,0.0776,0.0734,6.1244,1,0.07550000000000001,1.20685,False,True,True,False,34.13365
TC4_int_inf,2026-03-02 12:00:00,2026-03-01 12:00:00,2026-03-03 11:00:00,24.7013,45.6621,1236.3718,181.6568,1.3273,1.183,0.0851,0.0798,6.1176,1,0.08245,1.25515,False,True,True,False,35.1817
TC4_int_inf,2026-03-03 00:00:00,2026-03-02 00:00:00,2026-03-03 23:00:00,24.42,45.1256,1235.6696,179.6416,1.3507,1.2055,0.0884,0.083,6.1155,1,0.0857,1.2781,False,True,True,False,34.772800000000004
TC4_int_inf,2026-03-05 00:00:00,2026-03-04 00:00:00,2026-03-05 23:00:00,28.0685,52.2027,1246.9766,206.0074,1.2268,1.0756,0.0859,0.0785,6.1546,1,0.0822,1.1511999999999998,False,True,True,False,40.1356
TC4_int_inf,2026-03-05 12:00:00,2026-03-04 12:00:00,2026-03-06 11:00:00,22.7779,42.448,1244.6411,169.5431,1.3231,1.1889,0.0925,0.088,6.1674,1,0.09025,1.256,False,True,True,False,32.61295
TC4_int_inf,2026-03-07 00:00:00,2026-03-06 00:00:00,2026-03-07 23:00:00,21.6671,40.2093,1238.43,161.0473,1.3039,1.1782,0.0785,0.076,6.1418,1,0.07725,1.24105,False,True,True,False,30.938200000000002
TC4_int_inf,2026-03-07 12:00:00,2026-03-06 12:00:00,2026-03-08 11:00:00,27.3245,50.5895,1240.6677,200.0386,1.2173,1.0716,0.076,0.0702,6.1269,1,0.0731,1.14445,False,True,True,False,38.957
TC4_int_inf,2026-03-08 00:00:00,2026-03-07 00:00:00,2026-03-08 23:00:00,25.7433,47.7624,1241.8457,189.5201,1.2507,1.1088,0.0797,0.0751,6.1399,1,0.0774,1.1797499999999999,False,True,True,False,36.75285
TC4_int_inf,2026-03-09 00:00:00,2026-03-08 00:00:00,2026-03-09 23:00:00,23.7613,43.9395,1235.9462,175.1765,1.2978,1.1617,0.0806,0.0771,6.1198,1,0.07885,1.2297500000000001,False,True,True,False,33.8504
TC4_int_inf,2026-03-10 00:00:00,2026-03-09 00:00:00,2026-03-10 23:00:00,25.3453,46.8802,1237.6872,186.2223,1.1619,1.0324,0.0639,0.0609,6.1212,1,0.0624,1.09715,False,True,True,False,36.112750000000005
TC4_int_inf,2026-03-11 00:00:00,2026-03-10 00:00:00,2026-03-11 23:00:00,26.2173,48.2837,1233.1277,191.4651,1.1852,1.0494,0.0653,0.0621,6.0947,1,0.0637,1.1173000000000002,False,True,True,False,37.2505
TC4_int_inf,2026-03-11 12:00:00,2026-03-10 12:00:00,2026-03-12 11:00:00,34.1528,62.8692,1239.6956,244.8673,1.2954,1.1056,0.08,0.0711,6.091,1,0.07555,1.2005,False,True,True,False,48.510999999999996
TC4_int_inf,2026-03-12 00:00:00,2026-03-11 00:00:00,2026-03-12 23:00:00,-344.9821,-319.491,426.9729,-2067.5159,0.0,0.0,0.0,-0.0,2.9577,1,0.0,0.0,False,False,True,False,-332.23654999999997
TC4_int_inf,2026-03-12 12:00:00,2026-03-11 12:00:00,2026-03-13 11:00:00,26.5695,49.066,1236.8196,194.3796,1.4987,1.3244,0.1157,0.1098,6.1113,1,0.11274999999999999,1.41155,False,True,True,False,37.817750000000004
TC4_int_inf,2026-03-14 00:00:00,2026-03-13 00:00:00,2026-03-14 23:00:00,23.0485,42.6576,1236.3489,170.3358,1.1074,0.9945,0.0889,0.0886,6.1251,1,0.08875,1.05095,False,True,True,False,32.85305
TC4_int_inf,2026-03-15 00:00:00,2026-03-14 00:00:00,2026-03-15 23:00:00,26.8109,49.4289,1234.9647,195.7297,1.3304,1.1746,0.0978,0.0927,6.1011,1,0.09525,1.2525,False,True,True,False,38.1199
TC4_int_inf,2026-03-16 00:00:00,2026-03-15 00:00:00,2026-03-16 23:00:00,32.2387,59.5505,1242.2507,232.8885,1.2762,1.0983,0.0733,0.0663,6.1123,1,0.0698,1.1872500000000001,False,True,True,False,45.8946
TC4_int_inf,2026-03-16 12:00:00,2026-03-15 12:00:00,2026-03-17 11:00:00,27.5153,50.7743,1236.7393,200.7236,1.3228,1.1639,0.0832,0.0792,6.1066,1,0.0812,1.24335,False,True,True,False,39.1448
TC4_int_inf,2026-03-17 00:00:00,2026-03-16 00:00:00,2026-03-17 23:00:00,34.4649,63.5331,1241.7217,247.2514,1.2677,1.0801,0.0758,0.0691,6.0996,1,0.07245,1.1739000000000002,False,True,True,False,48.998999999999995
TC4_int_inf,2026-03-18 00:00:00,2026-03-17 00:00:00,2026-03-18 23:00:00,40.4919,74.7987,1249.7139,287.1083,1.2366,1.0242,0.0659,0.0551,6.1115,1,0.0605,1.1303999999999998,False,True,True,False,57.6453
TC4_int_inf,2026-03-19 12:00:00,2026-03-18 12:00:00,2026-03-20 11:00:00,33.2391,61.2919,1240.9957,239.1863,1.3178,1.1292,0.0916,0.0832,6.1016,1,0.0874,1.2235,False,True,True,False,47.2655
TC4_int_inf,2026-03-20 00:00:00,2026-03-19 00:00:00,2026-03-20 23:00:00,33.8578,62.506,1243.0066,243.5609,1.3196,1.1273,0.0922,0.0833,6.1086,1,0.08775,1.2234500000000001,False,True,True,False,48.1819
TC4_int_inf,2026-03-21 00:00:00,2026-03-20 00:00:00,2026-03-21 23:00:00,31.9182,58.8634,1239.9589,230.3956,1.2878,1.1103,0.0886,0.082,6.1025,1,0.0853,1.1990500000000002,False,True,True,False,45.3908
TC4_int_inf,2026-03-21 12:00:00,2026-03-20 12:00:00,2026-03-22 11:00:00,33.062,61.0152,1241.8532,238.1877,1.2527,1.0741,0.0881,0.0809,6.1066,1,0.08449999999999999,1.1634,False,True,True,False,47.0386
TC4_int_inf,2026-03-22 00:00:00,2026-03-21 00:00:00,2026-03-22 23:00:00,30.1748,55.688,1239.2752,218.82,1.278,1.1106,0.0905,0.0858,6.107,1,0.08815,1.1943000000000001,False,True,True,False,42.931400000000004
TC4_int_inf,2026-03-23 12:00:00,2026-03-22 12:00:00,2026-03-24 11:00:00,46.4291,86.76,1269.5586,328.2061,0.9476,0.7615,0.0912,0.0732,6.1814,1,0.0822,0.8545499999999999,False,True,True,False,66.59455
TC4_int_inf,2026-03-24 00:00:00,2026-03-23 00:00:00,2026-03-24 23:00:00,23.2766,42.8695,1230.5215,171.1373,1.0254,0.9204,0.1025,0.1081,6.0952,1,0.1053,0.9729000000000001,False,True,True,False,33.07305
TC4_int_inf,2026-03-25 00:00:00,2026-03-24 00:00:00,2026-03-25 23:00:00,30.6478,56.3759,1235.6456,221.3354,0.9824,0.8523,0.0756,0.0703,6.087,1,0.07295,0.91735,False,True,True,False,43.51185
TC4_int_inf,2026-03-25 12:00:00,2026-03-24 12:00:00,2026-03-26 11:00:00,40.7856,75.6097,1254.4316,289.9343,1.092,0.9026,0.1071,0.0939,6.1332,1,0.1005,0.9973000000000001,False,True,True,False,58.19765
TC4_int_inf,2026-03-26 00:00:00,2026-03-25 00:00:00,2026-03-26 23:00:00,30.6165,56.3363,1236.013,221.1907,1.213,1.0524,0.1294,0.1264,6.0889,1,0.1279,1.1327,False,True,True,False,43.4764
TC4_int_inf,2026-03-26 12:00:00,2026-03-25 12:00:00,2026-03-27 11:00:00,-254.9732,-475.3142,963.052,-3865.9503,0.0,0.0,0.0,0.0,6.053,1,0.0,0.0,False,False,True,False,-365.1437
TC4_int_inf,2026-03-27 00:00:00,2026-03-26 00:00:00,2026-03-27 23:00:00,47.1531,85.2702,1229.2311,323.1546,1.3778,1.1114,0.1459,0.1353,5.9818,1,0.1406,1.2446,False,True,True,False,66.21165
TC4_int_inf,2026-03-28 00:00:00,2026-03-27 00:00:00,2026-03-28 23:00:00,48.4393,91.231,1281.4063,343.2525,0.7736,0.6147,0.0195,0.0195,6.2298,1,0.0195,0.69415,False,True,True,False,69.83515
TC4_int_inf,2026-03-28 12:00:00,2026-03-27 12:00:00,2026-03-29 11:00:00,-6.5708,-11.9961,1192.7068,-51.2944,1.074,1.1069,0.0494,0.0956,6.0429,1,0.07250000000000001,1.0904500000000001,False,True,True,False,-9.28345
TC4_int_inf,2026-03-29 00:00:00,2026-03-28 00:00:00,2026-03-29 23:00:00,60.9666,106.5031,1199.0226,393.3883,0.9277,0.7093,0.0402,0.0529,5.776,1,0.04655,0.8185,False,True,True,False,83.73485
TC4_int_inf,2026-03-30 12:00:00,2026-03-29 12:00:00,2026-03-31 11:00:00,110.4108,197.503,1269.1065,655.2354,1.7553,1.067,0.1358,0.1071,5.8999,1,0.12145,1.4111500000000001,False,True,True,False,153.9569
TC4_int_inf,2026-03-31 00:00:00,2026-03-30 00:00:00,2026-03-31 23:00:00,128.561,235.0242,1312.0727,746.8891,1.6069,0.8886,0.119,0.0812,6.022,1,0.1001,1.24775,False,True,True,False,181.7926
TC4_int_inf,2026-04-01 12:00:00,2026-03-31 12:00:00,2026-04-02 11:00:00,100.659,182.9632,1281.4286,617.3223,1.6107,1.0156,0.1089,0.0808,5.9987,1,0.09484999999999999,1.31315,False,True,True,False,141.8111
TC4_int_inf,2026-04-03 12:00:00,2026-04-02 12:00:00,2026-04-04 11:00:00,88.3286,163.1389,1291.5197,563.3392,1.4197,0.9411,0.1242,0.0927,6.0995,1,0.10845,1.1804000000000001,False,True,True,False,125.73375
TC4_int_inf,2026-04-04 00:00:00,2026-04-03 00:00:00,2026-04-04 23:00:00,56.7311,103.487,1248.3608,383.6394,1.3659,1.0523,0.1264,0.1146,6.0323,1,0.1205,1.2090999999999998,False,True,True,False,80.10905
TC4_int_inf,2026-04-04 12:00:00,2026-04-03 12:00:00,2026-04-05 11:00:00,72.3738,132.7273,1268.668,475.1013,1.2705,0.9092,0.1111,0.0957,6.061,1,0.10339999999999999,1.08985,False,True,True,False,102.55055000000002
TC4_int_inf,2026-04-05 12:00:00,2026-04-04 12:00:00,2026-04-06 11:00:00,71.2746,130.5219,1265.8769,468.4352,1.262,0.9082,0.1101,0.0944,6.0525,1,0.10225000000000001,1.0851,False,True,True,False,100.89824999999999
TC4_int_inf,2026-04-06 00:00:00,2026-04-05 00:00:00,2026-04-06 23:00:00,65.8542,120.2963,1258.0426,437.04,1.2864,0.9499,0.1139,0.1016,6.0388,1,0.10775,1.11815,False,True,True,False,93.07525000000001
TC4_int_inf,2026-04-06 12:00:00,2026-04-05 12:00:00,2026-04-07 11:00:00,68.7001,125.5135,1260.6933,453.1592,1.2758,0.9298,0.1144,0.1001,6.039,1,0.10725,1.1028,False,True,True,False,97.10679999999999
TC4_int_inf,2026-04-07 00:00:00,2026-04-06 00:00:00,2026-04-07 23:00:00,67.7274,123.5825,1258.2853,447.2178,1.2904,0.945,0.1168,0.1033,6.0317,1,0.11005000000000001,1.1177,False,True,True,False,95.65495
TC4_int_inf,2026-04-07 12:00:00,2026-04-06 12:00:00,2026-04-08 11:00:00,72.4667,132.4127,1264.1185,474.1527,1.26,0.9024,0.1056,0.0887,6.0389,1,0.09715,1.0812,False,True,True,False,102.4397
TC4_int_inf,2026-04-08 00:00:00,2026-04-07 00:00:00,2026-04-08 23:00:00,69.3053,127.2963,1267.9625,458.619,1.3263,0.9623,0.1144,0.0975,6.0711,1,0.10595,1.1443,False,True,True,False,98.30080000000001
TC4_int_inf,2026-04-10 00:00:00,2026-04-09 00:00:00,2026-04-10 23:00:00,59.9183,110.1511,1260.8687,405.0812,1.2767,0.9672,0.0974,0.0871,6.0786,1,0.09225,1.12195,False,True,True,False,85.0347
TC4_int_inf,2026-04-10 12:00:00,2026-04-09 12:00:00,2026-04-11 11:00:00,69.3366,127.5015,1269.461,459.246,1.154,0.8368,0.0941,0.0782,6.0782,1,0.08615,0.9954,False,True,True,False,98.41905
TC4_int_inf,2026-04-11 00:00:00,2026-04-10 00:00:00,2026-04-11 23:00:00,60.5891,111.3868,1261.4847,409.0175,1.2482,0.9427,0.1099,0.1004,6.0786,1,0.10515,1.09545,False,True,True,False,85.98795
TC4_int_inf,2026-04-11 12:00:00,2026-04-10 12:00:00,2026-04-12 11:00:00,66.2556,122.0324,1268.8171,442.4274,1.2517,0.9203,0.1077,0.0921,6.0887,1,0.0999,1.086,False,True,True,False,94.144
TC4_int_inf,2026-04-13 12:00:00,2026-04-12 12:00:00,2026-04-14 11:00:00,68.7985,126.3706,1267.5736,455.7871,1.2833,0.9332,0.0975,0.082,6.0715,1,0.08975,1.10825,False,True,True,False,97.58455000000001
TC4_int_inf,2026-04-14 12:00:00,2026-04-13 12:00:00,2026-04-15 11:00:00,70.6102,129.6926,1269.0916,465.9192,1.2388,0.8934,0.1015,0.0843,6.0708,1,0.09290000000000001,1.0661,False,True,True,False,100.1514
TC4_int_inf,2026-04-15 00:00:00,2026-04-14 00:00:00,2026-04-15 23:00:00,60.528,111.1827,1260.3914,408.3682,1.3282,1.0036,0.1136,0.1056,6.0736,1,0.1096,1.1659000000000002,False,True,True,False,85.85535
TC4_int_inf,2026-04-15 12:00:00,2026-04-14 12:00:00,2026-04-16 11:00:00,74.0234,136.0267,1272.6617,485.0045,1.1875,0.8428,0.0779,0.0629,6.0728,1,0.07039999999999999,1.01515,False,True,True,False,105.02505
TC4_int_inf,2026-04-16 00:00:00,2026-04-15 00:00:00,2026-04-16 23:00:00,60.1415,110.0332,1255.0402,404.705,1.3627,1.0327,0.0983,0.0879,6.0495,1,0.0931,1.1977,False,True,True,False,85.08735
TC4_int_inf,2026-04-16 12:00:00,2026-04-15 12:00:00,2026-04-17 11:00:00,73.0992,134.1125,1269.8169,479.2691,1.3141,0.9371,0.0953,0.0792,6.0633,1,0.08725,1.1256,False,True,True,False,103.60585
TC4_int_inf,2026-04-17 12:00:00,2026-04-16 12:00:00,2026-04-18 11:00:00,69.4528,127.4393,1266.8187,459.056,1.3248,0.9608,0.0979,0.0844,6.065,1,0.09115000000000001,1.1428,False,True,True,False,98.44605
TC4_int_inf,2026-04-18 00:00:00,2026-04-17 00:00:00,2026-04-18 23:00:00,69.8531,127.1135,1256.6838,458.0605,1.3077,0.9492,0.0949,0.0828,6.0147,1,0.08885,1.12845,False,True,True,False,98.4833
TC4_int_inf,2026-04-20 12:00:00,2026-04-19 12:00:00,2026-04-21 11:00:00,69.8716,127.1788,1257.0126,458.26,1.2089,0.8773,0.0841,0.0729,6.0162,1,0.0785,1.0431,False,True,True,False,98.5252
TC4_int_inf,2026-04-21 00:00:00,2026-04-20 00:00:00,2026-04-21 23:00:00,71.3676,129.9619,1258.8841,466.7369,1.2115,0.8731,0.0847,0.0723,6.0186,1,0.0785,1.0423,False,True,True,False,100.66475
TC4_int_inf,2026-04-22 12:00:00,2026-04-21 12:00:00,2026-04-23 11:00:00,74.2082,134.7308,1257.5561,481.1245,1.1302,0.8048,0.082,0.0685,5.9999,1,0.07525000000000001,0.9675,False,True,True,False,104.4695
TC4_int_inf,2026-04-23 00:00:00,2026-04-22 00:00:00,2026-04-23 23:00:00,67.8865,123.3111,1252.7164,446.3804,1.1665,0.8549,0.0857,0.0767,6.0043,1,0.0812,1.0107,False,True,True,False,95.5988
TC4_int_inf,2026-04-23 12:00:00,2026-04-22 12:00:00,2026-04-24 11:00:00,76.5956,139.1245,1260.1354,494.2284,1.0747,0.7568,0.0673,0.0551,6.0019,1,0.061200000000000004,0.9157500000000001,False,True,True,False,107.86005
TC4_int_inf,2026-04-24 00:00:00,2026-04-23 00:00:00,2026-04-24 23:00:00,69.1512,126.0518,1258.231,454.8103,1.1819,0.8602,0.0792,0.068,6.0252,1,0.0736,1.02105,False,True,True,False,97.6015
TC4_int_inf,2026-04-26 12:00:00,2026-04-25 12:00:00,2026-04-27 11:00:00,69.6712,126.3115,1251.8605,455.6063,1.3849,1.0073,0.1058,0.0929,5.9924,1,0.09935,1.1961,False,True,True,False,97.99135
TC4_int_inf,2026-04-29 00:00:00,2026-04-28 00:00:00,2026-04-29 23:00:00,78.446,141.7438,1255.148,501.9711,1.187,0.8304,0.0793,0.063,5.9701,1,0.07114999999999999,1.0087000000000002,False,True,True,False,110.0949
TC4_int_inf,2026-05-03 00:00:00,2026-05-02 00:00:00,2026-05-03 23:00:00,-362.2612,-320.2661,397.8199,-2074.8272,0.0,0.0,0.0,-0.0,2.8127,1,0.0,0.0,False,False,True,False,-341.26365
TC4_int_inf,2026-05-05 12:00:00,2026-05-04 12:00:00,2026-05-06 11:00:00,77.9509,140.3372,1250.1666,497.8194,1.1948,0.8388,0.092,0.0773,5.9485,1,0.08465,1.0168,False,True,True,False,109.14405
TC4_int_inf,2026-05-06 00:00:00,2026-05-05 00:00:00,2026-05-06 23:00:00,72.4533,130.1444,1242.6815,467.2907,1.2314,0.887,0.0975,0.0852,5.9365,1,0.09135,1.0592000000000001,False,True,True,False,101.29884999999999
TC4_int_inf,2026-05-06 12:00:00,2026-05-05 12:00:00,2026-05-07 11:00:00,73.1391,131.463,1244.0845,471.2843,1.2408,0.8908,0.0948,0.0837,5.9403,1,0.08925,1.0657999999999999,False,True,True,False,102.30105
TC4_int_inf,2026-05-07 00:00:00,2026-05-06 00:00:00,2026-05-07 23:00:00,88.1229,158.181,1255.0211,549.4117,1.1033,0.7405,0.0767,0.0575,5.928,1,0.0671,0.9218999999999999,False,True,True,False,123.15195
TC4_int_inf,2026-05-07 12:00:00,2026-05-06 12:00:00,2026-05-08 11:00:00,68.4359,123.2208,1242.2195,446.1018,1.2308,0.9022,0.1083,0.0979,5.9516,1,0.1031,1.0665,False,True,True,False,95.82835
TC4_int_inf,2026-05-08 00:00:00,2026-05-07 00:00:00,2026-05-08 23:00:00,86.4709,155.7028,1257.571,542.3843,1.118,0.7551,0.092,0.0744,5.9471,1,0.0832,0.93655,False,True,True,False,121.08685
TC4_int_inf,2026-05-08 12:00:00,2026-05-07 12:00:00,2026-05-09 11:00:00,74.1768,133.4623,1246.2165,477.3144,1.1775,0.8411,0.0974,0.0845,5.946,1,0.09095,1.0093,False,True,True,False,103.81954999999999
TC4_int_inf,2026-05-09 12:00:00,2026-05-08 12:00:00,2026-05-10 11:00:00,77.5888,139.4671,1247.9079,495.2441,1.1766,0.8278,0.0962,0.0813,5.9394,1,0.08875,1.0022,False,True,True,False,108.52795
TC4_int_inf,2026-05-10 12:00:00,2026-05-09 12:00:00,2026-05-11 11:00:00,80.9318,145.5193,1251.1006,513.0423,1.1115,0.7702,0.0899,0.0741,5.9402,1,0.08199999999999999,0.94085,False,True,True,False,113.22555
TC4_int_inf,2026-05-11 12:00:00,2026-05-10 12:00:00,2026-05-12 11:00:00,80.2917,144.521,1251.8827,510.1251,1.1276,0.7833,0.0925,0.0767,5.9467,1,0.08460000000000001,0.9554499999999999,False,True,True,False,112.40635
TC4_sup_inf,2026-01-02 00:00:00,2026-01-01 00:00:00,2026-01-02 23:00:00,67.7629,30.3134,602.409,236.7845,1.3022,1.1177,0.0948,0.1005,5.9209,1,0.09765,1.20995,False,True,True,False,49.03815
TC4_sup_inf,2026-01-02 12:00:00,2026-01-01 12:00:00,2026-01-03 11:00:00,15.9483,7.1957,596.0815,59.525,1.4951,1.4418,0.0913,0.1145,5.9736,1,0.1029,1.46845,False,True,True,False,11.572
TC4_sup_inf,2026-01-03 00:00:00,2026-01-02 00:00:00,2026-01-03 23:00:00,8.1052,3.6474,592.7721,30.4424,1.4142,1.3885,0.081,0.1052,5.9581,1,0.0931,1.4013499999999999,False,True,True,False,5.8763000000000005
TC4_sup_inf,2026-01-03 12:00:00,2026-01-02 12:00:00,2026-01-04 11:00:00,7.8927,3.5595,594.0018,29.715,1.3693,1.3449,0.0752,0.0963,5.971,1,0.08574999999999999,1.3571,False,True,True,False,5.7261
TC4_sup_inf,2026-01-04 12:00:00,2026-01-03 12:00:00,2026-01-05 11:00:00,-5.7044,-2.5651,589.2231,-21.747,1.4695,1.4886,0.0714,0.1015,5.9537,1,0.08645,1.47905,False,True,True,False,-4.13475
TC4_sup_inf,2026-01-05 00:00:00,2026-01-04 00:00:00,2026-01-05 23:00:00,19.8171,8.8651,591.8656,73.0289,1.5538,1.4859,0.0847,0.1051,5.9227,1,0.0949,1.51985,False,True,True,False,14.3411
TC4_sup_inf,2026-01-06 00:00:00,2026-01-05 00:00:00,2026-01-06 23:00:00,35.7329,16.5622,616.8878,133.8423,1.4916,1.3721,0.0969,0.1078,6.1362,1,0.10235,1.43185,False,True,True,False,26.147550000000003
TC4_sup_inf,2026-01-06 12:00:00,2026-01-05 12:00:00,2026-01-07 11:00:00,328.9774,153.5066,684.6825,900.2213,0.0,0.0,0.0,0.0,6.1293,1,0.0,0.0,False,False,True,False,241.242
TC4_sup_inf,2026-01-07 00:00:00,2026-01-06 00:00:00,2026-01-07 23:00:00,50.5052,23.6468,626.5508,187.7687,1.1719,1.0402,0.061,0.0639,6.1979,1,0.06245,1.10605,False,True,True,False,37.076
TC4_sup_inf,2026-01-08 00:00:00,2026-01-07 00:00:00,2026-01-08 23:00:00,23.3267,10.6626,605.5642,87.4425,1.2291,1.1648,0.0599,0.0755,6.0517,1,0.0677,1.1969500000000002,False,True,True,False,16.99465
TC4_sup_inf,2026-01-08 12:00:00,2026-01-07 12:00:00,2026-01-09 11:00:00,-7.7503,-3.5413,598.2502,-30.0967,1.3521,1.3764,0.0602,0.0816,6.0496,1,0.0709,1.3642500000000002,False,True,True,False,-5.6458
TC4_sup_inf,2026-01-09 00:00:00,2026-01-08 00:00:00,2026-01-09 23:00:00,11.3759,5.1739,599.8359,43.0178,1.3119,1.2782,0.0597,0.0727,6.0216,1,0.06620000000000001,1.29505,False,True,True,False,8.274899999999999
TC4_sup_inf,2026-01-10 00:00:00,2026-01-09 00:00:00,2026-01-10 23:00:00,-5.9238,-2.7144,600.3723,-23.0213,1.2788,1.2965,0.061,0.0816,6.0668,1,0.0713,1.28765,False,True,True,False,-4.3191
TC4_sup_inf,2026-01-10 12:00:00,2026-01-09 12:00:00,2026-01-11 11:00:00,-11.0725,-5.0324,594.3074,-42.9309,1.2667,1.2993,0.0639,0.0849,6.0174,1,0.0744,1.283,False,True,True,False,-8.05245
TC4_sup_inf,2026-01-11 00:00:00,2026-01-10 00:00:00,2026-01-11 23:00:00,-11.3311,-5.1508,594.3577,-43.9548,1.3029,1.3372,0.067,0.0893,6.0185,1,0.07815,1.32005,False,True,True,False,-8.24095
TC4_sup_inf,2026-01-11 12:00:00,2026-01-10 12:00:00,2026-01-12 11:00:00,-2.2058,-1.0023,596.2228,-8.4641,1.3214,1.3281,0.07,0.0896,6.0164,1,0.07980000000000001,1.3247499999999999,False,True,True,False,-1.60405
TC4_sup_inf,2026-01-12 00:00:00,2026-01-11 00:00:00,2026-01-12 23:00:00,1.1977,0.5422,594.7707,4.5611,1.3267,1.3231,0.0698,0.0889,5.9939,1,0.07935,1.3249,False,True,True,False,0.86995
TC4_sup_inf,2026-01-13 00:00:00,2026-01-12 00:00:00,2026-01-13 23:00:00,-8.8049,-4.0114,596.262,-34.1328,1.2269,1.252,0.0585,0.0794,6.0319,1,0.06895,1.2394500000000002,False,True,True,False,-6.40815
TC4_sup_inf,2026-01-14 00:00:00,2026-01-13 00:00:00,2026-01-14 23:00:00,-35.7855,-16.2764,589.0858,-142.8817,1.0838,1.1765,0.0486,0.0751,6.0214,1,0.06185,1.13015,False,True,True,False,-26.030949999999997
TC4_sup_inf,2026-01-14 12:00:00,2026-01-13 12:00:00,2026-01-15 11:00:00,-35.8139,-16.3652,591.8227,-143.6935,1.0281,1.1165,0.0451,0.0721,6.0494,1,0.0586,1.0723,False,True,True,False,-26.08955
TC4_sup_inf,2026-01-15 00:00:00,2026-01-14 00:00:00,2026-01-15 23:00:00,-33.1638,-15.1329,591.6016,-132.4558,1.0389,1.1213,0.0457,0.0719,6.041,1,0.058800000000000005,1.0800999999999998,False,True,True,False,-24.14835
TC4_sup_inf,2026-01-15 12:00:00,2026-01-14 12:00:00,2026-01-16 11:00:00,-23.9977,-10.9922,595.9866,-95.2034,1.0421,1.1014,0.047,0.07,6.0643,1,0.0585,1.07175,False,True,True,False,-17.49495
TC4_sup_inf,2026-01-16 00:00:00,2026-01-15 00:00:00,2026-01-16 23:00:00,-7.0909,-3.2202,594.7525,-27.3462,1.1401,1.1588,0.0528,0.0746,6.0127,1,0.0637,1.1494499999999999,False,True,True,False,-5.15555
TC4_sup_inf,2026-01-17 00:00:00,2026-01-16 00:00:00,2026-01-17 23:00:00,-12.3355,-5.6554,599.2111,-48.322,1.1534,1.1867,0.0494,0.0707,6.0699,1,0.06005,1.17005,False,True,True,False,-8.99545
TC4_sup_inf,2026-01-18 00:00:00,2026-01-17 00:00:00,2026-01-18 23:00:00,-11.618,-5.3098,597.5061,-45.3297,1.1482,1.1794,0.0499,0.0729,6.051,1,0.0614,1.1638000000000002,False,True,True,False,-8.4639
TC4_sup_inf,2026-01-19 00:00:00,2026-01-18 00:00:00,2026-01-19 23:00:00,-11.0837,-5.1382,606.19,-43.8453,1.1552,1.1856,0.0463,0.0678,6.1377,1,0.057050000000000003,1.1703999999999999,False,True,True,False,-8.11095
TC4_sup_inf,2026-01-20 00:00:00,2026-01-19 00:00:00,2026-01-20 23:00:00,-23.3287,-10.6754,595.5634,-92.3853,1.2384,1.3069,0.0507,0.0801,6.0585,1,0.0654,1.27265,False,True,True,False,-17.00205
TC4_sup_inf,2026-01-21 00:00:00,2026-01-20 00:00:00,2026-01-21 23:00:00,14.9723,6.8531,604.4856,56.7395,1.2893,1.2455,0.0554,0.0729,6.0601,1,0.06415,1.2673999999999999,False,True,True,False,10.912700000000001
TC4_sup_inf,2026-01-23 00:00:00,2026-01-22 00:00:00,2026-01-23 23:00:00,-10.6824,-4.9371,604.4382,-42.1079,1.2483,1.2798,0.057,0.0839,6.119,1,0.07045,1.2640500000000001,False,True,True,False,-7.809749999999999
TC4_sup_inf,2026-01-23 12:00:00,2026-01-22 12:00:00,2026-01-24 11:00:00,0.7663,0.3516,602.701,2.959,1.252,1.2498,0.053,0.0747,6.0748,1,0.06385,1.2509000000000001,False,True,True,False,0.5589500000000001
TC4_sup_inf,2026-01-24 00:00:00,2026-01-23 00:00:00,2026-01-24 23:00:00,-9.2078,-4.2518,604.2434,-36.2002,1.288,1.3159,0.0575,0.0824,6.1136,1,0.06995,1.3019500000000002,False,True,True,False,-6.729800000000001
TC4_sup_inf,2026-01-25 00:00:00,2026-01-24 00:00:00,2026-01-25 23:00:00,15.597,7.1785,607.974,59.3853,1.3602,1.3118,0.07,0.0888,6.0936,1,0.0794,1.336,False,True,True,False,11.38775
TC4_sup_inf,2026-01-26 00:00:00,2026-01-25 00:00:00,2026-01-26 23:00:00,23.3753,10.778,610.8523,88.363,1.4056,1.3312,0.0709,0.0869,6.1045,1,0.0789,1.3683999999999998,False,True,True,False,17.07665
TC4_sup_inf,2026-01-28 00:00:00,2026-01-27 00:00:00,2026-01-28 23:00:00,29.7965,13.8186,615.8789,112.4353,1.3552,1.264,0.0657,0.0761,6.1398,1,0.07089999999999999,1.3096,False,True,True,False,21.80755
TC4_sup_inf,2026-01-28 12:00:00,2026-01-27 12:00:00,2026-01-29 11:00:00,22.4734,10.372,611.2328,85.1213,1.33,1.2623,0.0648,0.0758,6.1103,1,0.0703,1.29615,False,True,True,False,16.4227
TC4_sup_inf,2026-01-29 00:00:00,2026-01-28 00:00:00,2026-01-29 23:00:00,19.0896,8.7846,608.6713,72.3799,1.3273,1.2698,0.0655,0.0774,6.0925,1,0.07145,1.29855,False,True,True,False,13.937100000000001
TC4_sup_inf,2026-01-30 00:00:00,2026-01-29 00:00:00,2026-01-30 23:00:00,37.8595,17.5997,619.1966,141.8606,1.3798,1.2626,0.0767,0.0827,6.1542,1,0.0797,1.3212,False,True,True,False,27.729599999999998
TC4_sup_inf,2026-01-31 00:00:00,2026-01-30 00:00:00,2026-01-31 23:00:00,32.3411,14.9814,615.7545,121.5446,1.3833,1.2827,0.0857,0.096,6.1327,1,0.09085,1.333,False,True,True,False,23.66125
TC4_sup_inf,2026-02-01 00:00:00,2026-01-31 00:00:00,2026-02-01 23:00:00,53.8305,24.8134,617.5971,196.4649,1.5162,1.3379,0.0959,0.0948,6.1017,1,0.09534999999999999,1.42705,False,True,True,False,39.32195
TC4_sup_inf,2026-02-03 00:00:00,2026-02-02 00:00:00,2026-02-03 23:00:00,10.5948,4.8561,604.321,40.4078,1.2086,1.1793,0.0589,0.0779,6.0685,1,0.0684,1.19395,False,True,True,False,7.7254499999999995
TC4_sup_inf,2026-02-04 00:00:00,2026-02-03 00:00:00,2026-02-04 23:00:00,21.9019,9.8103,593.0875,80.6246,1.2943,1.2318,0.0699,0.0813,5.9302,1,0.0756,1.26305,False,True,True,False,15.856100000000001
TC4_sup_inf,2026-02-04 12:00:00,2026-02-03 12:00:00,2026-02-05 11:00:00,0.9173,0.415,594.3134,3.4919,1.261,1.2584,0.0774,0.0963,5.99,1,0.08685,1.2597,False,True,True,False,0.66615
TC4_sup_inf,2026-02-05 12:00:00,2026-02-04 12:00:00,2026-02-06 11:00:00,36.0705,17.0259,628.3016,137.431,0.5403,0.4959,0.0451,0.0491,6.2489,1,0.0471,0.5181,False,True,True,False,26.5482
TC4_sup_inf,2026-02-06 00:00:00,2026-02-05 00:00:00,2026-02-06 23:00:00,-22.1358,-10.3189,606.9756,-89.2186,0.6852,0.7218,0.0623,0.0999,6.1717,1,0.0811,0.7035,False,True,True,False,-16.22735
TC4_sup_inf,2026-02-06 12:00:00,2026-02-05 12:00:00,2026-02-07 11:00:00,41.4695,19.107,614.528,153.4349,0.7356,0.668,0.0484,0.0553,6.0995,1,0.05185,0.7018,False,True,True,False,30.288249999999998
TC4_sup_inf,2026-02-08 00:00:00,2026-02-07 00:00:00,2026-02-08 23:00:00,27.0231,12.2624,601.9902,100.1614,1.3178,1.2388,0.0687,0.082,6.0076,1,0.07535,1.2783,False,True,True,False,19.64275
TC4_sup_inf,2026-02-09 00:00:00,2026-02-08 00:00:00,2026-02-09 23:00:00,27.8147,12.6256,602.3587,103.0347,1.2405,1.164,0.0685,0.0889,6.0095,1,0.0787,1.2022499999999998,False,True,True,False,20.22015
TC4_sup_inf,2026-02-10 12:00:00,2026-02-09 12:00:00,2026-02-11 11:00:00,26.3918,12.0147,603.7953,98.1984,1.3302,1.252,0.0758,0.0928,6.0271,1,0.0843,1.2911000000000001,False,True,True,False,19.20325
TC4_sup_inf,2026-02-11 12:00:00,2026-02-10 12:00:00,2026-02-12 11:00:00,29.4283,13.3562,602.6395,108.7988,1.3616,1.2729,0.07,0.0824,6.0087,1,0.0762,1.31725,False,True,True,False,21.39225
TC4_sup_inf,2026-02-12 00:00:00,2026-02-11 00:00:00,2026-02-12 23:00:00,48.474,22.0351,607.857,175.669,1.3187,1.18,0.0683,0.0725,6.0175,1,0.07039999999999999,1.24935,False,True,True,False,35.254549999999995
TC4_sup_inf,2026-02-12 12:00:00,2026-02-11 12:00:00,2026-02-13 11:00:00,26.3423,11.9419,601.2518,97.6211,1.3516,1.2726,0.0766,0.0923,6.0018,1,0.08445,1.3121,False,True,True,False,19.1421
TC4_sup_inf,2026-02-13 00:00:00,2026-02-12 00:00:00,2026-02-13 23:00:00,31.7904,14.4193,602.7952,117.1482,1.2902,1.1997,0.0691,0.0825,6.0049,1,0.0758,1.24495,False,True,True,False,23.10485
TC4_sup_inf,2026-02-14 12:00:00,2026-02-13 12:00:00,2026-02-15 11:00:00,32.629,14.7424,600.647,119.6764,1.2699,1.179,0.0612,0.0715,5.9816,1,0.06634999999999999,1.22445,False,True,True,False,23.685699999999997
TC4_sup_inf,2026-02-15 00:00:00,2026-02-14 00:00:00,2026-02-15 23:00:00,19.8876,8.9112,592.8509,73.4004,1.3229,1.2648,0.0669,0.082,5.9324,1,0.07445,1.29385,False,True,True,False,14.3994
TC4_sup_inf,2026-02-16 12:00:00,2026-02-15 12:00:00,2026-02-17 11:00:00,33.9158,15.4251,604.9067,125.0058,1.2206,1.1293,0.0542,0.0681,6.0211,1,0.061149999999999996,1.17495,False,True,True,False,24.67045
TC4_sup_inf,2026-02-18 00:00:00,2026-02-17 00:00:00,2026-02-18 23:00:00,0.5123,0.2321,594.9902,1.9535,1.2739,1.2724,0.0662,0.0931,5.9977,1,0.07965,1.27315,False,True,True,False,0.3722
TC4_sup_inf,2026-02-18 12:00:00,2026-02-17 12:00:00,2026-02-19 11:00:00,25.7606,11.6266,598.469,95.1191,1.2075,1.1388,0.0527,0.0648,5.9753,1,0.05875,1.1731500000000001,False,True,True,False,18.6936
TC4_sup_inf,2026-02-19 00:00:00,2026-02-18 00:00:00,2026-02-19 23:00:00,21.6181,9.7411,596.5729,80.0697,1.3129,1.25,0.0628,0.0775,5.9657,1,0.07014999999999999,1.28145,False,True,True,False,15.679599999999999
TC4_sup_inf,2026-02-19 12:00:00,2026-02-18 12:00:00,2026-02-20 11:00:00,36.2336,16.4701,605.0913,133.1284,1.2714,1.1701,0.0608,0.0744,6.0177,1,0.0676,1.22075,False,True,True,False,26.35185
TC4_sup_inf,2026-02-20 00:00:00,2026-02-19 00:00:00,2026-02-20 23:00:00,28.8829,13.1405,603.9774,107.0991,1.2873,1.2048,0.062,0.0789,6.0232,1,0.07045,1.24605,False,True,True,False,21.011699999999998
TC4_sup_inf,2026-02-20 12:00:00,2026-02-19 12:00:00,2026-02-21 11:00:00,29.1988,13.2974,604.648,108.3353,1.2776,1.1948,0.0623,0.079,6.0292,1,0.07065,1.2362000000000002,False,True,True,False,21.2481
TC4_sup_inf,2026-02-21 00:00:00,2026-02-20 00:00:00,2026-02-21 23:00:00,26.9246,12.0874,595.5508,98.7754,1.2552,1.181,0.0586,0.0771,5.9436,1,0.06785,1.2181000000000002,False,True,True,False,19.506
TC4_sup_inf,2026-02-21 12:00:00,2026-02-20 12:00:00,2026-02-22 11:00:00,27.8785,12.6086,600.1846,102.9001,1.2872,1.2079,0.0552,0.0735,5.9877,1,0.06434999999999999,1.24755,False,True,True,False,20.24355
TC4_sup_inf,2026-02-23 00:00:00,2026-02-22 00:00:00,2026-02-23 23:00:00,50.9121,23.066,606.3658,183.4195,1.2138,1.0806,0.0558,0.0683,5.9973,1,0.06205,1.1472,False,True,True,False,36.98905
TC4_sup_inf,2026-02-24 00:00:00,2026-02-23 00:00:00,2026-02-24 23:00:00,63.6997,29.1249,614.8026,228.166,1.2129,1.0473,0.0506,0.0564,6.0518,1,0.0535,1.1301,False,True,True,False,46.4123
TC4_sup_inf,2026-02-25 00:00:00,2026-02-24 00:00:00,2026-02-25 23:00:00,57.1438,26.2142,615.3756,206.8403,1.1645,1.0203,0.0513,0.0615,6.0723,1,0.0564,1.0924,False,True,True,False,41.679
TC4_sup_inf,2026-02-26 00:00:00,2026-02-25 00:00:00,2026-02-26 23:00:00,63.6714,29.0978,614.4981,227.9692,1.2077,1.043,0.0551,0.0602,6.0489,1,0.05765,1.12535,False,True,True,False,46.3846
TC4_sup_inf,2026-02-26 12:00:00,2026-02-25 12:00:00,2026-02-27 11:00:00,58.0124,26.2902,608.112,207.4009,1.2984,1.1373,0.0642,0.0752,5.9986,1,0.0697,1.2178499999999999,False,True,True,False,42.1513
TC4_sup_inf,2026-02-27 12:00:00,2026-02-26 12:00:00,2026-02-28 11:00:00,63.3121,28.5416,606.0932,223.9173,1.372,1.1882,0.0695,0.077,5.9669,1,0.07325000000000001,1.2801,False,True,True,False,45.92685
TC4_sup_inf,2026-02-28 00:00:00,2026-02-27 00:00:00,2026-02-28 23:00:00,78.2024,35.6325,615.8962,274.7277,1.3649,1.1404,0.0685,0.071,6.03,1,0.06975,1.25265,False,True,True,False,56.91745
TC4_sup_inf,2026-02-28 12:00:00,2026-02-27 12:00:00,2026-03-01 11:00:00,72.671,33.114,614.7069,256.8888,1.3658,1.1559,0.0701,0.0749,6.0307,1,0.0725,1.26085,False,True,True,False,52.8925
TC4_sup_inf,2026-03-01 00:00:00,2026-02-28 00:00:00,2026-03-01 23:00:00,82.2284,37.7285,621.0925,289.4028,1.3783,1.1395,0.0723,0.0734,6.0718,1,0.07285,1.2589000000000001,False,True,True,False,59.978449999999995
TC4_sup_inf,2026-03-03 12:00:00,2026-03-02 12:00:00,2026-03-04 11:00:00,82.4843,37.6333,617.6604,288.7397,1.3851,1.1458,0.0809,0.0792,6.0377,1,0.08005000000000001,1.26545,False,True,True,False,60.058800000000005
TC4_sup_inf,2026-03-04 00:00:00,2026-03-03 00:00:00,2026-03-04 23:00:00,85.6415,38.611,611.0337,295.535,1.4243,1.1723,0.0881,0.0836,5.966,1,0.08585,1.2982999999999998,False,True,True,False,62.12625
TC4_sup_inf,2026-03-04 12:00:00,2026-03-03 12:00:00,2026-03-05 11:00:00,54.8404,24.9065,608.7232,197.1569,0.0,0.0,0.0,0.0,6.0118,1,0.0,0.0,False,False,True,False,39.873450000000005
TC4_sup_inf,2026-03-07 00:00:00,2026-03-06 00:00:00,2026-03-07 23:00:00,99.5,45.5136,623.0068,342.5703,1.4821,1.1782,0.0696,0.076,6.0519,1,0.0728,1.33015,False,True,True,False,72.5068
TC4_sup_inf,2026-03-08 00:00:00,2026-03-07 00:00:00,2026-03-08 23:00:00,71.7933,32.6592,613.4819,253.6432,1.3073,1.1088,0.0641,0.0751,6.0207,1,0.0696,1.20805,False,True,True,False,52.22625
TC4_sup_inf,2026-03-08 12:00:00,2026-03-07 12:00:00,2026-03-09 11:00:00,421.8042,193.483,691.2848,1040.8835,0.0,0.0,0.0,0.0,5.9944,1,0.0,0.0,False,False,True,False,307.6436
TC4_sup_inf,2026-03-09 00:00:00,2026-03-08 00:00:00,2026-03-09 23:00:00,73.7826,33.3546,610.0886,258.6028,1.3744,1.1617,0.067,0.0771,5.983,1,0.07205,1.2680500000000001,False,True,True,False,53.5686
TC4_sup_inf,2026-03-10 00:00:00,2026-03-09 00:00:00,2026-03-10 23:00:00,60.7598,27.3355,604.3045,215.0927,1.185,1.0324,0.0501,0.0609,5.955,1,0.0555,1.1087,False,True,True,False,44.04765
TC4_sup_inf,2026-03-10 12:00:00,2026-03-09 12:00:00,2026-03-11 11:00:00,380.4199,170.6792,668.3,964.1319,0.0,0.0,0.0,0.0,5.8776,1,0.0,0.0,False,False,True,False,275.54955
TC4_sup_inf,2026-03-11 00:00:00,2026-03-10 00:00:00,2026-03-11 23:00:00,43.041,19.1388,593.4175,153.6776,1.1557,1.0494,0.0467,0.0621,5.8865,1,0.054400000000000004,1.10255,False,True,True,False,31.0899
TC4_sup_inf,2026-03-11 12:00:00,2026-03-10 12:00:00,2026-03-12 11:00:00,106.5414,44.8874,575.2517,338.3704,1.3863,1.1056,0.0806,0.0711,5.5736,1,0.07585,1.2459500000000001,False,True,True,False,75.7144
TC4_sup_inf,2026-03-13 00:00:00,2026-03-12 00:00:00,2026-03-13 23:00:00,126.8164,55.0566,596.9753,404.9603,1.491,1.1297,0.1181,0.0855,5.7413,1,0.1018,1.3103500000000001,False,True,True,False,90.9365
TC4_sup_inf,2026-03-14 00:00:00,2026-03-13 00:00:00,2026-03-14 23:00:00,57.8078,26.4059,612.9052,208.2548,1.1361,0.9945,0.0706,0.0886,6.0464,1,0.0796,1.0653000000000001,False,True,True,False,42.10685
TC4_sup_inf,2026-03-15 00:00:00,2026-03-14 00:00:00,2026-03-15 23:00:00,70.6931,31.5053,600.7781,245.375,1.3768,1.1746,0.0798,0.0927,5.8984,1,0.08625,1.2757,False,True,True,False,51.099199999999996
TC4_sup_inf,2026-03-16 00:00:00,2026-03-15 00:00:00,2026-03-16 23:00:00,116.7412,52.0764,611.2508,385.7979,1.4281,1.0983,0.0727,0.0663,5.9003,1,0.0695,1.2631999999999999,False,True,True,False,84.4088
TC4_sup_inf,2026-03-16 12:00:00,2026-03-15 12:00:00,2026-03-17 11:00:00,96.1868,42.902,606.7755,324.9668,1.4449,1.1639,0.0782,0.0792,5.9014,1,0.0787,1.3044,False,True,True,False,69.5444
TC4_sup_inf,2026-03-17 00:00:00,2026-03-16 00:00:00,2026-03-17 23:00:00,113.6637,50.2308,604.9006,373.7851,1.3914,1.0801,0.0699,0.0691,5.8456,1,0.0695,1.23575,False,True,True,False,81.94725
TC4_sup_inf,2026-03-17 12:00:00,2026-03-16 12:00:00,2026-03-18 11:00:00,88.5598,39.4549,604.4411,301.3735,1.435,1.1762,0.0652,0.0718,5.8953,1,0.0685,1.3056,False,True,True,False,64.00735
TC4_sup_inf,2026-03-18 00:00:00,2026-03-17 00:00:00,2026-03-18 23:00:00,142.0278,63.0806,613.9289,455.1459,1.4076,1.0242,0.0671,0.0551,5.8718,1,0.0611,1.2159,False,True,True,False,102.55420000000001
TC4_sup_inf,2026-03-19 12:00:00,2026-03-18 12:00:00,2026-03-20 11:00:00,106.408,46.7966,600.4427,351.1337,1.4296,1.1292,0.088,0.0832,5.8179,1,0.0856,1.2793999999999999,False,True,True,False,76.6023
TC4_sup_inf,2026-03-20 00:00:00,2026-03-19 00:00:00,2026-03-20 23:00:00,108.6131,48.2266,606.6974,360.6136,1.4375,1.1273,0.088,0.0833,5.8738,1,0.08565,1.2824,False,True,True,False,78.41985
TC4_sup_inf,2026-03-20 12:00:00,2026-03-19 12:00:00,2026-03-21 11:00:00,-37.0995,-16.4635,574.4581,-144.5932,0.0,0.0,0.0,0.0,5.8749,1,0.0,0.0,False,False,True,False,-26.7815
TC4_sup_inf,2026-03-21 00:00:00,2026-03-20 00:00:00,2026-03-21 23:00:00,116.6882,51.7134,607.2541,383.4439,1.4409,1.1103,0.0872,0.082,5.8618,1,0.08460000000000001,1.2756,False,True,True,False,84.2008
TC4_sup_inf,2026-03-21 12:00:00,2026-03-20 12:00:00,2026-03-22 11:00:00,138.2428,61.6143,615.2782,446.126,1.4654,1.0741,0.0914,0.0809,5.8928,1,0.08615,1.2697500000000002,False,True,True,False,99.92855
TC4_sup_inf,2026-03-22 00:00:00,2026-03-21 00:00:00,2026-03-22 23:00:00,113.8681,50.9294,612.2564,378.3455,1.4357,1.1106,0.0845,0.0858,5.9162,1,0.08515,1.27315,False,True,True,False,82.39875
TC4_sup_inf,2026-03-22 12:00:00,2026-03-21 12:00:00,2026-03-23 11:00:00,119.6046,53.4448,612.9056,394.6325,1.3546,1.0347,0.0685,0.0676,5.9101,1,0.06805,1.19465,False,True,True,False,86.5247
TC4_sup_inf,2026-03-24 00:00:00,2026-03-23 00:00:00,2026-03-24 23:00:00,60.3594,27.0147,601.0874,212.7367,1.0547,0.9204,0.0795,0.1081,5.9242,1,0.0938,0.9875499999999999,False,True,True,False,43.68705
TC4_sup_inf,2026-03-25 12:00:00,2026-03-24 12:00:00,2026-03-26 11:00:00,123.3122,55.5257,618.4193,407.9505,1.1941,0.9026,0.1037,0.0939,5.9552,1,0.0988,1.04835,False,True,True,False,89.41895
TC4_sup_inf,2026-03-29 00:00:00,2026-03-28 00:00:00,2026-03-29 23:00:00,482.2894,196.2209,623.2985,1049.5193,1.9073,0.7093,0.083,0.0529,5.2951,1,0.06795000000000001,1.3083,False,True,True,False,339.25515
TC4_sup_inf,2026-03-29 12:00:00,2026-03-28 12:00:00,2026-03-30 11:00:00,414.8783,165.4141,599.7074,945.1221,1.9445,0.8446,0.0737,0.0608,5.2126,1,0.06725,1.39455,False,True,True,False,290.1462
TC4_sup_inf,2026-03-30 12:00:00,2026-03-29 12:00:00,2026-03-31 11:00:00,315.3432,120.188,556.973,759.2699,1.9556,1.067,0.0841,0.1071,5.0097,1,0.09559999999999999,1.5112999999999999,False,True,True,False,217.7656
TC4_sup_inf,2026-03-31 00:00:00,2026-03-30 00:00:00,2026-03-31 23:00:00,408.1188,158.9729,584.7931,921.1687,1.9805,0.8886,0.0836,0.0812,5.0947,1,0.0824,1.43455,False,True,True,False,283.54585000000003
TC4_sup_inf,2026-04-01 12:00:00,2026-03-31 12:00:00,2026-04-02 11:00:00,326.947,126.111,565.6413,786.0873,1.9179,1.0156,0.069,0.0808,5.0672,1,0.0749,1.46675,False,True,True,False,226.529
TC4_sup_inf,2026-04-02 00:00:00,2026-04-01 00:00:00,2026-04-02 23:00:00,267.1567,102.6552,553.3031,675.0274,1.8784,1.1195,0.0674,0.0932,5.0611,1,0.08030000000000001,1.49895,False,True,True,False,184.90595
TC4_sup_inf,2026-04-03 12:00:00,2026-04-02 12:00:00,2026-04-04 11:00:00,352.6226,143.0036,599.2331,858.3168,1.9351,0.9411,0.1322,0.0927,5.3207,1,0.11245000000000001,1.4381,False,True,True,False,247.8131
TC4_sup_inf,2026-04-04 00:00:00,2026-04-03 00:00:00,2026-04-04 23:00:00,113.5328,47.663,574.6136,356.8855,1.3381,1.0523,0.1006,0.1146,5.5532,1,0.1076,1.1952,False,True,True,False,80.5979
TC4_sup_inf,2026-04-04 12:00:00,2026-04-03 12:00:00,2026-04-05 11:00:00,219.8858,93.5746,603.6645,628.3802,1.4573,0.9092,0.1018,0.0957,5.6146,1,0.09875,1.1832500000000001,False,True,True,False,156.7302
TC4_sup_inf,2026-04-05 00:00:00,2026-04-04 00:00:00,2026-04-05 23:00:00,215.3743,91.4762,601.6108,617.2938,1.4557,0.9179,0.1014,0.0973,5.6045,1,0.09935,1.1868,False,True,True,False,153.42525
TC4_sup_inf,2026-04-05 12:00:00,2026-04-04 12:00:00,2026-04-06 11:00:00,224.4107,95.435,604.1327,638.1117,1.4693,0.9082,0.1031,0.0944,5.6099,1,0.09875,1.18875,False,True,True,False,159.92284999999998
TC4_sup_inf,2026-04-06 00:00:00,2026-04-05 00:00:00,2026-04-06 23:00:00,211.6746,89.7993,600.184,608.3494,1.4938,0.9499,0.1069,0.1016,5.5985,1,0.10425,1.2218499999999999,False,True,True,False,150.73695
TC4_sup_inf,2026-04-06 12:00:00,2026-04-05 12:00:00,2026-04-07 11:00:00,222.1281,94.286,602.5494,632.1123,1.4956,0.9298,0.1085,0.1001,5.5998,1,0.1043,1.2127,False,True,True,False,158.20704999999998
TC4_sup_inf,2026-04-07 00:00:00,2026-04-06 00:00:00,2026-04-07 23:00:00,209.6368,88.8578,599.267,603.2942,1.479,0.945,0.1054,0.1033,5.594,1,0.10435,1.212,False,True,True,False,149.2473
TC4_sup_inf,2026-04-07 12:00:00,2026-04-06 12:00:00,2026-04-08 11:00:00,227.4277,96.1929,601.4358,642.0504,1.4656,0.9024,0.0969,0.0887,5.5789,1,0.0928,1.184,False,True,True,False,161.81029999999998
TC4_sup_inf,2026-04-08 00:00:00,2026-04-07 00:00:00,2026-04-08 23:00:00,198.58,84.3052,598.0569,578.509,1.4719,0.9623,0.0982,0.0975,5.6048,1,0.09784999999999999,1.2171,False,True,True,False,141.4426
TC4_sup_inf,2026-04-10 00:00:00,2026-04-09 00:00:00,2026-04-10 23:00:00,177.5332,76.0687,599.4161,532.1969,1.4192,0.9672,0.0883,0.0871,5.66,1,0.0877,1.1932,False,True,True,False,126.80095
TC4_sup_inf,2026-04-11 12:00:00,2026-04-10 12:00:00,2026-04-12 11:00:00,211.7749,91.045,608.241,615.0009,1.4563,0.9203,0.1015,0.0921,5.6735,1,0.0968,1.1883,False,True,True,False,151.40995
TC4_sup_inf,2026-04-12 00:00:00,2026-04-11 00:00:00,2026-04-12 23:00:00,193.3095,82.62,601.0399,569.1892,1.5151,0.999,0.1075,0.1043,5.6434,1,0.1059,1.25705,False,True,True,False,137.96475
TC4_sup_inf,2026-04-13 12:00:00,2026-04-12 12:00:00,2026-04-14 11:00:00,204.9019,87.4864,602.7214,595.8879,1.4505,0.9332,0.0895,0.082,5.6358,1,0.08574999999999999,1.19185,False,True,True,False,146.19415
TC4_sup_inf,2026-04-15 12:00:00,2026-04-14 12:00:00,2026-04-16 11:00:00,247.9438,105.8633,611.112,691.0037,1.4371,0.8428,0.0725,0.0629,5.6277,1,0.0677,1.13995,False,True,True,False,176.90355
TC4_sup_inf,2026-04-16 00:00:00,2026-04-15 00:00:00,2026-04-16 23:00:00,177.4472,74.5267,587.5329,523.3107,1.5036,1.0327,0.0791,0.0879,5.548,1,0.0835,1.2681499999999999,False,True,True,False,125.98695000000001
TC4_sup_inf,2026-04-17 12:00:00,2026-04-16 12:00:00,2026-04-18 11:00:00,214.0331,91.1311,602.8345,615.4591,1.5211,0.9608,0.0837,0.0844,5.6186,1,0.08405,1.24095,False,True,True,False,152.5821
TC4_sup_inf,2026-04-19 00:00:00,2026-04-18 00:00:00,2026-04-19 23:00:00,253.4829,108.1783,611.8983,702.3728,1.5887,0.9209,0.0825,0.0689,5.624,1,0.0757,1.2548,False,True,True,False,180.8306
TC4_sup_inf,2026-04-19 12:00:00,2026-04-18 12:00:00,2026-04-20 11:00:00,218.9201,93.402,605.0202,627.4728,1.6006,0.9995,0.0882,0.0869,5.6291,1,0.08755,1.3000500000000001,False,True,True,False,156.16105
TC4_sup_inf,2026-04-20 00:00:00,2026-04-19 00:00:00,2026-04-20 23:00:00,233.7777,101.4221,618.1622,668.8175,1.5198,0.9115,0.0836,0.0757,5.7212,1,0.07965,1.2156500000000001,False,True,True,False,167.5999
TC4_sup_inf,2026-04-22 12:00:00,2026-04-21 12:00:00,2026-04-23 11:00:00,256.4176,108.6272,607.9662,704.5621,1.3916,0.8048,0.0847,0.0685,5.5821,1,0.0766,1.0981999999999998,False,True,True,False,182.5224
TC4_sup_inf,2026-04-23 00:00:00,2026-04-22 00:00:00,2026-04-23 23:00:00,248.8934,106.2841,611.3833,693.0798,1.4609,0.8549,0.0891,0.0767,5.6284,1,0.0829,1.1579000000000002,False,True,True,False,177.58875
TC4_sup_inf,2026-04-24 00:00:00,2026-04-23 00:00:00,2026-04-24 23:00:00,256.2907,109.0868,610.8163,706.7983,1.4909,0.8602,0.0868,0.068,5.6085,1,0.0774,1.1755499999999999,False,True,True,False,182.68875
TC4_sup_inf,2026-04-25 12:00:00,2026-04-24 12:00:00,2026-04-26 11:00:00,266.6227,113.656,613.7212,728.7514,1.5849,0.8937,0.1022,0.0789,5.6148,1,0.09054999999999999,1.2393,False,True,True,False,190.13935
TC4_sup_inf,2026-04-26 12:00:00,2026-04-25 12:00:00,2026-04-27 11:00:00,244.6267,103.4995,604.9326,679.2571,1.6972,1.0073,0.1072,0.0929,5.5774,1,0.10005,1.3522500000000002,False,True,True,False,174.0631
TC4_sup_inf,2026-04-27 00:00:00,2026-04-26 00:00:00,2026-04-27 23:00:00,255.8758,109.0358,611.4409,706.5503,1.5942,0.9201,0.0947,0.0771,5.6151,1,0.0859,1.25715,False,True,True,False,182.4558
TC4_sup_inf,2026-04-28 12:00:00,2026-04-27 12:00:00,2026-04-29 11:00:00,245.695,104.8554,610.3993,686.0121,1.5509,0.9141,0.0899,0.0768,5.6256,1,0.08335,1.2325,False,True,True,False,175.27519999999998
TC4_sup_inf,2026-04-29 00:00:00,2026-04-28 00:00:00,2026-04-29 23:00:00,258.2175,109.7076,610.0774,709.8106,1.4437,0.8304,0.0801,0.063,5.5979,1,0.07155,1.13705,False,True,True,False,183.96255
TC4_sup_inf,2026-04-30 12:00:00,2026-04-29 12:00:00,2026-05-01 11:00:00,223.4135,94.4404,600.3123,632.9205,1.4934,0.9277,0.0794,0.0764,5.5764,1,0.0779,1.21055,False,True,True,False,158.92695
TC4_sup_inf,2026-05-02 12:00:00,2026-05-01 12:00:00,2026-05-03 11:00:00,263.4105,110.3195,602.3648,712.7709,1.2388,0.7104,0.0966,0.0742,5.5171,1,0.0854,0.9745999999999999,False,True,True,False,186.865
TC4_sup_inf,2026-05-03 12:00:00,2026-05-02 12:00:00,2026-05-04 11:00:00,283.1769,119.5014,610.6878,756.1088,1.1633,0.6369,0.0668,0.0486,5.5547,1,0.0577,0.9001,False,True,True,False,201.33915
TC4_sup_inf,2026-05-04 12:00:00,2026-05-03 12:00:00,2026-05-05 11:00:00,235.3185,99.8843,605.1009,661.019,1.3379,0.8086,0.0829,0.0721,5.5973,1,0.0775,1.07325,False,True,True,False,167.6014
TC4_sup_inf,2026-05-06 00:00:00,2026-05-05 00:00:00,2026-05-06 23:00:00,239.3394,100.782,601.0519,665.579,1.4743,0.887,0.0984,0.0852,5.5519,1,0.09179999999999999,1.18065,False,True,True,False,170.0607
TC4_sup_inf,2026-05-06 12:00:00,2026-05-05 12:00:00,2026-05-07 11:00:00,237.7889,100.5484,603.2705,664.394,1.4789,0.8908,0.0929,0.0837,5.5755,1,0.08829999999999999,1.18485,False,True,True,False,169.16865
TC4_sup_inf,2026-05-07 00:00:00,2026-05-06 00:00:00,2026-05-07 23:00:00,280.9529,118.3628,609.2396,750.8432,1.3449,0.7405,0.0809,0.0575,5.5459,1,0.0692,1.0427,False,True,True,False,199.65785
TC4_sup_inf,2026-05-07 12:00:00,2026-05-06 12:00:00,2026-05-08 11:00:00,207.2586,87.6615,597.5196,596.8362,1.4036,0.9022,0.0989,0.0979,5.5825,1,0.0984,1.1529,False,True,True,False,147.46005
TC4_sup_inf,2026-05-08 00:00:00,2026-05-07 00:00:00,2026-05-08 23:00:00,269.8313,114.2139,610.0097,731.3976,1.3429,0.7551,0.0896,0.0744,5.5745,1,0.08199999999999999,1.049,False,True,True,False,192.0226
TC4_sup_inf,2026-05-08 12:00:00,2026-05-07 12:00:00,2026-05-09 11:00:00,232.9086,98.4632,602.1997,653.7581,1.3818,0.8411,0.0923,0.0845,5.5752,1,0.0884,1.11145,False,True,True,False,165.6859
TC4_sup_inf,2026-05-09 00:00:00,2026-05-08 00:00:00,2026-05-09 23:00:00,247.8506,104.8232,605.317,685.8519,1.3918,0.8205,0.094,0.0801,5.5746,1,0.08705,1.10615,False,True,True,False,176.33689999999999
TC4_sup_inf,2026-05-09 12:00:00,2026-05-08 12:00:00,2026-05-10 11:00:00,239.9828,101.1957,602.0238,667.673,1.3788,0.8278,0.0908,0.0813,5.5596,1,0.08605,1.1033,False,True,True,False,170.58925
TC4_sup_inf,2026-05-10 00:00:00,2026-05-09 00:00:00,2026-05-10 23:00:00,235.8204,99.8268,603.5616,660.7259,1.327,0.8023,0.086,0.0773,5.5821,1,0.08165,1.0646499999999999,False,True,True,False,167.8236
TC4_sup_int,2026-01-02 00:00:00,2026-01-01 00:00:00,2026-01-02 23:00:00,1.5465,2.8658,1218.1687,12.0261,1.3022,1.2929,0.0948,0.1124,6.1338,1,0.1036,1.29755,False,True,True,False,2.20615
TC4_sup_int,2026-01-02 12:00:00,2026-01-01 12:00:00,2026-01-03 11:00:00,-9.6357,-18.0286,1219.4492,-77.6812,1.4951,1.5646,0.0913,0.1178,6.1929,1,0.10455,1.5298500000000002,False,True,True,False,-13.83215
TC4_sup_int,2026-01-03 00:00:00,2026-01-02 00:00:00,2026-01-03 23:00:00,-14.8314,-27.7013,1212.4242,-120.8368,1.4142,1.5165,0.081,0.1097,6.1818,1,0.09535,1.46535,False,True,True,False,-21.26635
TC4_sup_int,2026-01-04 00:00:00,2026-01-03 00:00:00,2026-01-04 23:00:00,-17.4847,-32.0972,1189.1718,-140.7998,1.423,1.5429,0.0747,0.1061,6.0757,1,0.09040000000000001,1.48295,False,True,True,False,-24.790950000000002
TC4_sup_int,2026-01-04 12:00:00,2026-01-03 12:00:00,2026-01-05 11:00:00,-18.3621,-34.1192,1202.8599,-150.0569,1.4695,1.6015,0.0714,0.105,6.1498,1,0.0882,1.5354999999999999,False,True,True,False,-26.240650000000002
TC4_sup_int,2026-01-05 00:00:00,2026-01-04 00:00:00,2026-01-05 23:00:00,-10.0291,-18.5581,1205.6572,-80.0163,1.5538,1.6282,0.0847,0.1138,6.1247,1,0.09925,1.5910000000000002,False,True,True,False,-14.2936
TC4_sup_int,2026-01-08 00:00:00,2026-01-07 00:00:00,2026-01-08 23:00:00,-9.5245,-17.8395,1220.8531,-76.8479,1.2291,1.2857,0.0599,0.082,6.1995,1,0.07095,1.2574,False,True,True,False,-13.682
TC4_sup_int,2026-01-09 00:00:00,2026-01-08 00:00:00,2026-01-09 23:00:00,-9.0465,-16.8852,1217.0542,-72.649,1.3119,1.369,0.0597,0.0774,6.1779,1,0.06855,1.3404500000000001,False,True,True,False,-12.96585
TC4_sup_int,2026-01-10 00:00:00,2026-01-09 00:00:00,2026-01-10 23:00:00,-14.6805,-27.5271,1217.3266,-120.0504,1.2788,1.3707,0.061,0.0844,6.2061,1,0.0727,1.3247499999999999,False,True,True,False,-21.1038
TC4_sup_int,2026-01-10 12:00:00,2026-01-09 12:00:00,2026-01-11 11:00:00,-18.3987,-34.2173,1203.883,-150.5073,1.2667,1.3808,0.0639,0.0886,6.1552,1,0.07625,1.32375,False,True,True,False,-26.308
TC4_sup_int,2026-01-11 00:00:00,2026-01-10 00:00:00,2026-01-11 23:00:00,-17.9534,-33.4054,1204.8857,-146.7835,1.3029,1.4174,0.067,0.0925,6.1582,1,0.07975,1.36015,False,True,True,False,-25.6794
TC4_sup_int,2026-01-12 00:00:00,2026-01-11 00:00:00,2026-01-12 23:00:00,-13.3989,-24.8366,1204.5941,-107.9457,1.3267,1.4124,0.0698,0.0933,6.1351,1,0.08155,1.36955,False,True,True,False,-19.11775
TC4_sup_int,2026-01-13 00:00:00,2026-01-12 00:00:00,2026-01-13 23:00:00,-18.0537,-33.6188,1205.7534,-147.7619,1.2269,1.3354,0.0585,0.0835,6.1631,1,0.07100000000000001,1.28115,False,True,True,False,-25.83625
TC4_sup_int,2026-01-14 00:00:00,2026-01-13 00:00:00,2026-01-14 23:00:00,-29.0371,-53.9917,1193.5759,-243.5915,1.0838,1.2418,0.0486,0.0772,6.1531,1,0.0629,1.1628,False,True,True,False,-41.5144
TC4_sup_int,2026-01-14 12:00:00,2026-01-13 12:00:00,2026-01-15 11:00:00,-31.5924,-58.9868,1196.0889,-267.8484,1.0281,1.1929,0.0451,0.0755,6.1783,1,0.0603,1.1105,False,True,True,False,-45.2896
TC4_sup_int,2026-01-15 00:00:00,2026-01-14 00:00:00,2026-01-15 23:00:00,-28.032,-52.3628,1200.0308,-235.7473,1.0389,1.1855,0.0457,0.0737,6.1815,1,0.0597,1.1122,False,True,True,False,-40.1974
TC4_sup_int,2026-01-16 00:00:00,2026-01-15 00:00:00,2026-01-16 23:00:00,-16.7921,-31.2183,1204.9642,-136.7907,1.1401,1.2334,0.0528,0.0773,6.1531,1,0.06505,1.18675,False,True,True,False,-24.005200000000002
TC4_sup_int,2026-01-17 00:00:00,2026-01-16 00:00:00,2026-01-17 23:00:00,-18.1862,-34.1296,1215.0242,-150.1045,1.1534,1.257,0.0494,0.0736,6.2111,1,0.0615,1.2052,False,True,True,False,-26.1579
TC4_sup_int,2026-01-17 12:00:00,2026-01-16 12:00:00,2026-01-18 11:00:00,-19.1887,-36.1461,1218.6328,-159.3839,1.1436,1.2527,0.051,0.0765,6.2344,1,0.06375,1.19815,False,True,True,False,-27.6674
TC4_sup_int,2026-01-18 00:00:00,2026-01-17 00:00:00,2026-01-18 23:00:00,-18.4581,-34.5449,1211.443,-152.0119,1.1482,1.2527,0.0499,0.0753,6.1941,1,0.0626,1.20045,False,True,True,False,-26.5015
TC4_sup_int,2026-01-19 00:00:00,2026-01-18 00:00:00,2026-01-19 23:00:00,-18.3978,-34.8494,1226.1802,-153.4115,1.1552,1.2613,0.0463,0.0706,6.2692,1,0.05845,1.20825,False,True,True,False,-26.623600000000003
TC4_sup_int,2026-01-20 00:00:00,2026-01-19 00:00:00,2026-01-20 23:00:00,-23.9297,-44.765,1205.6962,-199.5811,1.2384,1.3863,0.0507,0.0823,6.1909,1,0.0665,1.31235,False,True,True,False,-34.34735
TC4_sup_int,2026-01-21 00:00:00,2026-01-20 00:00:00,2026-01-21 23:00:00,-4.7192,-8.8316,1224.3245,-37.6122,1.2893,1.3183,0.0554,0.0746,6.1943,1,0.065,1.3037999999999998,False,True,True,False,-6.775399999999999
TC4_sup_int,2026-01-21 12:00:00,2026-01-20 12:00:00,2026-01-22 11:00:00,252.3825,239.0714,729.9036,756.2671,0.0,0.0,-0.0,0.0,3.077,1,0.0,0.0,False,False,True,False,245.72695
TC4_sup_int,2026-01-22 00:00:00,2026-01-21 00:00:00,2026-01-22 23:00:00,-0.9148,-1.7337,1243.5309,-7.3176,1.2766,1.2822,0.0583,0.0748,6.2732,1,0.06655,1.2793999999999999,False,True,True,False,-1.32425
TC4_sup_int,2026-01-23 00:00:00,2026-01-22 00:00:00,2026-01-23 23:00:00,-18.1971,-34.3452,1221.962,-151.0947,1.2483,1.3612,0.057,0.0861,6.2467,1,0.07155,1.3047499999999999,False,True,True,False,-26.27115
TC4_sup_int,2026-01-23 12:00:00,2026-01-22 12:00:00,2026-01-24 11:00:00,-15.3804,-28.8329,1216.382,-125.9546,1.252,1.3464,0.053,0.0786,6.2046,1,0.0658,1.2992,False,True,True,False,-22.10665
TC4_sup_int,2026-01-24 00:00:00,2026-01-23 00:00:00,2026-01-24 23:00:00,-15.9914,-30.1563,1223.0197,-131.9586,1.288,1.3898,0.0575,0.0842,6.2414,1,0.07085,1.3389,False,True,True,False,-23.07385
TC4_sup_int,2026-01-25 00:00:00,2026-01-24 00:00:00,2026-01-25 23:00:00,-6.0348,-11.3352,1227.6047,-48.4281,1.3602,1.3996,0.07,0.0915,6.2171,1,0.08075,1.3799000000000001,False,True,True,False,-8.685
TC4_sup_int,2026-01-26 00:00:00,2026-01-25 00:00:00,2026-01-26 23:00:00,-3.9051,-7.3476,1231.7196,-31.2336,1.4056,1.4318,0.0709,0.091,6.2278,1,0.08095,1.4186999999999999,False,True,True,False,-5.62635
TC4_sup_int,2026-01-27 00:00:00,2026-01-26 00:00:00,2026-01-27 23:00:00,0.9345,1.7589,1236.6853,7.3916,1.4081,1.4019,0.0659,0.0785,6.2299,1,0.0722,1.4049999999999998,False,True,True,False,1.3467
TC4_sup_int,2026-01-27 12:00:00,2026-01-26 12:00:00,2026-01-28 11:00:00,-1.0106,-1.9045,1236.4233,-8.0402,1.4136,1.4204,0.0704,0.0856,6.2378,1,0.078,1.417,False,True,True,False,-1.45755
TC4_sup_int,2026-01-28 00:00:00,2026-01-27 00:00:00,2026-01-28 23:00:00,0.1569,0.2966,1241.6808,1.2487,1.3552,1.3542,0.0657,0.0791,6.2588,1,0.07239999999999999,1.3547,False,True,True,False,0.22675
TC4_sup_int,2026-01-28 12:00:00,2026-01-27 12:00:00,2026-01-29 11:00:00,-2.5544,-4.8093,1233.8072,-20.3782,1.33,1.3462,0.0648,0.0784,6.2319,1,0.0716,1.3381,False,True,True,False,-3.68185
TC4_sup_int,2026-01-29 00:00:00,2026-01-28 00:00:00,2026-01-29 23:00:00,-5.83,-10.9419,1226.8271,-46.7245,1.3273,1.3644,0.0655,0.0814,6.2122,1,0.07345,1.34585,False,True,True,False,-8.385950000000001
TC4_sup_int,2026-01-30 00:00:00,2026-01-29 00:00:00,2026-01-30 23:00:00,5.7562,10.9187,1250.9073,45.3582,1.3798,1.3423,0.0767,0.0848,6.2785,1,0.08075,1.36105,False,True,True,False,8.33745
TC4_sup_int,2026-01-31 00:00:00,2026-01-30 00:00:00,2026-01-31 23:00:00,3.9394,7.4433,1244.3001,31.0561,1.3833,1.3576,0.0857,0.0961,6.2539,1,0.09090000000000001,1.37045,False,True,True,False,5.69135
TC4_sup_int,2026-02-01 00:00:00,2026-01-31 00:00:00,2026-02-01 23:00:00,15.6678,29.4734,1249.7932,119.632,1.5162,1.4076,0.0959,0.0957,6.2261,1,0.0958,1.4619,False,True,True,False,22.5706
TC4_sup_int,2026-02-02 12:00:00,2026-02-01 12:00:00,2026-02-03 11:00:00,16.1318,30.6046,1260.87,124.0487,1.4098,1.3052,0.082,0.0879,6.2791,1,0.08495,1.3575,False,True,True,False,23.3682
TC4_sup_int,2026-02-03 00:00:00,2026-02-02 00:00:00,2026-02-03 23:00:00,-11.6049,-21.7461,1219.4504,-94.1426,1.2086,1.2766,0.0589,0.0815,6.2022,1,0.0702,1.2426,False,True,True,False,-16.6755
TC4_sup_int,2026-02-03 12:00:00,2026-02-02 12:00:00,2026-02-04 11:00:00,-11.1409,-20.6019,1203.8381,-89.0599,1.2434,1.3097,0.0618,0.081,6.1207,1,0.0714,1.27655,False,True,True,False,-15.871400000000001
TC4_sup_int,2026-02-04 00:00:00,2026-02-03 00:00:00,2026-02-04 23:00:00,-6.5139,-11.9209,1195.6388,-50.9681,1.2943,1.3338,0.0699,0.0858,6.0574,1,0.07785,1.31405,False,True,True,False,-9.2174
TC4_sup_int,2026-02-04 12:00:00,2026-02-03 12:00:00,2026-02-05 11:00:00,-11.5819,-21.4037,1202.6515,-92.6199,1.261,1.3309,0.0774,0.097,6.1167,1,0.0872,1.29595,False,True,True,False,-16.4928
TC4_sup_int,2026-02-07 00:00:00,2026-02-06 00:00:00,2026-02-07 23:00:00,9.7301,17.8275,1211.8919,73.4205,1.3284,1.27,0.1082,0.1264,6.0644,1,0.11730000000000002,1.2992,False,True,True,False,13.7788
TC4_sup_int,2026-02-08 00:00:00,2026-02-07 00:00:00,2026-02-08 23:00:00,-9.6309,-17.8658,1209.0511,-76.964,1.3178,1.3785,0.0687,0.0906,6.14,1,0.07965,1.34815,False,True,True,False,-13.74835
TC4_sup_int,2026-02-09 00:00:00,2026-02-08 00:00:00,2026-02-09 23:00:00,-10.4402,-19.3651,1208.1714,-83.5817,1.2405,1.3025,0.0685,0.0957,6.1394,1,0.0821,1.2715,False,True,True,False,-14.902650000000001
TC4_sup_int,2026-02-10 00:00:00,2026-02-09 00:00:00,2026-02-10 23:00:00,4.278,7.9652,1226.4849,33.2119,1.2944,1.2686,0.0647,0.0753,6.1628,1,0.07,1.2814999999999999,False,True,True,False,6.1216
TC4_sup_int,2026-02-10 12:00:00,2026-02-09 12:00:00,2026-02-11 11:00:00,-1.8057,-3.3628,1221.122,-14.223,1.3302,1.3415,0.0758,0.0943,6.1643,1,0.08505,1.33585,False,True,True,False,-2.58425
TC4_sup_int,2026-02-11 00:00:00,2026-02-10 00:00:00,2026-02-11 23:00:00,4.7294,8.8396,1231.6342,36.8174,1.2985,1.2698,0.0704,0.0839,6.1866,1,0.07715,1.28415,False,True,True,False,6.7845
TC4_sup_int,2026-02-11 12:00:00,2026-02-10 12:00:00,2026-02-12 11:00:00,0.6285,1.1672,1219.9753,4.9086,1.3616,1.3576,0.07,0.0832,6.1471,1,0.0766,1.3596,False,True,True,False,0.89785
TC4_sup_int,2026-02-12 00:00:00,2026-02-11 00:00:00,2026-02-12 23:00:00,4.6204,8.5845,1224.203,35.7664,1.3187,1.2905,0.0683,0.0774,6.1498,1,0.07285,1.3046,False,True,True,False,6.60245
TC4_sup_int,2026-02-13 00:00:00,2026-02-12 00:00:00,2026-02-13 23:00:00,-2.8494,-5.2828,1214.6586,-22.3978,1.2902,1.3075,0.0691,0.086,6.1366,1,0.07755,1.29885,False,True,True,False,-4.0661000000000005
TC4_sup_int,2026-02-13 12:00:00,2026-02-12 12:00:00,2026-02-14 11:00:00,-8.1724,-15.0616,1202.5316,-64.653,1.2909,1.3408,0.0697,0.0876,6.1001,1,0.07865,1.31585,False,True,True,False,-11.617
TC4_sup_int,2026-02-14 00:00:00,2026-02-13 00:00:00,2026-02-14 23:00:00,-8.9146,-16.5542,1210.9756,-71.195,1.2717,1.3259,0.0653,0.0841,6.1464,1,0.07469999999999999,1.2988,False,True,True,False,-12.7344
TC4_sup_int,2026-02-14 12:00:00,2026-02-13 12:00:00,2026-02-15 11:00:00,-3.4703,-6.4202,1211.4968,-27.2592,1.2699,1.2906,0.0612,0.0754,6.1235,1,0.0683,1.28025,False,True,True,False,-4.94525
TC4_sup_int,2026-02-15 00:00:00,2026-02-14 00:00:00,2026-02-15 23:00:00,-6.6634,-12.2364,1199.5998,-52.3379,1.3229,1.3643,0.0669,0.0846,6.0782,1,0.07575,1.3436,False,True,True,False,-9.4499
TC4_sup_int,2026-02-15 12:00:00,2026-02-14 12:00:00,2026-02-16 11:00:00,3.4372,6.3752,1221.0015,26.6355,1.2963,1.2756,0.0658,0.0808,6.1392,1,0.0733,1.2859500000000001,False,True,True,False,4.9062
TC4_sup_int,2026-02-16 00:00:00,2026-02-15 00:00:00,2026-02-16 23:00:00,-2.6403,-4.9168,1220.2342,-20.8364,1.2403,1.2558,0.0593,0.0779,6.1638,1,0.0686,1.24805,False,True,True,False,-3.77855
TC4_sup_int,2026-02-16 12:00:00,2026-02-15 12:00:00,2026-02-17 11:00:00,-3.7879,-7.05,1218.5199,-29.9574,1.2206,1.2425,0.0542,0.0717,6.1605,1,0.06295,1.23155,False,True,True,False,-5.41895
TC4_sup_int,2026-02-18 00:00:00,2026-02-17 00:00:00,2026-02-18 23:00:00,-17.2013,-31.9581,1203.795,-140.1647,1.2739,1.3808,0.0662,0.0936,6.1491,1,0.0799,1.32735,False,True,True,False,-24.579700000000003
TC4_sup_int,2026-02-19 00:00:00,2026-02-18 00:00:00,2026-02-19 23:00:00,-9.111,-16.8638,1206.8402,-72.5549,1.3129,1.37,0.0628,0.081,6.1264,1,0.07189999999999999,1.34145,False,True,True,False,-12.987400000000001
TC4_sup_int,2026-02-19 12:00:00,2026-02-18 12:00:00,2026-02-20 11:00:00,-6.9164,-12.8869,1216.9294,-55.1657,1.2714,1.3134,0.0608,0.0801,6.1672,1,0.07045,1.2924,False,True,True,False,-9.90165
TC4_sup_int,2026-02-20 00:00:00,2026-02-19 00:00:00,2026-02-20 23:00:00,-8.6206,-16.075,1216.2922,-69.0918,1.2873,1.3405,0.062,0.0832,6.172,1,0.0726,1.3139,False,True,True,False,-12.3478
TC4_sup_int,2026-02-20 12:00:00,2026-02-19 12:00:00,2026-02-21 11:00:00,-7.795,-14.5499,1218.2852,-62.4162,1.2776,1.3253,0.0623,0.0829,6.1782,1,0.0726,1.30145,False,True,True,False,-11.17245
TC4_sup_int,2026-02-21 00:00:00,2026-02-20 00:00:00,2026-02-21 23:00:00,-10.1715,-18.7367,1200.087,-80.8048,1.2552,1.3159,0.0586,0.0813,6.097,1,0.06995,1.2855500000000002,False,True,True,False,-14.4541
TC4_sup_int,2026-02-21 12:00:00,2026-02-20 12:00:00,2026-02-22 11:00:00,-6.0587,-11.2377,1212.2243,-48.0055,1.2872,1.3242,0.0552,0.0752,6.1393,1,0.06520000000000001,1.3056999999999999,False,True,True,False,-8.6482
TC4_sup_int,2026-02-22 00:00:00,2026-02-21 00:00:00,2026-02-22 23:00:00,-1.8567,-3.4385,1214.2286,-14.5446,1.2078,1.2183,0.051,0.0656,6.1298,1,0.058300000000000005,1.21305,False,True,True,False,-2.6475999999999997
TC4_sup_int,2026-02-22 12:00:00,2026-02-21 12:00:00,2026-02-23 11:00:00,-121.707,-227.5411,1108.4996,-1294.1553,0.0,0.0,0.0,0.0,6.1616,1,0.0,0.0,False,False,True,False,-174.62405
TC4_sup_int,2026-02-23 00:00:00,2026-02-22 00:00:00,2026-02-23 23:00:00,-1.5657,-2.9101,1218.9384,-12.3014,1.2138,1.2227,0.0558,0.0734,6.1522,1,0.0646,1.2182499999999998,False,True,True,False,-2.2379
TC4_sup_int,2026-02-24 00:00:00,2026-02-23 00:00:00,2026-02-24 23:00:00,2.2183,4.1596,1233.256,17.427,1.2129,1.2003,0.0506,0.0634,6.2065,1,0.056999999999999995,1.2066,False,True,True,False,3.18895
TC4_sup_int,2026-02-24 12:00:00,2026-02-23 12:00:00,2026-02-25 11:00:00,-2.0125,-3.7776,1230.5691,-15.986,1.2525,1.2645,0.0595,0.0784,6.213,1,0.06895,1.2585,False,True,True,False,-2.8950500000000003
TC4_sup_int,2026-02-25 00:00:00,2026-02-24 00:00:00,2026-02-25 23:00:00,1.19,2.2387,1236.3603,9.4022,1.1645,1.1579,0.0513,0.0669,6.227,1,0.0591,1.1612,False,True,True,False,1.71435
TC4_sup_int,2026-02-25 12:00:00,2026-02-24 12:00:00,2026-02-26 11:00:00,88.0299,164.582,1307.105,567.3606,0.0,0.0,0.0,0.0,6.1745,1,0.0,0.0,False,False,True,False,126.30595
TC4_sup_int,2026-02-26 00:00:00,2026-02-25 00:00:00,2026-02-26 23:00:00,5.6727,10.6326,1235.9912,44.1859,1.2077,1.1758,0.0551,0.0659,6.204,1,0.0605,1.1917499999999999,False,True,True,False,8.15265
TC4_sup_int,2026-02-26 12:00:00,2026-02-25 12:00:00,2026-02-27 11:00:00,5.8449,10.8788,1227.5131,45.195,1.2984,1.2633,0.0642,0.0791,6.1607,1,0.07164999999999999,1.28085,False,True,True,False,8.36185
TC4_sup_int,2026-02-27 00:00:00,2026-02-26 00:00:00,2026-02-27 23:00:00,5.938,11.0783,1230.5002,46.0122,1.3434,1.3064,0.0676,0.0828,6.1752,1,0.07519999999999999,1.3249,False,True,True,False,8.50815
TC4_sup_int,2026-02-27 12:00:00,2026-02-26 12:00:00,2026-02-28 11:00:00,6.5705,12.1725,1222.4624,50.4873,1.372,1.3306,0.0695,0.0818,6.1319,1,0.07565,1.3513000000000002,False,True,True,False,9.3715
TC4_sup_int,2026-02-28 00:00:00,2026-02-27 00:00:00,2026-02-28 23:00:00,12.0282,22.4894,1238.8366,92.0822,1.3649,1.2896,0.0685,0.0771,6.1885,1,0.0728,1.32725,False,True,True,False,17.2588
TC4_sup_int,2026-02-28 12:00:00,2026-02-27 12:00:00,2026-03-01 11:00:00,11.6776,21.8571,1239.8299,89.5641,1.3658,1.2926,0.0701,0.0791,6.1951,1,0.0746,1.3292,False,True,True,False,16.76735
TC4_sup_int,2026-03-01 00:00:00,2026-02-28 00:00:00,2026-03-01 23:00:00,16.5406,31.1384,1251.5309,126.1284,1.3783,1.2742,0.0723,0.0776,6.2307,1,0.07495,1.32625,False,True,True,False,23.8395
TC4_sup_int,2026-03-01 12:00:00,2026-02-28 12:00:00,2026-03-02 11:00:00,12.4912,23.5248,1248.2779,96.1972,1.345,1.2676,0.0693,0.0769,6.2335,1,0.0731,1.3063,False,True,True,False,18.008
TC4_sup_int,2026-03-02 00:00:00,2026-03-01 00:00:00,2026-03-02 23:00:00,12.4525,23.3727,1244.0224,95.5933,1.3681,1.2898,0.0723,0.0799,6.2124,1,0.0761,1.32895,False,True,True,False,17.912599999999998
TC4_sup_int,2026-03-06 00:00:00,2026-03-05 00:00:00,2026-03-06 23:00:00,-166.8868,-159.3746,542.2658,-826.0677,0.0,0.0,-0.0,0.0,3.1354,1,0.0,0.0,False,False,True,False,-163.1307
TC4_sup_int,2026-03-06 12:00:00,2026-03-05 12:00:00,2026-03-07 11:00:00,33.9764,64.3077,1274.4836,250.0284,1.4406,1.225,0.0664,0.0703,6.2628,1,0.06835,1.3328000000000002,False,True,True,False,49.14205
TC4_sup_int,2026-03-07 00:00:00,2026-03-06 00:00:00,2026-03-07 23:00:00,27.1535,50.8179,1253.9624,200.8851,1.4821,1.3039,0.0696,0.0785,6.1933,1,0.07405,1.393,False,True,True,False,38.9857
TC4_sup_int,2026-03-08 00:00:00,2026-03-07 00:00:00,2026-03-08 23:00:00,9.4272,17.5559,1231.4969,72.3266,1.3073,1.2507,0.0641,0.0797,6.1639,1,0.07189999999999999,1.279,False,True,True,False,13.49155
TC4_sup_int,2026-03-09 00:00:00,2026-03-08 00:00:00,2026-03-09 23:00:00,12.2617,22.7697,1230.6098,93.1971,1.3744,1.2978,0.067,0.0806,6.1463,1,0.0738,1.3361,False,True,True,False,17.5157
TC4_sup_int,2026-03-09 12:00:00,2026-03-08 12:00:00,2026-03-10 11:00:00,209.4698,394.7815,1419.0069,1053.1731,0.0,0.0,0.0,0.0,6.1584,1,0.0,0.0,False,False,True,False,302.12565
TC4_sup_int,2026-03-10 00:00:00,2026-03-09 00:00:00,2026-03-10 23:00:00,4.2157,7.7908,1217.3005,32.4917,1.185,1.1619,0.0501,0.0639,6.117,1,0.056999999999999995,1.1734499999999999,False,True,True,False,6.0032499999999995
TC4_sup_int,2026-03-11 00:00:00,2026-03-10 00:00:00,2026-03-11 23:00:00,-5.4518,-10.0061,1200.0861,-42.678,1.1557,1.1852,0.0467,0.0653,6.075,1,0.055999999999999994,1.17045,False,True,True,False,-7.72895
TC4_sup_int,2026-03-11 12:00:00,2026-03-10 12:00:00,2026-03-12 11:00:00,15.4448,26.9055,1157.1866,109.5589,1.3863,1.2954,0.0806,0.08,5.7657,1,0.08030000000000001,1.34085,False,True,True,False,21.175150000000002
TC4_sup_int,2026-03-14 00:00:00,2026-03-13 00:00:00,2026-03-14 23:00:00,5.4171,10.1543,1235.8402,42.2234,1.1361,1.1074,0.0706,0.0889,6.2045,1,0.07975,1.12175,False,True,True,False,7.785699999999999
TC4_sup_int,2026-03-15 00:00:00,2026-03-14 00:00:00,2026-03-15 23:00:00,7.3931,13.5816,1212.9703,56.2324,1.3768,1.3304,0.0798,0.0978,6.0805,1,0.08879999999999999,1.3536000000000001,False,True,True,False,10.48735
TC4_sup_int,2026-03-15 12:00:00,2026-03-14 12:00:00,2026-03-16 11:00:00,9.8991,18.1,1209.5622,74.5173,1.5298,1.4616,0.0813,0.0947,6.052,1,0.088,1.4957,False,True,True,False,13.999550000000001
TC4_sup_int,2026-03-16 00:00:00,2026-03-15 00:00:00,2026-03-16 23:00:00,24.3127,44.6023,1226.6297,177.6734,1.4281,1.2762,0.0727,0.0733,6.0712,1,0.07300000000000001,1.35215,False,True,True,False,34.457499999999996
TC4_sup_int,2026-03-16 12:00:00,2026-03-15 12:00:00,2026-03-17 11:00:00,19.0747,35.0297,1223.1906,141.2062,1.4449,1.3228,0.0782,0.0832,6.078,1,0.0807,1.38385,False,True,True,False,27.0522
TC4_sup_int,2026-03-17 00:00:00,2026-03-16 00:00:00,2026-03-17 23:00:00,20.271,36.9284,1214.4583,148.5095,1.3914,1.2677,0.0699,0.0758,6.0292,1,0.07285,1.32955,False,True,True,False,28.599700000000002
TC4_sup_int,2026-03-18 00:00:00,2026-03-17 00:00:00,2026-03-18 23:00:00,28.1243,51.3626,1224.5226,202.9021,1.4076,1.2366,0.0671,0.0659,6.0435,1,0.0665,1.3220999999999998,False,True,True,False,39.74345
TC4_sup_int,2026-03-18 12:00:00,2026-03-17 12:00:00,2026-03-19 11:00:00,20.1361,36.7667,1217.1239,147.8887,1.5651,1.4266,0.1007,0.1064,6.043,1,0.10355,1.49585,False,True,True,False,28.4514
TC4_sup_int,2026-03-19 00:00:00,2026-03-18 00:00:00,2026-03-19 23:00:00,24.563,45.0004,1225.1917,179.1708,1.4269,1.2739,0.085,0.088,6.063,1,0.0865,1.3504,False,True,True,False,34.7817
TC4_sup_int,2026-03-19 12:00:00,2026-03-18 12:00:00,2026-03-20 11:00:00,17.8191,32.3012,1206.2684,130.6497,1.4296,1.3178,0.088,0.0916,5.9996,1,0.08979999999999999,1.3737,False,True,True,False,25.06015
TC4_sup_int,2026-03-20 00:00:00,2026-03-19 00:00:00,2026-03-20 23:00:00,18.5759,33.9472,1216.767,137.0266,1.4375,1.3196,0.088,0.0922,6.0483,1,0.0901,1.3785500000000002,False,True,True,False,26.26155
TC4_sup_int,2026-03-21 00:00:00,2026-03-20 00:00:00,2026-03-21 23:00:00,24.4067,44.5635,1220.9281,177.5272,1.4409,1.2878,0.0872,0.0886,6.0426,1,0.0879,1.36435,False,True,True,False,34.4851
TC4_sup_int,2026-03-21 12:00:00,2026-03-20 12:00:00,2026-03-22 11:00:00,33.917,62.2134,1235.0821,242.5081,1.4654,1.2527,0.0914,0.0881,6.0694,1,0.08975,1.3590499999999999,False,True,True,False,48.065200000000004
TC4_sup_int,2026-03-22 00:00:00,2026-03-21 00:00:00,2026-03-22 23:00:00,25.0799,46.1708,1231.6163,183.5652,1.4357,1.278,0.0845,0.0905,6.0924,1,0.0875,1.3568500000000001,False,True,True,False,35.62535
TC4_sup_int,2026-03-23 00:00:00,2026-03-22 00:00:00,2026-03-23 23:00:00,9.3053,17.4186,1237.7507,71.7734,1.2498,1.1961,0.0663,0.076,6.1958,1,0.07114999999999999,1.22295,False,True,True,False,13.36195
TC4_sup_int,2026-03-24 00:00:00,2026-03-23 00:00:00,2026-03-24 23:00:00,6.0435,11.1599,1218.0321,46.3463,1.0547,1.0254,0.0795,0.1025,6.1122,1,0.091,1.04005,False,True,True,False,8.601700000000001
TC4_sup_int,2026-03-24 12:00:00,2026-03-23 12:00:00,2026-03-25 11:00:00,20.4924,38.3114,1246.5346,153.8072,1.0243,0.93,0.0643,0.0673,6.1874,1,0.0658,0.97715,False,True,True,False,29.401899999999998
TC4_sup_int,2026-03-25 12:00:00,2026-03-24 12:00:00,2026-03-26 11:00:00,19.2131,35.4417,1228.7859,142.7938,1.1941,1.092,0.1037,0.1071,6.1052,1,0.1054,1.1430500000000001,False,True,True,False,27.327399999999997
TC4_sup_int,2026-03-29 00:00:00,2026-03-28 00:00:00,2026-03-29 23:00:00,161.8732,285.9386,1293.9532,858.1764,1.9073,0.9277,0.083,0.0402,5.8023,1,0.0616,1.4175,False,True,True,False,223.9059
TC4_sup_int,2026-03-30 00:00:00,2026-03-29 00:00:00,2026-03-30 23:00:00,53.2032,86.7601,1113.2276,328.2062,1.9412,1.5599,0.0777,0.0958,5.3933,1,0.08675,1.75055,False,True,True,False,69.98165
TC4_sup_int,2026-03-30 12:00:00,2026-03-29 12:00:00,2026-03-31 11:00:00,26.3086,42.8731,1091.2183,171.1508,1.9556,1.7553,0.0841,0.1358,5.3929,1,0.10994999999999999,1.85545,False,True,True,False,34.59085
TC4_sup_int,2026-03-31 00:00:00,2026-03-30 00:00:00,2026-03-31 23:00:00,51.2074,82.9217,1103.8924,315.1527,1.9805,1.6069,0.0836,0.119,5.3559,1,0.1013,1.7936999999999999,False,True,True,False,67.06455
TC4_sup_int,2026-03-31 12:00:00,2026-03-30 12:00:00,2026-04-01 11:00:00,40.2574,64.9377,1091.098,252.2829,1.9935,1.6925,0.0884,0.1306,5.3367,1,0.1095,1.843,False,True,True,False,52.59755
TC4_sup_int,2026-04-01 12:00:00,2026-03-31 12:00:00,2026-04-02 11:00:00,42.8132,69.2588,1096.2328,267.6499,1.9179,1.6107,0.069,0.1089,5.3517,1,0.08895,1.7643,False,True,True,False,56.036
TC4_sup_int,2026-04-02 12:00:00,2026-04-01 12:00:00,2026-04-03 11:00:00,85.9612,143.4832,1165.3515,507.0849,2.0507,1.4284,0.1094,0.1557,5.5131,1,0.13255,1.73955,False,True,True,False,114.72220000000002
TC4_sup_int,2026-04-03 00:00:00,2026-04-02 00:00:00,2026-04-03 23:00:00,-198.8943,-307.3051,849.1241,-1954.4342,0.0,0.0,-0.0,-0.0,5.0551,1,-0.0,0.0,False,False,True,False,-253.09969999999998
TC4_sup_int,2026-04-03 12:00:00,2026-04-02 12:00:00,2026-04-04 11:00:00,73.7684,122.8683,1153.3253,445.013,1.9351,1.4197,0.1322,0.1242,5.5044,1,0.1282,1.6774,False,True,True,False,98.31835000000001
TC4_sup_int,2026-04-04 00:00:00,2026-04-03 00:00:00,2026-04-04 23:00:00,-4.6542,-8.1611,1147.2453,-34.7273,1.3381,1.3659,0.1006,0.1264,5.804,1,0.1135,1.3519999999999999,False,True,True,False,-6.40765
TC4_sup_int,2026-04-04 12:00:00,2026-04-03 12:00:00,2026-04-05 11:00:00,30.8535,54.4218,1185.0398,214.1782,1.4573,1.2705,0.1018,0.1111,5.8368,1,0.10645,1.3639000000000001,False,True,True,False,42.63765
TC4_sup_int,2026-04-05 12:00:00,2026-04-04 12:00:00,2026-04-06 11:00:00,34.1886,60.3481,1188.7673,235.7764,1.4693,1.262,0.1031,0.1101,5.8406,1,0.1066,1.36565,False,True,True,False,47.26835
TC4_sup_int,2026-04-06 00:00:00,2026-04-05 00:00:00,2026-04-06 23:00:00,33.5832,59.3023,1188.7041,231.9885,1.4938,1.2864,0.1069,0.1139,5.843,1,0.1104,1.3901,False,True,True,False,46.442750000000004
TC4_sup_int,2026-04-06 12:00:00,2026-04-05 12:00:00,2026-04-07 11:00:00,35.7026,63.0585,1190.7843,245.5473,1.4956,1.2758,0.1085,0.1144,5.844,1,0.11145,1.3857,False,True,True,False,49.38055
TC4_sup_int,2026-04-07 00:00:00,2026-04-06 00:00:00,2026-04-07 23:00:00,30.6441,54.1331,1186.6275,213.1177,1.479,1.2904,0.1054,0.1168,5.8455,1,0.1111,1.3847,False,True,True,False,42.3886
TC4_sup_int,2026-04-07 12:00:00,2026-04-06 12:00:00,2026-04-08 11:00:00,34.0777,59.9731,1185.132,234.4193,1.4656,1.26,0.0969,0.1056,5.8233,1,0.10125,1.3628,False,True,True,False,47.025400000000005
TC4_sup_int,2026-04-08 00:00:00,2026-04-07 00:00:00,2026-04-08 23:00:00,23.5054,41.3141,1174.5302,165.246,1.4719,1.3263,0.0982,0.1144,5.8169,1,0.1063,1.3991,False,True,True,False,32.40975
TC4_sup_int,2026-04-08 12:00:00,2026-04-07 12:00:00,2026-04-09 11:00:00,29.4272,51.2823,1169.5864,202.6049,1.5083,1.3254,0.1055,0.1139,5.7668,1,0.10969999999999999,1.41685,False,True,True,False,40.354749999999996
TC4_sup_int,2026-04-09 00:00:00,2026-04-08 00:00:00,2026-04-09 23:00:00,23.3725,40.9763,1171.4343,163.9635,1.5177,1.3688,0.1028,0.1195,5.8021,1,0.11115,1.44325,False,True,True,False,32.1744
TC4_sup_int,2026-04-09 12:00:00,2026-04-08 12:00:00,2026-04-10 11:00:00,27.6468,48.5017,1175.876,192.2778,1.4137,1.251,0.0841,0.0926,5.8055,1,0.08835,1.33235,False,True,True,False,38.07425
TC4_sup_int,2026-04-10 00:00:00,2026-04-09 00:00:00,2026-04-10 23:00:00,23.6932,41.9863,1184.3423,167.7949,1.4192,1.2767,0.0883,0.0974,5.8646,1,0.09285,1.34795,False,True,True,False,32.83975
TC4_sup_int,2026-04-11 12:00:00,2026-04-10 12:00:00,2026-04-12 11:00:00,33.8658,60.0576,1194.0438,234.7252,1.4563,1.2517,0.1015,0.1077,5.868,1,0.1046,1.354,False,True,True,False,46.9617
TC4_sup_int,2026-04-12 12:00:00,2026-04-11 12:00:00,2026-04-13 11:00:00,26.4005,46.6069,1182.2061,185.1994,1.5446,1.3734,0.1078,0.1191,5.8422,1,0.11345,1.459,False,True,True,False,36.5037
TC4_sup_int,2026-04-13 00:00:00,2026-04-12 00:00:00,2026-04-13 23:00:00,22.0034,38.8655,1179.0355,155.9244,1.5054,1.3649,0.1004,0.1163,5.8457,1,0.10835,1.4351500000000001,False,True,True,False,30.43445
TC4_sup_int,2026-04-13 12:00:00,2026-04-12 12:00:00,2026-04-14 11:00:00,27.5055,48.6022,1184.2481,192.6526,1.4505,1.2833,0.0895,0.0975,5.8475,1,0.0935,1.3669,False,True,True,False,38.053850000000004
TC4_sup_int,2026-04-15 12:00:00,2026-04-14 12:00:00,2026-04-16 11:00:00,42.8961,75.7,1195.941,290.2486,1.4371,1.1875,0.0725,0.0779,5.8381,1,0.07519999999999999,1.3123,False,True,True,False,59.29805
TC4_sup_int,2026-04-16 00:00:00,2026-04-15 00:00:00,2026-04-16 23:00:00,22.3357,39.0202,1166.4044,156.515,1.5036,1.3627,0.0791,0.0983,5.7817,1,0.0887,1.43315,False,True,True,False,30.677950000000003
TC4_sup_int,2026-04-17 00:00:00,2026-04-16 00:00:00,2026-04-17 23:00:00,30.6708,53.8772,1180.0147,212.1773,1.5117,1.3197,0.0806,0.096,5.8128,1,0.0883,1.4157000000000002,False,True,True,False,42.274
TC4_sup_int,2026-04-17 12:00:00,2026-04-16 12:00:00,2026-04-18 11:00:00,31.0811,54.8229,1185.229,215.6502,1.5211,1.3248,0.0837,0.0979,5.8367,1,0.09079999999999999,1.42295,False,True,True,False,42.952
TC4_sup_int,2026-04-18 12:00:00,2026-04-17 12:00:00,2026-04-19 11:00:00,36.3919,64.8114,1201.3004,251.831,1.6523,1.4033,0.0876,0.0977,5.8926,1,0.09265,1.5278,False,True,True,False,50.60165000000001
TC4_sup_int,2026-04-22 00:00:00,2026-04-21 00:00:00,2026-04-22 23:00:00,34.0458,60.345,1193.5688,235.7654,1.3815,1.1865,0.081,0.0852,5.8649,1,0.08310000000000001,1.284,False,True,True,False,47.1954
TC4_sup_int,2026-04-22 12:00:00,2026-04-21 12:00:00,2026-04-23 11:00:00,46.5413,82.5237,1204.7551,313.7922,1.3916,1.1302,0.0847,0.082,5.8653,1,0.08335000000000001,1.2609,False,True,True,False,64.5325
TC4_sup_int,2026-04-23 00:00:00,2026-04-22 00:00:00,2026-04-23 23:00:00,49.977,89.257,1216.4291,336.6304,1.4609,1.1665,0.0891,0.0857,5.9072,1,0.0874,1.3137,False,True,True,False,69.617
TC4_sup_int,2026-04-24 00:00:00,2026-04-23 00:00:00,2026-04-24 23:00:00,51.9363,92.1219,1209.7804,346.2305,1.4909,1.1819,0.0868,0.0792,5.8665,1,0.083,1.3363999999999998,False,True,True,False,72.0291
TC4_sup_int,2026-04-25 00:00:00,2026-04-24 00:00:00,2026-04-25 23:00:00,51.2402,90.3451,1201.9734,340.2845,1.5946,1.2699,0.1047,0.1006,5.8316,1,0.10264999999999999,1.43225,False,True,True,False,70.79265000000001
TC4_sup_int,2026-04-26 00:00:00,2026-04-25 00:00:00,2026-04-26 23:00:00,47.5844,84.1725,1202.7777,319.4204,1.6519,1.3361,0.1086,0.1044,5.8512,1,0.10650000000000001,1.494,False,True,True,False,65.87845
TC4_sup_int,2026-04-26 12:00:00,2026-04-25 12:00:00,2026-04-27 11:00:00,45.4856,80.6875,1204.3834,307.4966,1.6972,1.3849,0.1072,0.1058,5.8681,1,0.10650000000000001,1.54105,False,True,True,False,63.08655
TC4_sup_int,2026-04-28 00:00:00,2026-04-27 00:00:00,2026-04-28 23:00:00,49.2367,88.2723,1220.4582,333.3145,1.595,1.2768,0.0959,0.0922,5.93,1,0.09405,1.4359,False,True,True,False,68.75450000000001
TC4_sup_int,2026-04-29 00:00:00,2026-04-28 00:00:00,2026-04-29 23:00:00,43.4698,77.6714,1211.3855,297.092,1.4437,1.187,0.0801,0.0793,5.911,1,0.0797,1.31535,False,True,True,False,60.5706
TC4_sup_int,2026-04-30 00:00:00,2026-04-29 00:00:00,2026-04-30 23:00:00,45.5098,80.9639,1207.8883,308.4462,1.445,1.1782,0.0794,0.0827,5.8851,1,0.08105,1.3115999999999999,False,True,True,False,63.23685
TC4_sup_int,2026-05-01 00:00:00,2026-04-30 00:00:00,2026-05-01 23:00:00,49.4375,87.2552,1201.6657,329.8809,1.5544,1.2475,0.0904,0.0861,5.8378,1,0.08825,1.40095,False,True,True,False,68.34635
TC4_sup_int,2026-05-01 12:00:00,2026-04-30 12:00:00,2026-05-02 11:00:00,31.2654,55.6207,1195.5504,218.5737,1.6482,1.4326,0.1249,0.1366,5.8868,1,0.13075,1.5404,False,True,True,False,43.44305
TC4_sup_int,2026-05-02 00:00:00,2026-05-01 00:00:00,2026-05-02 23:00:00,39.1628,70.4852,1216.4516,271.9811,1.3585,1.1374,0.0959,0.0984,5.9547,1,0.09715,1.24795,False,True,True,False,54.824
TC4_sup_int,2026-05-04 00:00:00,2026-05-03 00:00:00,2026-05-04 23:00:00,36.965,66.039,1205.577,256.2154,1.3103,1.1094,0.0814,0.082,5.911,1,0.0817,1.2098499999999999,False,True,True,False,51.502
TC4_sup_int,2026-05-05 00:00:00,2026-05-04 00:00:00,2026-05-05 23:00:00,34.642,62.0066,1205.8455,241.7632,1.3715,1.1731,0.0873,0.0893,5.9226,1,0.0883,1.2723,False,True,True,False,48.3243
TC4_sup_int,2026-05-06 00:00:00,2026-05-05 00:00:00,2026-05-06 23:00:00,40.0583,71.4197,1205.8012,275.2723,1.4743,1.2314,0.0984,0.0975,5.8986,1,0.09795000000000001,1.35285,False,True,True,False,55.739000000000004
TC4_sup_int,2026-05-06 12:00:00,2026-05-05 12:00:00,2026-05-07 11:00:00,38.9269,69.6338,1208.8353,268.9757,1.4789,1.2408,0.0929,0.0948,5.9184,1,0.09384999999999999,1.35985,False,True,True,False,54.28035
TC4_sup_int,2026-05-07 00:00:00,2026-05-06 00:00:00,2026-05-07 23:00:00,44.0324,78.5446,1209.8369,300.1123,1.3449,1.1033,0.0809,0.0767,5.901,1,0.07880000000000001,1.2241,False,True,True,False,61.2885
TC4_sup_int,2026-05-07 12:00:00,2026-05-06 12:00:00,2026-05-08 11:00:00,29.1536,52.1021,1199.1985,205.6359,1.4036,1.2308,0.0989,0.1083,5.914,1,0.1036,1.3172,False,True,True,False,40.62785
TC4_sup_int,2026-05-08 00:00:00,2026-05-07 00:00:00,2026-05-08 23:00:00,40.7073,72.7251,1208.8272,279.8568,1.3429,1.118,0.0896,0.092,5.9106,1,0.09079999999999999,1.23045,False,True,True,False,56.7162
TC4_sup_int,2026-05-08 12:00:00,2026-05-07 12:00:00,2026-05-09 11:00:00,35.5165,63.4641,1204.5617,247.0038,1.3818,1.1775,0.0923,0.0974,5.9124,1,0.09484999999999999,1.27965,False,True,True,False,49.490300000000005
TC4_sup_int,2026-05-09 12:00:00,2026-05-08 12:00:00,2026-05-10 11:00:00,35.2679,62.9242,1202.5186,245.0647,1.3788,1.1766,0.0908,0.0962,5.9035,1,0.0935,1.2777,False,True,True,False,49.09605
TC4_sup_int,2026-05-11 00:00:00,2026-05-10 00:00:00,2026-05-11 23:00:00,36.084,64.5762,1206.8866,250.9895,1.3213,1.1228,0.088,0.0912,5.9213,1,0.0896,1.2220499999999999,False,True,True,False,50.3301
TC5_int_inf,2026-01-04 12:00:00,2026-01-03 12:00:00,2026-01-05 11:00:00,78.6012,54.4599,481.3435,214.3179,0.034,0.0296,0.0066,0.0101,2.2893,1,0.00835,0.0318,False,False,True,False,66.53055
TC5_int_inf,2026-01-06 00:00:00,2026-01-05 00:00:00,2026-01-06 23:00:00,144.0211,268.9515,1353.2306,822.6222,0.0439,0.0223,0.0089,0.0047,6.1439,1,0.0068000000000000005,0.033100000000000004,False,False,True,False,206.4863
TC5_int_inf,2026-01-08 12:00:00,2026-01-07 12:00:00,2026-01-09 11:00:00,326.7839,44.3729,108.5383,176.8095,0.087,0.0778,0.1396,0.0456,0.4353,1,0.0926,0.0824,False,False,True,False,185.57840000000002
TC5_int_inf,2026-01-10 00:00:00,2026-01-09 00:00:00,2026-01-10 23:00:00,17.9435,33.1636,1229.9983,133.9941,0.0989,0.091,0.0424,0.0447,6.117,1,0.04355,0.09495,False,False,True,False,25.55355
TC5_int_inf,2026-01-10 12:00:00,2026-01-09 12:00:00,2026-01-11 11:00:00,-112.6773,-125.8818,667.8917,-623.9241,0.0272,0.0374,0.0053,0.0086,3.6842,1,0.00695,0.0323,False,False,True,False,-119.27955
TC5_int_inf,2026-01-14 00:00:00,2026-01-13 00:00:00,2026-01-14 23:00:00,228.5372,403.4623,1343.199,1066.5424,0.0866,0.0313,0.0444,0.0174,5.7543,1,0.0309,0.05895,False,False,True,False,315.99975
TC5_int_inf,2026-01-16 00:00:00,2026-01-15 00:00:00,2026-01-16 23:00:00,109.7161,193.4196,1250.177,644.7279,0.0808,0.0497,0.039,0.043,5.8148,1,0.040999999999999995,0.06525,False,False,True,False,151.56785
TC5_int_inf,2026-01-17 00:00:00,2026-01-16 00:00:00,2026-01-17 23:00:00,121.5614,216.8708,1274.7964,703.6271,0.0693,0.0401,0.0306,0.0625,5.8798,1,0.04655,0.0547,False,False,True,False,169.2161
TC5_int_inf,2026-01-18 00:00:00,2026-01-17 00:00:00,2026-01-18 23:00:00,152.9195,279.2605,1330.5375,844.3803,0.0684,0.0339,0.0307,0.0257,6.0035,1,0.028200000000000003,0.05115,False,False,True,False,216.08999999999997
TC5_int_inf,2026-01-20 12:00:00,2026-01-19 12:00:00,2026-01-21 11:00:00,-179.441,-125.508,392.1848,-621.7629,0.0281,0.0386,0.0056,0.0284,2.2934,1,0.017,0.033350000000000005,False,False,True,False,-152.4745
TC5_int_inf,2026-01-21 12:00:00,2026-01-20 12:00:00,2026-01-22 11:00:00,-353.5954,-363.9087,468.8314,-2510.391,0.0,0.0,0.0,0.0,3.2807,1,0.0,0.0,False,False,True,False,-358.75205
TC5_int_inf,2026-01-23 12:00:00,2026-01-22 12:00:00,2026-01-24 11:00:00,-66.4555,-33.8462,317.0548,-148.8042,0.0332,0.0361,0.0063,0.0714,1.6836,1,0.03885,0.03465,False,False,True,False,-50.150850000000005
TC5_int_inf,2026-01-26 12:00:00,2026-01-25 12:00:00,2026-01-27 11:00:00,-109.0042,-190.7967,1049.9101,-1031.874,0.0,0.0,0.0,0.0,5.7737,1,0.0,0.0,False,False,True,False,-149.90044999999998
TC5_int_inf,2026-01-27 12:00:00,2026-01-26 12:00:00,2026-01-28 11:00:00,-46.5459,-78.1915,1063.2084,-364.0058,0.0394,0.0479,0.0111,0.0274,5.5569,1,0.01925,0.043649999999999994,False,False,True,False,-62.368700000000004
TC5_int_inf,2026-01-29 12:00:00,2026-01-28 12:00:00,2026-01-30 11:00:00,-127.416,-50.875,235.4916,-228.6106,0.0245,0.0278,0.003,0.0442,1.3154,1,0.023600000000000003,0.02615,False,False,True,False,-89.1455
TC5_int_inf,2026-01-31 00:00:00,2026-01-30 00:00:00,2026-01-31 23:00:00,35.5961,61.5693,1166.0514,240.1871,0.0361,0.0309,0.0125,0.0542,5.7231,1,0.03335,0.0335,False,False,True,False,48.5827
TC5_int_inf,2026-02-02 12:00:00,2026-02-01 12:00:00,2026-02-03 11:00:00,94.7237,162.038,1201.2861,560.2618,0.0,0.0,0.0,-0.0,5.6474,1,0.0,0.0,False,False,True,False,128.38085
TC5_int_inf,2026-02-03 12:00:00,2026-02-02 12:00:00,2026-02-04 11:00:00,-127.7246,-232.4562,1073.0913,-1331.117,0.0602,0.1082,0.0243,0.1073,5.9955,1,0.0658,0.0842,False,False,True,False,-180.0904
TC5_int_inf,2026-02-07 00:00:00,2026-02-06 00:00:00,2026-02-07 23:00:00,99.3244,188.6028,1337.5057,632.1929,0.0896,0.0557,0.0642,0.2492,6.2672,1,0.1567,0.07264999999999999,False,False,True,False,143.96359999999999
TC5_int_inf,2026-02-08 12:00:00,2026-02-07 12:00:00,2026-02-09 11:00:00,-105.2784,-178.7364,1021.7747,-950.9493,0.0392,0.0616,0.0163,0.0473,5.6014,1,0.0318,0.0504,False,False,True,False,-142.00740000000002
TC5_int_inf,2026-02-09 00:00:00,2026-02-08 00:00:00,2026-02-09 23:00:00,29.5937,27.2669,618.4499,110.9805,0.0405,0.0378,0.0195,0.0497,3.049,1,0.0346,0.039150000000000004,False,False,True,False,28.4303
TC5_int_inf,2026-02-10 00:00:00,2026-02-09 00:00:00,2026-02-10 23:00:00,273.9354,497.0052,1413.5618,1193.4849,0.0942,0.0269,0.0602,0.0856,5.8732,1,0.07289999999999999,0.06055000000000001,False,False,True,False,385.4703
TC5_int_inf,2026-02-11 00:00:00,2026-02-10 00:00:00,2026-02-11 23:00:00,91.6574,169.1022,1292.9697,579.8623,0.1025,0.0669,0.0624,0.0719,6.0918,1,0.06715,0.0847,False,False,True,False,130.3798
TC5_int_inf,2026-02-13 00:00:00,2026-02-12 00:00:00,2026-02-13 23:00:00,62.3762,114.9028,1265.5917,420.1514,0.1047,0.0784,0.0647,0.0854,6.0904,1,0.07505,0.09154999999999999,False,False,True,False,88.6395
TC5_int_inf,2026-02-14 00:00:00,2026-02-13 00:00:00,2026-02-14 23:00:00,6.5607,11.768,1183.6058,48.8345,0.0741,0.072,0.0514,0.1376,5.9371,1,0.0945,0.07305,False,False,True,False,9.16435
TC5_int_inf,2026-02-16 12:00:00,2026-02-15 12:00:00,2026-02-17 11:00:00,373.0883,307.3158,672.2116,900.8089,0.0372,0.0172,0.0136,0.0267,2.6141,1,0.02015,0.0272,False,False,True,False,340.20205
TC5_int_inf,2026-02-18 12:00:00,2026-02-17 12:00:00,2026-02-19 11:00:00,135.5324,247.3631,1315.6432,775.1843,0.0613,0.0328,0.078,0.0289,6.0089,1,0.05345,0.04705,False,False,True,False,191.44774999999998
TC5_int_inf,2026-02-19 00:00:00,2026-02-18 00:00:00,2026-02-19 23:00:00,253.5158,264.222,803.559,812.4493,0.0,0.0,-0.0,0.0,3.3849,1,0.0,0.0,False,False,True,False,258.8689
TC5_int_inf,2026-02-19 12:00:00,2026-02-18 12:00:00,2026-02-20 11:00:00,84.2656,149.9838,1241.2487,525.9988,0.0578,0.0396,0.0232,0.156,5.8793,1,0.0896,0.0487,False,False,True,False,117.1247
TC5_int_inf,2026-02-20 00:00:00,2026-02-19 00:00:00,2026-02-20 23:00:00,16.5718,7.6497,306.8895,31.9089,0.0258,0.0253,0.0057,0.0209,1.5278,1,0.0133,0.02555,False,False,True,False,12.11075
TC5_int_inf,2026-02-20 12:00:00,2026-02-19 12:00:00,2026-02-21 11:00:00,124.484,225.8145,1298.6063,725.1885,0.0544,0.0308,0.0338,0.0239,5.9773,1,0.02885,0.0426,False,False,True,False,175.14925
TC5_int_inf,2026-02-21 12:00:00,2026-02-20 12:00:00,2026-02-22 11:00:00,-36.4174,-34.6642,607.4098,-152.5601,0.0,0.0,-0.0,0.0,3.1494,1,0.0,0.0,False,False,True,False,-35.540800000000004
TC5_int_inf,2026-02-23 12:00:00,2026-02-22 12:00:00,2026-02-24 11:00:00,113.3198,189.0815,1186.0226,633.4456,0.0404,0.0251,0.0163,0.1001,5.5023,1,0.058199999999999995,0.03275,False,False,True,False,151.20065
TC5_int_inf,2026-02-24 12:00:00,2026-02-23 12:00:00,2026-02-25 11:00:00,201.3053,265.4671,988.3673,815.1394,0.0313,0.016,0.0078,0.0124,4.3134,1,0.0101,0.02365,False,False,True,False,233.3862
TC5_int_inf,2026-02-26 00:00:00,2026-02-25 00:00:00,2026-02-26 23:00:00,105.411,190.5308,1278.2296,637.2284,0.0943,0.0583,0.0802,0.1983,5.9635,1,0.13924999999999998,0.07629999999999999,False,False,True,False,147.9709
TC5_int_inf,2026-02-28 00:00:00,2026-02-27 00:00:00,2026-02-28 23:00:00,82.0393,144.1809,1223.7737,509.1299,0.0557,0.0387,0.0374,0.0698,5.8058,1,0.0536,0.0472,False,False,True,False,113.1101
TC5_int_inf,2026-03-03 00:00:00,2026-03-02 00:00:00,2026-03-03 23:00:00,97.5293,174.9048,1261.7057,595.7035,0.0457,0.0294,0.0233,0.0333,5.9196,1,0.028300000000000002,0.03755,False,False,True,False,136.21705
TC5_int_inf,2026-03-03 12:00:00,2026-03-02 12:00:00,2026-03-04 11:00:00,-462.2333,-303.9094,252.1147,-1923.5369,0.0179,0.0384,0.0048,0.0446,2.037,1,0.0247,0.028149999999999998,False,False,True,False,-383.07135
TC5_int_inf,2026-03-06 00:00:00,2026-03-05 00:00:00,2026-03-06 23:00:00,-406.3558,-422.5301,437.9527,-3176.1943,0.0,0.0,0.0,-0.0,3.2728,1,0.0,0.0,False,False,True,False,-414.44295
TC5_int_inf,2026-03-06 12:00:00,2026-03-05 12:00:00,2026-03-07 11:00:00,296.2343,4.342,11.5468,18.1871,0.4179,0.4133,0.0558,0.0744,0.0473,1,0.06509999999999999,0.41559999999999997,False,True,True,False,150.28815
TC5_int_inf,2026-03-07 12:00:00,2026-03-06 12:00:00,2026-03-08 11:00:00,473.8491,478.1897,857.0612,1170.2978,0.0624,0.0187,0.0216,0.0157,3.1153,1,0.01865,0.04055,False,False,True,False,476.0194
TC5_int_inf,2026-03-11 00:00:00,2026-03-10 00:00:00,2026-03-11 23:00:00,499.5757,265.6065,455.6421,815.4399,0.0,0.0,0.0,0.0,1.6275,1,0.0,0.0,False,False,True,False,382.5911
TC5_int_inf,2026-03-11 12:00:00,2026-03-10 12:00:00,2026-03-12 11:00:00,99.6045,161.2087,1140.2303,557.9377,0.0376,0.025,0.0116,0.1336,5.3417,1,0.0726,0.0313,False,False,True,False,130.4066
TC5_int_inf,2026-03-12 12:00:00,2026-03-11 12:00:00,2026-03-13 11:00:00,264.9071,396.3065,1160.2356,1055.543,0.0413,0.0152,0.0217,0.012,4.85,1,0.01685,0.02825,False,False,True,False,330.6068
TC5_int_inf,2026-03-14 12:00:00,2026-03-13 12:00:00,2026-03-15 11:00:00,18.8228,13.1657,465.7934,54.539,0.0186,0.018,0.0037,0.0533,2.315,1,0.0285,0.018299999999999997,False,False,True,False,15.994250000000001
TC5_int_inf,2026-03-17 00:00:00,2026-03-16 00:00:00,2026-03-17 23:00:00,313.4843,196.2118,497.1899,651.9246,0.0338,0.0206,0.0086,0.0349,2.0118,1,0.02175,0.0272,False,False,True,False,254.84805
TC5_int_inf,2026-03-20 12:00:00,2026-03-19 12:00:00,2026-03-21 11:00:00,-240.3541,-301.9475,659.9442,-1905.8058,0.0,0.0,-0.0,0.0,4.088,1,0.0,0.0,False,False,True,False,-271.1508
TC5_int_inf,2026-03-21 12:00:00,2026-03-20 12:00:00,2026-03-22 11:00:00,-234.6844,-69.1743,155.8309,-318.2769,0.0411,0.0489,0.0254,0.0748,0.9599,1,0.050100000000000006,0.045,False,False,True,False,-151.92935
TC5_int_inf,2026-03-22 00:00:00,2026-03-21 00:00:00,2026-03-22 23:00:00,126.6701,214.9014,1216.1949,698.8135,0.0533,0.031,0.0277,0.0938,5.5893,1,0.06075,0.04215,False,False,True,False,170.78575
TC5_int_inf,2026-03-22 12:00:00,2026-03-21 12:00:00,2026-03-23 11:00:00,-73.7243,-45.5292,382.0821,-203.1877,0.0349,0.0392,0.011,0.2889,2.0409,1,0.14995,0.03705,False,False,True,False,-59.62675
TC5_int_inf,2026-03-26 12:00:00,2026-03-25 12:00:00,2026-03-27 11:00:00,-243.2634,-200.3995,431.337,-1098.0916,0.0,0.0,-0.0,0.0,2.6796,1,0.0,0.0,False,False,True,False,-221.83145
TC5_int_inf,2026-03-28 12:00:00,2026-03-27 12:00:00,2026-03-29 11:00:00,28.5228,43.9709,1033.9542,175.2952,0.0646,0.0578,0.1221,0.0955,5.1015,1,0.10880000000000001,0.061200000000000004,False,False,True,False,36.24685
TC5_int_inf,2026-03-29 00:00:00,2026-03-28 00:00:00,2026-03-29 23:00:00,17.8224,27.4233,1023.9188,111.5953,0.0,0.0,0.0,-0.0,5.0926,1,0.0,0.0,False,False,True,False,22.62285
TC5_int_inf,2026-04-02 00:00:00,2026-04-01 00:00:00,2026-04-02 23:00:00,121.2444,122.1907,719.9867,442.9175,0.0,0.0,0.0,-0.0,3.3216,1,0.0,0.0,False,False,True,False,121.71755
TC5_int_inf,2026-04-02 12:00:00,2026-04-01 12:00:00,2026-04-03 11:00:00,172.5187,304.6268,1301.6511,895.5718,0.0427,0.0198,0.0206,0.0593,5.794,1,0.03995,0.03125,False,False,True,False,238.57274999999998
TC5_int_inf,2026-04-03 12:00:00,2026-04-02 12:00:00,2026-04-04 11:00:00,48.6208,72.552,1015.3713,279.2497,0.0371,0.0309,0.0062,0.1122,4.9358,1,0.059199999999999996,0.034,False,False,True,False,60.586400000000005
TC5_int_inf,2026-04-06 00:00:00,2026-04-05 00:00:00,2026-04-06 23:00:00,191.4427,236.4391,920.4736,750.1786,0.0436,0.024,0.0154,0.0328,4.0443,1,0.024100000000000003,0.0338,False,False,True,False,213.9409
TC5_int_inf,2026-04-07 12:00:00,2026-04-06 12:00:00,2026-04-08 11:00:00,92.3622,51.7968,393.2039,204.5077,0.0404,0.0355,0.0123,0.2677,1.8516,1,0.13999999999999999,0.03795,False,False,True,False,72.0795
TC5_int_inf,2026-04-08 12:00:00,2026-04-07 12:00:00,2026-04-09 11:00:00,258.1407,171.9216,514.7192,587.5882,0.0428,0.0278,0.0136,0.0432,2.1614,1,0.0284,0.0353,False,False,True,False,215.03115
TC5_int_inf,2026-04-13 12:00:00,2026-04-12 12:00:00,2026-04-14 11:00:00,296.5617,441.765,1173.6902,1122.1614,0.0508,0.0167,0.019,0.0223,4.8032,1,0.02065,0.03375,False,False,True,False,369.16335
TC5_int_inf,2026-04-15 12:00:00,2026-04-14 12:00:00,2026-04-16 11:00:00,272.4541,468.5,1338.73,1157.9208,0.0657,0.0202,0.0407,0.024,5.5679,1,0.032350000000000004,0.042949999999999995,False,False,True,False,370.47704999999996
TC5_int_inf,2026-04-17 00:00:00,2026-04-16 00:00:00,2026-04-17 23:00:00,445.1195,101.2233,191.0862,376.2735,0.0,0.0,0.0,0.0,0.7082,1,0.0,0.0,False,False,True,False,273.1714
TC5_int_inf,2026-04-19 00:00:00,2026-04-18 00:00:00,2026-04-19 23:00:00,-234.8847,-153.3207,345.018,-788.2549,0.0314,0.0462,0.006,0.1092,2.1257,1,0.057600000000000005,0.0388,False,False,True,False,-194.1027
TC5_int_inf,2026-04-19 12:00:00,2026-04-18 12:00:00,2026-04-20 11:00:00,263.9849,405.0765,1189.4915,1068.9964,0.0432,0.0156,0.011,0.0123,4.9754,1,0.01165,0.029400000000000003,False,False,True,False,334.5307
TC5_int_inf,2026-04-22 12:00:00,2026-04-21 12:00:00,2026-04-23 11:00:00,82.8132,122.8344,1033.3835,444.9082,0.0339,0.0249,0.0088,0.1395,4.8998,1,0.07415000000000001,0.0294,False,False,True,False,102.8238
TC5_int_inf,2026-05-03 00:00:00,2026-05-02 00:00:00,2026-05-03 23:00:00,63.3333,105.8945,1149.5057,391.4269,0.0441,0.0338,0.0209,0.1055,5.5279,1,0.06319999999999999,0.03895,False,False,True,False,84.6139
TC5_int_inf,2026-05-05 00:00:00,2026-05-04 00:00:00,2026-05-05 23:00:00,482.5418,184.9802,326.5829,622.6651,0.0305,0.0192,0.0059,0.0366,1.1801,1,0.02125,0.024849999999999997,False,False,True,False,333.761
TC5_int_inf,2026-05-09 12:00:00,2026-05-08 12:00:00,2026-05-10 11:00:00,192.9944,77.4458,299.343,296.3106,0.0323,0.0266,0.0059,0.2213,1.3138,1,0.11359999999999999,0.02945,False,False,True,False,135.2201
TC5_int_inf,2026-05-10 00:00:00,2026-05-09 00:00:00,2026-05-10 23:00:00,126.312,208.3867,1182.4033,682.7195,0.0533,0.0315,0.0203,0.0644,5.4354,1,0.04235,0.0424,False,False,True,False,167.34935
TC5_int_inf,2026-05-10 12:00:00,2026-05-09 12:00:00,2026-05-11 11:00:00,123.2176,66.5322,386.2338,257.9727,0.0318,0.0269,0.0095,0.0356,1.7794,1,0.02255,0.02935,False,False,True,False,94.8749
TC5_int_inf,2026-05-11 00:00:00,2026-05-10 00:00:00,2026-05-11 23:00:00,259.7353,425.2719,1266.4555,1098.8686,0.0438,0.015,0.0154,0.0225,5.3125,1,0.01895,0.0294,False,False,True,False,342.5036
TC5_int_inf,2026-05-11 12:00:00,2026-05-10 12:00:00,2026-05-12 11:00:00,65.0737,42.0375,444.655,167.9886,0.0299,0.0269,0.0066,0.1717,2.1356,1,0.08915,0.0284,False,False,True,False,53.5556
TC5_sup_inf,2026-01-21 12:00:00,2026-01-20 12:00:00,2026-01-22 11:00:00,-38.0741,-16.1365,548.4266,-141.6033,0.0,0.0,0.0,0.0,5.6108,1,0.0,0.0,False,False,True,False,-27.1053
TC5_sup_inf,2026-01-26 00:00:00,2026-01-25 00:00:00,2026-01-26 23:00:00,200.902,74.2691,521.1685,521.8197,0.0,0.0,0.0,0.0,4.8802,1,0.0,0.0,False,False,True,False,137.58554999999998
TC5_sup_inf,2026-02-28 12:00:00,2026-02-27 12:00:00,2026-03-01 11:00:00,-316.3377,-135.1472,489.3669,-1631.5286,0.0,0.0,0.0,0.0,5.6152,1,0.0,0.0,False,False,True,False,-225.74245
TC5_sup_inf,2026-03-05 12:00:00,2026-03-04 12:00:00,2026-03-06 11:00:00,373.1131,153.5834,611.852,900.5199,0.8516,0.3926,0.0912,0.065,5.3946,1,0.0781,0.6221,False,True,True,False,263.34825
TC5_sup_inf,2026-03-06 12:00:00,2026-03-05 12:00:00,2026-03-07 11:00:00,172.8499,74.2626,600.1004,521.7819,0.601,0.4133,0.0267,0.0744,5.676,1,0.05055,0.50715,False,True,True,False,123.55625
TC5_sup_inf,2026-04-16 12:00:00,2026-04-15 12:00:00,2026-04-17 11:00:00,44.9614,15.2408,452.6928,123.5691,0.0,0.0,0.0,-0.0,4.4874,1,0.0,0.0,False,False,True,False,30.1011
TC5_sup_inf,2026-04-25 12:00:00,2026-04-24 12:00:00,2026-04-26 11:00:00,426.2161,129.4357,458.227,800.7933,0.0,0.0,0.0,0.0,3.9675,1,0.0,0.0,False,False,True,False,277.8259
TC5_sup_int,2026-01-15 12:00:00,2026-01-14 12:00:00,2026-01-16 11:00:00,-92.813,-120.4551,789.7851,-592.7484,0.0,0.0,-0.0,-0.0,4.285,1,-0.0,0.0,False,False,True,False,-106.63405
TC5_sup_int,2026-01-21 12:00:00,2026-01-20 12:00:00,2026-01-22 11:00:00,443.4385,331.6356,628.0219,946.5975,0.0,0.0,0.0,0.0,2.33,1,0.0,0.0,False,False,True,False,387.53705
TC5_sup_int,2026-01-30 00:00:00,2026-01-29 00:00:00,2026-01-30 23:00:00,-42.2144,-41.3394,621.9816,-183.5,0.0,0.0,0.0,0.0,3.2397,1,0.0,0.0,False,False,True,False,-41.7769
TC5_sup_int,2026-02-09 12:00:00,2026-02-08 12:00:00,2026-02-10 11:00:00,-497.9728,-173.9082,125.2229,-919.2353,0.0,0.0,0.0,-0.0,1.0696,1,0.0,0.0,False,False,True,False,-335.9405
TC5_sup_int,2026-02-21 12:00:00,2026-02-20 12:00:00,2026-02-22 11:00:00,-114.9109,-178.6351,927.4759,-950.2801,0.0,0.0,0.0,-0.0,5.1258,1,0.0,0.0,False,False,True,False,-146.773
TC5_sup_int,2026-03-05 12:00:00,2026-03-04 12:00:00,2026-03-06 11:00:00,141.4952,227.657,1164.0956,729.5703,0.8516,0.4797,0.0912,0.0729,5.2946,1,0.08205000000000001,0.6656500000000001,False,True,True,False,184.5761
TC5_sup_int,2026-03-06 12:00:00,2026-03-05 12:00:00,2026-03-07 11:00:00,84.6105,144.1832,1188.654,509.1365,0.601,0.4179,0.0267,0.0558,5.6288,1,0.04125,0.50945,False,True,True,False,114.39685
