fecha,temp_1,temp_2,temp_3,temp_4,temp_5,temp_6,temp_7,temp_8,temp_9,temp_10,temp_11,temp_12,temp_13,temp_14,temp_15
2025-12-21 16:00:00,,17.388,20.248,,18.616,,,17.923,17.923,,,18.883,16.689,20.054,20.822
2025-12-21 16:30:00,,17.325,20.186,,18.554,,,17.923,17.923,,,18.57,16.689,20.054,20.634
2025-12-21 17:00:00,,17.325,19.998,,18.428,,,17.923,17.923,,,18.382,16.689,19.992,20.509
2025-12-21 17:30:00,,17.262,19.81,,18.366,,,17.923,17.923,,,18.132,16.751,19.866,20.258
2025-12-21 18:00:00,,17.2,19.56,,18.303,,,17.923,17.923,,,17.882,16.751,19.679,19.945
2025-12-21 18:30:00,,17.137,19.247,,18.178,,,17.86,17.86,,,17.569,16.751,19.428,19.57
2025-12-21 19:00:00,,17.137,18.872,,18.115,,,17.798,17.798,,,17.256,16.814,19.116,19.132
2025-12-21 19:30:00,,17.075,18.497,,17.99,,,17.672,17.672,,,16.88,16.876,18.803,18.756
2025-12-21 20:00:00,,17.012,18.184,,17.927,,,17.547,17.547,,,16.567,16.876,18.49,18.38
2025-12-21 20:30:00,,17.012,17.809,,17.865,,,17.422,17.422,,,16.254,16.939,18.177,17.942
2025-12-21 21:00:00,,16.95,17.371,,17.677,,,17.297,17.297,,,16.003,16.939,17.801,17.503
2025-12-21 21:30:00,,16.887,16.995,,17.552,,,17.234,17.234,,,15.753,17.002,17.425,17.065
2025-12-21 22:00:00,,16.887,16.62,,17.426,,,17.109,17.109,,,15.565,17.002,17.05,16.626
2025-12-21 22:30:00,,16.825,16.307,,17.238,,,16.983,16.983,,,15.439,17.064,16.737,16.25
2025-12-21 23:00:00,,16.825,15.994,,17.05,,,16.858,16.858,,,15.252,17.064,16.424,15.812
2025-12-21 23:30:00,,16.825,15.681,,16.8,,,16.733,16.733,,,15.126,17.127,16.173,15.498
2025-12-22 00:00:00,,16.762,15.368,,16.549,,,16.67,16.67,,,14.938,17.127,15.86,15.185
2025-12-22 00:30:00,,16.762,15.118,,16.361,,,16.545,16.545,,,14.75,17.127,15.547,14.871
2025-12-22 01:00:00,,16.762,14.867,,16.111,,,16.419,16.419,,,14.625,17.127,15.296,14.621
2025-12-22 01:30:00,,16.762,14.742,,15.923,,,16.357,16.357,,,14.5,17.189,15.108,14.495
2025-12-22 02:00:00,,16.762,14.554,,15.735,,,16.231,16.231,,,14.374,17.189,14.92,14.37
2025-12-22 02:30:00,,16.762,14.429,,15.547,,,16.106,16.106,,,14.249,17.189,14.795,14.244
2025-12-22 03:00:00,,16.762,14.304,,15.422,,,16.043,16.043,,,14.124,17.189,14.67,14.119
2025-12-22 03:30:00,,16.762,14.179,,15.234,,,15.918,15.918,,,13.999,17.189,14.482,13.994
2025-12-22 04:00:00,,16.762,14.054,,15.108,,,15.855,15.855,,,13.873,17.189,14.357,13.868
2025-12-22 04:30:00,,16.762,13.866,,15.046,,,15.73,15.73,,,13.811,17.127,14.231,13.68
2025-12-22 05:00:00,,16.825,13.741,,14.92,,,15.667,15.667,,,13.748,17.127,14.106,13.555
2025-12-22 05:30:00,,16.825,13.615,,14.795,,,15.542,15.542,,,13.56,17.127,13.981,13.366
2025-12-22 06:00:00,,16.825,13.49,,14.669,,,15.479,15.479,,,13.435,17.064,13.855,13.241
2025-12-22 06:30:00,,16.825,13.365,,14.544,,,15.354,15.354,,,13.372,17.064,13.667,13.116
2025-12-22 07:00:00,,16.825,13.24,,14.419,,,15.291,15.291,,,13.247,17.064,13.542,12.99
2025-12-22 07:30:00,,16.887,13.114,,14.356,,,15.229,15.229,,,13.184,17.002,13.479,12.927
2025-12-22 08:00:00,,16.887,13.052,,14.231,,,15.103,15.103,,,13.184,16.939,13.354,12.802
2025-12-22 08:30:00,,16.887,12.989,,14.231,,,15.041,15.041,,,13.372,16.939,13.229,12.802
2025-12-22 09:00:00,,16.887,12.927,,14.293,,,15.041,15.041,,,13.623,16.876,13.166,12.927
2025-12-22 09:30:00,,16.887,13.114,,14.481,,,14.978,14.978,,,13.999,16.814,13.229,13.68
2025-12-22 10:00:00,,16.95,13.49,,14.669,,,14.978,14.978,,,14.562,16.814,13.479,14.37
2025-12-22 10:30:00,,16.95,14.054,,14.983,,,15.041,15.041,,,15.126,16.751,13.855,14.997
2025-12-22 11:00:00,,16.95,14.742,,15.296,,,15.166,15.166,,,15.878,16.689,14.357,15.812
2025-12-22 11:30:00,,16.95,15.493,,15.672,,,15.291,15.291,,,16.692,16.626,14.983,16.501
2025-12-22 12:00:00,,16.95,16.369,,16.236,,,15.417,15.417,,,17.443,16.626,15.735,17.378
2025-12-22 12:30:00,,16.95,17.308,,16.8,,,15.667,15.667,,,18.132,16.563,16.549,18.255
2025-12-22 13:00:00,,16.95,18.309,,17.426,,,15.855,15.855,,,18.821,16.501,17.425,19.194
2025-12-22 13:30:00,,16.887,19.31,,17.99,,,16.106,16.106,,,19.509,16.501,18.302,20.196
2025-12-22 14:00:00,,16.887,20.311,,18.554,,,16.357,16.357,,,20.072,16.438,19.303,21.134
2025-12-22 14:30:00,,16.887,21.186,,19.054,,,16.607,16.607,,,20.448,16.438,20.179,21.885
2025-12-22 15:00:00,,16.887,21.812,,19.367,,,16.921,16.921,,,20.635,16.376,20.993,22.511
2025-12-22 15:30:00,,16.887,22.249,,19.681,,,17.171,17.171,,,20.573,16.376,21.556,22.886
2025-12-22 16:00:00,,16.825,22.499,,19.993,,,17.422,17.422,,,20.448,16.376,21.931,23.136
2025-12-22 16:30:00,,16.825,22.562,,20.369,,,17.61,17.61,,,20.323,16.376,22.181,23.199
2025-12-22 17:00:00,,16.762,22.499,,20.244,,,17.798,17.798,,,20.01,16.376,22.243,23.011
2025-12-22 17:30:00,,16.762,22.187,,19.993,,,17.923,17.923,,,19.447,16.376,22.118,22.698
2025-12-22 18:00:00,,16.699,21.687,,19.806,,,17.986,17.986,,,18.758,16.438,21.806,22.135
2025-12-22 18:30:00,,16.699,20.999,,19.555,,,17.986,17.986,,,18.007,16.501,21.305,21.51
2025-12-22 19:00:00,,16.637,20.311,,19.305,,,17.923,17.923,,,17.381,16.501,20.742,20.759
2025-12-22 19:30:00,,16.637,19.623,,18.992,,,17.798,17.798,,,16.88,16.563,20.117,20.071
2025-12-22 20:00:00,,16.574,19.06,,18.679,,,17.672,17.672,,,16.379,16.689,19.491,19.445
2025-12-22 20:30:00,,16.574,18.497,,18.428,,,17.547,17.547,,,16.066,16.751,18.99,18.818
2025-12-22 21:00:00,,16.512,17.934,,18.178,,,17.422,17.422,,,15.815,16.814,18.427,18.13
2025-12-22 21:30:00,,16.512,17.371,,17.927,,,17.234,17.234,,,15.565,16.876,17.926,17.629
2025-12-22 22:00:00,,16.449,16.933,,17.614,,,17.109,17.109,,,15.377,16.939,17.425,17.127
2025-12-22 22:30:00,,16.449,16.495,,17.364,,,16.983,16.983,,,15.189,17.002,16.987,16.626
2025-12-22 23:00:00,,16.449,16.056,,17.113,,,16.795,16.795,,,15.001,17.064,16.612,16.125
2025-12-22 23:30:00,,16.449,15.744,,16.863,,,16.67,16.67,,,14.813,17.127,16.236,15.561
2025-12-23 00:00:00,,16.449,15.368,,16.612,,,16.545,16.545,,,14.688,17.127,15.86,15.185
2025-12-23 00:30:00,,16.449,15.055,,16.361,,,16.419,16.419,,,14.625,17.189,15.547,14.934
2025-12-23 01:00:00,,16.449,14.805,,16.111,,,16.294,16.294,,,14.5,17.189,15.234,14.621
2025-12-23 01:30:00,,16.449,14.554,,15.86,,,16.231,16.231,,,14.437,17.252,14.983,14.37
2025-12-23 02:00:00,,16.449,14.367,,15.672,,,16.106,16.106,,,14.312,17.252,14.795,14.119
2025-12-23 02:30:00,,16.449,14.241,,15.484,,,15.981,15.981,,,14.124,17.252,14.607,13.994
2025-12-23 03:00:00,,16.512,14.116,,15.359,,,15.855,15.855,,,13.936,17.252,14.419,13.868
2025-12-23 03:30:00,,16.512,13.991,,15.171,,,15.793,15.793,,,13.811,17.315,14.294,13.805
2025-12-23 04:00:00,,16.574,13.866,,15.046,,,15.667,15.667,,,13.748,17.252,14.169,13.68
2025-12-23 04:30:00,,16.574,13.678,,14.92,,,15.542,15.542,,,13.685,17.252,14.043,13.429
2025-12-23 05:00:00,,16.637,13.553,,14.795,,,15.479,15.479,,,13.56,17.252,13.855,13.304
2025-12-23 05:30:00,,16.699,13.427,,14.669,,,15.354,15.354,,,13.497,17.252,13.73,13.241
2025-12-23 06:00:00,,16.699,13.302,,14.607,,,15.291,15.291,,,13.372,17.189,13.605,13.116
2025-12-23 06:30:00,,16.762,13.24,,14.481,,,15.166,15.166,,,13.247,17.189,13.479,13.053
2025-12-23 07:00:00,,16.762,13.114,,14.356,,,15.103,15.103,,,13.247,17.127,13.417,12.927
2025-12-23 07:30:00,,16.825,13.052,,14.293,,,14.978,14.978,,,13.121,17.127,13.354,12.865
2025-12-23 08:00:00,,16.825,12.989,,14.231,,,14.915,14.915,,,13.121,17.064,13.229,12.802
2025-12-23 08:30:00,,16.887,12.927,,14.231,,,14.853,14.853,,,13.247,17.002,13.166,12.802
2025-12-23 09:00:00,,16.887,12.927,,14.293,,,14.79,14.79,,,13.623,17.002,13.103,12.99
2025-12-23 09:30:00,,16.95,13.114,,14.481,,,14.727,14.727,,,14.124,16.939,13.229,13.931
2025-12-23 10:00:00,,16.95,13.49,,14.732,,,14.727,14.727,,,14.75,16.876,13.479,14.871
2025-12-23 10:30:00,,16.95,14.116,,15.108,,,14.79,14.79,,,15.377,16.814,13.855,15.561
2025-12-23 11:00:00,,17.012,14.805,,15.422,,,14.853,14.853,,,16.191,16.814,14.419,16.438
2025-12-23 11:30:00,,17.012,15.618,,15.86,,,14.978,14.978,,,17.005,16.751,15.108,17.253
2025-12-23 12:00:00,,17.012,16.62,,16.424,,,15.103,15.103,,,17.756,16.689,15.923,18.192
2025-12-23 12:30:00,,17.012,17.683,,16.988,,,15.291,15.291,,,18.57,16.626,16.862,19.194
2025-12-23 13:00:00,,17.012,18.81,,17.614,,,15.479,15.479,,,19.384,16.563,17.864,20.196
2025-12-23 13:30:00,,17.012,19.873,,18.303,,,15.667,15.667,,,20.135,16.563,18.928,21.134
2025-12-23 14:00:00,,17.012,20.811,,18.804,,,15.981,15.981,,,20.761,16.501,19.866,22.01
2025-12-23 14:30:00,,17.012,21.687,,19.117,,,16.231,16.231,,,21.136,16.501,20.805,22.824
2025-12-23 15:00:00,,17.012,22.374,,19.305,,,16.545,16.545,,,21.386,16.438,21.618,23.449
2025-12-23 15:30:00,,16.95,22.875,,19.555,,,16.858,16.858,,,21.386,16.438,22.243,23.887
2025-12-23 16:00:00,,16.95,23.125,,19.868,,,17.171,17.171,,,21.199,16.438,22.619,24.074
2025-12-23 16:30:00,,16.95,23.187,,20.056,,,17.422,17.422,,,20.823,16.438,22.869,24.074
2025-12-23 17:00:00,,16.887,23.062,,20.056,,,17.61,17.61,,,20.323,16.438,22.869,23.824
2025-12-23 17:30:00,,16.887,22.687,,19.931,,,17.798,17.798,,,19.697,16.501,22.744,23.449
2025-12-23 18:00:00,,16.825,22.187,,19.806,,,17.923,17.923,,,18.946,16.501,22.306,22.949
2025-12-23 18:30:00,,16.825,21.499,,19.618,,,17.986,17.986,,,18.257,16.563,21.806,22.323
2025-12-23 19:00:00,,16.762,20.811,,19.43,,,17.923,17.923,,,17.756,16.626,21.18,21.572
2025-12-23 19:30:00,,16.762,20.061,,19.305,,,17.923,17.923,,,17.381,16.626,20.555,20.822
2025-12-23 20:00:00,,16.699,19.435,,19.305,,,17.798,17.798,,,17.068,16.689,19.866,20.071
2025-12-23 20:30:00,,16.699,18.81,,19.242,,,17.735,17.735,,,16.755,16.751,19.303,19.319
2025-12-23 21:00:00,,16.637,18.247,,19.117,,,17.61,17.61,,,16.504,16.814,18.74,18.693
2025-12-23 21:30:00,,16.637,17.683,,18.867,,,17.484,17.484,,,16.316,16.876,18.177,17.942
2025-12-23 22:00:00,,16.574,17.245,,18.616,,,17.422,17.422,,,16.191,16.939,17.676,17.378
2025-12-23 22:30:00,,16.574,16.87,,18.366,,,17.297,17.297,,,16.003,17.002,17.3,16.939
2025-12-23 23:00:00,,16.574,16.557,,17.927,,,17.171,17.171,,,15.815,17.064,16.987,16.626
2025-12-23 23:30:00,,16.512,16.307,,17.614,,,17.046,17.046,,,15.69,17.127,16.674,16.25
2025-12-24 00:00:00,,16.512,16.056,,17.238,,,16.983,16.983,,,15.565,17.189,16.424,15.937
2025-12-24 00:30:00,,16.512,15.806,,16.988,,,16.858,16.858,,,15.377,17.252,16.173,15.749
2025-12-24 01:00:00,,16.512,15.556,,16.675,,,16.733,16.733,,,15.189,17.315,15.923,15.498
2025-12-24 01:30:00,,16.512,15.431,,16.424,,,16.67,16.67,,,15.001,17.315,15.735,15.31
2025-12-24 02:00:00,,16.512,15.243,,16.236,,,16.545,16.545,,,14.813,17.377,15.547,15.185
2025-12-24 02:30:00,,16.574,15.055,,16.048,,,16.482,16.482,,,14.688,17.377,15.359,14.997
2025-12-24 03:00:00,,16.574,14.867,,15.86,,,16.357,16.357,,,14.562,17.44,15.171,14.809
2025-12-24 03:30:00,,16.574,14.742,,15.672,,,16.294,16.294,,,14.437,17.44,15.046,14.621
2025-12-24 04:00:00,,16.637,14.554,,15.484,,,16.231,16.231,,,14.249,17.44,14.858,14.432
2025-12-24 04:30:00,,16.637,14.367,,15.296,,,16.106,16.106,,,14.061,17.44,14.67,14.244
2025-12-24 05:00:00,,16.699,14.241,,15.171,,,16.043,16.043,,,13.936,17.44,14.545,14.119
2025-12-24 05:30:00,,16.699,14.054,,14.983,,,15.981,15.981,,,13.811,17.44,14.357,13.994
2025-12-24 06:00:00,,16.762,13.866,,14.857,,,15.855,15.855,,,13.685,17.377,14.169,13.805
2025-12-24 06:30:00,,16.825,13.741,,14.732,,,15.793,15.793,,,13.56,17.377,14.043,13.68
2025-12-24 07:00:00,,16.825,13.615,,14.607,,,15.73,15.73,,,13.497,17.315,13.855,13.555
2025-12-24 07:30:00,,16.887,13.49,,14.481,,,15.667,15.667,,,13.497,17.315,13.73,13.492
2025-12-24 08:00:00,,16.95,13.427,,14.419,,,15.542,15.542,,,13.497,17.252,13.667,13.429
2025-12-24 08:30:00,,16.95,13.427,,14.356,,,15.479,15.479,,,13.56,17.252,13.605,13.492
2025-12-24 09:00:00,,17.012,13.427,,14.356,,,15.479,15.479,,,13.811,17.189,13.605,13.555
2025-12-24 09:30:00,,17.012,13.678,,14.419,,,15.417,15.417,,,14.124,17.127,13.73,13.994
2025-12-24 10:00:00,,17.075,14.054,,14.607,,,15.417,15.417,,,14.5,17.064,13.981,14.621
2025-12-24 10:30:00,,17.075,14.554,,14.857,,,15.354,15.354,,,14.938,17.064,14.419,15.185
2025-12-24 11:00:00,,17.137,15.18,,15.234,,,15.417,15.417,,,15.439,17.002,14.92,15.749
2025-12-24 11:30:00,,17.137,15.806,,15.735,,,15.479,15.479,,,15.94,16.939,15.547,16.501
2025-12-24 12:00:00,,17.137,16.557,,16.361,,,15.542,15.542,,,16.504,16.876,16.173,17.253
2025-12-24 12:30:00,,17.2,17.371,,16.925,,,15.605,15.605,,,17.068,16.814,16.925,18.067
2025-12-24 13:00:00,,17.2,18.121,,17.552,,,15.667,15.667,,,17.756,16.751,17.676,18.756
2025-12-24 13:30:00,,17.2,18.872,,18.178,,,15.793,15.793,,,18.883,16.751,18.427,19.507
2025-12-24 14:00:00,,17.137,19.498,,18.741,,,15.981,15.981,,,20.01,16.689,19.053,20.133
2025-12-24 14:30:00,,17.137,20.186,,19.242,,,16.169,16.169,,,20.823,16.689,19.741,21.009
2025-12-24 15:00:00,,17.137,20.999,,19.681,,,16.419,16.419,,,21.386,16.626,20.43,21.948
2025-12-24 15:30:00,,17.137,21.687,,19.931,,,16.67,16.67,,,21.574,16.626,21.18,22.636
2025-12-24 16:00:00,,17.075,22.187,,20.119,,,16.983,16.983,,,21.574,16.626,21.743,23.136
2025-12-24 16:30:00,,17.012,22.499,,20.244,,,17.297,17.297,,,21.324,16.626,22.181,23.449
2025-12-24 17:00:00,,17.012,22.625,,20.181,,,17.547,17.547,,,20.886,16.626,22.431,23.511
2025-12-24 17:30:00,,16.95,22.562,,19.993,,,17.798,17.798,,,20.385,16.626,22.431,23.324
2025-12-24 18:00:00,,16.95,22.249,,19.868,,,18.048,18.048,,,19.759,16.689,22.243,22.949
2025-12-24 18:30:00,,16.887,21.749,,19.681,,,18.173,18.173,,,19.196,16.689,21.868,22.448
2025-12-24 19:00:00,,16.825,21.186,,19.43,,,18.236,18.236,,,18.633,16.751,21.43,21.948
2025-12-24 19:30:00,,16.825,20.624,,19.242,,,18.236,18.236,,,18.195,16.814,20.93,21.322
2025-12-24 20:00:00,,16.762,20.123,,18.992,,,18.236,18.236,,,17.756,16.876,20.43,20.634
2025-12-24 20:30:00,,16.762,19.623,,18.741,,,18.173,18.173,,,17.443,16.939,19.929,20.008
2025-12-24 21:00:00,,16.699,19.185,,18.554,,,18.111,18.111,,,17.068,17.002,19.491,19.445
2025-12-24 21:30:00,,16.699,18.684,,18.303,,,17.986,17.986,,,16.817,17.064,19.053,18.944
2025-12-24 22:00:00,,16.637,18.309,,18.115,,,17.86,17.86,,,16.441,17.127,18.615,18.505
2025-12-24 22:30:00,,16.637,17.934,,17.99,,,17.735,17.735,,,16.191,17.127,18.302,17.942
2025-12-24 23:00:00,,16.637,17.558,,17.802,,,17.61,17.61,,,16.003,17.189,17.926,17.441
2025-12-24 23:30:00,,16.637,17.183,,17.614,,,17.484,17.484,,,15.815,17.252,17.551,16.877
2025-12-25 00:00:00,,16.574,16.807,,17.426,,,17.422,17.422,,,15.627,17.252,17.175,16.438
2025-12-25 00:30:00,,16.574,16.432,,17.238,,,17.234,17.234,,,15.502,17.315,16.799,16.0
2025-12-25 01:00:00,,16.574,16.119,,17.05,,,17.171,17.171,,,15.314,17.377,16.486,15.686
2025-12-25 01:30:00,,16.574,15.806,,16.863,,,17.046,17.046,,,15.126,17.377,16.173,15.373
2025-12-25 02:00:00,,16.574,15.493,,16.737,,,16.921,16.921,,,14.938,17.377,15.86,15.122
2025-12-25 02:30:00,,16.637,15.305,,16.549,,,16.795,16.795,,,14.813,17.44,15.61,14.997
2025-12-25 03:00:00,,16.637,15.118,,16.424,,,16.67,16.67,,,14.625,17.44,15.422,14.809
2025-12-25 03:30:00,,16.637,14.93,,16.299,,,16.545,16.545,,,14.5,17.44,15.234,14.746
2025-12-25 04:00:00,,16.699,14.805,,16.236,,,16.482,16.482,,,14.374,17.44,15.108,14.621
2025-12-25 04:30:00,,16.699,14.617,,16.111,,,16.357,16.357,,,14.312,17.44,14.92,14.432
2025-12-25 05:00:00,,16.762,14.492,,15.923,,,16.231,16.231,,,14.374,17.44,14.795,14.37
2025-12-25 05:30:00,,16.825,14.367,,15.797,,,16.169,16.169,,,14.187,17.44,14.607,14.182
2025-12-25 06:00:00,,16.825,14.241,,15.672,,,16.043,16.043,,,13.999,17.44,14.482,14.119
2025-12-25 06:30:00,,16.887,14.116,,15.547,,,15.918,15.918,,,13.873,17.44,14.357,14.056
2025-12-25 07:00:00,,16.95,14.054,,15.484,,,15.855,15.855,,,13.811,17.44,14.294,13.931
2025-12-25 07:30:00,,16.95,13.928,,15.359,,,15.73,15.73,,,13.811,17.377,14.231,13.868
2025-12-25 08:00:00,,17.012,13.866,,15.296,,,15.667,15.667,,,13.811,17.377,14.106,13.868
2025-12-25 08:30:00,,17.012,13.803,,15.234,,,15.605,15.605,,,13.999,17.377,14.043,13.805
2025-12-25 09:00:00,,17.075,13.803,,15.296,,,15.542,15.542,,,14.312,17.315,13.981,13.931
2025-12-25 09:30:00,,17.075,13.991,,15.422,,,15.479,15.479,,,14.75,17.315,14.106,14.746
2025-12-25 10:00:00,,17.137,14.429,,15.61,,,15.417,15.417,,,15.314,17.252,14.357,15.624
2025-12-25 10:30:00,,17.137,14.992,,15.985,,,15.417,15.417,,,15.94,17.252,14.795,16.376
2025-12-25 11:00:00,,17.2,15.681,,16.424,,,15.479,15.479,,,16.629,17.189,15.422,17.065
2025-12-25 11:30:00,,17.2,16.495,,16.863,,,15.542,15.542,,,17.381,17.189,16.111,17.879
2025-12-25 12:00:00,,17.2,17.433,,17.489,,,15.605,15.605,,,18.132,17.127,16.925,18.818
2025-12-25 12:30:00,,17.262,18.434,,18.115,,,15.73,15.73,,,18.946,17.127,17.864,19.758
2025-12-25 13:00:00,,17.262,19.498,,18.867,,,15.855,15.855,,,19.759,17.064,18.865,20.759
2025-12-25 13:30:00,,17.262,20.561,,19.618,,,16.043,16.043,,,20.573,17.064,19.866,21.698
2025-12-25 14:00:00,,17.262,21.562,,20.244,,,16.294,16.294,,,21.261,17.064,20.867,22.698
2025-12-25 14:30:00,,17.262,22.437,,20.745,,,16.607,16.607,,,21.762,17.002,21.806,23.511
2025-12-25 15:00:00,,17.262,23.125,,21.12,,,16.858,16.858,,,22.2,17.002,22.556,24.199
2025-12-25 15:30:00,,17.262,23.625,,21.37,,,17.234,17.234,,,22.387,17.002,23.181,24.637
2025-12-25 16:00:00,,17.262,24.0,,21.621,,,17.547,17.547,,,22.387,17.002,23.619,24.887
2025-12-25 16:30:00,,17.262,24.125,,21.871,,,17.86,17.86,,,22.2,17.002,23.869,25.012
2025-12-25 17:00:00,,17.262,24.125,,21.746,,,18.173,18.173,,,21.824,17.064,23.994,24.949
2025-12-25 17:30:00,,17.2,23.875,,21.558,,,18.424,18.424,,,21.324,17.127,23.869,24.699
2025-12-25 18:00:00,,17.2,23.437,,21.37,,,18.612,18.612,,,20.698,17.127,23.556,24.199
2025-12-25 18:30:00,,17.2,22.875,,21.12,,,18.8,18.8,,,20.072,17.189,23.056,23.574
2025-12-25 19:00:00,,17.137,22.312,,20.87,,,18.862,18.862,,,19.447,17.252,22.556,22.886
2025-12-25 19:30:00,,17.137,21.687,,20.557,,,18.925,18.925,,,18.946,17.315,21.993,22.198
2025-12-25 20:00:00,,17.137,21.124,,20.244,,,18.862,18.862,,,18.445,17.377,21.43,21.51
2025-12-25 20:30:00,,17.137,20.561,,19.931,,,18.8,18.8,,,18.007,17.44,20.93,20.884
2025-12-25 21:00:00,,17.075,20.123,,19.618,,,18.737,18.737,,,17.631,17.565,20.43,20.321
2025-12-25 21:30:00,,17.075,19.623,,19.305,,,18.612,18.612,,,17.318,17.628,19.992,19.82
2025-12-25 22:00:00,,17.075,19.185,,19.054,,,18.487,18.487,,,17.005,17.69,19.554,19.257
2025-12-25 22:30:00,,17.075,18.81,,18.679,,,18.361,18.361,,,16.755,17.753,19.116,18.756
2025-12-25 23:00:00,,17.075,18.372,,18.178,,,18.236,18.236,,,16.504,17.815,18.74,18.318
2025-12-25 23:30:00,,17.075,18.059,,17.802,,,18.111,18.111,,,16.379,17.878,18.364,17.816
2025-12-26 00:00:00,,17.075,17.683,,17.552,,,17.923,17.923,,,16.254,17.94,18.051,17.378
2025-12-26 00:30:00,,17.075,17.308,,17.301,,,17.798,17.798,,,16.066,18.003,17.676,16.939
2025-12-26 01:00:00,,17.075,16.933,,17.05,,,17.672,17.672,,,15.94,18.003,17.3,16.626
2025-12-26 01:30:00,,17.075,16.62,,16.925,,,17.547,17.547,,,15.753,18.066,16.987,16.376
2025-12-26 02:00:00,,17.075,16.307,,16.737,,,17.422,17.422,,,15.565,18.066,16.674,16.0
2025-12-26 02:30:00,,17.137,16.119,,16.549,,,17.359,17.359,,,15.377,18.128,16.424,15.749
2025-12-26 03:00:00,,17.137,15.869,,16.424,,,17.234,17.234,,,15.189,18.128,16.173,15.561
2025-12-26 03:30:00,,17.2,15.681,,16.236,,,17.109,17.109,,,15.001,18.128,15.985,15.31
2025-12-26 04:00:00,,17.262,15.493,,16.111,,,16.983,16.983,,,14.813,18.128,15.797,15.122
2025-12-26 04:30:00,,17.262,15.243,,15.985,,,16.858,16.858,,,14.688,18.128,15.547,14.934
2025-12-26 05:00:00,,17.325,15.055,,15.797,,,16.733,16.733,,,14.5,18.066,15.359,14.683
2025-12-26 05:30:00,,17.388,14.867,,15.735,,,16.607,16.607,,,14.374,18.066,15.171,14.558
2025-12-26 06:00:00,,17.388,14.68,,15.735,,,16.482,16.482,,,14.249,18.066,14.983,14.432
2025-12-26 06:30:00,,17.45,14.492,,15.735,,,16.419,16.419,,,14.187,18.003,14.795,14.244
2025-12-26 07:00:00,,17.513,14.304,,15.672,,,16.294,16.294,,,14.124,18.003,14.607,14.119
2025-12-26 07:30:00,,17.575,14.241,,15.484,,,16.169,16.169,,,14.187,17.94,14.482,14.119
2025-12-26 08:00:00,,17.575,14.179,,15.422,,,16.106,16.106,,,14.187,17.94,14.419,14.182
2025-12-26 08:30:00,,17.638,14.179,,15.422,,,16.043,16.043,,,14.374,17.878,14.357,14.244
2025-12-26 09:00:00,,17.7,14.241,,15.422,,,15.918,15.918,,,14.625,17.878,14.357,14.37
2025-12-26 09:30:00,,17.7,14.429,,15.61,,,15.855,15.855,,,15.001,17.815,14.482,15.059
2025-12-26 10:00:00,,17.763,14.742,,15.86,,,15.855,15.855,,,15.502,17.753,14.733,15.749
2025-12-26 10:30:00,,17.763,15.243,,16.236,,,15.855,15.855,,,16.128,17.753,15.171,16.438
2025-12-26 11:00:00,,17.825,15.931,,16.549,,,15.855,15.855,,,16.817,17.69,15.735,17.127
2025-12-26 11:30:00,,17.825,16.682,,16.863,,,15.918,15.918,,,17.569,17.628,16.361,17.879
2025-12-26 12:00:00,,17.825,17.558,,16.925,,,15.981,15.981,,,18.32,17.628,17.175,18.756
2025-12-26 12:30:00,,17.888,18.559,,17.238,,,16.043,16.043,,,19.071,17.565,18.051,19.695
2025-12-26 13:00:00,,17.888,19.623,,17.677,,,16.231,16.231,,,19.885,17.502,19.053,20.634
2025-12-26 13:30:00,,17.888,20.624,,18.115,,,16.419,16.419,,,20.698,17.502,20.054,21.635
2025-12-26 14:00:00,,17.888,21.562,,18.554,,,16.607,16.607,,,21.386,17.44,20.993,22.511
2025-12-26 14:30:00,,17.825,22.374,,18.929,,,16.858,16.858,,,21.887,17.44,21.868,23.261
2025-12-26 15:00:00,,17.825,23.062,,19.242,,,17.171,17.171,,,22.2,17.377,22.556,23.949
2025-12-26 15:30:00,,17.825,23.625,,19.555,,,17.484,17.484,,,22.387,17.377,23.181,24.324
2025-12-26 16:00:00,,17.763,23.937,,19.743,,,17.798,17.798,,,22.325,17.377,23.619,24.637
2025-12-26 16:30:00,,17.763,24.062,,19.868,,,18.111,18.111,,,22.012,17.377,23.807,24.574
2025-12-26 17:00:00,,17.7,23.937,,19.806,,,18.361,18.361,,,21.574,17.377,23.807,24.449
2025-12-26 17:30:00,,17.7,23.625,,19.681,,,18.612,18.612,,,21.073,17.377,23.619,24.137
2025-12-26 18:00:00,,17.638,23.187,,19.493,,,18.8,18.8,,,20.385,17.377,23.306,23.699
2025-12-26 18:30:00,,17.575,22.687,,19.493,,,18.988,18.988,,,19.759,17.44,22.869,23.199
2025-12-26 19:00:00,,17.513,22.124,,19.681,,,19.05,19.05,,,19.196,17.44,22.369,22.573
2025-12-26 19:30:00,,17.513,21.437,,19.743,,,19.05,19.05,,,18.695,17.502,21.806,21.823
2025-12-26 20:00:00,,17.45,20.874,,19.618,,,18.988,18.988,,,18.257,17.502,21.18,21.134
2025-12-26 20:30:00,,17.45,20.311,,19.43,,,18.925,18.925,,,17.882,17.565,20.68,20.509
2025-12-26 21:00:00,,17.388,19.81,,19.18,,,18.8,18.8,,,17.506,17.628,20.179,19.945
2025-12-26 21:30:00,,17.388,19.373,,18.992,,,18.674,18.674,,,17.193,17.628,19.679,19.445
2025-12-26 22:00:00,,17.325,18.872,,18.428,,,18.549,18.549,,,16.942,17.69,19.241,18.944
2025-12-26 22:30:00,,17.325,18.497,,17.99,,,18.424,18.424,,,16.692,17.69,18.865,18.505
2025-12-26 23:00:00,,17.325,18.121,,17.677,,,18.299,18.299,,,16.504,17.753,18.49,17.942
2025-12-26 23:30:00,,17.262,17.746,,17.426,,,18.173,18.173,,,16.316,17.815,18.114,17.441
2025-12-27 00:00:00,,17.262,17.371,,17.176,,,17.986,17.986,,,16.191,17.815,17.739,17.065
2025-12-27 00:30:00,,17.262,16.995,,16.988,,,17.86,17.86,,,16.066,17.878,17.363,16.814
2025-12-27 01:00:00,,17.262,16.682,,16.8,,,17.735,17.735,,,15.94,17.878,17.05,16.438
2025-12-27 01:30:00,,17.262,16.432,,16.675,,,17.61,17.61,,,15.753,17.878,16.737,16.125
2025-12-27 02:00:00,,17.262,16.182,,16.487,,,17.547,17.547,,,15.565,17.878,16.486,15.812
2025-12-27 02:30:00,,17.262,15.931,,16.361,,,17.422,17.422,,,15.377,17.94,16.236,15.686
2025-12-27 03:00:00,,17.262,15.744,,16.236,,,17.297,17.297,,,15.252,17.878,16.048,15.498
2025-12-27 03:30:00,,17.325,15.618,,16.048,,,17.171,17.171,,,15.189,17.878,15.86,15.31
2025-12-27 04:00:00,,17.325,15.431,,15.985,,,17.046,17.046,,,15.064,17.878,15.735,15.185
2025-12-27 04:30:00,,17.325,15.243,,15.86,,,16.983,16.983,,,14.938,17.878,15.547,15.059
2025-12-27 05:00:00,,17.325,15.118,,15.797,,,16.858,16.858,,,14.813,17.878,15.359,14.871
2025-12-27 05:30:00,,17.388,14.93,,15.672,,,16.733,16.733,,,14.688,17.815,15.234,14.683
2025-12-27 06:00:00,,17.388,14.805,,15.547,,,16.67,16.67,,,14.5,17.815,15.046,14.558
2025-12-27 06:30:00,,17.388,14.68,,15.422,,,16.545,16.545,,,14.374,17.815,14.92,14.432
2025-12-27 07:00:00,,17.388,14.554,,15.296,,,16.419,16.419,,,14.249,17.753,14.795,14.307
2025-12-27 07:30:00,,17.45,14.429,,15.171,,,16.357,16.357,,,14.187,17.69,14.67,14.307
2025-12-27 08:00:00,,17.45,14.367,,15.108,,,16.231,16.231,,,14.187,17.69,14.607,14.244
2025-12-27 08:30:00,,17.45,14.304,,15.046,,,16.169,16.169,,,14.374,17.628,14.545,14.244
2025-12-27 09:00:00,,17.513,14.241,,15.108,,,16.106,16.106,,,14.625,17.565,14.482,14.307
2025-12-27 09:30:00,,17.513,14.429,,15.234,,,16.043,16.043,,,15.001,17.565,14.545,15.059
2025-12-27 10:00:00,,17.513,14.742,,15.484,,,15.981,15.981,,,15.502,17.502,14.795,15.749
2025-12-27 10:30:00,,17.513,15.305,,15.985,,,15.981,15.981,,,16.066,17.44,15.171,16.501
2025-12-27 11:00:00,,17.575,15.931,,16.424,,,15.981,15.981,,,16.817,17.44,15.735,17.253
2025-12-27 11:30:00,,17.575,16.745,,16.925,,,15.981,15.981,,,17.569,17.377,16.424,18.004
2025-12-27 12:00:00,,17.575,17.621,,17.552,,,16.043,16.043,,,18.382,17.315,17.238,18.881
2025-12-27 12:30:00,,17.575,18.622,,18.24,,,16.169,16.169,,,19.134,17.315,18.114,19.883
2025-12-27 13:00:00,,17.575,19.685,,18.867,,,16.294,16.294,,,19.947,17.252,19.116,20.822
2025-12-27 13:30:00,,17.575,20.686,,19.242,,,16.419,16.419,,,20.698,17.252,20.117,21.76
2025-12-27 14:00:00,,17.575,21.624,,19.43,,,16.67,16.67,,,21.386,17.189,21.055,22.636
2025-12-27 14:30:00,,17.575,22.437,,19.743,,,16.921,16.921,,,21.824,17.189,21.868,23.449
2025-12-27 15:00:00,,17.575,23.062,,19.993,,,17.171,17.171,,,22.137,17.127,22.619,24.012
2025-12-27 15:30:00,,17.575,23.625,,20.369,,,17.484,17.484,,,22.325,17.127,23.181,24.449
2025-12-27 16:00:00,,17.513,23.937,,20.745,,,17.798,17.798,,,22.262,17.127,23.619,24.762
2025-12-27 16:30:00,,17.513,24.062,,21.12,,,18.048,18.048,,,22.074,17.189,23.869,24.824
2025-12-27 17:00:00,,17.513,24.0,,21.12,,,18.361,18.361,,,21.699,17.189,23.869,24.699
2025-12-27 17:30:00,,17.513,23.75,,20.995,,,18.612,18.612,,,21.261,17.189,23.744,24.387
2025-12-27 18:00:00,,17.45,23.312,,20.87,,,18.8,18.8,,,20.698,17.252,23.431,23.949
2025-12-27 18:30:00,,17.45,22.75,,20.682,,,18.988,18.988,,,20.072,17.315,22.931,23.386
2025-12-27 19:00:00,,17.45,22.187,,20.369,,,19.05,19.05,,,19.509,17.377,22.431,22.824
2025-12-27 19:30:00,,17.388,21.624,,20.119,,,19.113,19.113,,,19.071,17.377,21.868,22.135
2025-12-27 20:00:00,,17.388,21.061,,19.806,,,19.113,19.113,,,18.633,17.502,21.368,21.572
2025-12-27 20:30:00,,17.388,20.624,,19.555,,,19.05,19.05,,,18.257,17.502,20.93,20.947
2025-12-27 21:00:00,,17.325,20.186,,19.367,,,18.988,18.988,,,17.944,17.628,20.492,20.384
2025-12-27 21:30:00,,17.325,19.748,,19.18,,,18.862,18.862,,,17.631,17.628,20.054,19.945
2025-12-27 22:00:00,,17.325,19.31,,18.992,,,18.737,18.737,,,17.381,17.753,19.616,19.507
2025-12-27 22:30:00,,17.325,18.935,,18.741,,,18.612,18.612,,,17.068,17.753,19.303,19.132
2025-12-27 23:00:00,,17.262,18.622,,18.428,,,18.487,18.487,,,16.817,17.815,18.928,18.693
2025-12-27 23:30:00,,17.262,18.247,,18.115,,,18.361,18.361,,,16.567,17.878,18.615,18.255
2025-12-28 00:00:00,,17.262,17.934,,17.865,,,18.236,18.236,,,16.379,17.94,18.302,17.691
2025-12-28 00:30:00,,17.262,17.621,,17.677,,,18.111,18.111,,,16.254,18.003,17.989,17.253
2025-12-28 01:00:00,,17.262,17.245,,17.489,,,17.986,17.986,,,16.066,18.003,17.613,16.814
2025-12-28 01:30:00,,17.262,16.933,,17.238,,,17.86,17.86,,,15.94,18.003,17.3,16.501
2025-12-28 02:00:00,,17.262,16.557,,17.05,,,17.735,17.735,,,15.753,18.066,16.925,16.188
2025-12-28 02:30:00,,17.262,16.307,,16.863,,,17.61,17.61,,,15.565,18.066,16.674,15.937
2025-12-28 03:00:00,,17.325,16.056,,16.737,,,17.484,17.484,,,15.439,18.066,16.424,15.686
2025-12-28 03:30:00,,17.325,15.869,,16.612,,,17.359,17.359,,,15.252,18.128,16.173,15.498
2025-12-28 04:00:00,,17.325,15.681,,16.487,,,17.297,17.297,,,15.126,18.128,15.985,15.373
2025-12-28 04:30:00,,17.325,15.493,,16.299,,,17.171,17.171,,,14.938,18.128,15.797,15.185
2025-12-28 05:00:00,,17.388,15.305,,16.173,,,17.046,17.046,,,14.813,18.066,15.61,14.997
2025-12-28 05:30:00,,17.388,15.118,,16.048,,,16.921,16.921,,,14.688,18.066,15.422,14.871
2025-12-28 06:00:00,,17.388,14.992,,15.923,,,16.795,16.795,,,14.562,18.066,15.234,14.746
2025-12-28 06:30:00,,17.45,14.867,,15.797,,,16.733,16.733,,,14.5,18.066,15.108,14.621
2025-12-28 07:00:00,,17.45,14.68,,15.735,,,16.607,16.607,,,14.437,18.003,14.983,14.558
2025-12-28 07:30:00,,17.513,14.617,,15.672,,,16.545,16.545,,,14.437,18.003,14.858,14.558
2025-12-28 08:00:00,,17.513,14.554,,15.61,,,16.419,16.419,,,14.437,18.003,14.795,14.495
2025-12-28 08:30:00,,17.575,14.554,,15.672,,,16.357,16.357,,,14.688,17.94,14.733,14.558
2025-12-28 09:00:00,,17.575,14.554,,15.797,,,16.231,16.231,,,15.001,17.94,14.733,14.683
2025-12-28 09:30:00,,17.575,14.742,,15.985,,,16.231,16.231,,,15.377,17.878,14.858,15.435
2025-12-28 10:00:00,,17.638,15.118,,16.173,,,16.169,16.169,,,15.94,17.878,15.108,16.313
2025-12-28 10:30:00,,17.638,15.618,,16.487,,,16.106,16.106,,,16.567,17.815,15.547,17.065
2025-12-28 11:00:00,,17.7,16.307,,16.863,,,16.169,16.169,,,17.256,17.753,16.111,17.754
2025-12-28 11:30:00,,17.7,17.12,,17.301,,,16.169,16.169,,,18.007,17.753,16.799,18.568
2025-12-28 12:00:00,,17.7,18.059,,17.927,,,16.231,16.231,,,18.695,17.69,17.613,19.382
2025-12-28 12:30:00,,17.7,18.997,,18.491,,,16.357,16.357,,,19.321,17.69,18.49,20.133
2025-12-28 13:00:00,,17.7,19.81,,19.117,,,16.482,16.482,,,20.072,17.628,19.366,20.947
2025-12-28 13:30:00,,17.763,20.749,,19.743,,,16.607,16.607,,,20.761,17.628,20.242,21.823
2025-12-28 14:00:00,,17.763,21.562,,20.244,,,16.858,16.858,,,21.449,17.565,21.055,22.573
2025-12-28 14:30:00,,17.763,22.312,,20.682,,,17.046,17.046,,,21.824,17.565,21.806,23.261
2025-12-28 15:00:00,,17.763,22.875,,20.995,,,17.297,17.297,,,22.012,17.565,22.431,23.761
2025-12-28 15:30:00,,17.763,23.187,,21.245,,,17.61,17.61,,,22.074,17.565,22.869,24.074
2025-12-28 16:00:00,,17.763,23.437,,21.433,,,17.86,17.86,,,22.012,17.565,23.181,24.324
2025-12-28 16:30:00,,17.763,23.625,,21.683,,,18.173,18.173,,,21.887,17.565,23.369,24.449
2025-12-28 17:00:00,,17.763,23.625,,21.621,,,18.424,18.424,,,21.574,17.565,23.494,24.449
2025-12-28 17:30:00,,17.763,23.437,,21.37,,,18.612,18.612,,,21.136,17.628,23.369,24.199
2025-12-28 18:00:00,,17.763,23.0,,21.183,,,18.8,18.8,,,20.573,17.628,23.119,23.761
2025-12-28 18:30:00,,17.7,22.499,,20.995,,,18.988,18.988,,,19.947,17.69,22.681,23.261
2025-12-28 19:00:00,,17.7,21.937,,20.745,,,19.05,19.05,,,19.321,17.753,22.181,22.698
2025-12-28 19:30:00,,17.7,21.437,,20.494,,,19.05,19.05,,,18.758,17.815,21.681,22.073
2025-12-28 20:00:00,,17.7,20.936,,20.244,,,19.05,19.05,,,18.32,17.878,21.18,21.572
2025-12-28 20:30:00,,17.7,20.498,,19.993,,,18.988,18.988,,,18.007,17.94,20.742,21.009
2025-12-28 21:00:00,,17.638,20.061,,19.681,,,18.925,18.925,,,17.694,18.003,20.367,20.509
2025-12-28 21:30:00,,17.638,19.623,,19.493,,,18.8,18.8,,,17.506,18.066,19.992,20.008
2025-12-28 22:00:00,,17.638,19.247,,19.242,,,18.674,18.674,,,17.193,18.128,19.554,19.632
2025-12-28 22:30:00,,17.638,18.872,,18.867,,,18.549,18.549,,,16.88,18.191,19.178,19.132
2025-12-28 23:00:00,,17.638,18.497,,18.491,,,18.424,18.424,,,16.629,18.253,18.803,18.443
2025-12-28 23:30:00,,17.638,18.121,,18.24,,,18.299,18.299,,,16.441,18.316,18.427,17.816
2025-12-29 00:00:00,,17.575,17.746,,17.927,,,18.173,18.173,,,16.254,18.316,18.051,17.378
2025-12-29 00:30:00,,17.638,17.308,,17.614,,,18.048,18.048,,,16.128,18.379,17.676,17.002
2025-12-29 01:00:00,,17.638,16.995,,17.364,,,17.923,17.923,,,15.94,18.379,17.363,16.626
2025-12-29 01:30:00,,17.638,16.62,,17.176,,,17.798,17.798,,,15.815,18.441,16.987,16.376
2025-12-29 02:00:00,,17.638,16.369,,16.925,,,17.672,17.672,,,15.69,18.441,16.674,16.062
2025-12-29 02:30:00,,17.638,16.119,,16.737,,,17.547,17.547,,,15.502,18.441,16.424,15.874
2025-12-29 03:00:00,,17.638,15.869,,16.675,,,17.422,17.422,,,15.377,18.504,16.236,15.686
2025-12-29 03:30:00,,17.7,15.744,,16.612,,,17.359,17.359,,,15.314,18.504,16.048,15.498
2025-12-29 04:00:00,,17.7,15.556,,16.612,,,17.234,17.234,,,15.252,18.504,15.86,15.435
2025-12-29 04:30:00,,17.7,15.431,,16.549,,,17.171,17.171,,,15.252,18.504,15.672,15.31
2025-12-29 05:00:00,,17.7,15.305,,16.487,,,17.046,17.046,,,15.126,18.441,15.547,15.122
2025-12-29 05:30:00,,17.763,15.18,,16.361,,,16.921,16.921,,,14.938,18.441,15.422,14.997
2025-12-29 06:00:00,,17.763,15.055,,16.236,,,16.858,16.858,,,14.75,18.441,15.296,14.934
2025-12-29 06:30:00,,17.825,14.93,,16.111,,,16.733,16.733,,,14.688,18.441,15.171,14.809
2025-12-29 07:00:00,,17.825,14.867,,15.985,,,16.67,16.67,,,14.625,18.379,15.108,14.746
2025-12-29 07:30:00,,17.888,14.742,,15.923,,,16.545,16.545,,,14.625,18.379,14.983,14.683
2025-12-29 08:00:00,,17.888,14.68,,15.86,,,16.482,16.482,,,14.562,18.316,14.92,14.683
2025-12-29 08:30:00,,17.888,14.68,,15.797,,,16.419,16.419,,,14.75,18.316,14.858,14.683
2025-12-29 09:00:00,,17.951,14.68,,15.86,,,16.294,16.294,,,15.001,18.253,14.795,14.746
2025-12-29 09:30:00,,17.951,14.867,,15.985,,,16.231,16.231,,,15.439,18.253,14.92,15.498
2025-12-29 10:00:00,,17.951,15.18,,16.236,,,16.169,16.169,,,15.94,18.191,15.171,16.438
2025-12-29 10:30:00,,18.013,15.681,,16.549,,,16.169,16.169,,,16.567,18.191,15.547,17.19
2025-12-29 11:00:00,,18.013,16.369,,16.863,,,16.169,16.169,,,17.256,18.128,16.111,17.879
2025-12-29 11:30:00,,18.013,17.12,,17.364,,,16.231,16.231,,,18.007,18.066,16.799,18.631
2025-12-29 12:00:00,,18.076,18.059,,17.99,,,16.294,16.294,,,18.821,18.066,17.613,19.507
2025-12-29 12:30:00,,18.076,19.06,,18.679,,,16.357,16.357,,,19.572,18.003,18.552,20.446
2025-12-29 13:00:00,,18.076,20.061,,19.305,,,16.482,16.482,,,20.323,18.003,19.491,21.447
2025-12-29 13:30:00,,18.076,21.061,,20.056,,,16.67,16.67,,,21.199,17.94,20.492,22.323
2025-12-29 14:00:00,,18.076,21.999,,20.619,,,16.921,16.921,,,21.824,17.878,21.368,23.199
2025-12-29 14:30:00,,18.076,22.812,,21.183,,,17.171,17.171,,,22.2,17.878,22.243,23.949
2025-12-29 15:00:00,,18.138,23.437,,21.558,,,17.422,17.422,,,22.512,17.878,22.994,24.574
2025-12-29 15:30:00,,18.138,23.875,,21.808,,,17.735,17.735,,,22.637,17.878,23.494,24.949
2025-12-29 16:00:00,,18.138,24.187,,22.059,,,17.986,17.986,,,22.512,17.878,23.869,25.199
2025-12-29 16:30:00,,18.076,24.312,,22.309,,,18.299,18.299,,,22.325,17.878,24.119,25.262
2025-12-29 17:00:00,,18.076,24.25,,22.121,,,18.612,18.612,,,21.949,17.878,24.119,25.199
2025-12-29 17:30:00,,18.076,24.062,,21.808,,,18.8,18.8,,,21.511,17.94,23.994,24.949
2025-12-29 18:00:00,,18.076,23.625,,21.558,,,18.988,18.988,,,20.948,17.94,23.682,24.512
2025-12-29 18:30:00,,18.076,23.062,,21.308,,,19.175,19.175,,,20.385,18.003,23.244,23.949
2025-12-29 19:00:00,,18.076,22.499,,21.057,,,19.238,19.238,,,19.759,18.066,22.744,23.324
2025-12-29 19:30:00,,18.013,21.874,,20.745,,,19.301,19.301,,,19.259,18.128,22.181,22.698
2025-12-29 20:00:00,,18.013,21.311,,20.432,,,19.301,19.301,,,18.758,18.128,21.618,22.073
2025-12-29 20:30:00,,18.013,20.874,,20.119,,,19.238,19.238,,,18.445,18.253,21.18,21.51
2025-12-29 21:00:00,,18.013,20.498,,19.868,,,19.175,19.175,,,18.069,18.253,20.742,20.947
2025-12-29 21:30:00,,17.951,20.061,,19.555,,,19.05,19.05,,,17.819,18.379,20.367,20.509
2025-12-29 22:00:00,,17.951,19.685,,19.305,,,18.925,18.925,,,17.506,18.379,19.992,20.008
2025-12-29 22:30:00,,17.951,19.31,,18.929,,,18.8,18.8,,,17.193,18.441,19.616,19.57
2025-12-29 23:00:00,,17.951,18.935,,18.616,,,18.674,18.674,,,16.88,18.504,19.241,19.006
2025-12-29 23:30:00,,17.951,18.559,,18.366,,,18.549,18.549,,,16.629,18.566,18.865,18.255
2025-12-30 00:00:00,,17.888,18.184,,18.115,,,18.361,18.361,,,16.441,18.629,18.49,17.754
2025-12-30 00:30:00,,17.951,17.746,,17.865,,,18.236,18.236,,,16.316,18.629,18.114,17.315
2025-12-30 01:00:00,,17.888,17.371,,17.614,,,18.111,18.111,,,16.191,18.691,17.739,16.939
2025-12-30 01:30:00,,17.951,17.058,,17.426,,,17.986,17.986,,,16.003,18.691,17.425,16.564
2025-12-30 02:00:00,,17.951,16.682,,17.238,,,17.86,17.86,,,15.815,18.691,17.05,16.25
2025-12-30 02:30:00,,17.951,16.432,,17.113,,,17.735,17.735,,,15.69,18.754,16.737,16.125
2025-12-30 03:00:00,,17.951,16.182,,16.988,,,17.672,17.672,,,15.565,18.754,16.486,15.937
2025-12-30 03:30:00,,17.951,15.994,,16.925,,,17.547,17.547,,,15.377,18.754,16.298,15.749
2025-12-30 04:00:00,,18.013,15.806,,16.863,,,17.422,17.422,,,15.314,18.754,16.111,15.686
2025-12-30 04:30:00,,18.013,15.681,,16.8,,,17.297,17.297,,,15.377,18.754,15.923,15.561
2025-12-30 05:00:00,,18.013,15.493,,16.675,,,17.171,17.171,,,15.314,18.754,15.797,15.373
2025-12-30 05:30:00,,18.076,15.368,,16.549,,,17.109,17.109,,,15.126,18.691,15.672,15.247
2025-12-30 06:00:00,,18.076,15.243,,16.487,,,16.983,16.983,,,15.064,18.691,15.547,15.185
2025-12-30 06:30:00,,18.076,15.18,,16.361,,,16.921,16.921,,,15.001,18.691,15.422,15.185
2025-12-30 07:00:00,,18.138,15.118,,16.299,,,16.795,16.795,,,14.938,18.629,15.359,15.122
2025-12-30 07:30:00,,18.138,15.055,,16.236,,,16.733,16.733,,,14.876,18.629,15.296,15.059
2025-12-30 08:00:00,,18.138,15.055,,16.111,,,16.607,16.607,,,14.813,18.566,15.234,14.997
2025-12-30 08:30:00,,18.201,14.992,,16.111,,,16.545,16.545,,,14.938,18.566,15.171,15.059
2025-12-30 09:00:00,,18.201,14.992,,16.111,,,16.419,16.419,,,15.189,18.504,15.171,15.122
2025-12-30 09:30:00,,18.263,15.18,,16.299,,,16.357,16.357,,,15.627,18.504,15.234,15.874
2025-12-30 10:00:00,,18.263,15.493,,16.487,,,16.357,16.357,,,16.191,18.441,15.484,16.877
2025-12-30 10:30:00,,18.263,15.931,,16.8,,,16.294,16.294,,,16.755,18.441,15.86,17.566
2025-12-30 11:00:00,,18.326,16.62,,17.176,,,16.357,16.357,,,17.443,18.379,16.361,18.192
2025-12-30 11:30:00,,18.326,17.371,,17.677,,,16.357,16.357,,,18.257,18.316,17.05,18.881
2025-12-30 12:00:00,,18.326,18.247,,18.303,,,16.419,16.419,,,19.071,18.316,17.864,19.82
2025-12-30 12:30:00,,18.326,19.247,,18.929,,,16.545,16.545,,,19.885,18.253,18.74,20.822
2025-12-30 13:00:00,,18.326,20.248,,19.555,,,16.67,16.67,,,20.635,18.253,19.741,21.76
2025-12-30 13:30:00,,18.326,21.249,,20.306,,,16.858,16.858,,,21.449,18.191,20.68,22.698
2025-12-30 14:00:00,,18.388,22.187,,20.932,,,17.046,17.046,,,22.137,18.191,21.618,23.574
2025-12-30 14:30:00,,18.326,23.125,,21.433,,,17.297,17.297,,,22.512,18.128,22.494,24.387
2025-12-30 15:00:00,,18.388,23.812,,21.808,,,17.547,17.547,,,22.825,18.128,23.306,25.012
2025-12-30 15:30:00,,18.326,24.312,,22.059,,,17.86,17.86,,,23.013,18.128,23.869,25.449
2025-12-30 16:00:00,,18.326,24.687,,22.371,,,18.173,18.173,,,23.013,18.128,24.307,25.762
2025-12-30 16:30:00,,18.326,24.812,,22.622,,,18.487,18.487,,,22.825,18.128,24.557,25.887
2025-12-30 17:00:00,,18.326,24.75,,22.496,,,18.737,18.737,,,22.512,18.128,24.619,25.887
2025-12-30 17:30:00,,18.326,24.562,,22.059,,,18.988,18.988,,,22.012,18.128,24.494,25.637
2025-12-30 18:00:00,,18.326,24.187,,21.746,,,19.175,19.175,,,21.449,18.191,24.244,25.199
2025-12-30 18:30:00,,18.326,23.625,,21.495,,,19.363,19.363,,,20.761,18.253,23.744,24.699
2025-12-30 19:00:00,,18.263,23.062,,21.183,,,19.488,19.488,,,20.072,18.316,23.244,24.074
2025-12-30 19:30:00,,18.263,22.437,,20.932,,,19.551,19.551,,,19.509,18.379,22.681,23.449
2025-12-30 20:00:00,,18.263,21.937,,20.619,,,19.488,19.488,,,19.071,18.441,22.181,22.761
2025-12-30 20:30:00,,18.263,21.437,,20.306,,,19.488,19.488,,,18.758,18.504,21.681,22.135
2025-12-30 21:00:00,,18.201,20.936,,20.119,,,19.426,19.426,,,18.445,18.504,21.243,21.51
2025-12-30 21:30:00,,18.201,20.436,,19.993,,,19.301,19.301,,,18.195,18.566,20.805,20.947
2025-12-30 22:00:00,,18.201,19.998,,19.806,,,19.175,19.175,,,17.882,18.691,20.367,20.446
2025-12-30 22:30:00,,18.201,19.623,,19.43,,,19.113,19.113,,,17.569,18.691,19.929,19.883
2025-12-30 23:00:00,,18.138,19.247,,19.054,,,18.925,18.925,,,17.193,18.754,19.616,19.132
2025-12-30 23:30:00,,18.138,18.935,,18.679,,,18.8,18.8,,,16.942,18.817,19.241,18.443
2025-12-31 00:00:00,,18.138,18.497,,18.366,,,18.674,18.674,,,16.692,18.879,18.865,17.942
2025-12-31 00:30:00,,18.138,18.121,,18.115,,,18.549,18.549,,,16.504,18.879,18.49,17.566
2025-12-31 01:00:00,,18.138,17.746,,17.865,,,18.424,18.424,,,16.379,18.942,18.114,17.253
2025-12-31 01:30:00,,18.138,17.371,,17.614,,,18.299,18.299,,,16.191,18.942,17.739,16.877
2025-12-31 02:00:00,,18.138,17.058,,17.426,,,18.173,18.173,,,16.066,19.004,17.425,16.501
2025-12-31 02:30:00,,18.201,16.745,,17.238,,,18.048,18.048,,,15.94,19.004,17.112,16.313
2025-12-31 03:00:00,,18.201,16.495,,17.113,,,17.923,17.923,,,15.753,19.004,16.862,16.062
2025-12-31 03:30:00,,18.201,16.244,,16.925,,,17.798,17.798,,,15.565,19.004,16.549,15.874
2025-12-31 04:00:00,,18.201,15.994,,16.8,,,17.672,17.672,,,15.377,19.004,16.361,15.686
2025-12-31 04:30:00,,18.263,15.806,,16.675,,,17.547,17.547,,,15.252,19.004,16.173,15.561
2025-12-31 05:00:00,,18.263,15.618,,16.549,,,17.422,17.422,,,15.189,19.004,15.985,15.435
2025-12-31 05:30:00,,18.263,15.493,,16.487,,,17.359,17.359,,,15.064,18.942,15.797,15.185
2025-12-31 06:00:00,,18.326,15.305,,16.299,,,17.234,17.234,,,15.001,18.942,15.61,14.997
2025-12-31 06:30:00,,18.326,15.118,,16.236,,,17.109,17.109,,,15.001,18.942,15.422,14.871
2025-12-31 07:00:00,,18.388,14.93,,16.111,,,16.983,16.983,,,14.75,18.879,15.234,14.683
2025-12-31 07:30:00,,18.388,14.805,,15.985,,,16.921,16.921,,,14.625,18.879,15.108,14.683
2025-12-31 08:00:00,,18.451,14.742,,15.923,,,16.795,16.795,,,14.625,18.817,14.983,14.683
2025-12-31 08:30:00,,18.451,14.68,,15.86,,,16.67,16.67,,,14.813,18.817,14.92,14.621
2025-12-31 09:00:00,,18.451,14.68,,15.86,,,16.607,16.607,,,15.064,18.754,14.858,14.683
2025-12-31 09:30:00,,18.513,14.805,,16.048,,,16.545,16.545,,,15.502,18.691,14.92,15.498
2025-12-31 10:00:00,,18.513,15.118,,16.299,,,16.482,16.482,,,16.066,18.691,15.171,16.626
2025-12-31 10:30:00,,18.513,15.618,,16.737,,,16.419,16.419,,,16.692,18.629,15.547,17.441
2025-12-31 11:00:00,,18.513,16.307,,17.05,,,16.419,16.419,,,17.381,18.566,16.111,18.192
2025-12-31 11:30:00,,18.576,17.12,,17.552,,,16.419,16.419,,,18.195,18.566,16.799,18.881
2025-12-31 12:00:00,,18.576,18.059,,18.178,,,16.482,16.482,,,19.071,18.504,17.676,19.82
2025-12-31 12:30:00,,18.576,19.06,,18.804,,,16.545,16.545,,,19.885,18.441,18.615,20.822
2025-12-31 13:00:00,,18.576,20.186,,19.43,,,16.67,16.67,,,20.635,18.379,19.616,21.823
2025-12-31 13:30:00,,18.576,21.249,,20.119,,,16.858,16.858,,,21.511,18.379,20.617,22.824
2025-12-31 14:00:00,,18.576,22.249,,20.745,,,17.046,17.046,,,22.262,18.316,21.618,23.699
2025-12-31 14:30:00,,18.576,23.125,,21.245,,,17.297,17.297,,,22.637,18.316,22.556,24.512
2025-12-31 15:00:00,,18.576,23.875,,21.621,,,17.547,17.547,,,22.95,18.253,23.306,25.137
2025-12-31 15:30:00,,18.576,24.375,,21.871,,,17.86,17.86,,,23.2,18.253,23.932,25.574
2025-12-31 16:00:00,,18.576,24.687,,22.121,,,18.173,18.173,,,23.138,18.253,24.369,25.824
2025-12-31 16:30:00,,18.576,24.812,,22.309,,,18.487,18.487,,,22.888,18.253,24.557,25.949
2025-12-31 17:00:00,,18.576,24.75,,22.121,,,18.737,18.737,,,22.512,18.253,24.557,25.887
2025-12-31 17:30:00,,18.513,24.437,,21.746,,,19.05,19.05,,,22.012,18.253,24.369,25.637
2025-12-31 18:00:00,,18.513,24.062,,21.495,,,19.238,19.238,,,21.386,18.316,24.119,25.262
2025-12-31 18:30:00,,18.513,23.625,,21.183,,,19.426,19.426,,,20.761,18.316,23.744,24.762
2025-12-31 19:00:00,,18.451,23.125,,20.932,,,19.551,19.551,,,20.135,18.379,23.244,24.137
2025-12-31 19:30:00,,18.451,22.562,,20.619,,,19.614,19.614,,,19.634,18.441,22.806,23.386
2025-12-31 20:00:00,,18.451,21.999,,20.369,,,19.614,19.614,,,19.134,18.504,22.243,22.698
2025-12-31 20:30:00,,18.388,21.499,,20.181,,,19.614,19.614,,,18.758,18.504,21.806,21.948
2025-12-31 21:00:00,,18.388,21.124,,19.868,,,19.488,19.488,,,18.32,18.566,21.368,21.322
2025-12-31 21:30:00,,18.388,20.749,,19.555,,,19.426,19.426,,,18.007,18.629,20.993,20.822
2025-12-31 22:00:00,,18.326,20.373,,19.242,,,19.301,19.301,,,17.631,18.691,20.617,20.384
2025-12-31 22:30:00,,18.326,19.998,,18.929,,,19.175,19.175,,,17.256,18.754,20.304,19.883
2025-12-31 23:00:00,,18.326,19.623,,18.616,,,19.05,19.05,,,16.942,18.754,19.929,19.194
2025-12-31 23:30:00,,18.326,19.185,,18.303,,,18.862,18.862,,,16.755,18.817,19.491,18.505
2026-01-01 00:00:00,,18.263,18.747,,17.99,,,18.737,18.737,,,16.567,18.879,19.116,18.004
2026-01-01 00:30:00,,18.263,18.309,,17.677,,,18.612,18.612,,,16.441,18.879,18.677,17.754
2026-01-01 01:00:00,,18.263,17.934,,17.426,,,18.424,18.424,,,16.316,18.879,18.302,17.378
2026-01-01 01:30:00,,18.263,17.558,,17.238,,,18.299,18.299,,,16.191,18.942,17.926,17.065
2026-01-01 02:00:00,,18.263,17.245,,17.05,,,18.173,18.173,,,16.128,18.942,17.613,16.752
2026-01-01 02:30:00,,18.263,16.933,,16.863,,,18.048,18.048,,,16.128,18.942,17.238,16.501
2026-01-01 03:00:00,,18.263,16.62,,16.737,,,17.923,17.923,,,15.94,18.942,16.987,16.25
2026-01-01 03:30:00,,18.326,16.369,,16.549,,,17.798,17.798,,,15.627,18.942,16.737,16.0
2026-01-01 04:00:00,,18.326,16.182,,16.424,,,17.672,17.672,,,15.439,18.942,16.486,15.874
2026-01-01 04:30:00,,18.326,15.994,,16.424,,,17.61,17.61,,,15.439,18.942,16.298,15.749
2026-01-01 05:00:00,,18.326,15.806,,16.424,,,17.484,17.484,,,15.314,18.942,16.111,15.561
2026-01-01 05:30:00,,18.326,15.618,,16.361,,,17.359,17.359,,,15.126,18.879,15.923,15.435
2026-01-01 06:00:00,,18.388,15.493,,16.361,,,17.234,17.234,,,15.001,18.879,15.735,15.31
2026-01-01 06:30:00,,18.388,15.305,,16.361,,,17.109,17.109,,,15.001,18.879,15.61,15.247
2026-01-01 07:00:00,,18.388,15.18,,16.424,,,17.046,17.046,,,14.938,18.817,15.422,15.185
2026-01-01 07:30:00,,18.451,15.055,,16.361,,,16.921,16.921,,,14.75,18.817,15.296,14.997
2026-01-01 08:00:00,,18.451,14.992,,16.236,,,16.795,16.795,,,14.688,18.754,15.234,14.934
2026-01-01 08:30:00,,18.451,14.93,,16.173,,,16.733,16.733,,,14.813,18.754,15.171,14.871
2026-01-01 09:00:00,,18.513,14.867,,16.236,,,16.607,16.607,,,15.064,18.691,15.108,14.934
2026-01-01 09:30:00,,18.513,14.992,,16.361,,,16.545,16.545,,,15.502,18.629,15.171,15.749
2026-01-01 10:00:00,,18.513,15.243,,16.612,,,16.482,16.482,,,15.878,18.629,15.359,16.626
2026-01-01 10:30:00,,18.513,15.681,,16.925,,,16.419,16.419,,,16.441,18.566,15.672,17.127
2026-01-01 11:00:00,,18.513,16.307,,17.301,,,16.419,16.419,,,17.193,18.566,16.173,17.879
2026-01-01 11:30:00,,18.576,17.058,,17.739,,,16.419,16.419,,,17.944,18.504,16.799,18.568
2026-01-01 12:00:00,,18.576,17.934,,18.303,,,16.482,16.482,,,18.695,18.441,17.613,19.445
2026-01-01 12:30:00,,18.576,18.935,,18.867,,,16.545,16.545,,,19.447,18.441,18.49,20.384
2026-01-01 13:00:00,,18.576,19.873,,19.555,,,16.607,16.607,,,20.197,18.379,19.428,21.26
2026-01-01 13:30:00,,18.576,20.936,,20.306,,,16.795,16.795,,,21.073,18.379,20.367,22.261
2026-01-01 14:00:00,,18.576,21.937,,20.932,,,16.983,16.983,,,21.887,18.316,21.368,23.261
2026-01-01 14:30:00,,18.576,22.812,,21.433,,,17.171,17.171,,,22.387,18.316,22.243,24.074
2026-01-01 15:00:00,,18.576,23.562,,21.871,,,17.422,17.422,,,22.762,18.253,22.994,24.762
2026-01-01 15:30:00,,18.576,24.125,,22.121,,,17.672,17.672,,,23.013,18.253,23.619,25.199
2026-01-01 16:00:00,,18.576,24.437,,22.434,,,17.986,17.986,,,22.95,18.253,24.057,25.512
2026-01-01 16:30:00,,18.576,24.625,,22.684,,,18.236,18.236,,,22.7,18.253,24.369,25.637
2026-01-01 17:00:00,,18.576,24.625,,22.496,,,18.549,18.549,,,22.325,18.253,24.432,25.574
2026-01-01 17:30:00,,18.513,24.375,,22.184,,,18.8,18.8,,,21.824,18.316,24.307,25.324
2026-01-01 18:00:00,,18.513,23.937,,21.933,,,18.988,18.988,,,21.136,18.316,23.994,24.887
2026-01-01 18:30:00,,18.513,23.437,,21.683,,,19.175,19.175,,,20.51,18.379,23.556,24.387
2026-01-01 19:00:00,,18.513,22.812,,21.37,,,19.301,19.301,,,19.885,18.441,22.994,23.761
2026-01-01 19:30:00,,18.451,22.187,,21.057,,,19.363,19.363,,,19.384,18.504,22.431,23.074
2026-01-01 20:00:00,,18.451,21.624,,20.745,,,19.426,19.426,,,18.946,18.566,21.931,22.386
2026-01-01 20:30:00,,18.451,21.124,,20.494,,,19.363,19.363,,,18.508,18.629,21.43,21.76
2026-01-01 21:00:00,,18.388,20.686,,20.181,,,19.301,19.301,,,18.132,18.629,20.93,21.197
2026-01-01 21:30:00,,18.388,20.248,,19.868,,,19.238,19.238,,,17.819,18.754,20.555,20.696
2026-01-01 22:00:00,,18.388,19.81,,19.493,,,19.113,19.113,,,17.506,18.754,20.117,20.196
2026-01-01 22:30:00,,18.388,19.435,,19.242,,,18.988,18.988,,,17.193,18.817,19.741,19.57
2026-01-01 23:00:00,,18.388,18.997,,19.054,,,18.862,18.862,,,16.942,18.879,19.366,18.756
2026-01-01 23:30:00,,18.326,18.622,,18.616,,,18.737,18.737,,,16.692,18.942,18.928,18.255
2026-01-02 00:00:00,,18.326,18.184,,18.303,,,18.612,18.612,,,16.567,18.942,18.552,17.754
2026-01-02 00:30:00,,18.326,17.746,,17.99,,,18.424,18.424,,,16.441,19.004,18.114,17.253
2026-01-02 01:00:00,,18.326,17.371,,17.739,,,18.299,18.299,,,16.254,19.004,17.739,16.814
2026-01-02 01:30:00,,18.326,16.995,,17.489,,,18.173,18.173,,,16.066,19.067,17.363,16.438
2026-01-02 02:00:00,,18.326,16.682,,17.301,,,18.048,18.048,,,15.878,19.067,17.05,16.313
2026-01-02 02:30:00,,18.388,16.432,,17.113,,,17.986,17.986,,,15.753,19.067,16.799,16.125
2026-01-02 03:00:00,,18.388,16.182,,16.988,,,17.86,17.86,,,15.565,19.067,16.549,15.874
2026-01-02 03:30:00,,18.388,15.994,,16.8,,,17.735,17.735,,,15.439,19.067,16.361,15.686
2026-01-02 04:00:00,,18.388,15.806,,16.675,,,17.61,17.61,,,15.314,19.067,16.111,15.498
2026-01-02 04:30:00,,18.451,15.618,,16.549,,,17.484,17.484,,,15.126,19.067,15.923,15.31
2026-01-02 05:00:00,,18.451,15.431,,16.361,,,17.359,17.359,,,15.064,19.067,15.735,15.185
2026-01-02 05:30:00,,18.451,15.243,,16.361,,,17.297,17.297,,,15.064,19.067,15.547,14.997
2026-01-02 06:00:00,,18.513,15.055,,16.299,,,17.171,17.171,,,14.876,19.004,15.422,14.871
2026-01-02 06:30:00,,18.513,14.93,,16.173,,,17.046,17.046,,,14.688,19.004,15.234,14.683
2026-01-02 07:00:00,,18.513,14.805,,16.048,,,16.921,16.921,,,14.562,18.942,15.046,14.495
2026-01-02 07:30:00,,18.576,14.68,,15.923,,,16.858,16.858,,,14.437,18.942,14.92,14.432
2026-01-02 08:00:00,,18.576,14.554,,15.797,,,16.733,16.733,,,14.249,18.879,14.858,14.37
2026-01-02 08:30:00,,18.639,14.429,,15.672,,,16.607,16.607,,,14.374,18.879,14.733,14.307
2026-01-02 09:00:00,,18.639,14.367,,15.672,,,16.545,16.545,,,14.625,18.817,14.607,14.37
2026-01-02 09:30:00,,18.639,14.492,,15.86,,,16.419,16.419,,,15.001,18.817,14.67,14.997
2026-01-02 10:00:00,,18.701,14.742,,16.048,,,16.357,16.357,,,15.439,18.754,14.795,15.874
2026-01-02 10:30:00,,18.701,15.18,,16.361,,,16.294,16.294,,,16.066,18.691,15.171,16.564
2026-01-02 11:00:00,,18.701,15.869,,16.675,,,16.294,16.294,,,16.817,18.629,15.735,17.378
2026-01-02 11:30:00,,18.701,16.62,,17.176,,,16.294,16.294,,,17.631,18.629,16.361,17.942
2026-01-02 12:00:00,,18.701,17.496,,17.802,,,16.294,16.294,,,18.445,18.566,17.175,18.881
2026-01-02 12:30:00,,18.764,18.497,,18.491,,,16.357,16.357,,,19.259,18.504,18.051,19.945
2026-01-02 13:00:00,,18.764,19.56,,19.18,,,16.482,16.482,,,20.072,18.504,19.053,20.884
2026-01-02 13:30:00,,18.764,20.561,,19.868,,,16.607,16.607,,,20.823,18.441,20.054,21.823
2026-01-02 14:00:00,,18.764,21.562,,20.494,,,16.795,16.795,,,21.511,18.379,20.993,22.698
2026-01-02 14:30:00,,18.764,22.437,,21.057,,,16.983,16.983,,,21.887,18.379,21.868,23.511
2026-01-02 15:00:00,,18.764,23.187,,21.433,,,17.234,17.234,,,22.2,18.316,22.681,24.199
2026-01-02 15:30:00,,18.764,23.75,,21.683,,,17.484,17.484,,,22.45,18.316,23.306,24.637
2026-01-02 16:00:00,,18.701,24.125,,21.933,,,17.798,17.798,,,22.387,18.316,23.744,24.887
2026-01-02 16:30:00,,18.701,24.25,,21.808,,,18.048,18.048,,,22.2,18.253,23.994,25.012
2026-01-02 17:00:00,,18.701,24.187,,21.495,,,18.299,18.299,,,21.887,18.316,23.994,24.887
2026-01-02 17:30:00,,18.639,23.875,,21.433,,,18.549,18.549,,,21.386,18.316,23.807,24.699
2026-01-02 18:00:00,,18.639,23.5,,21.37,,,18.8,18.8,,,20.823,18.316,23.494,24.199
2026-01-02 18:30:00,,18.639,22.937,,21.245,,,18.925,18.925,,,20.197,18.379,23.056,23.636
2026-01-02 19:00:00,,18.639,22.312,,21.057,,,19.05,19.05,,,19.572,18.379,22.494,22.949
2026-01-02 19:30:00,,18.576,21.687,,20.745,,,19.113,19.113,,,19.071,18.441,21.931,22.261
2026-01-02 20:00:00,,18.576,21.124,,20.432,,,19.175,19.175,,,18.633,18.504,21.43,21.635
2026-01-02 20:30:00,,18.513,20.686,,20.119,,,19.113,19.113,,,18.195,18.504,20.93,21.009
2026-01-02 21:00:00,,18.513,20.311,,19.743,,,19.05,19.05,,,17.882,18.566,20.555,20.384
2026-01-02 21:30:00,,18.513,19.873,,19.43,,,18.988,18.988,,,17.506,18.629,20.179,19.883
2026-01-02 22:00:00,,18.451,19.498,,19.054,,,18.862,18.862,,,17.193,18.691,19.804,19.319
2026-01-02 22:30:00,,18.451,19.06,,18.554,,,18.8,18.8,,,16.88,18.691,19.428,18.756
2026-01-02 23:00:00,,18.388,18.684,,18.115,,,18.674,18.674,,,16.692,18.754,18.99,18.067
2026-01-02 23:30:00,,18.388,18.247,,17.802,,,18.549,18.549,,,16.504,18.817,18.615,17.566
2026-01-03 00:00:00,,18.388,17.809,,17.552,,,18.424,18.424,,,16.379,18.817,18.177,17.19
2026-01-03 00:30:00,,18.388,17.433,,17.364,,,18.299,18.299,,,16.191,18.879,17.801,16.689
2026-01-03 01:00:00,,18.388,17.058,,17.176,,,18.173,18.173,,,16.003,18.879,17.425,16.376
2026-01-03 01:30:00,,18.388,16.745,,16.988,,,18.048,18.048,,,15.878,18.879,17.112,16.125
2026-01-03 02:00:00,,18.388,16.432,,16.8,,,17.923,17.923,,,15.753,18.879,16.799,15.874
2026-01-03 02:30:00,,18.388,16.182,,16.675,,,17.798,17.798,,,15.565,18.879,16.549,15.686
2026-01-03 03:00:00,,18.388,15.994,,16.487,,,17.735,17.735,,,15.439,18.879,16.298,15.561
2026-01-03 03:30:00,,18.388,15.806,,16.361,,,17.61,17.61,,,15.252,18.879,16.111,15.435
2026-01-03 04:00:00,,18.388,15.618,,16.236,,,17.484,17.484,,,15.126,18.879,15.923,15.247
2026-01-03 04:30:00,,18.388,15.431,,16.111,,,17.359,17.359,,,14.938,18.879,15.735,15.059
2026-01-03 05:00:00,,18.388,15.243,,15.985,,,17.297,17.297,,,14.75,18.817,15.547,14.871
2026-01-03 05:30:00,,18.451,15.055,,15.86,,,17.171,17.171,,,14.625,18.817,15.359,14.683
2026-01-03 06:00:00,,18.451,14.867,,15.672,,,17.046,17.046,,,14.437,18.754,15.171,14.495
2026-01-03 06:30:00,,18.451,14.68,,15.547,,,16.983,16.983,,,14.312,18.754,14.983,14.432
2026-01-03 07:00:00,,18.451,14.554,,15.422,,,16.858,16.858,,,14.249,18.691,14.858,14.37
2026-01-03 07:30:00,,18.513,14.429,,15.359,,,16.733,16.733,,,14.187,18.691,14.733,14.182
2026-01-03 08:00:00,,18.513,14.304,,15.234,,,16.607,16.607,,,14.124,18.629,14.607,14.119
2026-01-03 08:30:00,,18.513,14.241,,15.171,,,17.892,16.545,,,14.249,18.566,14.482,14.119
2026-01-03 09:00:00,,18.513,14.179,,15.234,,,17.83,16.419,,,14.625,18.504,14.419,14.119
2026-01-03 09:30:00,,18.576,14.304,,15.296,,,17.83,16.357,,,15.001,18.441,14.482,14.809
2026-01-03 10:00:00,,18.576,14.617,,15.484,,,17.83,16.294,,,15.439,18.441,14.67,15.686
2026-01-03 10:30:00,,18.576,15.118,,15.923,,,17.767,16.231,,,16.003,18.379,15.046,16.313
2026-01-03 11:00:00,,18.576,15.744,,16.424,,,17.767,16.169,,,16.692,18.316,15.61,17.065
2026-01-03 11:30:00,,18.576,16.495,,16.925,,,17.767,16.169,,,17.506,18.253,16.236,17.691
2026-01-03 12:00:00,,18.576,17.371,,17.552,,,17.704,16.231,,,18.32,18.253,17.05,18.631
2026-01-03 12:30:00,,18.576,18.434,,18.24,,,17.704,16.294,,,19.196,18.191,17.989,19.758
2026-01-03 13:00:00,,18.576,19.498,,18.867,,,17.704,16.419,,,20.01,18.128,18.99,20.759
2026-01-03 13:30:00,,18.576,20.561,,19.555,,,17.642,16.545,,,20.886,18.066,19.992,21.76
2026-01-03 14:00:00,,18.576,21.624,,19.868,,,17.642,16.733,,,21.699,18.003,21.055,22.761
2026-01-03 14:30:00,,18.576,22.562,,20.181,,,17.579,16.921,,,22.137,18.003,21.993,23.636
2026-01-03 15:00:00,,18.513,23.375,,20.494,,,17.579,17.171,,,22.512,17.94,22.806,24.387
2026-01-03 15:30:00,,18.513,24.062,,20.807,,,17.516,17.484,,,22.762,17.94,23.494,24.949
2026-01-03 16:00:00,,18.513,24.5,,21.245,,,17.516,17.735,,,22.762,17.94,24.057,25.324
2026-01-03 16:30:00,,18.451,24.75,,21.808,,,17.516,18.048,,,22.637,17.94,24.369,25.512
2026-01-03 17:00:00,,18.451,24.75,,21.933,,,17.516,18.361,,,22.325,17.94,24.494,25.449
2026-01-03 17:30:00,,18.451,24.625,,21.746,,,17.516,18.612,,,21.824,17.94,24.432,25.324
2026-01-03 18:00:00,,18.388,24.25,,21.558,,,17.516,18.862,,,21.261,18.003,24.182,24.887
2026-01-03 18:30:00,,18.388,23.75,,21.37,,,17.516,19.05,,,20.698,18.003,23.807,24.387
2026-01-03 19:00:00,,18.326,23.125,,21.12,,,17.516,19.175,,,20.072,18.066,23.306,23.699
2026-01-03 19:30:00,,18.326,22.562,,20.87,,,17.516,19.301,,,19.572,18.066,22.744,23.011
2026-01-03 20:00:00,,18.263,21.937,,20.619,,,17.579,19.363,,,19.134,18.128,22.181,22.323
2026-01-03 20:30:00,,18.263,21.374,,20.369,,,17.579,19.363,,,18.695,18.191,21.681,21.635
2026-01-03 21:00:00,,18.201,20.936,,20.056,,,17.642,19.301,,,18.32,18.253,21.18,20.947
2026-01-03 21:30:00,,18.201,20.498,,19.743,,,17.642,19.301,,,17.882,18.316,20.805,20.384
2026-01-03 22:00:00,,18.138,20.061,,19.367,,,17.704,19.175,,,17.506,18.316,20.367,19.632
2026-01-03 22:30:00,,18.138,19.623,,18.992,,,17.767,19.05,,,17.256,18.379,19.929,19.069
2026-01-03 23:00:00,,18.138,19.185,,18.616,,,17.767,18.925,,,17.005,18.441,19.491,18.443
2026-01-03 23:30:00,,18.076,18.747,,18.24,,,17.83,18.862,,,16.817,18.504,19.116,17.942
2026-01-04 00:00:00,,18.076,18.309,,17.99,,,17.83,18.737,,,16.629,18.504,18.677,17.441
2026-01-04 00:30:00,,18.076,17.871,,17.802,,,17.892,18.612,,,16.441,18.566,18.239,17.065
2026-01-04 01:00:00,,18.076,17.433,,17.552,,,17.892,18.487,,,16.254,18.629,17.801,16.689
2026-01-04 01:30:00,,18.013,17.12,,17.364,,,17.955,18.361,,,16.128,18.629,17.488,16.438
2026-01-04 02:00:00,,18.013,16.807,,17.238,,,17.955,18.236,,,15.94,18.629,17.175,16.188
2026-01-04 02:30:00,,18.013,16.557,,17.05,,,18.017,18.111,,,15.815,18.691,16.925,16.0
2026-01-04 03:00:00,,18.013,16.307,,16.925,,,18.017,17.986,,,15.69,18.691,16.674,15.874
2026-01-04 03:30:00,,18.076,16.119,,16.8,,,18.017,17.86,,,15.502,18.691,16.424,15.686
2026-01-04 04:00:00,,18.076,15.931,,16.737,,,18.017,17.735,,,15.377,18.691,16.236,15.561
2026-01-04 04:30:00,,18.076,15.744,,16.612,,,18.017,17.672,,,15.189,18.691,16.048,15.373
2026-01-04 05:00:00,,18.076,15.556,,16.487,,,18.017,17.547,,,15.064,18.691,15.86,15.185
2026-01-04 05:30:00,,18.076,15.368,,16.299,,,18.017,17.422,,,14.938,18.629,15.672,14.997
2026-01-04 06:00:00,,18.076,15.243,,16.173,,,18.017,17.297,,,14.813,18.629,15.547,14.871
2026-01-04 06:30:00,,18.138,15.055,,16.048,,,18.017,17.171,,,14.688,18.629,15.359,14.809
2026-01-04 07:00:00,,18.138,14.93,,15.923,,,18.017,17.109,,,14.625,18.566,15.234,14.746
2026-01-04 07:30:00,,18.138,14.805,,15.86,,,18.017,16.983,,,14.625,18.566,15.108,14.621
2026-01-04 08:00:00,,18.201,14.742,,15.797,,,17.955,16.858,,,14.625,18.504,14.983,14.621
2026-01-04 08:30:00,,18.201,14.68,,15.735,,,17.955,16.795,,,14.688,18.504,14.92,14.621
2026-01-04 09:00:00,,18.201,14.617,,15.797,,,17.955,16.67,,,14.876,18.441,14.858,14.683
2026-01-04 09:30:00,,18.201,14.742,,15.923,,,17.892,16.607,,,15.252,18.441,14.92,15.247
2026-01-04 10:00:00,,18.263,15.055,,16.111,,,17.892,16.545,,,15.69,18.379,15.108,16.062
2026-01-04 10:30:00,,18.263,15.493,,16.361,,,17.892,16.482,,,16.254,18.379,15.484,16.626
2026-01-04 11:00:00,,18.263,16.056,,16.675,,,17.83,16.419,,,16.88,18.316,15.985,17.315
2026-01-04 11:30:00,,18.263,16.807,,17.176,,,17.83,16.419,,,17.631,18.253,16.549,17.816
2026-01-04 12:00:00,,18.326,17.621,,17.739,,,17.83,16.482,,,18.445,18.253,17.3,18.756
2026-01-04 12:30:00,,18.326,18.559,,18.428,,,17.83,16.545,,,19.196,18.191,18.177,19.758
2026-01-04 13:00:00,,18.326,19.56,,19.054,,,17.767,16.607,,,20.01,18.128,19.116,20.759
2026-01-04 13:30:00,,18.326,20.624,,19.806,,,17.767,16.733,,,20.886,18.128,20.117,21.76
2026-01-04 14:00:00,,18.326,21.687,,20.494,,,17.704,16.921,,,21.699,18.066,21.118,22.761
2026-01-04 14:30:00,,18.326,22.625,,21.057,,,17.704,17.109,,,22.074,18.066,22.056,23.574
2026-01-04 15:00:00,,18.326,23.375,,21.433,,,17.704,17.297,,,22.45,18.066,22.869,24.262
2026-01-04 15:30:00,,18.326,24.0,,21.746,,,17.642,17.61,,,22.7,18.003,23.556,24.762
2026-01-04 16:00:00,,18.326,24.5,,22.059,,,17.642,17.86,,,22.7,18.003,24.057,25.137
2026-01-04 16:30:00,,18.326,24.687,,22.371,,,17.642,18.173,,,22.575,18.003,24.369,25.324
2026-01-04 17:00:00,,18.263,24.75,,22.309,,,17.642,18.424,,,22.262,18.003,24.494,25.324
2026-01-04 17:30:00,,18.263,24.562,,22.121,,,17.642,18.674,,,21.824,18.066,24.432,25.137
2026-01-04 18:00:00,,18.263,24.187,,21.996,,,17.642,18.925,,,21.261,18.066,24.182,24.762
2026-01-04 18:30:00,,18.263,23.75,,21.746,,,17.642,19.113,,,20.698,18.128,23.807,24.199
2026-01-04 19:00:00,,18.263,23.125,,21.495,,,17.642,19.301,,,20.072,18.128,23.306,23.574
2026-01-04 19:30:00,,18.201,22.562,,21.245,,,17.642,19.363,,,19.634,18.191,22.744,22.886
2026-01-04 20:00:00,,18.201,21.937,,20.995,,,17.704,19.426,,,19.196,18.253,22.181,22.198
2026-01-04 20:30:00,,18.201,21.437,,20.682,,,17.704,19.488,,,18.758,18.316,21.681,21.572
2026-01-04 21:00:00,,18.138,20.936,,20.306,,,17.704,19.426,,,18.382,18.379,21.243,20.884
2026-01-04 21:30:00,,18.138,20.498,,19.993,,,17.767,19.363,,,18.007,18.441,20.805,20.321
2026-01-04 22:00:00,,18.138,20.061,,19.618,,,17.83,19.301,,,17.694,18.504,20.367,19.82
2026-01-04 22:30:00,,18.138,19.623,,19.242,,,17.83,19.175,,,17.381,18.566,19.992,19.069
2026-01-04 23:00:00,,18.076,19.185,,18.804,,,17.892,19.113,,,17.193,18.629,19.554,18.631
2026-01-04 23:30:00,,18.076,18.81,,18.491,,,17.892,18.988,,,17.005,18.629,19.116,18.192
2026-01-05 00:00:00,,18.076,18.372,,18.115,,,17.955,18.862,,,16.817,18.691,18.74,17.691
2026-01-05 00:30:00,,18.076,17.996,,17.865,,,18.017,18.737,,,16.629,18.754,18.364,17.253
2026-01-05 01:00:00,,18.076,17.621,,17.552,,,18.017,18.612,,,16.441,18.754,17.989,16.939
2026-01-05 01:30:00,,18.076,17.308,,17.364,,,18.08,18.487,,,16.254,18.817,17.676,16.626
2026-01-05 02:00:00,,18.076,16.995,,17.176,,,18.08,18.361,,,16.128,18.817,17.363,16.501
2026-01-05 02:30:00,,18.076,16.745,,16.988,,,18.08,18.236,,,16.003,18.879,17.112,16.313
2026-01-05 03:00:00,,18.076,16.557,,16.863,,,18.143,18.173,,,15.815,18.879,16.862,16.125
2026-01-05 03:30:00,,18.138,16.369,,16.737,,,18.143,18.048,,,15.69,18.879,16.674,15.874
2026-01-05 04:00:00,,18.138,16.119,,16.612,,,18.143,17.923,,,15.565,18.879,16.486,15.812
2026-01-05 04:30:00,,18.138,15.931,,16.549,,,18.143,17.798,,,15.439,18.879,16.298,15.686
2026-01-05 05:00:00,,18.138,15.806,,16.487,,,18.143,17.672,,,15.314,18.879,16.111,15.498
2026-01-05 05:30:00,,18.201,15.618,,16.424,,,18.143,17.61,,,15.189,18.817,15.923,15.373
2026-01-05 06:00:00,,18.201,15.493,,16.361,,,18.143,17.484,,,15.064,18.817,15.797,15.185
2026-01-05 06:30:00,,18.201,15.305,,16.299,,,18.143,17.359,,,15.001,18.817,15.61,15.059
2026-01-05 07:00:00,,18.263,15.18,,16.236,,,18.143,17.297,,,14.938,18.817,15.484,15.059
2026-01-05 07:30:00,,18.263,15.18,,16.236,,,18.08,17.171,,,14.876,18.754,15.422,15.059
2026-01-05 08:00:00,,18.326,15.18,,16.236,,,18.08,17.046,,,14.75,18.754,15.359,15.059
2026-01-05 08:30:00,,18.326,15.118,,16.236,,,18.08,16.983,,,14.813,18.691,15.359,14.997
2026-01-05 09:00:00,,18.326,15.055,,16.236,,,18.08,16.858,,,14.938,18.691,15.296,14.934
2026-01-05 09:30:00,,18.326,15.118,,16.299,,,18.017,16.795,,,15.252,18.629,15.296,15.435
2026-01-05 10:00:00,,18.388,15.305,,16.424,,,18.017,16.733,,,15.627,18.629,15.422,15.874
2026-01-05 10:30:00,,18.388,15.618,,16.549,,,18.017,16.67,,,16.128,18.566,15.61,16.25
2026-01-05 11:00:00,,18.388,15.994,,16.8,,,17.955,16.607,,,16.817,18.504,15.985,16.939
2026-01-05 11:30:00,,18.451,16.62,,17.113,,,17.955,16.607,,,17.443,18.504,16.486,17.378
2026-01-05 12:00:00,,18.451,17.371,,17.677,,,17.955,16.607,,,18.195,18.441,17.112,18.192
2026-01-05 12:30:00,,18.451,18.309,,18.24,,,17.892,16.67,,,19.008,18.441,17.926,19.194
2026-01-05 13:00:00,,18.451,19.31,,18.867,,,17.892,16.733,,,19.759,18.379,18.865,20.133
2026-01-05 13:30:00,,18.451,20.373,,19.555,,,17.892,16.858,,,20.573,18.316,19.866,21.197
2026-01-05 14:00:00,,18.451,21.374,,20.244,,,17.83,16.983,,,21.324,18.316,20.805,22.135
2026-01-05 14:30:00,,18.451,22.312,,20.745,,,17.83,17.171,,,21.762,18.316,21.743,23.011
2026-01-05 15:00:00,,18.451,23.062,,21.183,,,17.83,17.422,,,22.137,18.253,22.494,23.699
2026-01-05 15:30:00,,18.513,23.625,,21.495,,,17.767,17.61,,,22.325,18.253,23.181,24.199
2026-01-05 16:00:00,,18.451,24.062,,21.808,,,17.767,17.923,,,22.387,18.253,23.619,24.449
2026-01-05 16:30:00,,18.451,24.187,,22.184,,,17.767,18.173,,,22.2,18.253,23.869,24.574
2026-01-05 17:00:00,,18.451,24.125,,22.121,,,17.767,18.424,,,21.949,18.253,23.932,24.512
2026-01-05 17:30:00,,18.451,23.937,,21.871,,,17.704,18.674,,,21.449,18.253,23.807,24.324
2026-01-05 18:00:00,,18.451,23.5,,21.683,,,17.704,18.925,,,20.886,18.316,23.494,23.887
2026-01-05 18:30:00,,18.451,22.937,,21.433,,,17.767,19.113,,,20.197,18.316,23.056,23.261
2026-01-05 19:00:00,,18.451,22.312,,21.183,,,17.767,19.238,,,19.572,18.316,22.556,22.573
2026-01-05 19:30:00,,18.388,21.687,,20.87,,,17.767,19.363,,,19.008,18.379,21.931,21.885
2026-01-05 20:00:00,,18.388,21.124,,20.557,,,17.767,19.363,,,18.57,18.441,21.43,21.197
2026-01-05 20:30:00,,18.388,20.686,,20.181,,,17.83,19.363,,,18.195,18.504,20.93,20.634
2026-01-05 21:00:00,,18.388,20.248,,19.806,,,17.83,19.301,,,17.819,18.504,20.492,20.008
2026-01-05 21:30:00,,18.388,19.81,,19.43,,,17.892,19.238,,,17.443,18.566,20.117,19.445
2026-01-05 22:00:00,,18.326,19.373,,19.054,,,17.892,19.113,,,17.193,18.629,19.679,18.818
2026-01-05 22:30:00,,18.326,18.935,,18.741,,,17.955,19.05,,,16.88,18.691,19.241,18.38
2026-01-05 23:00:00,,18.326,18.559,,18.428,,,17.955,18.925,,,16.629,18.754,18.865,17.879
2026-01-05 23:30:00,,18.326,18.184,,18.115,,,18.017,18.8,,,16.441,18.754,18.552,17.503
2026-01-06 00:00:00,,18.326,17.809,,17.739,,,18.017,18.612,,,16.254,18.817,18.177,17.065
2026-01-06 00:30:00,,18.326,17.433,,17.489,,,18.08,18.487,,,16.066,18.817,17.801,16.689
2026-01-06 01:00:00,,18.263,17.058,,17.238,,,18.08,18.361,,,15.878,18.817,17.488,16.376
2026-01-06 01:30:00,,18.326,16.745,,16.988,,,18.08,18.236,,,15.753,18.879,17.112,16.125
2026-01-06 02:00:00,,18.326,16.495,,16.863,,,18.143,18.111,,,15.565,18.879,16.862,15.812
2026-01-06 02:30:00,,18.326,16.182,,16.737,,,18.143,17.986,,,15.377,18.879,16.549,15.624
2026-01-06 03:00:00,,18.326,15.931,,16.612,,,18.143,17.86,,,15.189,18.879,16.298,15.373
2026-01-06 03:30:00,,18.326,15.681,,16.424,,,18.143,17.735,,,15.064,18.879,16.048,15.185
2026-01-06 04:00:00,,18.326,15.493,,16.299,,,18.143,17.61,,,14.876,18.879,15.86,14.997
2026-01-06 04:30:00,,18.326,15.243,,16.236,,,18.143,17.484,,,14.813,18.879,15.61,14.809
2026-01-06 05:00:00,,18.326,15.118,,16.236,,,18.08,17.359,,,14.75,18.817,15.422,14.871
2026-01-06 05:30:00,,18.388,14.992,,16.236,,,18.08,17.234,,,14.625,18.817,15.296,14.746
2026-01-06 06:00:00,,18.388,14.867,,16.236,,,18.08,17.109,,,14.437,18.817,15.171,14.621
2026-01-06 06:30:00,,18.388,14.742,,16.173,,,18.08,16.983,,,14.249,18.817,15.046,14.621
2026-01-06 07:00:00,,18.388,14.68,,16.111,,,18.017,16.921,,,14.249,18.754,14.983,14.495
2026-01-06 07:30:00,,18.451,14.617,,16.048,,,18.017,16.795,,,14.249,18.754,14.92,14.495
2026-01-06 08:00:00,,18.451,14.554,,15.985,,,18.017,16.67,,,14.312,18.691,14.795,14.495
2026-01-06 08:30:00,,18.451,14.492,,15.923,,,17.955,16.607,,,14.374,18.629,14.733,14.495
2026-01-06 09:00:00,,18.451,14.492,,15.923,,,17.955,16.482,,,14.437,18.629,14.733,14.495
2026-01-06 09:30:00,,18.513,14.554,,15.86,,,17.955,16.419,,,14.562,18.566,14.733,14.621
2026-01-06 10:00:00,,18.513,14.68,,15.86,,,17.892,16.357,,,14.75,18.566,14.795,14.746
2026-01-06 10:30:00,,18.513,14.805,,15.923,,,17.892,16.294,,,15.001,18.504,14.92,14.934
2026-01-06 11:00:00,,18.513,14.992,,16.048,,,17.83,16.231,,,15.314,18.441,15.046,15.31
2026-01-06 11:30:00,,18.513,15.305,,16.299,,,17.83,16.169,,,15.94,18.441,15.296,15.812
2026-01-06 12:00:00,,18.513,15.931,,16.737,,,17.767,16.169,,,16.817,18.379,15.797,16.689
2026-01-06 12:30:00,,18.513,16.87,,17.301,,,17.767,16.169,,,17.882,18.316,16.549,17.879
2026-01-06 13:00:00,,18.513,17.996,,17.99,,,17.704,16.231,,,18.946,18.253,17.551,18.944
2026-01-06 13:30:00,,18.513,19.06,,18.804,,,17.704,16.294,,,19.947,18.253,18.552,20.071
2026-01-06 14:00:00,,18.513,20.123,,19.555,,,17.704,16.419,,,20.823,18.191,19.554,21.134
2026-01-06 14:30:00,,18.513,21.061,,20.119,,,17.642,16.607,,,21.261,18.191,20.492,22.01
2026-01-06 15:00:00,,18.513,21.874,,20.619,,,17.642,16.795,,,21.574,18.128,21.305,22.824
2026-01-06 15:30:00,,18.513,22.562,,20.995,,,17.579,16.983,,,21.762,18.128,22.056,23.386
2026-01-06 16:00:00,,18.513,23.062,,21.308,,,17.579,17.297,,,21.762,18.066,22.619,23.824
2026-01-06 16:30:00,,18.513,23.312,,21.621,,,17.579,17.547,,,21.637,18.066,22.931,24.012
2026-01-06 17:00:00,,18.513,23.312,,21.558,,,17.516,17.798,,,21.324,18.066,23.056,23.949
2026-01-06 17:30:00,,18.513,23.125,,21.308,,,17.516,18.048,,,20.886,18.066,22.994,23.699
2026-01-06 18:00:00,,18.451,22.687,,21.12,,,17.516,18.299,,,20.26,18.066,22.681,23.324
2026-01-06 18:30:00,,18.451,22.187,,20.932,,,17.516,18.487,,,19.634,18.128,22.243,22.886
2026-01-06 19:00:00,,18.388,21.624,,20.745,,,17.516,18.612,,,19.008,18.128,21.806,22.261
2026-01-06 19:30:00,,18.388,21.061,,20.494,,,17.516,18.674,,,18.57,18.191,21.305,21.572
2026-01-06 20:00:00,,18.388,20.561,,20.244,,,17.516,18.737,,,18.132,18.191,20.805,21.009
2026-01-06 20:30:00,,18.326,20.123,,19.993,,,17.579,18.737,,,17.756,18.253,20.367,20.321
2026-01-06 21:00:00,,18.326,19.685,,19.681,,,17.579,18.737,,,17.443,18.253,19.929,19.82
2026-01-06 21:30:00,,18.263,19.247,,19.367,,,17.642,18.674,,,17.13,18.316,19.554,19.257
2026-01-06 22:00:00,,18.263,18.872,,19.054,,,17.642,18.549,,,16.755,18.379,19.178,18.818
2026-01-06 22:30:00,,18.201,18.497,,18.741,,,17.642,18.424,,,16.441,18.379,18.803,18.13
2026-01-06 23:00:00,,18.201,18.059,,18.366,,,17.704,18.361,,,16.191,18.441,18.427,17.441
2026-01-06 23:30:00,,18.138,17.683,,17.99,,,17.704,18.236,,,16.003,18.441,18.051,16.939
2026-01-07 00:00:00,,18.138,17.245,,17.739,,,17.704,18.111,,,15.878,18.504,17.613,16.438
2026-01-07 00:30:00,,18.138,16.87,,17.426,,,17.767,17.986,,,15.753,18.504,17.238,16.188
2026-01-07 01:00:00,,18.138,16.495,,17.176,,,17.767,17.86,,,15.565,18.566,16.862,15.874
2026-01-07 01:30:00,,18.138,16.182,,16.988,,,17.767,17.735,,,15.439,18.566,16.549,15.686
2026-01-07 02:00:00,,18.138,15.931,,16.8,,,17.767,17.61,,,15.314,18.566,16.298,15.31
2026-01-07 02:30:00,,18.138,15.681,,16.612,,,17.767,17.484,,,15.189,18.566,16.048,15.185
2026-01-07 03:00:00,,18.138,15.431,,16.487,,,17.767,17.359,,,15.126,18.566,15.797,14.997
2026-01-07 03:30:00,,18.138,15.305,,16.361,,,17.767,17.297,,,15.001,18.566,15.61,14.809
2026-01-07 04:00:00,,18.201,15.118,,16.236,,,17.767,17.171,,,14.813,18.566,15.422,14.683
2026-01-07 04:30:00,,18.201,14.93,,16.048,,,17.767,17.046,,,14.688,18.566,15.296,14.621
2026-01-07 05:00:00,,18.201,14.805,,15.923,,,17.767,16.921,,,14.562,18.566,15.108,14.432
2026-01-07 05:30:00,,18.263,14.68,,15.797,,,17.704,16.858,,,14.437,18.566,14.983,14.307
2026-01-07 06:00:00,,18.326,14.492,,15.672,,,17.704,16.733,,,14.249,18.504,14.795,14.182
2026-01-07 06:30:00,,18.326,14.367,,15.547,,,17.704,16.67,,,14.124,18.504,14.67,14.119
2026-01-07 07:00:00,,18.326,14.241,,15.422,,,17.704,16.545,,,14.124,18.504,14.545,13.994
2026-01-07 07:30:00,,18.388,14.116,,15.296,,,17.642,16.419,,,14.124,18.441,14.419,13.868
2026-01-07 08:00:00,,18.388,14.054,,15.234,,,17.642,16.357,,,14.124,18.441,14.294,13.931
2026-01-07 08:30:00,,18.388,13.991,,15.171,,,17.642,16.231,,,14.187,18.379,14.231,13.868
2026-01-07 09:00:00,,18.388,13.928,,15.108,,,17.579,16.169,,,14.437,18.379,14.169,13.931
2026-01-07 09:30:00,,18.388,14.054,,15.359,,,17.579,16.043,,,14.813,18.316,14.231,14.558
2026-01-07 10:00:00,,18.388,14.367,,15.61,,,17.516,15.981,,,15.314,18.253,14.419,15.561
2026-01-07 10:30:00,,18.388,14.867,,15.923,,,17.516,15.981,,,15.815,18.253,14.795,16.25
2026-01-07 11:00:00,,18.388,15.493,,16.299,,,17.454,15.918,,,16.504,18.191,15.296,16.939
2026-01-07 11:30:00,,18.326,16.182,,16.8,,,17.454,15.918,,,17.193,18.128,15.923,17.441
2026-01-07 12:00:00,,18.326,16.995,,17.364,,,17.454,15.918,,,17.882,18.128,16.674,18.318
2026-01-07 12:30:00,,18.326,17.934,,17.99,,,17.391,15.981,,,18.633,18.066,17.488,19.257
2026-01-07 13:00:00,,18.263,18.935,,18.616,,,17.391,16.043,,,19.447,18.003,18.427,20.258
2026-01-07 13:30:00,,18.263,19.936,,19.367,,,17.391,16.169,,,20.323,18.003,19.366,21.197
2026-01-07 14:00:00,,18.201,20.936,,19.931,,,17.328,16.357,,,21.136,17.94,20.304,22.073
2026-01-07 14:30:00,,18.138,21.749,,20.494,,,17.328,16.545,,,21.511,17.94,21.18,22.824
2026-01-07 15:00:00,,18.138,22.437,,20.87,,,17.266,16.733,,,21.824,17.878,21.868,23.386
2026-01-07 15:30:00,,18.076,23.0,,21.183,,,17.266,16.983,,,22.012,17.878,22.494,23.824
2026-01-07 16:00:00,,18.013,23.437,,21.433,,,17.266,17.234,,,21.887,17.815,22.994,24.137
2026-01-07 16:30:00,,17.951,23.625,,21.683,,,17.266,17.547,,,21.699,17.815,23.306,24.262
2026-01-07 17:00:00,,17.888,23.625,,21.621,,,17.203,17.798,,,21.324,17.815,23.369,24.074
2026-01-07 17:30:00,,17.888,23.375,,21.433,,,17.203,18.048,,,20.886,17.815,23.244,23.761
2026-01-07 18:00:00,,17.825,23.0,,21.245,,,17.203,18.236,,,20.323,17.878,22.994,23.386
2026-01-07 18:30:00,,17.763,22.562,,20.995,,,17.203,18.424,,,19.697,17.878,22.619,22.761
2026-01-07 19:00:00,,17.763,21.937,,20.745,,,17.266,18.549,,,19.071,17.94,22.118,22.01
2026-01-07 19:30:00,,17.7,21.311,,20.432,,,17.266,18.674,,,18.633,17.94,21.493,21.385
2026-01-07 20:00:00,,17.7,20.811,,20.181,,,17.266,18.737,,,18.195,18.003,21.055,20.884
2026-01-07 20:30:00,,17.638,20.373,,19.868,,,17.328,18.737,,,17.819,18.003,20.617,20.384
2026-01-07 21:00:00,,17.575,19.936,,19.618,,,17.328,18.737,,,17.506,18.066,20.179,19.82
2026-01-07 21:30:00,,17.575,19.498,,19.305,,,17.328,18.674,,,17.13,18.128,19.804,19.194
2026-01-07 22:00:00,,17.513,18.997,,18.992,,,17.391,18.549,,,16.88,18.191,19.366,18.693
2026-01-07 22:30:00,,17.513,18.559,,18.741,,,17.391,18.487,,,16.629,18.191,18.928,18.255
2026-01-07 23:00:00,,17.513,18.184,,18.491,,,17.454,18.361,,,16.379,18.253,18.552,17.816
2026-01-07 23:30:00,,17.45,17.809,,18.303,,,17.454,18.236,,,16.254,18.253,18.177,17.441
2026-01-08 00:00:00,,17.45,17.496,,18.115,,,17.516,18.111,,,16.066,18.316,17.864,17.19
2026-01-08 00:30:00,,17.45,17.183,,17.927,,,17.516,17.986,,,15.878,18.316,17.551,16.814
2026-01-08 01:00:00,,17.45,16.933,,17.677,,,17.579,17.923,,,15.753,18.379,17.238,16.564
2026-01-08 01:30:00,,17.45,16.62,,17.489,,,17.579,17.798,,,15.627,18.379,16.987,16.25
2026-01-08 02:00:00,,17.513,16.369,,17.301,,,17.579,17.672,,,15.502,18.379,16.737,16.0
2026-01-08 02:30:00,,17.513,16.119,,17.238,,,17.579,17.547,,,15.314,18.379,16.486,15.812
2026-01-08 03:00:00,,17.513,15.931,,17.113,,,17.579,17.422,,,15.189,18.441,16.236,15.624
2026-01-08 03:30:00,,17.575,15.681,,16.925,,,17.579,17.359,,,15.001,18.441,16.048,15.373
2026-01-08 04:00:00,,17.575,15.493,,16.8,,,17.642,17.234,,,14.938,18.441,15.86,15.247
2026-01-08 04:30:00,,17.638,15.368,,16.737,,,17.642,17.109,,,14.876,18.441,15.672,15.185
2026-01-08 05:00:00,,17.638,15.305,,16.675,,,17.642,17.046,,,14.876,18.441,15.61,15.185
2026-01-08 05:30:00,,17.7,15.243,,16.612,,,17.579,16.921,,,14.813,18.379,15.484,15.122
2026-01-08 06:00:00,,17.763,15.18,,16.487,,,17.579,16.858,,,14.75,18.379,15.422,15.122
2026-01-08 06:30:00,,17.763,15.118,,16.424,,,17.579,16.733,,,14.625,18.379,15.359,15.059
2026-01-08 07:00:00,,17.825,14.992,,16.299,,,17.579,16.67,,,14.625,18.379,15.296,14.934
2026-01-08 07:30:00,,17.825,14.93,,16.299,,,17.579,16.545,,,14.625,18.316,15.171,14.934
2026-01-08 08:00:00,,17.888,14.93,,16.299,,,17.579,16.482,,,14.688,18.316,15.108,15.059
2026-01-08 08:30:00,,17.888,14.93,,16.299,,,17.516,16.419,,,14.813,18.316,15.108,15.185
2026-01-08 09:00:00,,17.951,14.992,,16.236,,,17.516,16.357,,,14.813,18.253,15.171,15.122
2026-01-08 09:30:00,,17.951,14.992,,16.236,,,17.516,16.294,,,14.938,18.253,15.171,15.31
2026-01-08 10:00:00,,18.013,15.118,,16.299,,,17.454,16.231,,,15.001,18.191,15.234,15.435
2026-01-08 10:30:00,,18.013,15.243,,16.424,,,17.454,16.169,,,15.314,18.191,15.359,15.686
2026-01-08 11:00:00,,18.013,15.493,,16.549,,,17.454,16.169,,,15.565,18.128,15.547,15.937
2026-01-08 11:30:00,,18.076,15.744,,16.675,,,17.454,16.106,,,16.254,18.128,15.735,16.438
2026-01-08 12:00:00,,18.076,16.307,,17.05,,,17.391,16.106,,,16.567,18.128,16.173,16.877
2026-01-08 12:30:00,,18.076,16.745,,17.301,,,17.391,16.106,,,17.381,18.066,16.612,17.378
2026-01-08 13:00:00,,18.076,17.245,,17.677,,,17.391,16.169,,,18.132,18.066,17.05,18.255
2026-01-08 13:30:00,,18.076,18.247,,18.366,,,17.391,16.169,,,18.946,18.003,17.864,19.445
2026-01-08 14:00:00,,18.076,19.247,,18.867,,,17.328,16.294,,,18.695,18.003,18.803,19.945
2026-01-08 14:30:00,,18.076,19.435,,19.054,,,17.328,16.357,,,18.132,17.94,19.241,19.445
2026-01-08 15:00:00,,18.076,19.122,,19.054,,,17.328,16.482,,,17.381,17.94,19.116,19.006
2026-01-08 15:30:00,,18.076,18.935,,18.992,,,17.266,16.607,,,17.506,17.94,18.928,19.132
2026-01-08 16:00:00,,18.076,19.31,,19.117,,,17.266,16.733,,,18.069,17.878,19.116,20.133
2026-01-08 16:30:00,,18.076,19.873,,19.305,,,17.266,16.795,,,18.445,17.878,19.616,20.509
2026-01-08 17:00:00,,18.076,19.936,,19.43,,,17.266,16.921,,,18.445,17.878,19.804,20.196
2026-01-08 17:30:00,,18.076,19.56,,19.555,,,17.266,16.983,,,18.069,17.878,19.616,19.758
2026-01-08 18:00:00,,18.076,19.247,,19.618,,,17.203,17.046,,,17.631,17.878,19.303,19.57
2026-01-08 18:30:00,,18.076,18.997,,19.555,,,17.203,17.109,,,17.381,17.878,19.116,19.445
2026-01-08 19:00:00,,18.013,18.81,,19.367,,,17.203,17.171,,,17.13,17.878,18.928,19.319
2026-01-08 19:30:00,,18.013,18.559,,19.242,,,17.203,17.234,,,16.88,17.878,18.677,18.881
2026-01-08 20:00:00,,18.013,18.184,,19.054,,,17.203,17.234,,,16.629,17.94,18.364,18.443
2026-01-08 20:30:00,,18.013,17.809,,18.867,,,17.203,17.234,,,16.441,17.94,18.051,18.004
2026-01-08 21:00:00,,18.013,17.496,,18.679,,,17.203,17.234,,,16.254,18.003,17.739,17.629
2026-01-08 21:30:00,,17.951,17.183,,18.491,,,17.203,17.234,,,16.066,18.003,17.425,17.253
2026-01-08 22:00:00,,17.951,16.87,,18.115,,,17.203,17.171,,,15.815,18.003,17.175,17.002
2026-01-08 22:30:00,,17.951,16.62,,17.739,,,17.203,17.109,,,15.565,18.003,16.925,16.626
2026-01-08 23:00:00,,17.951,16.432,,17.426,,,17.203,17.046,,,15.377,18.066,16.674,16.188
2026-01-08 23:30:00,,17.888,16.119,,17.113,,,17.203,16.983,,,15.252,18.066,16.424,15.874
2026-01-09 00:00:00,,17.888,15.869,,16.863,,,17.203,16.921,,,15.064,18.066,16.173,15.624
2026-01-09 00:30:00,,17.888,15.618,,16.675,,,17.203,16.795,,,15.001,18.128,15.923,15.373
2026-01-09 01:00:00,,17.888,15.368,,16.487,,,17.203,16.733,,,14.938,18.128,15.672,15.122
2026-01-09 01:30:00,,17.888,15.18,,16.361,,,17.203,16.67,,,14.876,18.128,15.484,14.934
2026-01-09 02:00:00,,17.888,15.055,,16.236,,,17.203,16.607,,,14.688,18.128,15.296,14.809
2026-01-09 02:30:00,,17.888,14.93,,16.048,,,17.14,16.482,,,14.374,18.128,15.171,14.621
2026-01-09 03:00:00,,17.888,14.805,,15.86,,,17.14,16.419,,,14.249,18.128,15.046,14.495
2026-01-09 03:30:00,,17.888,14.617,,15.735,,,17.14,16.357,,,14.124,18.128,14.92,14.37
2026-01-09 04:00:00,,17.888,14.429,,15.547,,,17.14,16.231,,,13.999,18.066,14.733,14.182
2026-01-09 04:30:00,,17.888,14.241,,15.422,,,17.078,16.169,,,13.873,18.066,14.545,14.119
2026-01-09 05:00:00,,17.888,14.116,,15.296,,,17.078,16.043,,,13.811,18.066,14.419,13.931
2026-01-09 05:30:00,,17.825,13.928,,15.171,,,17.078,15.981,,,13.623,18.003,14.231,13.805
2026-01-09 06:00:00,,17.888,13.803,,14.983,,,17.078,15.855,,,13.56,18.003,14.106,13.68
2026-01-09 06:30:00,,17.888,13.678,,14.92,,,17.015,15.793,,,13.372,18.003,13.981,13.555
2026-01-09 07:00:00,,17.888,13.553,,14.92,,,17.015,15.667,,,13.309,17.94,13.855,13.429
2026-01-09 07:30:00,,17.888,13.427,,14.857,,,17.015,15.605,,,13.184,17.878,13.73,13.304
2026-01-09 08:00:00,,17.888,13.302,,14.795,,,16.952,15.479,,,13.059,17.878,13.605,13.178
2026-01-09 08:30:00,,17.888,13.24,,14.732,,,16.952,15.417,,,13.121,17.815,13.479,13.116
2026-01-09 09:00:00,,17.888,13.114,,14.669,,,16.89,15.354,,,13.372,17.815,13.417,13.053
2026-01-09 09:30:00,,17.888,13.177,,14.795,,,16.89,15.229,,,13.748,17.753,13.354,13.492
2026-01-09 10:00:00,,17.888,13.365,,14.983,,,16.827,15.166,,,14.249,17.69,13.479,14.307
2026-01-09 10:30:00,,17.888,13.741,,15.234,,,16.827,15.103,,,14.813,17.69,13.793,15.059
2026-01-09 11:00:00,,17.888,14.367,,15.61,,,16.764,15.103,,,15.502,17.628,14.231,15.812
2026-01-09 11:30:00,,17.888,15.055,,15.985,,,16.764,15.041,,,16.191,17.565,14.858,16.376
2026-01-09 12:00:00,,17.888,15.869,,16.549,,,16.764,15.103,,,17.005,17.502,15.547,17.253
2026-01-09 12:30:00,,17.888,16.87,,17.176,,,16.702,15.103,,,17.756,17.502,16.424,18.318
2026-01-09 13:00:00,,17.825,17.871,,17.802,,,16.702,15.229,,,18.508,17.44,17.3,19.319
2026-01-09 13:30:00,,17.825,18.872,,18.554,,,16.702,15.291,,,19.321,17.377,18.239,20.321
2026-01-09 14:00:00,,17.825,19.936,,18.929,,,16.702,15.417,,,20.072,17.377,19.241,21.26
2026-01-09 14:30:00,,17.825,20.874,,19.18,,,16.639,15.605,,,20.51,17.315,20.179,22.073
2026-01-09 15:00:00,,17.825,21.624,,19.555,,,16.639,15.793,,,20.886,17.315,20.993,22.824
2026-01-09 15:30:00,,17.763,22.312,,19.931,,,16.576,15.981,,,21.073,17.252,21.681,23.324
2026-01-09 16:00:00,,17.763,22.75,,20.306,,,16.576,16.231,,,21.136,17.252,22.181,23.699
2026-01-09 16:30:00,,17.763,22.937,,20.557,,,16.576,16.482,,,21.011,17.252,22.494,23.761
2026-01-09 17:00:00,,17.7,22.937,,20.619,,,16.576,16.733,,,20.635,17.252,22.619,23.699
2026-01-09 17:30:00,,17.7,22.75,,20.494,,,16.513,16.983,,,20.197,17.252,22.556,23.511
2026-01-09 18:00:00,,17.7,22.374,,20.369,,,16.513,17.234,,,19.634,17.252,22.306,23.074
2026-01-09 18:30:00,,17.638,21.874,,20.119,,,16.576,17.422,,,19.071,17.315,21.931,22.573
2026-01-09 19:00:00,,17.638,21.311,,19.868,,,16.576,17.547,,,18.508,17.315,21.43,22.01
2026-01-09 19:30:00,,17.575,20.749,,19.618,,,16.576,17.672,,,18.132,17.377,20.93,21.385
2026-01-09 20:00:00,,17.575,20.186,,19.367,,,16.576,17.735,,,17.756,17.377,20.43,20.822
2026-01-09 20:30:00,,17.575,19.748,,19.117,,,16.576,17.798,,,17.443,17.44,19.992,20.258
2026-01-09 21:00:00,,17.513,19.373,,18.929,,,16.639,17.798,,,17.256,17.502,19.616,19.758
2026-01-09 21:30:00,,17.513,18.935,,18.679,,,16.639,17.735,,,17.005,17.502,19.241,19.257
2026-01-09 22:00:00,,17.45,18.559,,18.491,,,16.702,17.672,,,16.755,17.565,18.865,18.818
2026-01-09 22:30:00,,17.45,18.184,,18.178,,,16.702,17.61,,,16.504,17.628,18.49,18.443
2026-01-09 23:00:00,,17.45,17.871,,17.99,,,16.702,17.547,,,16.316,17.628,18.177,18.13
2026-01-09 23:30:00,,17.388,17.558,,17.802,,,16.764,17.484,,,16.066,17.69,17.926,17.503
2026-01-10 00:00:00,,17.388,17.308,,17.552,,,16.764,17.359,,,15.878,17.753,17.613,17.065
2026-01-10 00:30:00,,17.388,16.995,,17.364,,,16.827,17.297,,,15.69,17.753,17.3,16.689
2026-01-10 01:00:00,,17.388,16.682,,17.176,,,16.827,17.234,,,15.565,17.753,17.05,16.313
2026-01-10 01:30:00,,17.325,16.369,,16.988,,,16.827,17.109,,,15.439,17.815,16.737,16.062
2026-01-10 02:00:00,,17.325,16.056,,16.8,,,16.827,17.046,,,15.314,17.815,16.424,15.749
2026-01-10 02:30:00,,17.325,15.869,,16.675,,,16.89,16.921,,,15.252,17.815,16.173,15.561
2026-01-10 03:00:00,,17.325,15.618,,16.549,,,16.89,16.858,,,15.189,17.815,15.985,15.435
2026-01-10 03:30:00,,17.325,15.431,,16.487,,,16.89,16.795,,,15.126,17.878,15.797,15.31
2026-01-10 04:00:00,,17.325,15.305,,16.361,,,16.89,16.67,,,15.001,17.878,15.61,15.122
2026-01-10 04:30:00,,17.388,15.18,,16.236,,,16.89,16.607,,,14.938,17.878,15.484,14.997
2026-01-10 05:00:00,,17.388,15.055,,16.111,,,16.89,16.545,,,14.813,17.878,15.359,14.871
2026-01-10 05:30:00,,17.388,14.93,,16.048,,,16.89,16.419,,,14.688,17.878,15.234,14.809
2026-01-10 06:00:00,,17.388,14.867,,15.86,,,16.89,16.357,,,14.5,17.815,15.108,14.746
2026-01-10 06:30:00,,17.388,14.742,,15.797,,,16.89,16.294,,,14.5,17.815,15.046,14.683
2026-01-10 07:00:00,,17.388,14.617,,15.672,,,16.89,16.231,,,14.437,17.815,14.92,14.621
2026-01-10 07:30:00,,17.388,14.554,,15.61,,,16.89,16.169,,,14.374,17.815,14.795,14.495
2026-01-10 08:00:00,,17.45,14.492,,15.484,,,16.89,16.043,,,14.312,17.753,14.733,14.495
2026-01-10 08:30:00,,17.45,14.429,,15.422,,,16.89,15.981,,,14.374,17.753,14.67,14.432
2026-01-10 09:00:00,,17.45,14.429,,15.422,,,16.89,15.918,,,14.625,17.753,14.607,14.495
2026-01-10 09:30:00,,17.513,14.492,,15.484,,,16.827,15.855,,,15.001,17.69,14.67,14.871
2026-01-10 10:00:00,,17.513,14.68,,15.672,,,16.827,15.793,,,15.439,17.69,14.795,15.624
2026-01-10 10:30:00,,17.513,15.118,,15.923,,,16.827,15.793,,,16.003,17.628,15.108,16.438
2026-01-10 11:00:00,,17.513,15.681,,16.361,,,16.827,15.73,,,16.692,17.628,15.547,17.19
2026-01-10 11:30:00,,17.513,16.369,,16.925,,,16.827,15.73,,,17.443,17.565,16.173,17.754
2026-01-10 12:00:00,,17.513,17.245,,17.614,,,16.827,15.793,,,18.195,17.565,16.862,18.631
2026-01-10 12:30:00,,17.575,18.184,,18.303,,,16.764,15.855,,,18.946,17.502,17.739,19.632
2026-01-10 13:00:00,,17.575,19.185,,18.929,,,16.764,15.918,,,19.697,17.502,18.615,20.634
2026-01-10 13:30:00,,17.575,20.186,,19.618,,,16.764,16.043,,,20.51,17.44,19.554,21.635
2026-01-10 14:00:00,,17.575,21.186,,19.931,,,16.764,16.169,,,21.324,17.44,20.492,22.511
2026-01-10 14:30:00,,17.575,22.062,,20.244,,,16.764,16.357,,,21.762,17.44,21.368,23.386
2026-01-10 15:00:00,,17.575,22.875,,20.619,,,16.764,16.545,,,22.137,17.44,22.181,24.074
2026-01-10 15:30:00,,17.575,23.437,,20.932,,,16.702,16.795,,,22.325,17.377,22.869,24.574
2026-01-10 16:00:00,,17.575,23.875,,21.245,,,16.702,17.046,,,22.325,17.377,23.369,24.824
2026-01-10 16:30:00,,17.575,24.062,,21.558,,,16.702,17.359,,,22.137,17.44,23.619,24.949
2026-01-10 17:00:00,,17.575,24.062,,21.746,,,16.702,17.61,,,21.824,17.44,23.744,24.887
2026-01-10 17:30:00,,17.513,23.812,,21.683,,,16.702,17.86,,,21.386,17.44,23.682,24.699
2026-01-10 18:00:00,,17.513,23.5,,21.558,,,16.702,18.111,,,20.823,17.502,23.431,24.262
2026-01-10 18:30:00,,17.513,23.062,,21.433,,,16.764,18.299,,,20.197,17.502,23.056,23.824
2026-01-10 19:00:00,,17.513,22.562,,21.183,,,16.764,18.487,,,19.634,17.565,22.619,23.261
2026-01-10 19:30:00,,17.513,21.999,,20.995,,,16.764,18.612,,,19.196,17.628,22.181,22.573
2026-01-10 20:00:00,,17.513,21.499,,20.745,,,16.827,18.674,,,18.758,17.69,21.681,21.948
2026-01-10 20:30:00,,17.513,20.999,,20.494,,,16.827,18.674,,,18.32,17.69,21.243,21.26
2026-01-10 21:00:00,,17.45,20.561,,20.181,,,16.89,18.674,,,18.007,17.753,20.805,20.696
2026-01-10 21:30:00,,17.45,20.123,,19.806,,,16.952,18.674,,,17.631,17.815,20.367,20.133
2026-01-10 22:00:00,,17.45,19.685,,19.555,,,16.952,18.612,,,17.381,17.878,19.992,19.632
2026-01-10 22:30:00,,17.45,19.31,,19.305,,,17.015,18.487,,,17.068,17.94,19.616,19.132
2026-01-10 23:00:00,,17.45,18.872,,18.992,,,17.078,18.424,,,16.88,18.003,19.241,18.568
2026-01-10 23:30:00,,17.45,18.497,,18.616,,,17.078,18.299,,,16.692,18.066,18.865,18.067
2026-01-11 00:00:00,,17.45,18.121,,18.303,,,17.14,18.236,,,16.504,18.128,18.49,17.629
2026-01-11 00:30:00,,17.45,17.746,,18.053,,,17.14,18.111,,,16.379,18.128,18.114,17.378
2026-01-11 01:00:00,,17.45,17.433,,17.865,,,17.203,17.986,,,16.254,18.191,17.801,17.127
2026-01-11 01:30:00,,17.45,17.12,,17.677,,,17.203,17.923,,,16.128,18.253,17.488,16.752
2026-01-11 02:00:00,,17.45,16.87,,17.489,,,17.266,17.798,,,15.94,18.253,17.238,16.564
2026-01-11 02:30:00,,17.45,16.62,,17.364,,,17.266,17.672,,,15.815,18.253,16.987,16.376
2026-01-11 03:00:00,,17.45,16.432,,17.238,,,17.328,17.61,,,15.69,18.316,16.799,16.188
2026-01-11 03:30:00,,17.45,16.244,,17.113,,,17.328,17.484,,,15.69,18.316,16.549,16.0
2026-01-11 04:00:00,,17.513,16.056,,16.988,,,17.328,17.422,,,15.69,18.316,16.424,15.874
2026-01-11 04:30:00,,17.513,15.931,,16.863,,,17.328,17.297,,,15.565,18.316,16.236,15.686
2026-01-11 05:00:00,,17.513,15.744,,16.737,,,17.391,17.234,,,15.439,18.316,16.111,15.561
2026-01-11 05:30:00,,17.575,15.618,,16.612,,,17.391,17.109,,,15.314,18.316,15.923,15.435
2026-01-11 06:00:00,,17.575,15.493,,16.424,,,17.391,17.046,,,15.189,18.316,15.797,15.31
2026-01-11 06:30:00,,17.575,15.368,,16.361,,,17.391,16.983,,,15.064,18.316,15.672,15.247
2026-01-11 07:00:00,,17.638,15.305,,16.236,,,17.391,16.858,,,15.001,18.316,15.547,15.185
2026-01-11 07:30:00,,17.638,15.18,,16.173,,,17.391,16.795,,,15.001,18.316,15.484,15.185
2026-01-11 08:00:00,,17.7,15.118,,16.111,,,17.391,16.733,,,15.064,18.253,15.359,15.185
2026-01-11 08:30:00,,17.7,15.055,,16.111,,,17.391,16.67,,,15.126,18.253,15.296,15.122
2026-01-11 09:00:00,,17.763,15.055,,16.111,,,17.328,16.607,,,15.314,18.253,15.296,15.122
2026-01-11 09:30:00,,17.763,15.18,,16.173,,,17.328,16.545,,,15.627,18.191,15.296,15.624
2026-01-11 10:00:00,,17.763,15.431,,16.361,,,17.328,16.482,,,16.003,18.191,15.484,16.25
2026-01-11 10:30:00,,17.825,15.806,,16.612,,,17.328,16.419,,,16.567,18.128,15.797,16.939
2026-01-11 11:00:00,,17.825,16.369,,16.925,,,17.328,16.419,,,17.193,18.128,16.236,17.691
2026-01-11 11:30:00,,17.825,16.995,,17.426,,,17.328,16.419,,,17.944,18.066,16.799,18.192
2026-01-11 12:00:00,,17.888,17.809,,18.053,,,17.328,16.419,,,18.695,18.066,17.425,19.006
2026-01-11 12:30:00,,17.888,18.684,,18.679,,,17.328,16.482,,,19.509,18.003,18.239,20.071
2026-01-11 13:00:00,,17.888,19.685,,19.367,,,17.328,16.545,,,20.26,18.003,19.178,21.072
2026-01-11 13:30:00,,17.951,20.749,,20.119,,,17.266,16.67,,,21.073,18.003,20.117,22.073
2026-01-11 14:00:00,,17.951,21.749,,20.745,,,17.266,16.795,,,21.887,17.94,21.055,23.011
2026-01-11 14:30:00,,17.951,22.625,,21.308,,,17.266,16.983,,,22.325,17.94,21.993,23.824
2026-01-11 15:00:00,,17.951,23.437,,21.746,,,17.266,17.234,,,22.825,17.94,22.744,24.574
2026-01-11 15:30:00,,17.951,24.062,,22.059,,,17.266,17.422,,,23.075,17.94,23.431,25.137
2026-01-11 16:00:00,,17.951,24.5,,22.309,,,17.266,17.735,,,23.138,17.94,23.994,25.512
2026-01-11 16:30:00,,17.951,24.75,,22.559,,,17.203,17.986,,,22.95,17.94,24.307,25.637
2026-01-11 17:00:00,,17.951,24.812,,22.559,,,17.203,18.236,,,22.575,17.94,24.494,25.574
2026-01-11 17:30:00,,17.951,24.687,,22.371,,,17.266,18.549,,,22.137,18.003,24.432,25.324
2026-01-11 18:00:00,,17.951,24.312,,22.184,,,17.266,18.737,,,21.511,18.003,24.244,24.887
2026-01-11 18:30:00,,17.951,23.812,,21.996,,,17.266,18.988,,,20.948,18.066,23.869,24.387
2026-01-11 19:00:00,,17.951,23.312,,21.746,,,17.266,19.113,,,20.323,18.128,23.431,23.761
2026-01-11 19:30:00,,17.951,22.75,,21.433,,,17.328,19.238,,,19.822,18.128,22.931,23.074
2026-01-11 20:00:00,,17.951,22.187,,21.12,,,17.328,19.301,,,19.384,18.191,22.431,22.448
2026-01-11 20:30:00,,17.951,21.687,,20.807,,,17.391,19.363,,,19.008,18.253,21.931,21.823
2026-01-11 21:00:00,,17.951,21.186,,20.494,,,17.391,19.363,,,18.633,18.316,21.43,21.197
2026-01-11 21:30:00,,17.951,20.749,,20.181,,,17.454,19.301,,,18.32,18.379,20.993,20.634
2026-01-11 22:00:00,,17.951,20.311,,19.868,,,17.454,19.238,,,18.007,18.441,20.617,20.133
2026-01-11 22:30:00,,17.951,19.873,,19.555,,,17.516,19.175,,,17.694,18.504,20.242,19.632
2026-01-11 23:00:00,,17.888,19.498,,19.305,,,17.579,19.113,,,17.443,18.566,19.866,19.194
2026-01-11 23:30:00,,17.888,19.122,,18.992,,,17.579,18.988,,,17.256,18.629,19.491,18.756
2026-01-12 00:00:00,,17.951,18.81,,18.804,,,17.642,18.862,,,17.13,18.629,19.178,18.443
2026-01-12 00:30:00,,17.888,18.434,,18.616,,,17.704,18.8,,,16.942,18.691,18.803,18.004
2026-01-12 01:00:00,,17.951,18.121,,18.428,,,17.704,18.674,,,16.755,18.754,18.49,17.691
2026-01-12 01:30:00,,17.951,17.809,,18.178,,,17.767,18.549,,,16.567,18.754,18.177,17.441
2026-01-12 02:00:00,,17.951,17.558,,17.99,,,17.767,18.424,,,16.441,18.817,17.926,17.19
2026-01-12 02:30:00,,17.951,17.245,,17.865,,,17.767,18.299,,,16.379,18.817,17.676,16.939
2026-01-12 03:00:00,,17.951,17.058,,17.677,,,17.83,18.236,,,16.316,18.817,17.425,16.752
2026-01-12 03:30:00,,18.013,16.87,,17.552,,,17.83,18.111,,,16.191,18.817,17.238,16.564
2026-01-12 04:00:00,,18.013,16.682,,17.426,,,17.83,17.986,,,16.066,18.879,17.05,16.313
2026-01-12 04:30:00,,18.013,16.495,,17.301,,,17.892,17.923,,,15.878,18.879,16.862,16.188
2026-01-12 05:00:00,,18.076,16.307,,17.176,,,17.892,17.798,,,15.753,18.879,16.674,16.062
2026-01-12 05:30:00,,18.076,16.182,,17.113,,,17.892,17.735,,,15.627,18.879,16.486,15.874
2026-01-12 06:00:00,,18.076,15.994,,16.988,,,17.892,17.61,,,15.439,18.879,16.361,15.749
2026-01-12 06:30:00,,18.138,15.869,,16.863,,,17.892,17.547,,,15.377,18.817,16.173,15.624
2026-01-12 07:00:00,,18.138,15.744,,16.8,,,17.892,17.422,,,15.314,18.817,16.048,15.561
2026-01-12 07:30:00,,18.138,15.618,,16.737,,,17.892,17.359,,,15.314,18.817,15.923,15.498
2026-01-12 08:00:00,,18.201,15.556,,16.675,,,17.892,17.297,,,15.377,18.817,15.797,15.498
2026-01-12 08:30:00,,18.201,15.493,,16.675,,,17.892,17.171,,,15.502,18.754,15.735,15.561
2026-01-12 09:00:00,,18.263,15.493,,16.675,,,17.892,17.109,,,15.753,18.754,15.735,15.624
2026-01-12 09:30:00,,18.263,15.556,,16.8,,,17.83,17.046,,,16.066,18.754,15.735,16.0
2026-01-12 10:00:00,,18.263,15.806,,16.925,,,17.83,16.983,,,16.504,18.691,15.923,16.752
2026-01-12 10:30:00,,18.326,16.244,,17.176,,,17.83,16.921,,,17.068,18.691,16.236,17.503
2026-01-12 11:00:00,,18.326,16.807,,17.552,,,17.83,16.921,,,17.694,18.629,16.674,18.255
2026-01-12 11:30:00,,18.326,17.496,,17.927,,,17.83,16.921,,,18.382,18.629,17.3,18.756
2026-01-12 12:00:00,,18.388,18.309,,18.491,,,17.83,16.921,,,19.071,18.566,17.989,19.507
2026-01-12 12:30:00,,18.388,19.185,,19.117,,,17.83,16.983,,,19.822,18.566,18.74,20.446
2026-01-12 13:00:00,,18.388,20.123,,19.681,,,17.83,17.046,,,20.635,18.504,19.616,21.51
2026-01-12 13:30:00,,18.451,21.186,,20.432,,,17.767,17.171,,,21.449,18.504,20.555,22.511
2026-01-12 14:00:00,,18.451,22.124,,21.057,,,17.767,17.297,,,22.262,18.504,21.493,23.386
2026-01-12 14:30:00,,18.451,23.062,,21.621,,,17.767,17.484,,,22.7,18.441,22.369,24.199
2026-01-12 15:00:00,,18.451,23.812,,21.996,,,17.767,17.735,,,23.075,18.441,23.181,24.887
2026-01-12 15:30:00,,18.451,24.375,,22.246,,,17.704,17.923,,,23.263,18.441,23.807,25.262
2026-01-12 16:00:00,,18.451,24.812,,22.434,,,17.704,18.236,,,23.263,18.441,24.307,25.512
2026-01-12 16:30:00,,18.451,25.0,,22.559,,,17.704,18.487,,,23.013,18.441,24.619,25.574
2026-01-12 17:00:00,,18.451,25.0,,22.559,,,17.704,18.737,,,22.7,18.441,24.682,25.512
2026-01-12 17:30:00,,18.451,24.812,,22.309,,,17.704,18.988,,,22.2,18.504,24.619,25.262
2026-01-12 18:00:00,,18.451,24.437,,22.059,,,17.704,19.238,,,21.511,18.504,24.369,24.824
2026-01-12 18:30:00,,18.451,23.937,,21.808,,,17.767,19.426,,,20.823,18.566,23.994,24.324
2026-01-12 19:00:00,,18.451,23.437,,21.558,,,17.767,19.551,,,20.197,18.566,23.556,23.761
2026-01-12 19:30:00,,18.451,22.875,,21.245,,,17.767,19.676,,,19.697,18.629,23.056,23.074
2026-01-12 20:00:00,,18.451,22.312,,20.995,,,17.83,19.739,,,19.259,18.691,22.556,22.448
2026-01-12 20:30:00,,18.451,21.812,,20.745,,,17.83,19.739,,,18.821,18.754,22.056,21.76
2026-01-12 21:00:00,,18.451,21.249,,20.432,,,17.892,19.739,,,18.508,18.754,21.556,21.134
2026-01-12 21:30:00,,18.451,20.749,,20.119,,,17.892,19.676,,,18.132,18.817,21.055,20.509
2026-01-12 22:00:00,,18.451,20.248,,19.806,,,17.955,19.551,,,17.819,18.879,20.617,19.945
2026-01-12 22:30:00,,18.388,19.81,,19.493,,,17.955,19.426,,,17.506,18.942,20.179,19.507
2026-01-12 23:00:00,,18.388,19.373,,19.18,,,18.017,19.363,,,17.256,19.004,19.804,18.881
2026-01-12 23:30:00,,18.388,18.997,,18.867,,,18.08,19.238,,,17.005,19.004,19.366,18.38
2026-01-13 00:00:00,,18.388,18.622,,18.616,,,18.08,19.05,,,16.88,19.067,18.99,18.13
2026-01-13 00:30:00,,18.388,18.247,,18.366,,,18.143,18.925,,,16.692,19.067,18.615,17.629
2026-01-13 01:00:00,,18.388,17.871,,18.115,,,18.143,18.8,,,16.504,19.129,18.239,17.19
2026-01-13 01:30:00,,18.451,17.496,,17.927,,,18.143,18.674,,,16.316,19.129,17.926,16.877
2026-01-13 02:00:00,,18.451,17.183,,17.739,,,18.205,18.549,,,16.191,19.129,17.613,16.626
2026-01-13 02:30:00,,18.451,16.87,,17.552,,,18.205,18.424,,,16.003,19.192,17.3,16.438
2026-01-13 03:00:00,,18.451,16.682,,17.426,,,18.205,18.299,,,15.94,19.192,17.05,16.188
2026-01-13 03:30:00,,18.451,16.495,,17.301,,,18.205,18.173,,,15.878,19.192,16.862,16.125
2026-01-13 04:00:00,,18.451,16.244,,17.176,,,18.205,18.048,,,15.815,19.192,16.674,15.937
2026-01-13 04:30:00,,18.513,16.119,,17.113,,,18.205,17.923,,,15.69,19.192,16.486,15.749
2026-01-13 05:00:00,,18.513,15.931,,16.988,,,18.205,17.86,,,15.627,19.192,16.298,15.561
2026-01-13 05:30:00,,18.513,15.806,,16.863,,,18.205,17.735,,,15.565,19.129,16.111,15.561
2026-01-13 06:00:00,,18.513,15.681,,16.737,,,18.205,17.672,,,15.439,19.129,15.985,15.498
2026-01-13 06:30:00,,18.576,15.618,,16.612,,,18.205,17.547,,,15.189,19.129,15.923,15.373
2026-01-13 07:00:00,,18.576,15.493,,16.487,,,18.205,17.422,,,15.001,19.129,15.86,15.247
2026-01-13 07:30:00,,18.576,15.431,,16.361,,,18.143,17.359,,,14.876,19.067,15.735,15.185
2026-01-13 08:00:00,,18.639,15.305,,16.299,,,18.143,17.234,,,14.876,19.067,15.61,15.185
2026-01-13 08:30:00,,18.639,15.18,,16.236,,,18.143,17.171,,,14.876,19.004,15.484,15.059
2026-01-13 09:00:00,,18.639,15.118,,16.236,,,18.143,17.046,,,15.126,19.004,15.422,14.997
2026-01-13 09:30:00,,18.701,15.055,,16.424,,,18.08,16.983,,,15.502,18.942,15.296,15.373
2026-01-13 10:00:00,,18.701,15.243,,16.612,,,18.08,16.921,,,16.003,18.942,15.422,16.125
2026-01-13 10:30:00,,18.701,15.618,,16.863,,,18.08,16.858,,,16.567,18.879,15.672,17.002
2026-01-13 11:00:00,,18.701,16.244,,17.176,,,18.017,16.795,,,17.256,18.879,16.111,17.879
2026-01-13 11:30:00,,18.701,16.933,,17.614,,,18.017,16.795,,,18.007,18.817,16.737,18.318
2026-01-13 12:00:00,,18.764,17.746,,18.24,,,18.017,16.795,,,18.758,18.754,17.425,19.194
2026-01-13 12:30:00,,18.764,18.684,,18.867,,,18.017,16.795,,,19.509,18.754,18.239,20.196
2026-01-13 13:00:00,,18.764,19.623,,19.493,,,18.017,16.858,,,20.385,18.691,19.116,21.26
2026-01-13 13:30:00,,18.764,20.686,,20.244,,,17.955,16.983,,,21.136,18.691,20.054,22.261
2026-01-13 14:00:00,,18.764,21.624,,20.807,,,17.955,17.109,,,21.887,18.629,20.993,23.136
2026-01-13 14:30:00,,18.764,22.562,,21.308,,,17.955,17.297,,,22.2,18.566,21.868,24.012
2026-01-13 15:00:00,,18.764,23.375,,21.746,,,17.892,17.484,,,22.575,18.566,22.681,24.637
2026-01-13 15:30:00,,18.764,23.937,,21.996,,,17.892,17.735,,,22.825,18.566,23.306,25.012
2026-01-13 16:00:00,,18.764,24.312,,22.246,,,17.892,17.986,,,22.95,18.566,23.807,25.324
2026-01-13 16:30:00,,18.764,24.5,,22.496,,,17.892,18.236,,,22.762,18.566,24.057,25.387
2026-01-13 17:00:00,,18.764,24.437,,22.496,,,17.83,18.487,,,22.512,18.566,24.182,25.262
2026-01-13 17:30:00,,18.764,24.25,,22.309,,,17.83,18.737,,,22.074,18.566,24.057,25.074
2026-01-13 18:00:00,,18.764,23.937,,21.996,,,17.83,18.988,,,21.449,18.566,23.869,24.762
2026-01-13 18:30:00,,18.764,23.5,,21.746,,,17.83,19.175,,,20.761,18.629,23.494,24.262
2026-01-13 19:00:00,,18.701,23.0,,21.495,,,17.892,19.301,,,20.135,18.629,23.056,23.636
2026-01-13 19:30:00,,18.701,22.437,,21.183,,,17.892,19.426,,,19.572,18.691,22.619,22.949
2026-01-13 20:00:00,,18.701,21.937,,20.87,,,17.892,19.488,,,19.071,18.754,22.118,22.323
2026-01-13 20:30:00,,18.701,21.499,,20.494,,,17.892,19.551,,,18.695,18.754,21.743,21.635
2026-01-13 21:00:00,,18.639,21.061,,20.244,,,17.955,19.488,,,18.32,18.817,21.305,21.072
2026-01-13 21:30:00,,18.639,20.624,,19.931,,,17.955,19.426,,,18.007,18.879,20.93,20.571
2026-01-13 22:00:00,,18.639,20.186,,19.618,,,18.017,19.363,,,17.694,18.942,20.492,20.071
2026-01-13 22:30:00,,18.639,19.81,,19.305,,,18.017,19.238,,,17.381,18.942,20.117,19.695
2026-01-13 23:00:00,,18.576,19.435,,19.054,,,18.08,19.113,,,17.068,19.004,19.804,19.194
2026-01-13 23:30:00,,18.576,19.06,,18.741,,,18.08,18.988,,,16.817,19.067,19.428,18.443
2026-01-14 00:00:00,,18.576,18.622,,18.428,,,18.143,18.862,,,16.629,19.067,19.053,17.879
2026-01-14 00:30:00,,18.576,18.247,,18.303,,,18.143,18.737,,,16.504,19.129,18.677,17.503
2026-01-14 01:00:00,,18.576,17.871,,18.053,,,18.143,18.612,,,16.316,19.129,18.302,17.065
2026-01-14 01:30:00,,18.576,17.433,,17.802,,,18.143,18.487,,,16.128,19.192,17.926,16.689
2026-01-14 02:00:00,,18.576,17.12,,17.614,,,18.205,18.361,,,15.94,19.192,17.551,16.438
2026-01-14 02:30:00,,18.576,16.807,,17.426,,,18.205,18.236,,,15.753,19.192,17.238,16.125
2026-01-14 03:00:00,,18.576,16.495,,17.238,,,18.205,18.111,,,15.565,19.192,16.925,15.937
2026-01-14 03:30:00,,18.576,16.244,,17.05,,,18.143,17.986,,,15.439,19.192,16.674,15.749
2026-01-14 04:00:00,,18.576,16.056,,16.925,,,18.143,17.86,,,15.314,19.192,16.486,15.561
2026-01-14 04:30:00,,18.576,15.869,,16.8,,,18.143,17.735,,,15.189,19.192,16.298,15.435
2026-01-14 05:00:00,,18.576,15.681,,16.675,,,18.143,17.61,,,15.064,19.192,16.111,15.31
2026-01-14 05:30:00,,18.639,15.493,,16.549,,,18.143,17.484,,,15.001,19.129,15.923,15.122
2026-01-14 06:00:00,,18.639,15.368,,16.424,,,18.143,17.422,,,14.876,19.129,15.735,15.059
2026-01-14 06:30:00,,18.639,15.18,,16.299,,,18.08,17.297,,,14.813,19.129,15.547,14.997
2026-01-14 07:00:00,,18.639,15.055,,16.236,,,18.08,17.171,,,14.688,19.067,15.422,14.809
2026-01-14 07:30:00,,18.701,14.93,,16.111,,,18.08,17.109,,,14.688,19.067,15.296,14.746
2026-01-14 08:00:00,,18.701,14.805,,15.985,,,18.08,16.983,,,14.625,19.004,15.171,14.683
2026-01-14 08:30:00,,18.701,14.805,,15.923,,,18.017,16.921,,,14.688,19.004,15.108,14.683
2026-01-14 09:00:00,,18.701,14.742,,15.923,,,18.017,16.795,,,14.938,18.942,15.046,14.683
2026-01-14 09:30:00,,18.764,14.742,,15.985,,,18.017,16.733,,,15.314,18.942,15.046,15.122
2026-01-14 10:00:00,,18.764,14.992,,16.111,,,17.955,16.67,,,15.815,18.879,15.171,15.874
2026-01-14 10:30:00,,18.764,15.368,,16.361,,,17.955,16.607,,,16.316,18.817,15.422,16.564
2026-01-14 11:00:00,,18.764,15.931,,16.675,,,17.955,16.545,,,16.88,18.817,15.86,17.378
2026-01-14 11:30:00,,18.764,16.62,,17.05,,,17.892,16.545,,,17.569,18.754,16.424,17.816
2026-01-14 12:00:00,,18.764,17.371,,17.552,,,17.892,16.545,,,18.257,18.691,17.05,18.568
2026-01-14 12:30:00,,18.826,18.247,,18.053,,,17.892,16.607,,,19.071,18.691,17.801,19.507
2026-01-14 13:00:00,,18.826,19.247,,18.616,,,17.892,16.67,,,19.885,18.629,18.677,20.509
2026-01-14 13:30:00,,18.826,20.248,,19.242,,,17.83,16.795,,,20.761,18.566,19.616,21.51
2026-01-14 14:00:00,,18.826,21.249,,19.806,,,17.83,16.921,,,21.637,18.566,20.555,22.448
2026-01-14 14:30:00,,18.826,22.187,,20.306,,,17.83,17.109,,,22.012,18.504,21.43,23.324
2026-01-14 15:00:00,,18.826,23.0,,20.682,,,17.83,17.297,,,22.325,18.504,22.243,24.012
2026-01-14 15:30:00,,18.826,23.562,,21.057,,,17.767,17.547,,,22.512,18.441,22.931,24.387
2026-01-14 16:00:00,,18.764,23.937,,21.308,,,17.767,17.798,,,22.45,18.441,23.369,24.574
2026-01-14 16:30:00,,18.764,24.125,,21.495,,,17.767,18.048,,,21.949,18.441,23.682,24.699
2026-01-14 17:00:00,,18.764,24.125,,21.495,,,17.704,18.299,,,21.637,18.441,23.744,24.574
2026-01-14 17:30:00,,18.764,23.875,,21.37,,,17.704,18.549,,,21.199,18.441,23.682,24.324
2026-01-14 18:00:00,,18.764,23.562,,21.12,,,17.704,18.8,,,20.635,18.441,23.431,23.949
2026-01-14 18:30:00,,18.701,23.062,,20.932,,,17.704,18.925,,,20.072,18.441,23.119,23.449
2026-01-14 19:00:00,,18.701,22.499,,20.745,,,17.767,19.05,,,19.509,18.504,22.619,22.824
2026-01-14 19:30:00,,18.701,21.874,,20.557,,,17.767,19.175,,,19.008,18.504,22.118,22.135
2026-01-14 20:00:00,,18.639,21.249,,20.432,,,17.767,19.175,,,18.508,18.566,21.556,21.447
2026-01-14 20:30:00,,18.639,20.749,,20.181,,,17.767,19.175,,,18.069,18.566,21.055,20.759
2026-01-14 21:00:00,,18.639,20.186,,19.868,,,17.83,19.113,,,17.631,18.629,20.555,20.133
2026-01-14 21:30:00,,18.576,19.748,,19.555,,,17.83,19.05,,,17.256,18.629,20.117,19.632
2026-01-14 22:00:00,,18.576,19.31,,19.305,,,17.892,18.925,,,16.942,18.691,19.679,19.132
2026-01-14 22:30:00,,18.576,18.872,,18.992,,,17.892,18.862,,,16.567,18.691,19.241,18.631
2026-01-14 23:00:00,,18.576,18.434,,18.741,,,17.892,18.737,,,16.316,18.754,18.865,18.13
2026-01-14 23:30:00,,18.513,18.059,,18.491,,,17.955,18.549,,,16.128,18.754,18.49,17.629
2026-01-15 00:00:00,,18.513,17.621,,18.178,,,17.955,18.424,,,15.94,18.817,18.114,17.065
2026-01-15 00:30:00,,18.513,17.245,,17.927,,,17.955,18.299,,,15.815,18.817,17.676,16.626
2026-01-15 01:00:00,,18.513,16.807,,17.677,,,17.955,18.173,,,15.627,18.817,17.3,16.25
2026-01-15 01:30:00,,18.513,16.432,,17.426,,,17.955,18.048,,,15.439,18.879,16.925,15.874
2026-01-15 02:00:00,,18.451,16.119,,17.301,,,17.955,17.86,,,15.314,18.879,16.612,15.561
2026-01-15 02:30:00,,18.451,15.806,,17.113,,,17.955,17.735,,,15.126,18.879,16.298,15.31
2026-01-15 03:00:00,,18.451,15.618,,16.925,,,17.955,17.61,,,14.938,18.879,16.048,15.122
2026-01-15 03:30:00,,18.451,15.368,,16.737,,,17.955,17.484,,,14.813,18.879,15.86,14.871
2026-01-15 04:00:00,,18.451,15.18,,16.612,,,17.955,17.359,,,14.688,18.879,15.61,14.746
2026-01-15 04:30:00,,18.451,14.992,,16.487,,,17.955,17.297,,,14.562,18.879,15.422,14.558
2026-01-15 05:00:00,,18.451,14.805,,16.299,,,17.892,17.171,,,14.437,18.879,15.234,14.432
2026-01-15 05:30:00,,18.451,14.68,,16.173,,,17.892,17.046,,,14.312,18.879,15.046,14.307
2026-01-15 06:00:00,,18.451,14.492,,15.985,,,17.892,16.921,,,14.187,18.817,14.92,14.182
2026-01-15 06:30:00,,18.513,14.367,,15.86,,,17.83,16.858,,,14.124,18.817,14.795,14.056
2026-01-15 07:00:00,,18.513,14.241,,15.735,,,17.83,16.733,,,14.061,18.817,14.607,13.994
2026-01-15 07:30:00,,18.513,14.116,,15.61,,,17.83,16.607,,,13.999,18.754,14.482,13.931
2026-01-15 08:00:00,,18.513,14.054,,15.547,,,17.83,16.545,,,14.061,18.754,14.419,13.931
2026-01-15 08:30:00,,18.576,13.991,,15.547,,,17.767,16.419,,,14.187,18.691,14.357,13.994
2026-01-15 09:00:00,,18.576,13.991,,15.547,,,17.767,16.357,,,14.437,18.691,14.294,13.994
2026-01-15 09:30:00,,18.576,14.054,,15.61,,,17.704,16.294,,,14.688,18.629,14.294,14.37
2026-01-15 10:00:00,,18.576,14.304,,15.797,,,17.704,16.169,,,15.126,18.566,14.482,14.934
2026-01-15 10:30:00,,18.576,14.68,,16.048,,,17.704,16.106,,,15.627,18.566,14.733,15.624
2026-01-15 11:00:00,,18.639,15.18,,16.361,,,17.642,16.106,,,16.254,18.504,15.108,16.501
2026-01-15 11:30:00,,18.639,15.869,,16.8,,,17.642,16.043,,,17.068,18.504,15.672,17.065
2026-01-15 12:00:00,,18.639,16.682,,17.364,,,17.642,16.106,,,17.882,18.441,16.361,17.879
2026-01-15 12:30:00,,18.639,17.621,,17.99,,,17.579,16.106,,,18.695,18.379,17.175,18.944
2026-01-15 13:00:00,,18.639,18.622,,18.616,,,17.579,16.169,,,19.572,18.316,18.051,20.008
2026-01-15 13:30:00,,18.639,19.685,,19.367,,,17.579,16.294,,,20.385,18.316,18.99,21.072
2026-01-15 14:00:00,,18.639,20.749,,20.056,,,17.516,16.419,,,21.199,18.253,19.992,22.01
2026-01-15 14:30:00,,18.639,21.687,,20.619,,,17.516,16.607,,,21.511,18.253,20.867,22.949
2026-01-15 15:00:00,,18.639,22.499,,21.057,,,17.516,16.795,,,21.762,18.191,21.681,23.636
2026-01-15 15:30:00,,18.639,23.062,,21.433,,,17.516,17.046,,,22.074,18.191,22.369,24.137
2026-01-15 16:00:00,,18.576,23.562,,21.683,,,17.454,17.297,,,22.074,18.128,22.869,24.449
2026-01-15 16:30:00,,18.576,23.75,,21.871,,,17.454,17.547,,,21.887,18.128,23.244,24.512
2026-01-15 17:00:00,,18.576,23.75,,21.933,,,17.454,17.798,,,21.574,18.128,23.369,24.324
2026-01-15 17:30:00,,18.576,23.5,,21.746,,,17.454,18.048,,,21.073,18.191,23.244,24.074
2026-01-15 18:00:00,,18.576,23.125,,21.558,,,17.454,18.299,,,20.448,18.191,22.994,23.636
2026-01-15 18:30:00,,18.513,22.625,,21.308,,,17.454,18.487,,,19.822,18.191,22.619,23.136
2026-01-15 19:00:00,,18.513,21.999,,21.057,,,17.454,18.612,,,19.196,18.253,22.118,22.511
2026-01-15 19:30:00,,18.513,21.437,,20.745,,,17.454,18.674,,,18.695,18.253,21.618,21.948
2026-01-15 20:00:00,,18.451,20.874,,20.432,,,17.454,18.737,,,18.195,18.316,21.118,21.385
2026-01-15 20:30:00,,18.451,20.436,,20.119,,,17.516,18.737,,,17.882,18.379,20.68,20.759
2026-01-15 21:00:00,,18.451,19.998,,19.931,,,17.516,18.737,,,17.569,18.379,20.304,20.196
2026-01-15 21:30:00,,18.388,19.56,,19.681,,,17.516,18.674,,,17.318,18.441,19.866,19.632
2026-01-15 22:00:00,,18.388,19.122,,19.367,,,17.579,18.612,,,17.005,18.504,19.491,19.194
2026-01-15 22:30:00,,18.388,18.684,,19.054,,,17.579,18.487,,,16.629,18.566,19.053,18.631
2026-01-15 23:00:00,,18.326,18.309,,18.804,,,17.579,18.424,,,16.316,18.566,18.677,17.942
2026-01-15 23:30:00,,18.326,17.871,,18.366,,,17.642,18.299,,,16.066,18.629,18.302,17.315
2026-01-16 00:00:00,,18.326,17.496,,17.927,,,17.642,18.173,,,15.94,18.629,17.926,16.814
2026-01-16 00:30:00,,18.326,17.058,,17.614,,,17.642,18.048,,,15.753,18.691,17.551,16.501
2026-01-16 01:00:00,,18.326,16.682,,17.364,,,17.642,17.923,,,15.627,18.691,17.175,16.188
2026-01-16 01:30:00,,18.263,16.369,,17.113,,,17.642,17.798,,,15.439,18.754,16.862,15.812
2026-01-16 02:00:00,,18.263,16.056,,16.925,,,17.642,17.672,,,15.252,18.754,16.549,15.498
2026-01-16 02:30:00,,18.263,15.744,,16.737,,,17.642,17.547,,,15.126,18.754,16.236,15.247
2026-01-16 03:00:00,,18.263,15.556,,16.549,,,17.642,17.422,,,15.064,18.754,15.985,15.059
2026-01-16 03:30:00,,18.263,15.305,,16.361,,,17.642,17.297,,,15.001,18.754,15.797,14.871
2026-01-16 04:00:00,,18.263,15.118,,16.173,,,17.642,17.234,,,14.876,18.754,15.547,14.683
2026-01-16 04:30:00,,18.263,14.992,,16.048,,,17.642,17.109,,,14.75,18.754,15.422,14.558
2026-01-16 05:00:00,,18.263,14.805,,16.111,,,17.642,16.983,,,14.688,18.754,15.234,14.495
2026-01-16 05:30:00,,18.326,14.68,,16.111,,,17.642,16.921,,,14.562,18.754,15.108,14.432
2026-01-16 06:00:00,,18.326,14.617,,15.985,,,17.642,16.795,,,14.5,18.691,14.983,14.307
2026-01-16 06:30:00,,18.326,14.492,,15.923,,,17.579,16.733,,,14.437,18.691,14.858,14.244
2026-01-16 07:00:00,,18.326,14.367,,15.86,,,17.579,16.607,,,14.374,18.629,14.733,14.182
2026-01-16 07:30:00,,18.326,14.304,,15.735,,,17.579,16.545,,,14.312,18.629,14.67,14.182
2026-01-16 08:00:00,,18.326,14.241,,15.61,,,17.579,16.419,,,14.249,18.566,14.545,14.119
2026-01-16 08:30:00,,18.388,14.241,,15.547,,,17.516,16.357,,,14.187,18.566,14.545,14.119
2026-01-16 09:00:00,,18.388,14.179,,15.484,,,17.516,16.294,,,14.437,18.504,14.482,14.182
2026-01-16 09:30:00,,18.388,14.179,,15.61,,,17.516,16.169,,,14.876,18.504,14.482,14.495
2026-01-16 10:00:00,,18.388,14.429,,15.86,,,17.454,16.106,,,15.314,18.441,14.545,15.31
2026-01-16 10:30:00,,18.388,14.742,,16.111,,,17.454,16.043,,,15.878,18.441,14.795,16.062
2026-01-16 11:00:00,,18.388,15.305,,16.487,,,17.454,16.043,,,16.504,18.379,15.234,16.939
2026-01-16 11:30:00,,18.388,15.994,,16.925,,,17.391,15.981,,,17.256,18.316,15.797,17.503
2026-01-16 12:00:00,,18.388,16.807,,17.552,,,17.391,15.981,,,18.007,18.316,16.486,18.38
2026-01-16 12:30:00,,18.388,17.809,,18.178,,,17.391,16.043,,,18.821,18.253,17.3,19.382
2026-01-16 13:00:00,,18.388,18.81,,18.491,,,17.391,16.106,,,19.634,18.191,18.177,20.446
2026-01-16 13:30:00,,18.388,19.81,,19.18,,,17.328,16.231,,,20.51,18.191,19.116,21.572
2026-01-16 14:00:00,,18.388,20.874,,19.868,,,17.328,16.357,,,21.449,18.128,20.054,22.511
2026-01-16 14:30:00,,18.388,21.812,,20.432,,,17.328,16.545,,,21.949,18.066,20.993,23.386
2026-01-16 15:00:00,,18.388,22.625,,20.807,,,17.266,16.733,,,22.325,18.066,21.806,24.074
2026-01-16 15:30:00,,18.388,23.25,,20.745,,,17.266,16.983,,,22.575,18.066,22.494,24.574
2026-01-16 16:00:00,,18.388,23.75,,20.807,,,17.266,17.234,,,22.637,18.066,23.056,24.949
2026-01-16 16:30:00,,18.388,24.0,,20.87,,,17.266,17.484,,,22.45,18.003,23.431,25.074
2026-01-16 17:00:00,,18.388,24.062,,20.87,,,17.266,17.798,,,22.137,18.003,23.619,25.012
2026-01-16 17:30:00,,18.326,23.937,,20.682,,,17.266,18.048,,,21.699,18.066,23.619,24.762
2026-01-16 18:00:00,,18.326,23.625,,20.494,,,17.266,18.299,,,21.136,18.066,23.431,24.449
2026-01-16 18:30:00,,18.326,23.187,,20.244,,,17.266,18.487,,,20.51,18.066,23.119,23.949
2026-01-16 19:00:00,,18.263,22.625,,20.181,,,17.266,18.674,,,19.885,18.128,22.681,23.324
2026-01-16 19:30:00,,18.263,22.124,,20.244,,,17.266,18.8,,,19.384,18.128,22.243,22.698
2026-01-16 20:00:00,,18.263,21.562,,20.181,,,17.328,18.925,,,18.883,18.191,21.743,22.073
2026-01-16 20:30:00,,18.263,21.124,,19.993,,,17.328,18.988,,,18.508,18.191,21.305,21.447
2026-01-16 21:00:00,,18.201,20.686,,19.806,,,17.328,18.988,,,18.195,18.253,20.93,20.947
2026-01-16 21:30:00,,18.201,20.311,,19.618,,,17.391,18.925,,,17.882,18.253,20.617,20.446
2026-01-16 22:00:00,,18.138,19.936,,19.43,,,17.454,18.862,,,17.569,18.316,20.242,19.945
2026-01-16 22:30:00,,18.138,19.498,,19.054,,,17.454,18.8,,,17.256,18.379,19.866,19.507
2026-01-16 23:00:00,,18.138,19.185,,18.491,,,17.516,18.674,,,16.942,18.379,19.491,19.132
2026-01-16 23:30:00,,18.138,18.81,,18.115,,,17.516,18.549,,,16.692,18.379,19.178,18.443
2026-01-17 00:00:00,,18.076,18.434,,17.865,,,17.579,18.487,,,16.441,18.441,18.803,17.816
2026-01-17 00:30:00,,18.076,18.059,,17.614,,,17.579,18.361,,,16.316,18.441,18.49,17.378
2026-01-17 01:00:00,,18.076,17.683,,17.426,,,17.642,18.236,,,16.128,18.504,18.114,16.939
2026-01-17 01:30:00,,18.076,17.308,,17.176,,,17.642,18.111,,,16.003,18.504,17.739,16.689
2026-01-17 02:00:00,,18.076,16.933,,16.988,,,17.642,17.986,,,15.815,18.504,17.425,16.313
2026-01-17 02:30:00,,18.076,16.62,,16.863,,,17.642,17.86,,,15.627,18.504,17.112,16.062
2026-01-17 03:00:00,,18.076,16.307,,16.737,,,17.642,17.735,,,15.502,18.504,16.799,15.874
2026-01-17 03:30:00,,18.076,16.056,,16.612,,,17.642,17.61,,,15.377,18.504,16.549,15.686
2026-01-17 04:00:00,,18.076,15.869,,16.487,,,17.642,17.547,,,15.314,18.504,16.298,15.561
2026-01-17 04:30:00,,18.076,15.681,,16.361,,,17.642,17.422,,,15.314,18.504,16.111,15.31
2026-01-17 05:00:00,,18.076,15.493,,16.236,,,17.642,17.297,,,15.252,18.504,15.923,15.185
2026-01-17 05:30:00,,18.076,15.368,,16.173,,,17.642,17.234,,,15.064,18.504,15.735,15.059
2026-01-17 06:00:00,,18.076,15.18,,16.048,,,17.642,17.109,,,14.938,18.441,15.61,14.934
2026-01-17 06:30:00,,18.076,15.055,,15.923,,,17.642,16.983,,,14.813,18.441,15.484,14.934
2026-01-17 07:00:00,,18.138,14.992,,15.86,,,17.642,16.921,,,14.813,18.441,15.359,14.871
2026-01-17 07:30:00,,18.138,14.93,,15.735,,,17.642,16.858,,,14.813,18.379,15.234,14.809
2026-01-17 08:00:00,,18.138,14.805,,15.672,,,17.579,16.733,,,14.813,18.379,15.171,14.871
2026-01-17 08:30:00,,18.138,14.805,,15.672,,,17.579,16.67,,,14.813,18.316,15.108,14.934
2026-01-17 09:00:00,,18.138,14.805,,15.672,,,17.579,16.607,,,15.001,18.316,15.108,14.934
2026-01-17 09:30:00,,18.138,14.867,,15.735,,,17.579,16.482,,,15.314,18.253,15.108,15.247
2026-01-17 10:00:00,,18.201,15.118,,16.048,,,17.516,16.419,,,15.815,18.253,15.234,16.0
2026-01-17 10:30:00,,18.201,15.431,,16.424,,,17.516,16.357,,,16.316,18.191,15.484,16.752
2026-01-17 11:00:00,,18.201,15.931,,16.863,,,17.516,16.357,,,16.942,18.191,15.86,17.566
2026-01-17 11:30:00,,18.201,16.557,,17.301,,,17.516,16.357,,,17.694,18.128,16.424,18.067
2026-01-17 12:00:00,,18.201,17.371,,17.552,,,17.516,16.357,,,18.445,18.128,17.05,18.818
2026-01-17 12:30:00,,18.201,18.309,,17.927,,,17.454,16.357,,,19.259,18.066,17.801,19.82
2026-01-17 13:00:00,,18.201,19.31,,18.366,,,17.454,16.419,,,20.135,18.003,18.677,20.884
2026-01-17 13:30:00,,18.201,20.373,,18.992,,,17.454,16.545,,,21.011,18.003,19.616,22.135
2026-01-17 14:00:00,,18.201,21.374,,19.555,,,17.454,16.67,,,21.949,17.94,20.617,23.136
2026-01-17 14:30:00,,18.201,22.374,,19.993,,,17.454,16.858,,,22.45,17.94,21.493,24.012
2026-01-17 15:00:00,,18.201,23.187,,20.369,,,17.391,17.046,,,22.825,17.94,22.369,24.762
2026-01-17 15:30:00,,18.201,23.875,,20.682,,,17.391,17.297,,,23.138,17.878,23.056,25.262
2026-01-17 16:00:00,,18.201,24.312,,20.932,,,17.391,17.547,,,23.2,17.878,23.619,25.574
2026-01-17 16:30:00,,18.201,24.625,,21.057,,,17.391,17.86,,,23.013,17.878,23.994,25.762
2026-01-17 17:00:00,,18.138,24.687,,21.245,,,17.391,18.111,,,22.7,17.878,24.182,25.762
2026-01-17 17:30:00,,18.138,24.562,,21.37,,,17.391,18.424,,,22.262,17.94,24.182,25.574
2026-01-17 18:00:00,,18.138,24.312,,21.37,,,17.391,18.674,,,21.699,17.94,24.057,25.262
2026-01-17 18:30:00,,18.138,23.875,,21.308,,,17.391,18.925,,,21.011,17.94,23.744,24.824
2026-01-17 19:00:00,,18.076,23.375,,21.12,,,17.391,19.05,,,20.448,18.003,23.369,24.262
2026-01-17 19:30:00,,18.076,22.812,,20.932,,,17.454,19.238,,,19.947,18.003,22.931,23.574
2026-01-17 20:00:00,,18.076,22.312,,20.682,,,17.454,19.301,,,19.447,18.066,22.494,22.949
2026-01-17 20:30:00,,18.076,21.812,,20.494,,,17.516,19.363,,,19.071,18.128,22.056,22.323
2026-01-17 21:00:00,,18.013,21.437,,20.306,,,17.516,19.363,,,18.695,18.128,21.681,21.698
2026-01-17 21:30:00,,18.013,20.999,,20.056,,,17.579,19.363,,,18.382,18.191,21.305,21.134
2026-01-17 22:00:00,,18.013,20.624,,19.681,,,17.642,19.301,,,18.007,18.253,20.93,20.571
2026-01-17 22:30:00,,18.013,20.248,,19.43,,,17.642,19.238,,,17.694,18.253,20.555,20.071
2026-01-17 23:00:00,,17.951,19.873,,19.117,,,17.704,19.113,,,17.381,18.316,20.179,19.632
2026-01-17 23:30:00,,17.951,19.435,,18.867,,,17.704,18.988,,,17.13,18.379,19.804,19.006
2026-01-18 00:00:00,,17.951,19.06,,18.616,,,17.767,18.862,,,16.88,18.379,19.491,18.443
2026-01-18 00:30:00,,17.951,18.684,,18.366,,,17.83,18.737,,,16.692,18.441,19.116,17.942
2026-01-18 01:00:00,,17.951,18.247,,18.115,,,17.83,18.612,,,16.504,18.441,18.677,17.441
2026-01-18 01:30:00,,17.951,17.871,,17.927,,,17.892,18.487,,,16.379,18.504,18.364,17.127
2026-01-18 02:00:00,,17.951,17.496,,17.739,,,17.892,18.361,,,16.191,18.504,17.989,16.752
2026-01-18 02:30:00,,17.951,17.183,,17.552,,,17.892,18.236,,,16.066,18.504,17.676,16.626
2026-01-18 03:00:00,,17.951,16.933,,17.426,,,17.892,18.111,,,16.003,18.566,17.363,16.501
2026-01-18 03:30:00,,17.951,16.682,,17.364,,,17.892,18.048,,,15.94,18.566,17.112,16.25
2026-01-18 04:00:00,,17.951,16.495,,17.238,,,17.892,17.923,,,15.815,18.566,16.925,16.0
2026-01-18 04:30:00,,17.951,16.244,,17.176,,,17.892,17.798,,,15.69,18.566,16.674,15.937
2026-01-18 05:00:00,,17.951,16.119,,17.113,,,17.892,17.672,,,15.627,18.566,16.486,15.874
2026-01-18 05:30:00,,17.951,15.994,,17.05,,,17.892,17.61,,,15.502,18.566,16.361,15.749
2026-01-18 06:00:00,,17.951,15.869,,16.988,,,17.892,17.484,,,15.439,18.566,16.236,15.686
2026-01-18 06:30:00,,18.013,15.744,,16.925,,,17.892,17.359,,,15.377,18.566,16.111,15.561
2026-01-18 07:00:00,,18.013,15.618,,16.8,,,17.892,17.297,,,15.189,18.566,15.985,15.373
2026-01-18 07:30:00,,18.013,15.493,,16.737,,,17.892,17.171,,,15.189,18.504,15.86,15.373
2026-01-18 08:00:00,,18.013,15.431,,16.675,,,17.83,17.109,,,15.252,18.504,15.735,15.435
2026-01-18 08:30:00,,18.076,15.431,,16.737,,,17.83,17.046,,,15.377,18.504,15.735,15.624
2026-01-18 09:00:00,,18.076,15.493,,16.737,,,17.83,16.921,,,15.627,18.504,15.735,15.749
2026-01-18 09:30:00,,18.076,15.618,,16.863,,,17.83,16.858,,,15.94,18.441,15.797,16.125
2026-01-18 10:00:00,,18.138,15.806,,16.988,,,17.83,16.795,,,16.379,18.441,15.923,16.814
2026-01-18 10:30:00,,18.138,16.119,,17.238,,,17.767,16.795,,,16.755,18.441,16.173,17.315
2026-01-18 11:00:00,,18.138,16.62,,17.489,,,17.767,16.733,,,17.381,18.379,16.549,18.004
2026-01-18 11:30:00,,18.138,17.183,,17.927,,,17.767,16.733,,,18.069,18.379,16.987,18.505
2026-01-18 12:00:00,,18.138,17.934,,18.428,,,17.767,16.733,,,18.821,18.379,17.551,19.319
2026-01-18 12:30:00,,18.201,18.81,,19.054,,,17.767,16.795,,,19.697,18.316,18.302,20.321
2026-01-18 13:00:00,,18.201,19.748,,19.618,,,17.704,16.858,,,20.51,18.316,19.178,21.322
2026-01-18 13:30:00,,18.201,20.749,,20.369,,,17.704,16.983,,,21.386,18.316,20.054,22.448
2026-01-18 14:00:00,,18.201,21.749,,20.995,,,17.704,17.109,,,22.262,18.253,20.993,23.386
2026-01-18 14:30:00,,18.201,22.687,,21.558,,,17.704,17.297,,,22.762,18.253,21.868,24.262
2026-01-18 15:00:00,,18.201,23.5,,21.933,,,17.704,17.547,,,23.075,18.253,22.681,25.012
2026-01-18 15:30:00,,18.201,24.187,,22.184,,,17.704,17.798,,,23.388,18.253,23.431,25.512
2026-01-18 16:00:00,,18.201,24.687,,22.434,,,17.642,18.048,,,23.513,18.253,23.994,25.824
2026-01-18 16:30:00,,18.201,24.937,,22.496,,,17.642,18.361,,,23.45,18.253,24.369,25.949
2026-01-18 17:00:00,,18.263,25.0,,22.496,,,17.642,18.674,,,23.075,18.253,24.557,25.949
2026-01-18 17:30:00,,18.201,24.937,,22.246,,,17.704,18.925,,,22.637,18.316,24.557,25.762
2026-01-18 18:00:00,,18.201,24.625,,21.996,,,17.704,19.175,,,22.074,18.316,24.432,25.387
2026-01-18 18:30:00,,18.201,24.187,,21.746,,,17.704,19.426,,,21.449,18.379,24.119,24.887
2026-01-18 19:00:00,,18.201,23.625,,21.495,,,17.767,19.614,,,20.886,18.441,23.682,24.324
2026-01-18 19:30:00,,18.201,23.125,,21.183,,,17.767,19.739,,,20.385,18.441,23.244,23.699
2026-01-18 20:00:00,,18.201,22.625,,20.87,,,17.83,19.801,,,19.885,18.504,22.806,23.011
2026-01-18 20:30:00,,18.201,22.124,,20.557,,,17.83,19.864,,,19.447,18.566,22.369,22.386
2026-01-18 21:00:00,,18.201,21.687,,20.306,,,17.892,19.864,,,19.071,18.629,21.931,21.698
2026-01-18 21:30:00,,18.201,21.311,,20.056,,,17.892,19.801,,,18.758,18.691,21.556,21.26
2026-01-18 22:00:00,,18.201,20.936,,19.743,,,17.955,19.739,,,18.445,18.691,21.243,20.759
2026-01-18 22:30:00,,18.201,20.561,,19.43,,,18.017,19.676,,,18.069,18.754,20.867,20.384
2026-01-18 23:00:00,,18.201,20.186,,19.117,,,18.08,19.551,,,17.756,18.817,20.555,19.695
2026-01-18 23:30:00,,18.201,19.81,,18.804,,,18.08,19.426,,,17.506,18.817,20.242,19.006
2026-01-19 00:00:00,,18.201,19.435,,18.491,,,18.143,19.301,,,17.256,18.879,19.804,18.443
2026-01-19 00:30:00,,18.201,18.997,,18.24,,,18.143,19.175,,,17.13,18.879,19.428,18.067
2026-01-19 01:00:00,,18.201,18.622,,17.99,,,18.205,19.05,,,16.942,18.942,19.116,17.879
2026-01-19 01:30:00,,18.201,18.309,,17.802,,,18.205,18.925,,,16.817,18.942,18.74,17.629
2026-01-19 02:00:00,,18.201,17.996,,17.614,,,18.205,18.8,,,16.692,19.004,18.427,17.253
2026-01-19 02:30:00,,18.263,17.683,,17.426,,,18.268,18.674,,,16.567,19.004,18.114,17.065
2026-01-19 03:00:00,,18.263,17.371,,17.301,,,18.268,18.549,,,16.379,19.004,17.864,16.752
2026-01-19 03:30:00,,18.263,17.12,,17.176,,,18.268,18.424,,,16.254,19.004,17.613,16.564
2026-01-19 04:00:00,,18.263,16.933,,17.05,,,18.268,18.299,,,16.128,19.004,17.363,16.438
2026-01-19 04:30:00,,18.263,16.745,,16.988,,,18.268,18.173,,,16.066,19.004,17.175,16.313
2026-01-19 05:00:00,,18.326,16.557,,16.988,,,18.268,18.048,,,15.94,19.004,16.925,16.125
2026-01-19 05:30:00,,18.326,16.369,,16.988,,,18.205,17.986,,,15.815,19.004,16.799,16.0
2026-01-19 06:00:00,,18.326,16.182,,16.925,,,18.205,17.86,,,15.69,19.004,16.612,15.874
2026-01-19 06:30:00,,18.388,16.056,,16.925,,,18.205,17.798,,,15.565,18.942,16.424,15.686
2026-01-19 07:00:00,,18.388,15.869,,16.8,,,18.205,17.672,,,15.439,18.942,16.298,15.498
2026-01-19 07:30:00,,18.388,15.744,,16.675,,,18.205,17.61,,,15.314,18.942,16.111,15.435
2026-01-19 08:00:00,,18.388,15.618,,16.612,,,18.205,17.484,,,15.252,18.879,15.985,15.373
2026-01-19 08:30:00,,18.451,15.493,,16.612,,,18.205,17.422,,,15.314,18.879,15.86,15.373
2026-01-19 09:00:00,,18.451,15.431,,16.549,,,18.143,17.297,,,15.565,18.879,15.797,15.435
2026-01-19 09:30:00,,18.451,15.493,,16.737,,,18.143,17.234,,,15.94,18.817,15.735,15.749
2026-01-19 10:00:00,,18.513,15.681,,16.863,,,18.143,17.171,,,16.379,18.817,15.86,16.501
2026-01-19 10:30:00,,18.513,15.994,,17.176,,,18.143,17.109,,,16.88,18.754,16.111,17.127
2026-01-19 11:00:00,,18.513,16.495,,17.489,,,18.08,17.046,,,17.569,18.754,16.424,17.942
2026-01-19 11:30:00,,18.513,17.12,,17.865,,,18.08,17.046,,,18.257,18.754,16.987,18.443
2026-01-19 12:00:00,,18.576,17.934,,18.428,,,18.08,17.046,,,19.071,18.691,17.613,19.319
2026-01-19 12:30:00,,18.576,18.872,,19.054,,,18.08,17.046,,,19.885,18.691,18.364,20.321
2026-01-19 13:00:00,,18.576,19.81,,19.681,,,18.08,17.109,,,20.698,18.629,19.241,21.322
2026-01-19 13:30:00,,18.576,20.874,,20.432,,,18.017,17.234,,,21.574,18.629,20.117,22.511
2026-01-19 14:00:00,,18.639,21.937,,21.057,,,18.017,17.422,,,22.512,18.629,21.118,23.574
2026-01-19 14:30:00,,18.639,22.937,,21.621,,,18.017,17.547,,,22.95,18.566,22.056,24.449
2026-01-19 15:00:00,,18.639,23.812,,21.996,,,18.017,17.798,,,23.388,18.566,22.931,25.199
2026-01-19 15:30:00,,18.639,24.437,,22.309,,,18.017,18.048,,,23.701,18.566,23.619,25.637
2026-01-19 16:00:00,,18.639,24.937,,22.559,,,17.955,18.361,,,23.763,18.566,24.182,25.949
2026-01-19 16:30:00,,18.639,25.188,,22.684,,,17.955,18.612,,,23.575,18.566,24.557,26.074
2026-01-19 17:00:00,,18.639,25.25,,22.684,,,17.955,18.925,,,23.388,18.566,24.744,26.074
2026-01-19 17:30:00,,18.639,25.125,,22.434,,,17.955,19.175,,,22.95,18.566,24.744,25.887
2026-01-19 18:00:00,,18.639,24.812,,22.184,,,18.017,19.488,,,22.387,18.629,24.619,25.512
2026-01-19 18:30:00,,18.639,24.437,,21.871,,,18.017,19.676,,,21.824,18.629,24.369,25.012
2026-01-19 19:00:00,,18.576,23.937,,21.558,,,18.017,19.864,,,21.199,18.691,23.994,24.449
2026-01-19 19:30:00,,18.576,23.437,,21.245,,,18.08,20.052,,,20.635,18.691,23.556,23.761
2026-01-19 20:00:00,,18.576,22.875,,20.995,,,18.08,20.114,,,20.135,18.754,23.056,23.074
2026-01-19 20:30:00,,18.576,22.374,,20.682,,,18.143,20.177,,,19.697,18.817,22.619,22.261
2026-01-19 21:00:00,,18.576,21.937,,20.369,,,18.143,20.177,,,19.259,18.879,22.181,21.698
2026-01-19 21:30:00,,18.576,21.562,,20.056,,,18.205,20.114,,,18.946,18.879,21.806,21.197
2026-01-19 22:00:00,,18.576,21.186,,19.743,,,18.268,20.052,,,18.57,18.942,21.493,20.696
2026-01-19 22:30:00,,18.576,20.811,,19.43,,,18.268,19.989,,,18.257,19.004,21.118,20.258
2026-01-19 23:00:00,,18.513,20.436,,19.117,,,18.331,19.864,,,17.944,19.004,20.805,19.632
2026-01-19 23:30:00,,18.513,20.061,,18.804,,,18.393,19.739,,,17.694,19.067,20.43,19.069
2026-01-20 00:00:00,,18.513,19.685,,18.491,,,18.393,19.614,,,17.506,19.067,20.054,18.631
2026-01-20 00:30:00,,18.513,19.247,,18.178,,,18.456,19.488,,,17.318,19.129,19.741,18.192
2026-01-20 01:00:00,,18.513,18.872,,17.927,,,18.456,19.363,,,17.13,19.129,19.366,17.754
2026-01-20 01:30:00,,18.513,18.497,,17.739,,,18.519,19.238,,,17.005,19.192,18.99,17.378
2026-01-20 02:00:00,,18.513,18.121,,17.552,,,18.519,19.05,,,16.817,19.192,18.615,17.065
2026-01-20 02:30:00,,18.513,17.809,,17.364,,,18.519,18.925,,,16.692,19.192,18.302,16.877
2026-01-20 03:00:00,,18.576,17.496,,17.176,,,18.519,18.8,,,16.504,19.192,17.989,16.689
2026-01-20 03:30:00,,18.576,17.245,,17.05,,,18.519,18.674,,,16.316,19.192,17.739,16.626
2026-01-20 04:00:00,,18.576,16.995,,16.925,,,18.519,18.549,,,16.191,19.192,17.488,16.501
2026-01-20 04:30:00,,18.576,16.807,,16.863,,,18.519,18.424,,,16.066,19.192,17.238,16.376
2026-01-20 05:00:00,,18.576,16.62,,16.8,,,18.519,18.299,,,16.003,19.192,17.05,16.25
2026-01-20 05:30:00,,18.576,16.495,,16.863,,,18.519,18.173,,,15.878,19.192,16.925,16.125
2026-01-20 06:00:00,,18.639,16.307,,16.925,,,18.519,18.111,,,15.753,19.192,16.737,16.0
2026-01-20 06:30:00,,18.639,16.182,,16.925,,,18.456,17.986,,,15.69,19.129,16.612,15.812
2026-01-20 07:00:00,,18.639,15.994,,16.863,,,18.456,17.86,,,15.565,19.129,16.424,15.749
2026-01-20 07:30:00,,18.639,15.869,,16.737,,,18.456,17.735,,,15.439,19.129,16.298,15.624
2026-01-20 08:00:00,,18.701,15.744,,16.675,,,18.456,17.672,,,15.377,19.067,16.111,15.561
2026-01-20 08:30:00,,18.701,15.681,,16.675,,,18.393,17.547,,,15.439,19.067,15.985,15.561
2026-01-20 09:00:00,,18.701,15.618,,16.675,,,18.393,17.484,,,15.627,19.004,15.985,15.624
2026-01-20 09:30:00,,18.701,15.618,,16.8,,,18.393,17.422,,,15.94,19.004,15.923,15.874
2026-01-20 10:00:00,,18.764,15.806,,16.925,,,18.393,17.297,,,16.316,18.942,15.985,16.501
2026-01-20 10:30:00,,18.764,16.119,,17.176,,,18.331,17.234,,,16.817,18.942,16.173,16.939
2026-01-20 11:00:00,,18.764,16.557,,17.489,,,18.331,17.234,,,17.506,18.879,16.549,17.691
2026-01-20 11:30:00,,18.764,17.12,,17.802,,,18.331,17.171,,,18.195,18.879,16.987,18.192
2026-01-20 12:00:00,,18.764,17.871,,18.366,,,18.268,17.171,,,19.008,18.817,17.613,19.132
2026-01-20 12:30:00,,18.764,18.81,,18.992,,,18.268,17.234,,,19.822,18.817,18.364,20.071
2026-01-20 13:00:00,,18.826,19.748,,19.618,,,18.268,17.297,,,20.698,18.754,19.178,21.072
2026-01-20 13:30:00,,18.826,20.811,,20.369,,,18.268,17.422,,,21.574,18.754,20.117,22.323
2026-01-20 14:00:00,,18.826,21.874,,20.995,,,18.268,17.547,,,22.45,18.754,21.055,23.324
2026-01-20 14:30:00,,18.826,22.812,,21.558,,,18.205,17.735,,,22.888,18.691,21.993,24.199
2026-01-20 15:00:00,,18.826,23.687,,21.933,,,18.205,17.923,,,23.263,18.691,22.869,24.949
2026-01-20 15:30:00,,18.826,24.375,,22.246,,,18.205,18.236,,,23.638,18.691,23.556,25.449
2026-01-20 16:00:00,,18.826,24.875,,22.559,,,18.205,18.487,,,23.638,18.691,24.182,25.824
2026-01-20 16:30:00,,18.826,25.125,,22.747,,,18.205,18.8,,,23.513,18.691,24.557,26.012
2026-01-20 17:00:00,,18.826,25.188,,22.684,,,18.205,19.113,,,23.325,18.691,24.744,25.949
2026-01-20 17:30:00,,18.826,25.125,,22.434,,,18.205,19.426,,,23.075,18.691,24.744,25.762
2026-01-20 18:00:00,,18.826,24.812,,22.184,,,18.205,19.676,,,22.387,18.754,24.619,25.449
2026-01-20 18:30:00,,18.764,24.437,,21.996,,,18.268,19.864,,,21.699,18.754,24.369,24.949
2026-01-20 19:00:00,,18.764,24.0,,21.746,,,18.331,20.052,,,21.136,18.817,23.994,24.449
2026-01-20 19:30:00,,18.764,23.437,,21.433,,,18.393,20.177,,,20.698,18.817,23.556,23.824
2026-01-20 20:00:00,,18.764,22.937,,21.12,,,18.393,20.24,,,20.26,18.879,23.119,23.136
2026-01-20 20:30:00,,18.764,22.437,,20.807,,,18.456,20.302,,,19.947,18.942,22.619,22.448
2026-01-20 21:00:00,,18.764,21.937,,20.557,,,18.519,20.24,,,19.572,18.942,22.243,21.885
2026-01-20 21:30:00,,18.764,21.499,,20.432,,,18.581,20.177,,,19.071,19.004,21.806,21.26
2026-01-20 22:00:00,,18.701,21.124,,20.181,,,18.644,20.114,,,18.57,19.067,21.43,20.634
2026-01-20 22:30:00,,18.701,20.686,,19.868,,,18.644,19.989,,,18.132,19.129,21.055,20.196
2026-01-20 23:00:00,,18.701,20.373,,19.43,,,18.707,19.927,,,17.756,19.129,20.742,19.632
2026-01-20 23:30:00,,18.701,19.998,,19.054,,,18.769,19.801,,,17.506,19.192,20.367,19.069
2026-01-21 00:00:00,,18.701,19.56,,18.679,,,18.769,19.676,,,17.318,19.192,19.992,18.693
2026-01-21 00:30:00,,18.701,19.247,,18.303,,,18.769,19.551,,,17.13,19.255,19.679,18.192
2026-01-21 01:00:00,,18.701,18.872,,18.053,,,18.769,19.363,,,16.942,19.255,19.303,17.879
2026-01-21 01:30:00,,18.701,18.497,,17.802,,,18.769,19.238,,,16.755,19.317,18.99,17.441
2026-01-21 02:00:00,,18.701,18.184,,17.552,,,18.769,19.113,,,16.629,19.317,18.615,17.253
2026-01-21 02:30:00,,18.701,17.871,,17.364,,,18.769,18.988,,,16.504,19.317,18.302,17.002
2026-01-21 03:00:00,,18.701,17.558,,17.238,,,18.769,18.862,,,16.379,19.317,18.051,16.877
2026-01-21 03:30:00,,18.701,17.308,,17.113,,,18.707,18.737,,,16.316,19.317,17.801,16.877
2026-01-21 04:00:00,,18.764,17.12,,17.05,,,18.707,18.612,,,16.316,19.317,17.551,16.814
2026-01-21 04:30:00,,18.764,16.933,,16.988,,,18.644,18.487,,,16.254,19.317,17.363,16.626
2026-01-21 05:00:00,,18.764,16.807,,16.988,,,18.644,18.361,,,16.066,19.317,17.175,16.376
2026-01-21 05:30:00,,18.764,16.62,,16.988,,,18.581,18.299,,,15.878,19.317,17.05,16.188
2026-01-21 06:00:00,,18.826,16.432,,16.988,,,18.519,18.173,,,15.69,19.317,16.862,16.062
2026-01-21 06:30:00,,18.826,16.244,,16.988,,,18.519,18.048,,,15.502,19.317,16.674,15.874
2026-01-21 07:00:00,,18.826,16.056,,16.863,,,18.456,17.923,,,15.377,19.255,16.486,15.686
2026-01-21 07:30:00,,18.826,15.931,,16.737,,,18.456,17.798,,,15.252,19.255,16.298,15.561
2026-01-21 08:00:00,,18.889,15.744,,16.675,,,18.393,17.735,,,15.252,19.192,16.173,15.498
2026-01-21 08:30:00,,18.889,15.618,,16.612,,,18.331,17.61,,,15.252,19.192,16.048,15.435
2026-01-21 09:00:00,,18.889,15.493,,16.675,,,18.331,17.484,,,15.502,19.192,15.923,15.373
2026-01-21 09:30:00,,18.951,15.493,,16.8,,,18.331,17.422,,,15.815,19.129,15.86,15.561
2026-01-21 10:00:00,,18.951,15.618,,16.925,,,18.268,17.359,,,16.191,19.129,15.86,16.25
2026-01-21 10:30:00,,18.951,15.869,,17.113,,,18.268,17.234,,,16.692,19.067,16.048,16.626
2026-01-21 11:00:00,,18.951,16.307,,17.364,,,18.205,17.234,,,17.318,19.067,16.361,17.315
2026-01-21 11:30:00,,19.014,16.933,,17.677,,,18.205,17.171,,,18.007,19.004,16.799,17.754
2026-01-21 12:00:00,,19.014,17.621,,18.178,,,18.205,17.234,,,18.821,19.004,17.425,18.631
2026-01-21 12:30:00,,19.014,18.497,,18.741,,,18.205,17.234,,,19.634,18.942,18.114,19.632
2026-01-21 13:00:00,,19.014,19.498,,19.367,,,18.205,17.297,,,20.573,18.942,18.928,20.696
2026-01-21 13:30:00,,19.014,20.498,,20.119,,,18.143,17.422,,,21.449,18.879,19.804,21.76
2026-01-21 14:00:00,,19.014,21.499,,20.745,,,18.143,17.547,,,22.137,18.879,20.742,22.761
2026-01-21 14:30:00,,19.014,22.499,,21.308,,,18.143,17.672,,,22.637,18.879,21.681,23.699
2026-01-21 15:00:00,,19.014,23.375,,21.746,,,18.143,17.923,,,23.075,18.817,22.494,24.449
2026-01-21 15:30:00,,19.014,24.062,,22.059,,,18.143,18.173,,,23.325,18.817,23.244,25.012
2026-01-21 16:00:00,,19.014,24.625,,22.246,,,18.205,18.424,,,23.45,18.817,23.869,25.387
2026-01-21 16:30:00,,19.014,24.937,,22.371,,,18.205,18.737,,,23.325,18.817,24.307,25.574
2026-01-21 17:00:00,,19.014,25.0,,22.371,,,18.205,18.988,,,23.075,18.817,24.494,25.512
2026-01-21 17:30:00,,19.014,24.875,,22.184,,,18.268,19.301,,,22.637,18.817,24.494,25.387
2026-01-21 18:00:00,,19.014,24.562,,21.996,,,18.268,19.551,,,22.074,18.817,24.369,25.012
2026-01-21 18:30:00,,19.014,24.187,,21.746,,,18.331,19.739,,,21.511,18.879,24.057,24.574
2026-01-21 19:00:00,,19.014,23.75,,21.495,,,18.393,19.927,,,20.948,18.879,23.744,24.074
2026-01-21 19:30:00,,19.014,23.25,,21.183,,,18.456,20.052,,,20.51,18.942,23.306,23.449
2026-01-21 20:00:00,,18.951,22.75,,20.932,,,18.519,20.114,,,20.072,18.942,22.869,22.824
2026-01-21 20:30:00,,18.951,22.312,,20.682,,,18.519,20.114,,,19.697,19.004,22.494,22.198
2026-01-21 21:00:00,,18.951,21.874,,20.494,,,18.581,20.114,,,19.384,19.067,22.118,21.635
2026-01-21 21:30:00,,18.951,21.499,,20.181,,,18.644,20.052,,,19.071,19.067,21.743,21.134
2026-01-21 22:00:00,,18.951,21.061,,19.931,,,18.707,19.989,,,18.695,19.129,21.368,20.634
2026-01-21 22:30:00,,18.951,20.686,,19.618,,,18.707,19.927,,,18.257,19.192,20.993,20.071
2026-01-21 23:00:00,,18.889,20.311,,19.367,,,18.769,19.801,,,17.882,19.192,20.68,19.758
2026-01-21 23:30:00,,18.889,19.998,,19.117,,,18.769,19.676,,,17.569,19.255,20.304,19.382
2026-01-22 00:00:00,,18.889,19.685,,18.929,,,18.832,19.614,,,17.381,19.255,19.992,18.881
2026-01-22 00:30:00,,18.889,19.31,,18.679,,,18.832,19.488,,,17.256,19.317,19.679,18.631
2026-01-22 01:00:00,,18.889,18.997,,18.491,,,18.832,19.301,,,17.13,19.317,19.366,18.38
2026-01-22 01:30:00,,18.889,18.684,,18.303,,,18.832,19.238,,,17.005,19.317,19.053,18.067
2026-01-22 02:00:00,,18.889,18.434,,18.115,,,18.769,19.113,,,16.88,19.38,18.803,17.879
2026-01-22 02:30:00,,18.889,18.121,,17.927,,,18.769,18.988,,,16.817,19.38,18.552,17.629
2026-01-22 03:00:00,,18.889,17.871,,17.739,,,18.707,18.862,,,16.692,19.38,18.302,17.441
2026-01-22 03:30:00,,18.889,17.683,,17.677,,,18.707,18.737,,,16.629,19.38,18.051,17.378
2026-01-22 04:00:00,,18.889,17.496,,17.552,,,18.707,18.612,,,16.504,19.38,17.864,17.19
2026-01-22 04:30:00,,18.889,17.308,,17.489,,,18.644,18.549,,,16.379,19.38,17.676,17.002
2026-01-22 05:00:00,,18.951,17.12,,17.489,,,18.581,18.424,,,16.254,19.38,17.488,16.877
2026-01-22 05:30:00,,18.951,16.995,,17.489,,,18.581,18.299,,,16.128,19.38,17.3,16.752
2026-01-22 06:00:00,,18.951,16.807,,17.489,,,18.581,18.236,,,16.066,19.38,17.175,16.564
2026-01-22 06:30:00,,18.951,16.682,,17.426,,,18.519,18.111,,,15.94,19.317,17.05,16.438
2026-01-22 07:00:00,,18.951,16.495,,17.364,,,18.519,18.048,,,15.815,19.317,16.862,16.313
2026-01-22 07:30:00,,19.014,16.369,,17.301,,,18.519,17.923,,,15.815,19.317,16.737,16.25
2026-01-22 08:00:00,,19.014,16.244,,17.238,,,18.456,17.86,,,15.878,19.317,16.612,16.188
2026-01-22 08:30:00,,19.014,16.182,,17.176,,,18.456,17.735,,,15.94,19.255,16.486,16.188
2026-01-22 09:00:00,,19.014,16.182,,17.238,,,18.456,17.672,,,16.254,19.255,16.486,16.25
2026-01-22 09:30:00,,19.014,16.182,,17.364,,,18.393,17.61,,,16.629,19.192,16.424,16.564
2026-01-22 10:00:00,,19.076,16.369,,17.489,,,18.393,17.547,,,17.068,19.192,16.549,17.253
2026-01-22 10:30:00,,19.076,16.62,,17.739,,,18.393,17.484,,,17.569,19.192,16.737,17.629
2026-01-22 11:00:00,,19.076,17.12,,17.99,,,18.331,17.484,,,18.195,19.129,17.112,18.255
2026-01-22 11:30:00,,19.076,17.683,,18.366,,,18.331,17.484,,,18.883,19.129,17.551,18.818
2026-01-22 12:00:00,,19.076,18.372,,18.867,,,18.331,17.484,,,19.634,19.129,18.177,19.632
2026-01-22 12:30:00,,19.076,19.185,,19.43,,,18.331,17.547,,,20.323,19.067,18.865,20.509
2026-01-22 13:00:00,,19.139,20.123,,19.993,,,18.331,17.61,,,21.136,19.067,19.679,21.447
2026-01-22 13:30:00,,19.139,21.061,,20.745,,,18.331,17.735,,,21.824,19.004,20.555,22.573
2026-01-22 14:00:00,,19.139,22.062,,21.37,,,18.331,17.86,,,22.575,19.004,21.43,23.511
2026-01-22 14:30:00,,19.139,22.937,,21.871,,,18.331,18.048,,,23.075,19.004,22.306,24.387
2026-01-22 15:00:00,,19.139,23.75,,22.246,,,18.331,18.236,,,23.575,19.004,23.056,25.012
2026-01-22 15:30:00,,19.139,24.375,,22.496,,,18.331,18.487,,,23.888,19.004,23.744,25.449
2026-01-22 16:00:00,,19.139,24.812,,22.747,,,28.901,26.494,,,28.388,19.004,24.244,25.762
2026-01-22 16:30:00,,19.139,25.125,,22.934,,,25.34,26.744,,,30.2,19.004,24.619,25.824
2026-01-22 17:00:00,,19.139,25.188,,22.934,,,19.396,21.491,,,27.701,19.004,24.744,25.824
2026-01-22 17:30:00,,19.139,26.187,,22.684,,,18.707,20.866,,,26.451,19.004,25.744,31.755
2026-01-22 18:00:00,,26.515,25.375,,22.496,,,18.707,20.928,,,25.326,27.882,24.994,26.074
2026-01-22 18:30:00,,20.39,24.437,,23.685,,,18.769,20.991,,,24.388,20.694,24.307,24.699
2026-01-22 19:00:00,,19.327,23.875,,21.996,,,18.894,21.053,,,23.638,19.505,23.869,24.012
2026-01-22 19:30:00,,19.139,23.375,,21.37,,,19.02,20.991,,,22.888,19.38,23.431,23.324
2026-01-22 20:00:00,,19.076,22.875,,20.932,,,19.145,20.866,,,22.512,19.38,22.994,22.636
2026-01-22 20:30:00,,19.076,22.374,,20.494,,,19.208,20.74,,,21.887,19.442,22.556,21.885
2026-01-22 21:00:00,,19.076,21.937,,20.056,,,19.27,20.553,,,21.261,19.442,22.118,21.197
2026-01-22 21:30:00,,19.076,21.499,,19.681,,,19.333,20.365,,,20.635,19.505,21.743,20.759
2026-01-22 22:00:00,,19.076,21.124,,19.367,,,19.396,20.177,,,20.01,19.567,21.368,20.258
2026-01-22 22:30:00,,19.014,20.686,,18.992,,,19.396,19.989,,,18.883,19.63,20.993,19.82
2026-01-22 23:00:00,,19.014,20.311,,18.616,,,19.396,19.801,,,17.944,19.63,20.617,19.319
2026-01-22 23:30:00,,19.014,19.936,,18.053,,,19.396,19.614,,,17.256,19.693,20.304,18.693
2026-01-23 00:00:00,,19.014,19.56,,17.489,,,19.333,19.426,,,16.817,19.693,19.929,18.318
2026-01-23 00:30:00,,19.014,19.185,,16.988,,,19.27,19.238,,,16.441,19.693,19.554,17.942
2026-01-23 01:00:00,,19.014,18.81,,16.612,,,19.208,19.05,,,16.066,19.755,19.241,17.503
2026-01-23 01:30:00,,19.014,18.434,,16.299,,,19.145,18.925,,,15.753,19.755,18.865,17.19
2026-01-23 02:00:00,,19.076,18.121,,16.111,,,19.082,18.737,,,15.439,19.755,18.552,16.939
2026-01-23 02:30:00,,19.076,17.809,,16.048,,,19.02,18.612,,,15.064,19.693,18.239,16.626
2026-01-23 03:00:00,,19.076,17.496,,15.923,,,18.957,18.487,,,14.75,19.693,17.926,16.376
2026-01-23 03:30:00,,19.076,17.183,,15.735,,,18.894,18.361,,,14.437,19.693,17.676,16.125
2026-01-23 04:00:00,,19.076,16.995,,15.547,,,18.832,18.173,,,14.187,19.693,17.425,16.0
2026-01-23 04:30:00,,19.076,16.745,,15.484,,,18.769,18.048,,,13.999,19.693,17.238,15.937
2026-01-23 05:00:00,,19.139,16.557,,15.61,,,18.707,17.923,,,13.873,19.63,16.987,15.749
2026-01-23 05:30:00,,19.139,16.369,,15.86,,,18.644,17.735,,,13.748,19.63,16.799,15.686
2026-01-23 06:00:00,,19.139,16.182,,15.985,,,18.581,17.61,,,13.811,19.567,16.612,15.624
2026-01-23 06:30:00,,19.139,16.056,,16.048,,,18.519,17.484,,,13.685,19.567,16.486,15.498
2026-01-23 07:00:00,,19.201,15.869,,16.111,,,18.519,17.422,,,13.685,19.505,16.298,15.435
2026-01-23 07:30:00,,19.201,15.744,,16.048,,,18.456,17.297,,,13.748,19.505,16.173,15.373
2026-01-23 08:00:00,,19.201,15.618,,16.048,,,18.393,17.171,,,14.061,19.442,16.048,15.435
2026-01-23 08:30:00,,19.201,15.556,,16.173,,,18.331,17.046,,,14.688,19.38,15.985,15.498
2026-01-23 09:00:00,,19.264,15.556,,16.361,,,18.331,16.983,,,16.191,19.38,15.923,15.624
2026-01-23 09:30:00,,19.264,15.618,,16.675,,,18.268,16.921,,,17.631,19.317,15.923,15.874
2026-01-23 10:00:00,,19.264,15.806,,16.863,,,18.205,16.858,,,19.008,19.255,16.048,16.814
2026-01-23 10:30:00,,19.264,16.119,,17.05,,,18.205,16.858,,,20.448,19.255,16.236,17.441
2026-01-23 11:00:00,,19.264,16.62,,17.614,,,18.143,16.858,,,21.949,19.192,16.612,18.13
2026-01-23 11:30:00,,19.264,17.245,,18.303,,,18.143,16.921,,,23.138,19.129,17.112,18.756
2026-01-23 12:00:00,,19.327,17.996,,19.054,,,18.08,17.046,,,24.263,19.067,17.739,19.632
2026-01-23 12:30:00,,19.327,18.872,,19.868,,,18.08,17.234,,,25.514,19.067,18.49,20.571
2026-01-23 13:00:00,21.183,19.327,19.873,19.287,20.682,17.264,18.305,18.08,17.484,18.217,17.321,27.076,19.004,19.366,21.447
2026-01-23 13:30:00,22.183,19.327,20.874,19.975,21.183,17.326,18.305,18.017,17.735,19.03,18.01,27.951,19.004,20.242,22.636
2026-01-23 14:00:00,23.121,19.327,21.812,20.6,21.37,17.452,18.242,18.08,18.048,19.969,18.823,29.45,18.942,21.118,23.574
2026-01-23 14:30:00,23.934,19.327,22.75,21.288,21.683,17.64,18.242,18.08,18.424,20.908,19.699,29.013,18.942,21.993,24.387
2026-01-23 15:00:00,24.684,19.327,23.562,21.851,22.059,17.828,18.18,18.08,18.8,21.783,20.575,28.95,18.942,22.806,25.137
2026-01-23 15:30:00,25.246,19.264,24.187,22.163,22.371,18.016,18.18,18.143,19.238,22.659,21.513,29.138,18.879,23.431,25.574
2026-01-23 16:00:00,25.621,19.327,24.562,22.226,22.559,18.266,18.18,18.205,19.614,23.347,22.326,29.013,18.879,23.932,25.762
2026-01-23 16:30:00,25.933,19.264,24.812,22.163,22.622,18.454,18.18,18.268,19.927,23.847,23.076,28.451,18.942,24.244,25.824
2026-01-23 17:00:00,25.996,19.264,24.875,21.976,22.496,18.705,18.18,18.331,20.24,24.222,23.701,27.701,18.942,24.432,25.699
2026-01-23 17:30:00,25.933,19.264,24.75,21.601,22.246,18.893,18.18,18.456,20.427,24.41,24.139,26.576,18.942,24.369,25.449
2026-01-23 18:00:00,25.683,19.264,24.437,21.225,21.933,19.081,18.18,18.519,20.615,24.472,24.389,25.514,19.004,24.244,25.012
2026-01-23 18:30:00,25.246,19.201,24.0,20.663,21.621,19.269,18.242,18.644,20.74,24.347,24.451,24.513,19.004,23.932,24.449
2026-01-23 19:00:00,24.496,19.201,23.562,20.162,21.245,19.394,18.242,18.769,20.74,24.035,24.326,23.638,19.067,23.556,23.824
2026-01-23 19:30:00,23.183,19.201,23.0,19.787,20.87,19.519,18.305,18.832,20.74,23.597,24.076,22.95,19.129,23.119,23.074
2026-01-23 20:00:00,22.496,19.201,22.499,19.412,20.557,19.582,18.368,18.957,20.678,23.159,23.639,22.7,19.129,22.681,22.386
2026-01-23 20:30:00,21.933,19.201,22.062,19.161,20.432,19.582,18.368,19.02,20.553,22.722,23.201,22.012,19.192,22.243,21.635
2026-01-23 21:00:00,21.308,19.139,21.562,18.849,20.181,19.582,18.43,19.082,20.365,22.221,22.763,21.261,19.255,21.868,20.822
2026-01-23 21:30:00,20.745,19.139,21.186,18.598,19.806,19.582,18.493,19.145,20.24,21.783,22.326,20.573,19.317,21.43,20.258
2026-01-23 22:00:00,20.182,19.139,20.749,18.286,19.493,19.519,18.493,19.208,19.989,21.345,21.825,19.697,19.317,21.055,19.82
2026-01-23 22:30:00,19.681,19.139,20.373,18.098,19.18,19.519,18.555,19.208,19.801,20.908,21.388,18.883,19.38,20.742,19.445
2026-01-23 23:00:00,19.181,19.076,19.998,17.91,18.804,19.457,18.618,19.208,19.614,20.47,20.95,18.069,19.38,20.367,18.944
2026-01-23 23:30:00,18.68,19.076,19.685,17.848,18.491,19.394,18.68,19.208,19.426,20.094,20.575,17.193,19.442,20.054,18.568
2026-01-24 00:00:00,18.242,19.076,19.31,17.723,18.178,19.269,18.68,19.145,19.238,19.781,20.199,16.504,19.442,19.741,17.942
2026-01-24 00:30:00,17.804,19.076,18.997,17.598,17.927,19.206,18.68,19.082,19.05,19.406,19.824,15.94,19.442,19.428,17.378
2026-01-24 01:00:00,17.366,19.076,18.559,17.472,17.677,19.144,18.743,19.02,18.925,19.03,19.511,15.565,19.442,19.053,17.002
2026-01-24 01:30:00,17.053,19.076,18.247,17.347,17.552,19.018,18.743,18.957,18.737,18.655,19.136,15.189,19.442,18.74,16.689
2026-01-24 02:00:00,16.803,19.076,17.871,17.222,17.364,18.893,18.743,18.894,18.549,18.279,18.76,15.001,19.442,18.364,16.438
2026-01-24 02:30:00,16.553,19.076,17.558,17.034,17.176,18.83,18.743,18.832,18.424,17.966,18.448,14.625,19.442,18.051,16.188
2026-01-24 03:00:00,16.428,19.076,17.245,16.847,17.05,18.768,18.743,18.769,18.299,17.653,18.072,14.437,19.442,17.739,16.0
2026-01-24 03:30:00,16.24,19.076,16.933,16.659,16.863,18.642,18.806,18.707,18.111,17.34,17.759,14.312,19.442,17.488,15.812
2026-01-24 04:00:00,16.115,19.076,16.682,16.534,16.737,18.517,18.743,18.581,17.986,17.09,17.446,14.061,19.442,17.175,15.624
2026-01-24 04:30:00,16.052,19.076,16.495,16.409,16.612,18.454,18.743,18.519,17.86,16.839,17.196,13.748,19.38,16.987,15.498
2026-01-24 05:00:00,15.864,19.076,16.307,16.284,16.487,18.329,18.743,18.456,17.735,16.589,16.946,13.56,19.38,16.799,15.31
2026-01-24 05:30:00,15.739,19.139,16.119,16.096,16.361,18.204,18.743,18.456,17.547,16.401,16.758,13.497,19.38,16.612,15.247
2026-01-24 06:00:00,15.614,19.139,15.931,15.971,16.299,18.078,18.743,18.393,17.422,16.213,16.57,13.372,19.317,16.424,15.247
2026-01-24 06:30:00,15.489,19.139,15.744,15.845,16.173,18.016,18.68,18.331,17.297,16.088,16.382,13.121,19.317,16.236,15.185
2026-01-24 07:00:00,15.301,19.139,15.618,15.72,16.111,17.89,18.68,18.268,17.171,15.9,16.195,12.996,19.255,16.048,15.122
2026-01-24 07:30:00,15.238,19.139,15.431,15.595,15.985,17.765,18.68,18.205,17.046,15.712,16.007,13.121,19.255,15.923,14.997
2026-01-24 08:00:00,15.176,19.139,15.305,15.533,15.923,17.64,18.618,18.143,16.983,15.587,15.882,13.372,19.192,15.735,14.997
2026-01-24 08:30:00,15.176,19.139,15.243,15.47,15.86,17.514,18.618,18.08,16.858,15.462,15.694,13.873,19.129,15.672,14.997
2026-01-24 09:00:00,15.176,19.139,15.18,15.47,15.86,17.389,18.555,18.08,16.733,15.336,15.569,15.565,19.129,15.547,15.059
2026-01-24 09:30:00,15.363,19.139,15.18,15.595,16.048,17.264,18.493,18.017,16.67,15.274,15.506,17.13,19.067,15.547,15.31
2026-01-24 10:00:00,15.739,19.201,15.368,15.783,16.299,17.201,18.493,17.955,16.607,15.211,15.381,18.445,19.004,15.61,16.313
2026-01-24 10:30:00,16.365,19.201,15.681,16.096,16.612,17.138,18.43,17.892,16.545,15.274,15.381,19.759,18.942,15.797,16.939
2026-01-24 11:00:00,17.179,19.201,16.182,16.471,16.988,17.076,18.368,17.892,16.545,15.524,15.381,20.948,18.942,16.173,17.566
2026-01-24 11:30:00,17.93,19.201,16.807,17.034,17.426,17.013,18.368,17.83,16.607,15.9,15.569,22.2,18.879,16.674,18.192
2026-01-24 12:00:00,18.806,19.201,17.558,17.66,18.053,16.95,18.305,17.83,16.733,16.401,15.882,23.575,18.817,17.3,19.069
2026-01-24 12:30:00,19.807,19.201,18.497,18.286,18.741,16.95,18.242,17.83,16.858,17.027,16.32,25.326,18.817,18.051,20.008
2026-01-24 13:00:00,20.807,19.201,19.435,18.974,19.367,17.013,18.242,17.83,17.109,17.778,16.946,27.264,18.754,18.865,21.009
2026-01-24 13:30:00,21.808,19.201,20.498,19.599,20.056,17.076,18.18,17.83,17.422,18.655,17.634,28.701,18.691,19.804,22.323
2026-01-24 14:00:00,22.808,19.139,21.499,20.287,20.557,17.138,18.117,17.83,17.735,19.594,18.448,30.137,18.691,20.742,23.324
2026-01-24 14:30:00,23.684,19.139,22.499,20.975,20.995,17.264,18.117,17.83,18.111,20.532,19.324,29.45,18.691,21.618,24.199
2026-01-24 15:00:00,24.496,19.139,23.312,21.538,21.433,17.452,18.055,17.892,18.487,21.533,20.324,28.95,18.629,22.431,24.949
2026-01-24 15:30:00,25.121,19.139,23.937,21.913,21.808,17.64,18.055,17.892,18.862,22.346,21.263,29.075,18.629,23.119,25.449
2026-01-24 16:00:00,25.621,19.139,24.437,22.101,22.309,17.828,18.055,17.955,19.301,23.097,22.138,28.763,18.629,23.682,25.637
2026-01-24 16:30:00,25.933,19.139,24.687,22.163,22.747,18.078,18.055,18.08,19.676,23.722,22.888,28.326,18.629,24.057,25.637
2026-01-24 17:00:00,26.058,19.076,24.75,22.226,22.684,18.266,18.055,18.143,19.989,24.097,23.576,27.639,18.629,24.244,25.449
2026-01-24 17:30:00,26.246,19.076,24.625,22.226,22.434,18.517,18.055,18.268,20.302,24.347,24.076,26.701,18.629,24.244,25.199
2026-01-24 18:00:00,27.245,19.076,24.375,22.101,22.121,18.705,18.055,18.331,20.553,24.41,24.326,25.451,18.691,24.119,24.699
2026-01-24 18:30:00,29.993,19.076,24.0,21.601,21.871,18.893,18.055,18.519,20.74,24.285,24.389,24.513,18.691,23.869,24.387
2026-01-24 19:00:00,28.807,19.014,23.625,20.85,21.495,19.018,18.117,18.644,20.866,24.097,24.326,23.826,18.754,23.556,24.012
2026-01-24 19:30:00,24.684,19.014,23.187,20.162,21.12,19.206,18.117,18.832,20.928,23.722,24.139,23.263,18.817,23.181,23.386
2026-01-24 20:00:00,23.308,18.951,22.687,19.599,20.682,19.331,18.18,19.02,20.866,23.284,23.764,22.762,18.817,22.806,22.761
2026-01-24 20:30:00,22.496,18.951,22.187,19.161,20.244,19.394,18.18,19.082,20.803,22.847,23.326,22.012,18.879,22.369,22.01
2026-01-24 21:00:00,21.87,18.951,21.812,18.849,19.806,19.457,18.242,19.208,20.615,22.409,22.888,21.324,18.942,21.993,21.447
2026-01-24 21:30:00,21.37,18.951,21.499,18.536,19.43,19.519,18.305,19.27,20.427,22.034,22.451,20.698,19.004,21.681,20.947
2026-01-24 22:00:00,20.807,18.889,21.186,18.286,19.054,19.519,18.368,19.27,20.24,21.721,22.076,19.572,19.004,21.43,20.509
2026-01-24 22:30:00,20.244,18.889,20.874,18.098,18.741,19.457,18.43,19.333,20.052,21.345,21.763,18.32,19.067,21.118,20.008
2026-01-24 23:00:00,19.556,18.889,20.498,17.973,18.554,19.394,18.43,19.27,19.801,20.97,21.388,17.443,19.129,20.805,19.319
2026-01-24 23:30:00,18.931,18.889,20.061,17.848,18.24,19.331,18.493,19.27,19.614,20.532,21.012,16.817,19.129,20.43,18.631
2026-01-25 00:00:00,18.368,18.826,19.56,17.723,17.927,19.269,18.555,19.27,19.426,20.032,20.575,16.254,19.129,19.992,18.13
2026-01-25 00:30:00,17.992,18.826,19.06,17.598,17.927,19.144,18.555,19.208,19.238,19.531,20.074,16.066,19.192,19.554,17.754
2026-01-25 01:00:00,17.554,18.826,18.622,17.41,17.739,19.081,18.618,19.145,18.988,19.093,19.574,15.627,19.192,19.116,17.378
2026-01-25 01:30:00,17.179,18.826,18.184,17.285,17.802,18.956,18.618,19.082,18.862,18.592,19.136,15.252,19.192,18.677,17.065
2026-01-25 02:00:00,16.866,18.826,17.809,17.034,17.489,18.893,18.618,19.02,18.674,18.217,18.698,14.876,19.192,18.302,16.501
2026-01-25 02:30:00,16.553,18.826,17.433,16.847,17.176,18.768,18.618,18.894,18.487,17.841,18.26,14.437,19.192,17.989,16.188
2026-01-25 03:00:00,16.365,18.826,17.12,16.722,16.988,18.705,18.68,18.832,18.299,17.528,17.947,14.187,19.192,17.676,15.874
2026-01-25 03:30:00,16.177,18.826,16.87,16.534,16.8,18.58,18.68,18.769,18.173,17.215,17.634,14.061,19.192,17.425,15.686
2026-01-25 04:00:00,16.052,18.826,16.62,16.409,16.612,18.517,18.68,18.644,17.986,16.964,17.321,13.999,19.192,17.175,15.498
2026-01-25 04:30:00,15.864,18.826,16.432,16.284,16.487,18.392,18.68,18.581,17.86,16.714,17.071,13.685,19.129,16.925,15.247
2026-01-25 05:00:00,15.676,18.826,16.244,16.158,16.424,18.266,18.68,18.456,17.672,16.526,16.821,13.56,19.129,16.737,15.122
2026-01-25 05:30:00,15.614,18.826,16.056,16.033,16.487,18.204,18.618,18.393,17.547,16.276,16.633,13.309,19.129,16.549,15.122
2026-01-25 06:00:00,15.426,18.826,15.869,15.845,16.487,18.078,18.618,18.331,17.422,16.088,16.445,12.996,19.067,16.361,14.934
2026-01-25 06:30:00,15.301,18.826,15.681,15.72,16.299,17.953,18.618,18.205,17.234,15.963,16.257,12.808,19.067,16.173,14.809
2026-01-25 07:00:00,15.176,18.826,15.493,15.658,16.173,17.89,18.618,18.143,17.109,15.775,16.069,12.933,19.067,15.985,14.621
2026-01-25 07:30:00,15.05,18.889,15.368,15.595,15.985,17.765,18.555,18.08,16.983,15.587,15.882,12.933,19.004,15.86,14.495
2026-01-25 08:00:00,14.988,18.889,15.243,15.533,15.923,17.64,18.555,17.955,16.858,15.462,15.756,13.121,19.004,15.735,14.495
2026-01-25 08:30:00,14.988,18.889,15.118,15.47,15.86,17.577,18.493,17.892,16.733,15.336,15.569,13.748,18.942,15.61,14.683
2026-01-25 09:00:00,15.05,18.889,15.118,15.47,15.985,17.452,18.493,17.83,16.67,15.211,15.443,15.064,18.879,15.484,14.871
2026-01-25 09:30:00,15.301,18.889,15.118,15.533,16.236,17.389,18.43,17.767,16.607,15.148,15.318,16.128,18.879,15.484,15.247
2026-01-25 10:00:00,15.739,18.889,15.243,15.72,16.549,17.264,18.43,17.704,16.482,15.148,15.256,17.381,18.817,15.547,16.564
2026-01-25 10:30:00,16.302,18.889,15.556,15.971,16.863,17.201,18.368,17.642,16.482,15.211,15.256,18.695,18.754,15.735,16.877
2026-01-25 11:00:00,17.179,18.889,15.994,16.409,17.301,17.076,18.305,17.579,16.482,15.399,15.318,19.759,18.754,16.048,17.378
2026-01-25 11:30:00,17.93,18.889,16.62,16.909,17.865,17.013,18.305,17.579,16.545,15.775,15.506,21.011,18.691,16.486,17.816
2026-01-25 12:00:00,18.806,18.889,17.371,17.535,18.491,17.013,18.242,17.516,16.607,16.276,15.819,22.012,18.691,17.05,18.756
2026-01-25 12:30:00,19.744,18.889,18.247,18.161,19.18,16.95,18.18,17.516,16.795,16.902,16.257,23.45,18.629,17.801,19.695
2026-01-25 13:00:00,20.807,18.889,19.247,18.911,19.931,16.95,18.18,17.516,16.983,17.653,16.883,25.264,18.629,18.615,20.634
2026-01-25 13:30:00,21.87,18.889,20.248,19.662,20.807,17.013,18.117,17.579,17.297,18.53,17.634,27.014,18.566,19.491,22.135
2026-01-25 14:00:00,22.933,18.889,21.311,20.412,21.308,17.076,18.055,17.579,17.61,19.531,18.448,28.638,18.504,20.492,23.199
2026-01-25 14:30:00,23.934,18.889,22.374,21.163,21.746,17.201,18.055,17.704,18.048,20.532,19.386,28.201,18.504,21.368,23.949
2026-01-25 15:00:00,24.934,18.889,23.25,21.788,21.996,17.326,17.992,17.767,18.487,21.533,20.387,27.076,18.504,22.243,24.637
2026-01-25 15:30:00,25.621,18.889,23.937,22.101,22.121,17.514,17.992,17.892,18.862,22.471,21.325,27.201,18.504,22.994,24.887
2026-01-25 16:00:00,26.433,18.889,24.5,21.913,22.059,17.702,17.992,18.017,19.301,23.284,22.263,27.326,18.504,23.619,25.199
2026-01-25 16:30:00,26.246,18.889,24.875,21.601,22.121,17.953,17.992,18.143,19.614,23.91,23.138,26.639,18.504,24.057,24.762
2026-01-25 17:00:00,26.246,18.826,24.812,21.225,21.746,18.204,17.93,18.331,19.927,24.347,23.826,25.201,18.566,24.244,24.699
2026-01-25 17:30:00,26.371,18.826,24.687,20.913,21.433,18.392,17.93,18.456,20.114,24.472,24.326,23.826,18.566,24.307,24.637
2026-01-25 18:00:00,25.933,18.826,24.5,20.538,21.057,18.58,17.992,18.581,20.302,24.535,24.514,22.387,18.629,24.182,23.949
2026-01-25 18:30:00,24.684,18.826,24.125,20.1,20.619,18.768,17.992,18.707,20.365,24.472,24.576,21.324,18.629,23.932,22.824
2026-01-25 19:00:00,23.496,18.826,23.437,19.599,20.306,18.893,18.055,18.769,20.365,24.097,24.451,20.323,18.691,23.494,21.823
2026-01-25 19:30:00,22.246,18.764,22.75,19.036,20.119,19.018,18.055,18.894,20.302,23.535,24.014,19.634,18.691,22.931,20.947
2026-01-25 20:00:00,21.37,18.764,22.062,18.536,19.806,19.081,18.117,18.957,20.24,22.847,23.451,18.883,18.754,22.369,20.321
2026-01-25 20:30:00,20.745,18.764,21.499,18.161,19.493,19.144,18.117,18.957,20.052,22.221,22.826,18.257,18.817,21.806,19.883
2026-01-25 21:00:00,20.244,18.701,20.936,17.91,19.242,19.144,18.18,19.02,19.864,21.596,22.201,17.381,18.817,21.305,19.57
2026-01-25 21:30:00,19.681,18.701,20.436,17.723,18.992,19.144,18.242,19.02,19.676,21.033,21.575,16.191,18.879,20.867,19.194
2026-01-25 22:00:00,19.118,18.701,20.061,17.598,18.679,19.081,18.242,19.02,19.488,20.532,21.012,15.753,18.942,20.43,18.756
2026-01-25 22:30:00,18.555,18.701,19.623,17.535,18.491,19.018,18.305,19.02,19.301,20.094,20.575,15.627,18.942,20.054,18.255
2026-01-25 23:00:00,18.117,18.701,19.247,17.41,18.303,18.956,18.305,18.957,19.113,19.656,20.074,16.003,19.004,19.679,18.067
2026-01-25 23:30:00,17.992,18.701,18.872,17.285,18.24,18.893,18.368,18.894,18.925,19.218,19.699,15.815,19.004,19.366,17.816
2026-01-26 00:00:00,17.679,18.639,18.497,17.222,17.865,18.768,18.368,18.894,18.737,18.905,19.261,14.813,19.004,18.99,16.939
2026-01-26 00:30:00,17.366,18.639,18.121,17.097,17.426,18.705,18.43,18.832,18.612,18.53,18.948,14.5,19.067,18.615,16.814
2026-01-26 01:00:00,17.116,18.639,17.683,16.847,17.176,18.58,18.43,18.769,18.487,18.154,18.573,14.562,19.067,18.239,16.564
2026-01-26 01:30:00,16.928,18.639,17.371,16.659,17.113,18.517,18.43,18.707,18.299,17.778,18.197,14.625,19.067,17.926,16.438
2026-01-26 02:00:00,16.866,18.639,17.183,16.534,17.301,18.392,18.43,18.707,18.173,17.465,17.822,14.688,19.067,17.676,16.626
2026-01-26 02:30:00,16.803,18.639,16.995,16.471,17.489,18.266,18.43,18.644,18.048,17.215,17.572,14.625,19.067,17.425,16.626
2026-01-26 03:00:00,16.678,18.639,16.807,16.409,17.489,18.204,18.43,18.581,17.923,17.027,17.321,14.562,19.067,17.3,16.564
2026-01-26 03:30:00,16.553,18.639,16.745,16.346,17.489,18.078,18.43,18.581,17.798,16.902,17.133,14.374,19.067,17.175,16.438
2026-01-26 04:00:00,16.49,18.639,16.62,16.284,17.426,18.016,18.43,18.519,17.672,16.777,16.946,14.374,19.067,16.987,16.376
2026-01-26 04:30:00,16.365,18.639,16.495,16.221,17.301,17.89,18.43,18.456,17.61,16.589,16.821,14.312,19.067,16.925,16.188
2026-01-26 05:00:00,16.24,18.639,16.369,16.158,17.176,17.828,18.43,18.393,17.484,16.464,16.695,14.249,19.004,16.799,16.125
2026-01-26 05:30:00,16.177,18.701,16.307,16.096,17.113,17.702,18.43,18.393,17.422,16.401,16.57,14.187,19.004,16.674,16.062
2026-01-26 06:00:00,16.115,18.701,16.244,16.033,17.05,17.64,18.368,18.331,17.297,16.276,16.508,14.187,19.004,16.612,16.0
2026-01-26 06:30:00,16.052,18.701,16.182,15.971,16.988,17.577,18.368,18.268,17.234,16.213,16.382,14.187,19.004,16.486,15.874
2026-01-26 07:00:00,15.989,18.701,16.056,15.845,16.925,17.452,18.305,18.268,17.109,16.15,16.32,14.249,18.942,16.424,15.874
2026-01-26 07:30:00,15.927,18.701,15.994,15.845,16.863,17.389,18.305,18.205,17.046,16.088,16.257,14.249,18.942,16.361,15.874
2026-01-26 08:00:00,15.927,18.701,15.994,15.783,16.8,17.326,18.305,18.143,16.983,16.025,16.195,14.5,18.942,16.298,15.874
2026-01-26 08:30:00,15.989,18.701,15.931,15.783,16.863,17.264,18.242,18.143,16.921,15.963,16.132,14.876,18.879,16.236,16.0
2026-01-26 09:00:00,16.115,18.701,15.994,15.845,16.925,17.201,18.242,18.08,16.795,15.9,16.069,15.314,18.879,16.236,16.125
2026-01-26 09:30:00,16.24,18.764,16.056,15.971,17.05,17.138,18.18,18.017,16.733,15.9,16.007,16.003,18.817,16.236,16.376
2026-01-26 10:00:00,16.553,18.764,16.182,16.096,17.113,17.076,18.18,18.017,16.733,15.963,16.069,17.256,18.817,16.361,16.814
2026-01-26 10:30:00,17.116,18.764,16.432,16.409,17.238,17.013,18.117,17.955,16.733,16.088,16.069,18.445,18.754,16.486,17.253
2026-01-26 11:00:00,17.742,18.764,16.87,16.722,17.614,16.95,18.117,17.955,16.733,16.276,16.195,19.321,18.754,16.799,17.879
2026-01-26 11:30:00,18.305,18.764,17.433,17.285,17.99,16.95,18.055,17.892,16.733,16.651,16.382,19.947,18.691,17.3,18.318
2026-01-26 12:00:00,18.931,18.764,18.059,17.723,18.554,16.95,17.992,17.892,16.858,17.152,16.758,20.948,18.691,17.801,18.944
2026-01-26 12:30:00,19.744,18.764,18.747,18.286,19.242,16.95,17.992,17.892,16.983,17.716,17.259,22.387,18.691,18.364,19.695
2026-01-26 13:00:00,20.62,18.764,19.56,18.911,20.119,17.013,17.93,17.892,17.171,18.342,17.822,24.076,18.629,19.053,20.509
2026-01-26 13:30:00,21.495,18.764,20.373,19.724,20.682,17.013,17.93,17.83,17.359,19.093,18.448,25.951,18.629,19.804,21.698
2026-01-26 14:00:00,22.808,18.764,21.311,20.475,20.995,17.138,17.867,17.83,17.672,19.906,19.198,24.888,18.629,20.555,23.011
2026-01-26 14:30:00,23.121,18.764,22.312,20.6,21.308,17.264,17.867,17.83,17.986,20.908,20.012,25.264,18.566,21.493,23.261
2026-01-26 15:00:00,23.684,18.764,22.812,20.225,21.495,17.389,17.867,17.83,18.236,21.721,20.95,26.201,18.566,22.118,23.887
2026-01-26 15:30:00,24.309,18.764,23.312,20.287,21.871,17.577,17.867,17.83,18.549,22.346,21.825,25.139,18.566,22.619,24.699
2026-01-26 16:00:00,23.684,18.764,23.687,20.287,22.184,17.765,17.804,17.892,18.737,22.972,22.451,24.138,18.566,23.056,24.074
2026-01-26 16:30:00,23.308,18.764,23.312,19.85,22.121,17.89,17.804,17.892,18.925,23.159,23.013,24.138,18.629,22.994,23.574
2026-01-26 17:00:00,23.684,18.764,23.0,19.537,22.059,18.078,17.804,17.955,19.113,23.034,23.201,24.701,18.629,22.806,23.699
2026-01-26 17:30:00,23.433,18.764,23.0,19.599,21.808,18.204,17.804,18.017,19.238,22.972,23.076,24.576,18.629,22.744,23.636
2026-01-26 18:00:00,23.058,18.701,22.75,19.724,21.558,18.329,17.867,18.017,19.301,22.847,23.013,23.325,18.691,22.619,23.199
2026-01-26 18:30:00,23.121,18.701,22.312,19.474,21.495,18.392,17.867,18.08,19.363,22.597,22.826,22.762,18.754,22.306,22.949
2026-01-26 19:00:00,22.371,18.701,21.937,19.099,21.245,18.454,17.867,18.143,19.426,22.284,22.576,22.2,18.754,21.993,22.386
2026-01-26 19:30:00,21.308,18.701,21.499,18.849,20.995,18.517,17.93,18.205,19.426,21.908,22.263,21.386,18.817,21.618,21.76
2026-01-26 20:00:00,20.682,18.701,20.999,18.473,20.807,18.58,17.93,18.268,19.426,21.471,21.888,20.51,18.817,21.243,21.072
2026-01-26 20:30:00,20.182,18.701,20.498,18.098,20.557,18.642,17.992,18.331,19.363,21.033,21.45,19.759,18.879,20.805,20.446
2026-01-26 21:00:00,19.744,18.701,20.061,17.723,20.181,18.642,17.992,18.331,19.238,20.595,21.012,19.134,18.942,20.43,19.945
2026-01-26 21:30:00,19.306,18.639,19.685,17.472,19.868,18.642,18.055,18.393,19.113,20.157,20.575,18.382,19.004,20.054,19.445
2026-01-26 22:00:00,18.806,18.639,19.31,17.285,19.367,18.58,18.055,18.393,18.988,19.781,20.137,17.381,19.004,19.679,19.006
2026-01-26 22:30:00,18.368,18.639,18.872,17.097,18.929,18.517,18.055,18.456,18.862,19.343,19.761,16.567,19.067,19.303,18.568
2026-01-26 23:00:00,17.93,18.639,18.497,17.034,18.554,18.517,18.117,18.456,18.674,18.905,19.324,16.003,19.067,18.928,18.004
2026-01-26 23:30:00,17.491,18.639,18.121,16.972,18.178,18.392,18.117,18.456,18.549,18.53,18.948,15.377,19.129,18.615,17.441
2026-01-27 00:00:00,17.116,18.639,17.746,16.847,17.802,18.329,18.18,18.456,18.361,18.154,18.573,14.938,19.129,18.239,17.002
2026-01-27 00:30:00,16.803,18.639,17.371,16.722,17.614,18.266,18.18,18.456,18.236,17.778,18.135,14.876,19.192,17.864,16.689
2026-01-27 01:00:00,16.553,18.639,17.058,16.596,17.489,18.204,18.18,18.456,18.111,17.403,17.822,14.813,19.192,17.551,16.376
2026-01-27 01:30:00,16.365,18.639,16.745,16.471,17.426,18.141,18.18,18.393,17.986,17.09,17.446,14.437,19.192,17.3,16.125
2026-01-27 02:00:00,16.177,18.639,16.557,16.346,17.176,18.016,18.18,18.393,17.86,16.839,17.133,14.187,19.192,17.05,15.812
2026-01-27 02:30:00,15.989,18.639,16.307,16.158,16.988,17.953,18.18,18.331,17.672,16.589,16.883,13.999,19.192,16.862,15.624
2026-01-27 03:00:00,15.802,18.639,16.182,16.033,16.737,17.89,18.18,18.331,17.61,16.401,16.695,13.623,19.192,16.674,15.435
2026-01-27 03:30:00,15.676,18.701,15.994,15.845,16.549,17.765,18.18,18.268,17.422,16.213,16.508,13.623,19.192,16.486,15.435
2026-01-27 04:00:00,15.551,18.701,15.806,15.783,16.424,17.702,18.18,18.205,17.297,16.025,16.32,14.061,19.192,16.298,15.31
2026-01-27 04:30:00,15.363,18.701,15.681,15.72,16.236,17.64,18.18,18.205,17.171,15.9,16.132,13.811,19.129,16.111,15.122
2026-01-27 05:00:00,15.238,18.701,15.493,15.658,16.111,17.514,18.117,18.143,17.109,15.712,15.944,13.372,19.129,15.985,14.997
2026-01-27 05:30:00,15.113,18.701,15.305,15.533,15.985,17.452,18.117,18.08,16.983,15.524,15.819,13.121,19.129,15.797,14.871
2026-01-27 06:00:00,14.988,18.701,15.18,15.407,16.048,17.326,18.117,18.08,16.858,15.399,15.631,12.745,19.067,15.672,14.746
2026-01-27 06:30:00,14.862,18.764,15.055,15.282,15.985,17.264,18.117,18.017,16.733,15.274,15.506,12.495,19.067,15.484,14.621
2026-01-27 07:00:00,14.737,18.764,14.93,15.157,15.797,17.138,18.055,17.955,16.67,15.148,15.381,12.369,19.004,15.359,14.432
2026-01-27 07:30:00,14.612,18.764,14.805,15.094,15.547,17.076,18.055,17.955,16.545,14.96,15.193,12.369,19.004,15.234,14.37
2026-01-27 08:00:00,14.549,18.764,14.68,15.032,15.547,16.95,17.992,17.892,16.419,14.835,15.068,12.745,18.942,15.108,14.432
2026-01-27 08:30:00,14.549,18.764,14.617,15.032,15.61,16.888,17.992,17.83,16.357,14.71,14.943,13.184,18.879,14.983,14.432
2026-01-27 09:00:00,14.549,18.826,14.554,15.032,15.672,16.825,17.93,17.83,16.231,14.647,14.817,14.312,18.879,14.92,14.495
2026-01-27 09:30:00,14.737,18.826,14.554,15.094,15.86,16.7,17.93,17.767,16.169,14.585,14.755,15.502,18.817,14.92,14.621
2026-01-27 10:00:00,15.05,18.826,14.68,15.282,16.173,16.637,17.867,17.704,16.106,14.585,14.692,16.629,18.754,14.983,15.373
2026-01-27 10:30:00,15.551,18.826,14.992,15.533,16.487,16.574,17.804,17.704,16.043,14.647,14.692,17.882,18.754,15.108,15.874
2026-01-27 11:00:00,16.302,18.826,15.431,15.971,16.8,16.511,17.804,17.642,16.043,14.898,14.755,19.384,18.691,15.422,16.501
2026-01-27 11:30:00,17.116,18.826,16.056,16.534,17.238,16.449,17.742,17.579,16.106,15.274,15.005,20.635,18.629,15.923,17.19
2026-01-27 12:00:00,17.992,18.826,16.807,17.16,17.927,16.386,17.742,17.579,16.169,15.837,15.381,21.949,18.629,16.486,18.067
2026-01-27 12:30:00,18.993,18.826,17.683,17.848,18.741,16.386,17.679,17.516,16.294,16.526,15.944,23.701,18.566,17.238,19.132
2026-01-27 13:00:00,20.057,18.826,18.684,18.536,19.618,16.449,17.617,17.516,16.482,17.34,16.633,25.514,18.504,18.051,20.196
2026-01-27 13:30:00,21.12,18.826,19.748,19.224,20.557,16.511,17.617,17.516,16.733,18.217,17.446,27.326,18.504,18.99,21.572
2026-01-27 14:00:00,22.183,18.826,20.874,19.912,21.183,16.574,17.554,17.454,17.046,19.218,18.385,29.138,18.441,19.929,22.636
2026-01-27 14:30:00,23.121,18.826,21.874,20.6,21.871,16.7,17.554,17.454,17.359,20.282,19.324,28.576,18.441,20.867,23.511
2026-01-27 15:00:00,23.934,18.826,22.75,21.225,22.309,16.825,17.491,17.454,17.735,21.283,20.387,28.138,18.379,21.743,24.387
2026-01-27 15:30:00,24.559,18.826,23.437,21.601,22.622,17.013,17.491,17.454,18.173,22.221,21.388,28.451,18.379,22.494,24.949
2026-01-27 16:00:00,25.121,18.826,23.937,21.726,22.872,17.201,17.491,17.516,18.549,23.034,22.263,28.326,18.379,23.056,25.199
2026-01-27 16:30:00,25.434,18.826,24.25,21.726,23.059,17.389,17.491,17.516,18.925,23.597,23.076,27.888,18.441,23.494,25.262
2026-01-27 17:00:00,25.621,18.826,24.375,21.601,22.934,17.64,17.491,17.516,19.238,23.972,23.639,27.264,18.441,23.682,25.137
2026-01-27 17:30:00,25.559,18.764,24.25,21.225,22.622,17.828,17.491,17.579,19.488,24.222,24.076,26.201,18.441,23.744,24.949
2026-01-27 18:00:00,25.246,18.764,24.062,20.788,22.246,18.078,17.491,17.642,19.739,24.222,24.201,24.888,18.504,23.682,24.512
2026-01-27 18:30:00,24.809,18.764,23.625,20.225,21.933,18.266,17.491,17.704,19.864,24.035,24.201,23.951,18.504,23.431,24.012
2026-01-27 19:00:00,23.809,18.764,23.125,19.662,21.621,18.454,17.554,17.767,19.989,23.722,24.014,23.2,18.566,23.056,23.386
2026-01-27 19:30:00,22.621,18.701,22.625,19.224,21.308,18.58,17.554,17.892,19.989,23.284,23.639,22.7,18.629,22.681,22.698
2026-01-27 20:00:00,21.933,18.701,22.124,18.849,20.995,18.705,17.617,17.955,19.989,22.722,23.138,21.887,18.691,22.243,22.073
2026-01-27 20:30:00,21.37,18.701,21.687,18.473,20.682,18.768,17.679,18.017,19.864,22.221,22.638,21.073,18.754,21.868,21.385
2026-01-27 21:00:00,20.807,18.701,21.249,18.161,20.306,18.83,17.679,18.08,19.801,21.783,22.201,20.448,18.817,21.43,20.759
2026-01-27 21:30:00,20.244,18.639,20.811,17.91,19.993,18.83,17.742,18.143,19.614,21.283,21.7,19.697,18.879,21.055,20.258
2026-01-27 22:00:00,19.744,18.639,20.311,17.66,19.743,18.83,17.804,18.268,19.488,20.782,21.2,18.821,18.879,20.68,19.758
2026-01-27 22:30:00,19.243,18.639,19.873,17.535,19.242,18.83,17.867,18.268,19.301,20.344,20.762,17.756,18.942,20.242,19.319
2026-01-27 23:00:00,18.743,18.639,19.498,17.472,18.804,18.768,17.93,18.331,19.113,19.906,20.324,16.942,19.004,19.866,18.693
2026-01-27 23:30:00,18.242,18.639,19.06,17.347,18.366,18.705,17.93,18.393,18.925,19.468,19.887,16.379,19.004,19.491,18.13
2026-01-28 00:00:00,17.804,18.576,18.622,17.222,18.053,18.642,17.992,18.393,18.8,19.03,19.449,15.878,19.067,19.116,17.629
2026-01-28 00:30:00,17.429,18.576,18.184,17.097,17.802,18.58,17.992,18.456,18.612,18.592,19.011,15.69,19.067,18.677,17.253
2026-01-28 01:00:00,17.053,18.576,17.746,16.972,17.552,18.517,18.055,18.456,18.487,18.154,18.573,15.565,19.129,18.302,16.939
2026-01-28 01:30:00,16.74,18.576,17.433,16.847,17.301,18.392,18.055,18.456,18.299,17.778,18.197,15.126,19.129,17.926,16.564
2026-01-28 02:00:00,16.553,18.576,17.058,16.596,17.176,18.329,18.055,18.393,18.173,17.403,17.822,14.75,19.129,17.613,16.25
2026-01-28 02:30:00,16.365,18.576,16.807,16.471,16.988,18.266,18.117,18.393,18.048,17.152,17.446,14.625,19.129,17.363,16.062
2026-01-28 03:00:00,16.177,18.576,16.557,16.346,16.863,18.141,18.117,18.393,17.923,16.839,17.196,14.876,19.129,17.112,15.812
2026-01-28 03:30:00,15.989,18.576,16.369,16.284,16.675,18.078,18.117,18.331,17.798,16.651,16.883,14.688,19.129,16.862,15.624
2026-01-28 04:00:00,15.802,18.576,16.182,16.158,16.549,18.016,18.117,18.331,17.672,16.464,16.695,14.124,19.129,16.674,15.498
2026-01-28 04:30:00,15.676,18.639,15.994,16.033,16.361,17.89,18.117,18.268,17.547,16.276,16.508,13.873,19.129,16.486,15.435
2026-01-28 05:00:00,15.551,18.639,15.806,15.845,16.236,17.828,18.117,18.268,17.422,16.025,16.32,13.748,19.067,16.298,15.373
2026-01-28 05:30:00,15.426,18.639,15.681,15.783,16.111,17.702,18.117,18.205,17.297,15.9,16.132,13.56,19.067,16.173,15.185
2026-01-28 06:00:00,15.301,18.639,15.493,15.658,15.985,17.64,18.055,18.205,17.171,15.712,15.944,13.309,19.004,15.985,14.997
2026-01-28 06:30:00,15.113,18.639,15.368,15.533,15.86,17.514,18.055,18.143,17.046,15.587,15.819,13.059,19.004,15.86,14.934
2026-01-28 07:00:00,15.05,18.701,15.243,15.407,15.735,17.452,18.055,18.08,16.921,15.462,15.694,13.059,18.942,15.672,14.871
2026-01-28 07:30:00,14.988,18.701,15.118,15.282,15.672,17.389,18.055,18.08,16.795,15.274,15.506,13.121,18.942,15.547,14.809
2026-01-28 08:00:00,14.925,18.701,14.992,15.22,15.61,17.264,17.992,18.017,16.733,15.148,15.381,13.497,18.879,15.422,14.809
2026-01-28 08:30:00,14.925,18.701,14.93,15.22,15.672,17.201,17.992,18.017,16.607,15.086,15.256,13.936,18.879,15.359,14.809
2026-01-28 09:00:00,14.925,18.701,14.93,15.22,15.735,17.076,17.992,17.955,16.482,15.023,15.13,15.377,18.817,15.296,14.809
2026-01-28 09:30:00,15.113,18.764,14.93,15.345,15.923,17.013,17.93,17.892,16.419,14.96,15.068,16.817,18.754,15.296,14.997
2026-01-28 10:00:00,15.489,18.764,15.055,15.533,16.236,16.888,17.867,17.892,16.357,14.96,15.068,18.382,18.754,15.359,15.937
2026-01-28 10:30:00,16.115,18.764,15.368,15.783,16.549,16.825,17.867,17.83,16.294,15.023,15.068,19.697,18.691,15.547,16.626
2026-01-28 11:00:00,16.866,18.764,15.869,16.221,17.05,16.762,17.867,17.767,16.294,15.274,15.13,21.324,18.629,15.86,17.315
2026-01-28 11:30:00,17.742,18.764,16.557,16.722,17.552,16.7,17.804,17.767,16.357,15.712,15.381,22.575,18.629,16.361,18.004
2026-01-28 12:00:00,18.618,18.764,17.308,17.347,18.303,16.7,17.742,17.704,16.419,16.276,15.819,23.888,18.566,16.987,18.881
2026-01-28 12:30:00,19.619,18.764,18.247,18.035,19.18,16.7,17.742,17.704,16.545,17.027,16.445,25.639,18.566,17.739,19.945
2026-01-28 13:00:00,20.682,18.764,19.247,18.724,20.181,16.637,17.679,17.704,16.733,17.841,17.196,27.451,18.504,18.552,21.009
2026-01-28 13:30:00,21.745,18.764,20.311,19.412,21.12,16.7,17.679,17.642,16.983,18.78,18.01,29.138,18.441,19.491,22.323
2026-01-28 14:00:00,22.808,18.764,21.437,20.162,21.746,16.762,17.617,17.642,17.297,19.781,19.011,30.512,18.441,20.43,23.386
2026-01-28 14:30:00,23.746,18.764,22.437,20.913,22.371,16.825,17.617,17.642,17.672,20.845,20.012,29.887,18.441,21.368,24.262
2026-01-28 15:00:00,24.621,18.764,23.25,21.538,22.684,16.95,17.554,17.642,18.048,21.846,21.012,29.95,18.441,22.243,25.074
2026-01-28 15:30:00,25.371,18.764,24.0,21.913,22.934,17.138,17.554,17.642,18.424,22.784,22.013,29.95,18.379,22.931,25.699
2026-01-28 16:00:00,25.933,18.764,24.5,22.101,23.122,17.264,17.554,17.642,18.8,23.535,22.888,29.762,18.441,23.556,26.012
2026-01-28 16:30:00,26.308,18.764,24.812,22.101,23.247,17.452,17.491,17.642,19.175,24.16,23.701,29.2,18.441,23.994,26.074
2026-01-28 17:00:00,26.496,18.764,24.937,21.913,23.185,17.64,17.491,17.704,19.551,24.598,24.264,28.388,18.441,24.244,25.887
2026-01-28 17:30:00,26.496,18.764,24.875,21.601,22.747,17.89,17.491,17.767,19.864,24.785,24.639,27.326,18.504,24.307,25.699
2026-01-28 18:00:00,26.371,18.701,24.625,21.163,22.371,18.078,17.554,17.83,20.052,24.785,24.826,26.389,18.504,24.244,25.387
2026-01-28 18:30:00,26.058,18.701,24.25,20.6,21.996,18.266,17.554,17.892,20.24,24.66,24.826,25.326,18.566,23.994,24.949
2026-01-28 19:00:00,24.996,18.701,23.812,20.162,21.683,18.454,17.554,17.955,20.365,24.347,24.576,24.451,18.629,23.682,24.324
2026-01-28 19:30:00,23.496,18.701,23.25,19.724,21.37,18.58,17.617,18.08,20.365,23.847,24.201,23.701,18.691,23.306,23.636
2026-01-28 20:00:00,22.808,18.639,22.812,19.412,20.995,18.705,17.617,18.143,20.365,23.347,23.764,23.2,18.754,22.869,22.949
2026-01-28 20:30:00,22.246,18.639,22.374,19.099,20.745,18.83,17.679,18.268,20.302,22.909,23.263,22.762,18.754,22.494,22.261
2026-01-28 21:00:00,21.683,18.639,21.937,18.849,20.432,18.893,17.742,18.331,20.24,22.471,22.826,22.2,18.817,22.118,21.698
2026-01-28 21:30:00,21.183,18.639,21.562,18.598,20.181,18.956,17.804,18.393,20.114,22.034,22.388,21.574,18.879,21.806,21.26
2026-01-28 22:00:00,20.745,18.639,21.124,18.411,19.931,18.956,17.804,18.456,19.927,21.596,21.95,20.698,18.942,21.43,20.822
2026-01-28 22:30:00,20.182,18.576,20.749,18.223,19.618,18.956,17.867,18.519,19.801,21.158,21.513,19.509,19.004,21.118,20.321
2026-01-28 23:00:00,19.744,18.576,20.373,18.035,19.242,18.956,17.93,18.581,19.614,20.72,21.138,18.633,19.004,20.742,19.82
2026-01-28 23:30:00,19.243,18.576,19.998,17.973,18.804,18.956,17.992,18.644,19.488,20.344,20.7,17.882,19.067,20.367,19.194
2026-01-29 00:00:00,18.806,18.576,19.623,17.848,18.428,18.893,17.992,18.644,19.301,19.906,20.324,17.569,19.067,20.054,18.881
2026-01-29 00:30:00,18.493,18.576,19.185,17.723,18.24,18.83,18.055,18.707,19.175,19.531,19.887,17.193,19.129,19.679,18.505
2026-01-29 01:00:00,18.18,18.576,18.872,17.598,18.053,18.83,18.055,18.707,18.988,19.155,19.511,16.88,19.129,19.366,18.192
2026-01-29 01:30:00,17.867,18.576,18.497,17.472,17.802,18.768,18.117,18.707,18.862,18.843,19.198,16.692,19.192,19.053,17.879
2026-01-29 02:00:00,17.554,18.576,18.184,17.347,17.552,18.705,18.18,18.707,18.737,18.467,18.823,16.379,19.192,18.677,17.503
2026-01-29 02:30:00,17.366,18.576,17.871,17.16,17.552,18.642,18.18,18.707,18.612,18.154,18.51,16.066,19.192,18.364,17.315
2026-01-29 03:00:00,17.304,18.576,17.621,17.034,17.802,18.58,18.18,18.644,18.487,17.904,18.197,16.629,19.192,18.114,17.253
2026-01-29 03:30:00,17.241,18.576,17.433,16.972,17.865,18.517,18.18,18.644,18.361,17.653,17.884,17.569,19.192,17.926,17.19
2026-01-29 04:00:00,17.179,18.576,17.308,16.847,17.739,18.454,18.242,18.581,18.236,17.465,17.697,17.694,19.192,17.739,17.253
2026-01-29 04:30:00,17.053,18.576,17.183,16.722,17.614,18.392,18.242,18.581,18.111,17.34,17.509,16.817,19.192,17.613,17.127
2026-01-29 05:00:00,16.928,18.639,17.12,16.596,17.614,18.266,18.242,18.519,17.986,17.215,17.384,16.003,19.192,17.488,16.814
2026-01-29 05:30:00,16.74,18.639,16.995,16.471,17.552,18.204,18.242,18.519,17.86,17.09,17.259,15.439,19.192,17.363,16.626
2026-01-29 06:00:00,16.553,18.639,16.87,16.346,17.489,18.141,18.242,18.456,17.798,16.964,17.196,14.876,19.192,17.238,16.438
2026-01-29 06:30:00,16.365,18.639,16.682,16.221,17.238,18.078,18.242,18.456,17.672,16.839,17.071,14.562,19.129,17.112,16.25
2026-01-29 07:00:00,16.177,18.639,16.495,16.096,16.988,18.016,18.242,18.393,17.547,16.651,16.946,14.374,19.129,16.925,16.062
2026-01-29 07:30:00,16.052,18.701,16.307,16.033,16.863,17.89,18.242,18.331,17.422,16.464,16.758,14.374,19.129,16.737,15.937
2026-01-29 08:00:00,15.927,18.701,16.119,15.971,16.737,17.828,18.18,18.331,17.297,16.338,16.57,14.5,19.129,16.612,15.874
2026-01-29 08:30:00,15.864,18.701,15.994,15.908,16.737,17.765,18.18,18.268,17.234,16.15,16.382,14.75,19.067,16.424,15.812
2026-01-29 09:00:00,15.802,18.701,15.931,15.908,16.737,17.702,18.18,18.268,17.109,16.025,16.257,16.316,19.067,16.361,15.874
2026-01-29 09:30:00,15.989,18.764,15.869,15.971,17.05,17.577,18.18,18.205,17.046,15.9,16.132,17.944,19.067,16.236,16.0
2026-01-29 10:00:00,16.365,18.764,15.994,16.221,17.364,17.514,18.117,18.205,16.983,15.9,16.007,19.196,19.004,16.236,16.814
2026-01-29 10:30:00,16.928,18.764,16.244,16.471,17.739,17.452,18.117,18.143,16.983,15.9,15.944,20.573,19.004,16.424,17.503
2026-01-29 11:00:00,17.742,18.764,16.682,16.909,18.24,17.389,18.055,18.08,16.921,16.15,16.069,22.012,19.004,16.737,18.13
2026-01-29 11:30:00,18.493,18.764,17.308,17.41,18.741,17.326,18.055,18.08,16.983,16.526,16.257,22.95,18.942,17.175,18.756
2026-01-29 12:00:00,19.306,18.764,18.059,18.035,19.367,17.264,18.055,18.08,17.046,17.09,16.695,24.076,18.942,17.739,19.57
2026-01-29 12:30:00,20.307,18.826,18.935,18.661,20.119,17.264,17.992,18.017,17.171,17.778,17.259,25.826,18.879,18.49,20.571
2026-01-29 13:00:00,21.308,18.826,19.873,19.349,20.995,17.264,17.992,18.017,17.359,18.53,18.01,27.201,18.879,19.241,21.51
2026-01-29 13:30:00,22.308,18.826,20.874,20.037,21.871,17.264,17.93,17.955,17.61,19.468,18.823,28.763,18.879,20.117,22.698
2026-01-29 14:00:00,23.246,18.826,21.937,20.725,22.434,17.326,17.93,17.955,17.923,20.407,19.761,30.075,18.817,20.993,23.636
2026-01-29 14:30:00,24.184,18.826,22.875,21.413,22.997,17.389,17.867,17.955,18.236,21.408,20.7,29.7,18.817,21.931,24.512
2026-01-29 15:00:00,24.996,18.826,23.687,21.976,23.185,17.514,17.867,17.955,18.549,22.409,21.7,29.263,18.817,22.744,25.262
2026-01-29 15:30:00,25.683,18.826,24.375,22.351,23.31,17.64,17.867,17.955,18.988,23.284,22.638,29.388,18.817,23.431,25.762
2026-01-29 16:00:00,26.121,18.826,24.812,22.539,23.497,17.828,17.867,18.017,19.363,24.035,23.451,29.325,18.817,23.932,26.012
2026-01-29 16:30:00,26.308,18.826,25.063,22.539,23.56,18.016,17.867,18.017,19.676,24.535,24.201,28.701,18.879,24.307,26.012
2026-01-29 17:00:00,26.433,18.826,25.125,22.351,23.372,18.204,17.804,18.08,19.989,24.91,24.701,27.888,18.879,24.494,25.762
2026-01-29 17:30:00,26.433,18.826,25.0,21.976,22.934,18.392,17.867,18.143,20.302,25.035,25.014,26.639,18.942,24.494,25.512
2026-01-29 18:00:00,26.308,18.826,24.687,21.476,22.496,18.58,17.867,18.205,20.49,24.973,25.076,25.326,19.004,24.369,25.199
2026-01-29 18:30:00,25.996,18.826,24.375,20.913,22.121,18.768,17.867,18.268,20.678,24.848,25.014,24.701,19.004,24.182,24.637
2026-01-29 19:00:00,24.871,18.826,23.937,20.412,21.746,18.956,17.867,18.393,20.74,24.535,24.764,24.201,19.067,23.869,23.949
2026-01-29 19:30:00,23.433,18.826,23.375,20.037,21.433,19.081,17.93,18.456,20.803,24.097,24.389,23.575,19.129,23.494,23.324
2026-01-29 20:00:00,22.746,18.826,22.812,19.662,21.12,19.269,17.992,18.581,20.74,23.535,23.951,23.075,19.192,22.994,22.698
2026-01-29 20:30:00,22.183,18.826,22.374,19.349,20.87,19.331,17.992,18.644,20.678,22.972,23.389,22.637,19.255,22.556,22.135
2026-01-29 21:00:00,21.683,18.826,21.937,19.036,20.494,19.394,18.055,18.769,20.553,22.471,22.888,21.949,19.317,22.181,21.572
2026-01-29 21:30:00,21.12,18.826,21.499,18.724,20.181,19.457,18.117,18.832,20.427,22.034,22.388,21.073,19.317,21.806,21.009
2026-01-29 22:00:00,20.62,18.826,21.124,18.536,19.868,19.457,18.18,18.894,20.302,21.596,21.95,19.947,19.38,21.43,20.509
2026-01-29 22:30:00,20.119,18.826,20.749,18.348,19.555,19.457,18.242,18.957,20.114,21.158,21.513,18.946,19.442,21.118,20.071
2026-01-29 23:00:00,19.681,18.826,20.373,18.286,19.242,19.394,18.242,19.02,19.927,20.72,21.138,18.195,19.442,20.742,19.695
2026-01-29 23:30:00,19.243,18.826,19.998,18.161,18.741,19.394,18.305,19.02,19.739,20.344,20.7,17.569,19.505,20.43,19.069
2026-01-30 00:00:00,18.868,18.826,19.623,18.035,18.491,19.331,18.368,19.02,19.614,19.969,20.324,17.13,19.505,20.117,18.818
2026-01-30 00:30:00,18.555,18.826,19.31,17.91,18.366,19.269,18.368,19.02,19.426,19.594,19.949,16.817,19.567,19.741,18.505
2026-01-30 01:00:00,18.18,18.826,18.935,17.785,18.24,19.206,18.43,19.02,19.301,19.281,19.636,16.441,19.567,19.428,18.067
2026-01-30 01:30:00,17.804,18.826,18.622,17.598,17.802,19.081,18.493,19.02,19.113,18.905,19.261,16.066,19.567,19.116,17.629
2026-01-30 02:00:00,17.491,18.826,18.247,17.41,17.364,19.018,18.493,19.02,18.988,18.592,18.948,15.815,19.567,18.803,17.253
2026-01-30 02:30:00,17.304,18.826,17.934,17.285,17.176,18.956,18.493,18.957,18.862,18.217,18.573,15.565,19.567,18.49,17.065
2026-01-30 03:00:00,17.241,18.889,17.683,17.16,17.301,18.893,18.493,18.957,18.674,17.966,18.26,15.753,19.567,18.239,17.065
2026-01-30 03:30:00,17.179,18.889,17.496,17.034,17.364,18.83,18.555,18.894,18.549,17.716,18.01,16.504,19.567,17.989,17.065
2026-01-30 04:00:00,17.179,18.889,17.308,16.972,17.364,18.705,18.555,18.894,18.424,17.528,17.759,16.817,19.567,17.801,17.002
2026-01-30 04:30:00,16.991,18.889,17.183,16.847,17.176,18.642,18.555,18.832,18.299,17.34,17.572,16.254,19.567,17.676,16.814
2026-01-30 05:00:00,16.803,18.889,17.058,16.722,17.05,18.517,18.555,18.832,18.173,17.215,17.384,15.753,19.567,17.551,16.689
2026-01-30 05:30:00,16.615,18.951,16.933,16.596,17.05,18.454,18.555,18.769,18.111,17.09,17.259,15.314,19.567,17.363,16.564
2026-01-30 06:00:00,16.49,18.951,16.745,16.471,17.05,18.329,18.555,18.769,17.986,16.902,17.133,14.938,19.505,17.175,16.438
2026-01-30 06:30:00,16.428,18.951,16.62,16.284,17.176,18.266,18.555,18.707,17.86,16.777,17.008,14.625,19.505,17.05,16.376
2026-01-30 07:00:00,16.24,19.014,16.495,16.158,17.05,18.141,18.493,18.707,17.735,16.651,16.821,14.374,19.505,16.925,16.125
2026-01-30 07:30:00,16.115,19.014,16.307,16.033,16.8,18.078,18.493,18.644,17.61,16.526,16.695,14.249,19.442,16.799,15.937
2026-01-30 08:00:00,15.989,19.014,16.182,15.971,16.675,17.953,18.493,18.581,17.547,16.338,16.57,14.437,19.442,16.612,15.874
2026-01-30 08:30:00,15.864,19.014,16.056,15.908,16.612,17.89,18.43,18.581,17.422,16.213,16.445,14.688,19.38,16.486,15.874
2026-01-30 09:00:00,15.864,19.076,15.931,15.908,16.612,17.765,18.43,18.519,17.297,16.025,16.257,16.003,19.38,16.361,15.874
2026-01-30 09:30:00,15.989,19.076,15.869,15.971,16.925,17.702,18.43,18.519,17.234,15.963,16.132,17.569,19.317,16.298,16.0
2026-01-30 10:00:00,16.365,19.076,15.994,16.221,17.238,17.577,18.368,18.456,17.171,15.9,16.069,18.883,19.317,16.298,16.626
2026-01-30 10:30:00,16.928,19.076,16.307,16.534,17.614,17.514,18.368,18.393,17.109,15.963,16.007,20.385,19.317,16.486,17.315
2026-01-30 11:00:00,17.679,19.076,16.745,16.909,18.053,17.452,18.305,18.393,17.109,16.15,16.069,21.762,19.255,16.737,17.942
2026-01-30 11:30:00,18.43,19.139,17.308,17.472,18.679,17.389,18.305,18.331,17.109,16.526,16.32,22.888,19.192,17.175,18.693
2026-01-30 12:00:00,19.306,19.139,18.059,18.098,19.367,17.326,18.242,18.331,17.171,17.09,16.695,24.263,19.192,17.801,19.507
2026-01-30 12:30:00,20.307,19.139,18.935,18.724,20.119,17.326,18.242,18.268,17.297,17.778,17.259,26.139,19.129,18.49,20.509
2026-01-30 13:00:00,21.308,19.139,19.873,19.349,21.057,17.326,18.18,18.268,17.484,18.53,18.01,27.514,19.129,19.241,21.51
2026-01-30 13:30:00,22.246,19.139,20.874,19.975,21.996,17.389,18.18,18.268,17.672,19.468,18.823,29.45,19.067,20.117,22.761
2026-01-30 14:00:00,23.183,19.139,21.874,20.538,22.622,17.452,18.117,18.205,17.986,20.407,19.761,31.324,19.067,20.993,23.699
2026-01-30 14:30:00,24.059,19.139,22.75,21.163,22.934,17.514,18.117,18.205,18.236,21.408,20.7,30.887,19.067,21.806,24.512
2026-01-30 15:00:00,24.871,19.139,23.5,21.663,22.809,17.64,18.055,18.205,18.612,22.284,21.638,30.137,19.067,22.556,25.324
2026-01-30 15:30:00,25.496,19.139,24.187,22.038,22.934,17.828,18.055,18.205,18.925,23.159,22.576,29.95,19.067,23.244,25.824
2026-01-30 16:00:00,25.933,19.139,24.625,22.163,23.372,18.016,18.055,18.205,19.301,23.847,23.389,29.7,19.067,23.807,26.012
2026-01-30 16:30:00,26.121,19.139,24.875,22.101,23.81,18.204,18.055,18.268,19.614,24.41,24.076,29.075,19.067,24.119,26.012
2026-01-30 17:00:00,26.246,19.139,24.875,21.913,23.497,18.392,18.055,18.331,19.927,24.723,24.514,28.138,19.129,24.307,25.762
2026-01-30 17:30:00,26.308,19.139,24.75,21.601,23.122,18.58,18.055,18.331,20.177,24.785,24.764,26.826,19.129,24.307,25.449
2026-01-30 18:00:00,26.183,19.139,24.437,21.1,22.684,18.768,18.055,18.456,20.365,24.785,24.826,25.514,19.192,24.182,25.074
2026-01-30 18:30:00,25.808,19.139,24.062,20.6,22.246,18.956,18.055,18.519,20.49,24.598,24.764,24.701,19.192,23.932,24.512
2026-01-30 19:00:00,24.746,19.139,23.625,20.1,21.871,19.081,18.117,18.581,20.553,24.222,24.514,23.888,19.255,23.556,23.887
2026-01-30 19:30:00,23.183,19.139,23.125,19.724,21.621,19.206,18.117,18.707,20.615,23.785,24.139,23.075,19.317,23.181,23.199
2026-01-30 20:00:00,22.496,19.139,22.625,19.349,21.183,19.269,18.18,18.769,20.553,23.222,23.639,22.637,19.38,22.744,22.573
2026-01-30 20:30:00,21.933,19.139,22.187,19.036,20.682,19.394,18.18,18.832,20.49,22.784,23.138,22.2,19.442,22.369,21.885
2026-01-30 21:00:00,21.37,19.076,21.749,18.724,20.306,19.394,18.242,18.894,20.365,22.284,22.701,21.699,19.442,21.993,21.26
2026-01-30 21:30:00,20.807,19.076,21.311,18.473,19.993,19.394,18.305,18.957,20.24,21.846,22.201,21.011,19.505,21.618,20.759
2026-01-30 22:00:00,20.307,19.076,20.874,18.286,19.743,19.394,18.368,19.02,20.052,21.408,21.763,20.197,19.567,21.243,20.384
2026-01-30 22:30:00,19.869,19.076,20.498,18.098,19.43,19.394,18.368,19.082,19.927,20.97,21.325,19.196,19.63,20.867,19.945
2026-01-30 23:00:00,19.369,19.076,20.123,17.973,19.18,19.331,18.43,19.082,19.739,20.532,20.887,18.195,19.63,20.555,19.507
2026-01-30 23:30:00,18.931,19.076,19.748,17.91,18.804,19.269,18.493,19.082,19.551,20.157,20.512,17.381,19.693,20.179,18.881
2026-01-31 00:00:00,18.43,19.076,19.373,17.785,18.491,19.206,18.493,19.082,19.363,19.781,20.137,16.755,19.693,19.866,18.318
2026-01-31 00:30:00,18.055,19.076,18.997,17.723,18.178,19.144,18.555,19.082,19.238,19.406,19.761,16.379,19.693,19.491,17.942
2026-01-31 01:00:00,17.742,19.076,18.622,17.535,17.927,19.081,18.555,19.082,19.05,19.03,19.386,16.128,19.693,19.178,17.566
2026-01-31 01:30:00,17.429,19.076,18.309,17.41,17.739,19.018,18.555,19.02,18.925,18.655,19.011,15.878,19.755,18.803,17.253
2026-01-31 02:00:00,17.179,19.076,17.934,17.285,17.552,18.893,18.618,19.02,18.8,18.279,18.635,15.502,19.755,18.49,16.939
2026-01-31 02:30:00,16.928,19.076,17.621,17.097,17.426,18.83,18.618,18.957,18.674,17.966,18.26,15.314,19.693,18.177,16.626
2026-01-31 03:00:00,16.74,19.076,17.308,16.909,17.238,18.768,18.618,18.957,18.487,17.653,17.947,15.126,19.693,17.926,16.376
2026-01-31 03:30:00,16.615,19.139,17.12,16.784,17.113,18.642,18.618,18.894,18.361,17.403,17.697,15.001,19.693,17.676,16.25
2026-01-31 04:00:00,16.428,19.139,16.87,16.659,17.05,18.58,18.618,18.832,18.236,17.152,17.446,14.75,19.693,17.425,16.062
2026-01-31 04:30:00,16.365,19.139,16.745,16.534,16.925,18.517,18.618,18.832,18.111,16.964,17.196,14.876,19.693,17.238,16.062
2026-01-31 05:00:00,16.24,19.139,16.557,16.409,16.925,18.392,18.618,18.769,17.986,16.777,17.008,14.876,19.63,17.05,16.062
2026-01-31 05:30:00,16.052,19.139,16.369,16.284,16.863,18.266,18.618,18.707,17.86,16.589,16.821,14.312,19.63,16.925,15.874
2026-01-31 06:00:00,15.864,19.201,16.244,16.158,16.863,18.204,18.618,18.707,17.735,16.464,16.695,13.811,19.567,16.737,15.686
2026-01-31 06:30:00,15.739,19.201,16.056,15.971,16.737,18.141,18.555,18.644,17.61,16.276,16.508,13.623,19.567,16.549,15.561
2026-01-31 07:00:00,15.614,19.201,15.869,15.845,16.549,18.016,18.555,18.581,17.484,16.088,16.32,13.435,19.505,16.361,15.498
2026-01-31 07:30:00,15.489,19.201,15.744,15.783,16.424,17.89,18.555,18.581,17.359,15.963,16.195,13.309,19.505,16.236,15.373
2026-01-31 08:00:00,15.426,19.201,15.618,15.72,16.299,17.765,18.493,18.519,17.234,15.775,16.007,13.748,19.442,16.048,15.373
2026-01-31 08:30:00,15.363,19.264,15.493,15.658,16.299,17.64,18.493,18.519,17.171,15.649,15.882,14.249,19.442,15.985,15.373
2026-01-31 09:00:00,15.363,19.264,15.431,15.595,16.299,17.577,18.493,18.456,17.046,15.524,15.756,15.627,19.38,15.86,15.373
2026-01-31 09:30:00,15.551,19.264,15.431,15.72,16.424,17.452,18.43,18.393,16.921,15.462,15.631,17.443,19.317,15.797,15.498
2026-01-31 10:00:00,15.989,19.264,15.556,15.971,16.737,17.326,18.43,18.393,16.858,15.462,15.569,19.008,19.317,15.86,16.188
2026-01-31 10:30:00,16.615,19.264,15.869,16.284,17.05,17.264,18.368,18.331,16.858,15.524,15.506,19.572,19.255,16.048,16.752
2026-01-31 11:00:00,17.116,19.264,16.307,16.596,17.364,17.201,18.305,18.268,16.795,15.775,15.631,19.759,19.192,16.361,17.127
2026-01-31 11:30:00,17.617,19.327,16.745,16.909,17.677,17.138,18.305,18.268,16.858,16.15,15.882,20.948,19.192,16.737,17.629
2026-01-31 12:00:00,18.618,19.327,17.371,17.41,18.115,17.076,18.242,18.205,16.858,16.589,16.257,21.949,19.129,17.175,18.505
2026-01-31 12:30:00,19.431,19.264,18.184,18.098,18.679,17.076,18.18,18.205,16.983,17.152,16.758,23.263,19.067,17.801,19.382
2026-01-31 13:00:00,20.307,19.327,19.06,18.724,19.305,17.076,18.18,18.143,17.109,17.904,17.384,24.513,19.067,18.552,20.196
2026-01-31 13:30:00,21.308,19.327,19.936,19.349,19.993,17.138,18.117,18.143,17.297,18.655,18.135,26.639,19.004,19.303,21.322
2026-01-31 14:00:00,22.183,19.327,20.874,19.975,20.432,17.201,18.117,18.08,17.547,19.594,18.948,26.764,19.004,20.117,22.323
2026-01-31 14:30:00,22.433,19.327,21.687,20.475,20.807,17.326,18.055,18.08,17.798,20.47,19.887,24.826,18.942,20.867,22.573
2026-01-31 15:00:00,22.558,19.264,21.874,20.225,20.745,17.452,18.055,18.08,18.111,21.22,20.762,25.451,18.942,21.305,22.573
2026-01-31 15:30:00,22.808,19.264,22.062,19.724,20.807,17.577,17.992,18.08,18.299,21.596,21.45,24.138,18.879,21.493,22.824
2026-01-31 16:00:00,22.558,19.264,22.124,19.537,21.12,17.765,17.992,18.08,18.487,21.908,21.825,23.45,18.879,21.681,22.636
2026-01-31 16:30:00,22.121,19.264,21.999,19.161,21.308,17.89,17.992,18.143,18.674,21.971,22.076,23.075,18.879,21.681,22.261
2026-01-31 17:00:00,21.933,19.264,21.624,18.724,21.12,18.016,17.992,18.143,18.8,21.846,22.076,23.2,18.879,21.493,21.885
2026-01-31 17:30:00,22.683,19.264,21.374,18.598,20.995,18.141,17.992,18.205,18.862,21.658,21.888,23.45,18.879,21.305,22.198
2026-01-31 18:00:00,22.933,19.201,21.437,18.786,20.87,18.266,17.992,18.205,18.925,21.596,21.7,22.95,18.942,21.243,22.261
2026-01-31 18:30:00,22.371,19.201,21.311,18.849,20.619,18.266,17.992,18.268,18.925,21.533,21.638,21.949,18.942,21.243,21.823
2026-01-31 19:00:00,21.495,19.201,20.936,18.724,20.369,18.329,17.992,18.331,18.925,21.345,21.513,21.073,18.942,20.993,21.197
2026-01-31 19:30:00,20.369,19.201,20.498,18.411,20.181,18.392,18.055,18.331,18.988,20.97,21.263,20.698,19.004,20.68,20.571
2026-01-31 20:00:00,19.932,19.139,20.061,18.035,19.993,18.392,18.055,18.393,18.925,20.532,20.887,20.197,19.004,20.242,20.071
2026-01-31 20:30:00,19.556,19.139,19.685,17.785,19.743,18.392,18.055,18.393,18.925,20.157,20.45,19.572,19.004,19.929,19.57
2026-01-31 21:00:00,19.118,19.139,19.373,17.535,19.493,18.392,18.117,18.456,18.8,19.781,20.137,18.883,19.067,19.679,19.069
2026-01-31 21:30:00,18.806,19.076,19.06,17.285,19.242,18.392,18.117,18.456,18.737,19.468,19.761,18.257,19.067,19.428,18.631
2026-01-31 22:00:00,18.493,19.076,18.81,17.034,19.054,18.392,18.117,18.519,18.612,19.155,19.511,17.631,19.129,19.116,18.318
2026-01-31 22:30:00,18.18,19.076,18.559,16.847,18.491,18.329,18.117,18.456,18.487,18.905,19.198,16.88,19.129,18.928,18.067
2026-01-31 23:00:00,17.804,19.076,18.309,16.722,18.115,18.266,18.18,18.456,18.361,18.592,18.886,16.128,19.129,18.677,17.816
2026-01-31 23:30:00,17.429,19.076,17.996,16.596,17.802,18.204,18.18,18.456,18.236,18.342,18.635,15.69,19.129,18.427,17.315
2026-02-01 00:00:00,17.053,19.014,17.683,16.534,17.677,18.141,18.18,18.456,18.111,18.029,18.322,15.439,19.192,18.114,16.814
2026-02-01 00:30:00,16.74,19.014,17.308,16.409,17.489,18.078,18.18,18.393,17.923,17.716,18.01,15.001,19.192,17.801,16.501
2026-02-01 01:00:00,16.428,19.014,16.995,16.284,17.301,18.016,18.18,18.393,17.798,17.34,17.697,14.688,19.192,17.488,16.25
2026-02-01 01:30:00,16.115,19.014,16.682,16.096,17.113,17.89,18.18,18.331,17.672,17.027,17.384,14.813,19.192,17.238,16.0
2026-02-01 02:00:00,15.864,19.014,16.369,15.971,16.988,17.828,18.18,18.331,17.547,16.714,17.071,14.562,19.192,16.925,15.749
2026-02-01 02:30:00,15.739,19.014,16.119,15.845,16.8,17.702,18.18,18.268,17.422,16.464,16.758,14.374,19.192,16.612,15.624
2026-02-01 03:00:00,15.614,19.014,15.869,15.72,16.737,17.64,18.18,18.268,17.359,16.213,16.508,14.813,19.192,16.424,15.561
2026-02-01 03:30:00,15.551,18.951,15.744,15.595,16.737,17.514,18.18,18.205,17.234,15.963,16.257,14.437,19.129,16.236,15.498
2026-02-01 04:00:00,15.426,18.951,15.618,15.47,16.612,17.452,18.117,18.205,17.109,15.837,16.069,14.124,19.129,16.111,15.373
2026-02-01 04:30:00,15.301,18.951,15.493,15.345,16.424,17.326,18.117,18.143,16.983,15.712,15.882,13.748,19.129,15.985,15.247
2026-02-01 05:00:00,15.176,18.951,15.431,15.22,16.236,17.264,18.117,18.143,16.858,15.587,15.756,13.435,19.067,15.86,15.059
2026-02-01 05:30:00,15.05,18.951,15.243,15.094,16.111,17.138,18.117,18.08,16.795,15.462,15.631,13.121,19.067,15.735,14.934
2026-02-01 06:00:00,14.925,18.951,15.118,15.032,15.923,17.076,18.055,18.017,16.67,15.274,15.506,12.808,19.067,15.547,14.809
2026-02-01 06:30:00,14.8,18.951,14.992,14.969,15.86,16.95,18.055,18.017,16.545,15.148,15.381,12.808,19.004,15.422,14.683
2026-02-01 07:00:00,14.675,18.951,14.805,14.907,15.735,16.888,17.992,17.955,16.482,15.023,15.256,12.996,19.004,15.296,14.621
2026-02-01 07:30:00,14.549,18.951,14.68,14.844,15.61,16.762,17.992,17.955,16.357,14.898,15.068,13.184,18.942,15.171,14.432
2026-02-01 08:00:00,14.549,18.951,14.617,14.782,15.547,16.7,17.93,17.892,16.231,14.773,14.943,13.936,18.942,15.046,14.495
2026-02-01 08:30:00,14.737,18.951,14.554,14.782,15.672,16.574,17.867,17.83,16.169,14.647,14.817,14.625,18.879,14.983,14.746
2026-02-01 09:00:00,14.862,18.951,14.68,14.844,15.923,16.449,17.867,17.83,16.106,14.585,14.755,15.439,18.879,14.983,14.871
2026-02-01 09:30:00,14.988,18.951,14.742,14.907,16.173,16.386,17.804,17.767,15.981,14.647,14.755,16.003,18.817,15.046,14.997
2026-02-01 10:00:00,15.238,18.951,14.867,14.969,16.361,16.261,17.804,17.767,15.981,14.71,14.755,17.193,18.754,15.108,15.247
2026-02-01 10:30:00,15.739,18.951,15.118,15.157,16.549,16.198,17.742,17.704,15.918,14.835,14.817,18.821,18.754,15.296,15.874
2026-02-01 11:00:00,16.428,18.951,15.556,15.533,16.925,16.135,17.679,17.704,15.918,15.023,14.943,20.01,18.691,15.547,16.501
2026-02-01 11:30:00,17.053,18.951,16.119,15.971,17.426,16.072,17.679,17.642,15.918,15.399,15.193,20.761,18.629,15.985,17.127
2026-02-01 12:00:00,17.804,18.951,16.682,16.471,17.99,16.072,17.617,17.579,15.981,15.9,15.569,22.262,18.629,16.486,17.879
2026-02-01 12:30:00,18.743,18.951,17.496,17.034,18.804,16.072,17.554,17.579,16.043,16.464,16.069,23.826,18.566,17.05,18.818
2026-02-01 13:00:00,19.619,18.951,18.372,17.723,19.743,16.135,17.491,17.516,16.169,17.152,16.695,25.201,18.504,17.801,19.695
2026-02-01 13:30:00,20.557,18.951,19.373,18.411,20.619,16.261,17.491,17.516,16.357,17.966,17.446,26.826,18.504,18.615,20.822
2026-02-01 14:00:00,21.558,18.951,20.311,19.036,21.308,16.386,17.429,17.454,16.607,18.905,18.322,27.639,18.441,19.491,21.823
2026-02-01 14:30:00,22.121,18.951,21.249,19.599,21.996,16.574,17.429,17.454,16.858,19.906,19.198,24.701,18.441,20.304,22.323
2026-02-01 15:00:00,21.808,18.889,21.624,19.537,21.746,16.762,17.366,17.454,17.171,20.782,20.137,24.263,18.441,20.867,22.01
2026-02-01 15:30:00,22.371,18.889,21.562,18.911,21.933,17.013,17.366,17.454,17.422,21.095,20.95,23.888,18.441,20.993,22.573
2026-02-01 16:00:00,22.246,18.889,21.812,18.473,21.933,17.264,17.366,17.454,17.61,21.408,21.325,24.138,18.441,21.243,22.573
2026-02-01 16:30:00,22.183,18.889,21.874,18.348,21.746,17.452,17.366,17.454,17.798,21.658,21.575,22.825,18.441,21.368,22.511
2026-02-01 17:00:00,21.495,18.889,21.624,18.411,21.495,17.577,17.366,17.454,17.923,21.658,21.763,21.386,18.441,21.368,21.885
2026-02-01 17:30:00,20.745,18.826,21.186,18.161,21.12,17.64,17.366,17.516,17.986,21.471,21.7,19.572,18.504,21.055,21.134
2026-02-01 18:00:00,20.119,18.826,20.624,17.723,20.745,17.702,17.429,17.516,18.048,21.033,21.45,18.633,18.504,20.68,20.509
2026-02-01 18:30:00,19.556,18.826,20.123,17.347,20.306,17.702,17.429,17.579,18.048,20.595,21.012,17.381,18.504,20.242,19.883
2026-02-01 19:00:00,19.494,18.826,19.685,17.222,19.993,17.702,17.429,17.579,18.048,20.094,20.512,17.256,18.566,19.866,19.632
2026-02-01 19:30:00,19.181,18.764,19.435,17.222,19.806,17.702,17.429,17.642,18.048,19.719,20.074,17.068,18.629,19.554,19.57
2026-02-01 20:00:00,18.806,18.764,19.122,17.222,19.555,17.64,17.491,17.642,17.986,19.406,19.699,16.692,18.629,19.303,19.257
2026-02-01 20:30:00,18.305,18.764,18.81,17.034,19.367,17.577,17.491,17.704,17.923,19.093,19.386,16.567,18.691,19.053,18.693
2026-02-01 21:00:00,17.867,18.701,18.372,16.847,19.117,17.514,17.491,17.704,17.86,18.78,19.073,16.504,18.691,18.74,18.192
2026-02-01 21:30:00,17.554,18.701,17.996,16.534,18.741,17.514,17.491,17.704,17.798,18.404,18.698,16.504,18.754,18.364,17.879
2026-02-01 22:00:00,17.366,18.701,17.683,16.409,18.616,17.389,17.554,17.767,17.735,18.029,18.385,16.316,18.817,18.051,17.629
2026-02-01 22:30:00,17.116,18.701,17.433,16.221,18.554,17.264,17.554,17.767,17.672,17.716,18.01,15.878,18.817,17.801,17.441
2026-02-01 23:00:00,16.866,18.639,17.183,15.971,18.366,17.201,17.554,17.767,17.547,17.465,17.697,15.377,18.879,17.551,17.127
2026-02-01 23:30:00,16.678,18.639,16.933,15.72,18.178,17.138,17.554,17.704,17.484,17.215,17.446,15.001,18.879,17.363,16.814
2026-02-02 00:00:00,16.428,18.639,16.682,15.533,17.865,17.013,17.554,17.704,17.422,16.964,17.196,14.688,18.879,17.112,16.501
2026-02-02 00:30:00,16.177,18.639,16.432,15.407,17.552,16.95,17.554,17.704,17.359,16.714,16.946,14.688,18.879,16.799,16.25
2026-02-02 01:00:00,15.989,18.639,16.244,15.345,17.301,16.888,17.554,17.704,17.234,16.464,16.758,14.75,18.879,16.612,16.125
2026-02-02 01:30:00,15.802,18.639,16.056,15.282,17.113,16.825,17.491,17.704,17.171,16.276,16.57,14.688,18.942,16.424,15.937
2026-02-02 02:00:00,15.676,18.639,15.931,15.157,16.988,16.762,17.491,17.642,17.046,16.088,16.382,14.5,18.879,16.298,15.812
2026-02-02 02:30:00,15.489,18.639,15.744,15.094,16.863,16.7,17.491,17.642,16.921,15.963,16.195,14.437,18.879,16.173,15.624
2026-02-02 03:00:00,15.426,18.639,15.618,14.969,16.737,16.637,17.491,17.642,16.858,15.775,16.069,14.249,18.942,16.048,15.498
2026-02-02 03:30:00,15.238,18.639,15.493,14.907,16.612,16.574,17.491,17.642,16.733,15.649,15.944,13.811,18.879,15.985,15.31
2026-02-02 04:00:00,15.113,18.639,15.368,14.782,16.361,16.511,17.429,17.579,16.67,15.524,15.819,13.56,18.879,15.86,15.122
2026-02-02 04:30:00,14.925,18.639,15.18,14.719,16.111,16.449,17.429,17.579,16.545,15.399,15.694,13.309,18.879,15.735,14.934
2026-02-02 05:00:00,14.8,18.639,15.055,14.594,15.923,16.386,17.429,17.516,16.482,15.211,15.569,13.247,18.879,15.61,14.809
2026-02-02 05:30:00,14.612,18.639,14.867,14.531,15.735,16.323,17.366,17.516,16.357,15.086,15.443,13.435,18.817,15.484,14.621
2026-02-02 06:00:00,14.487,18.639,14.742,14.469,15.61,16.198,17.366,17.454,16.294,14.96,15.318,13.435,18.817,15.359,14.495
2026-02-02 06:30:00,14.362,18.639,14.554,14.406,15.422,16.135,17.366,17.454,16.169,14.835,15.193,13.309,18.754,15.171,14.307
2026-02-02 07:00:00,14.299,18.639,14.429,14.281,15.234,16.135,17.304,17.391,16.106,14.647,15.068,13.247,18.754,15.046,14.244
2026-02-02 07:30:00,14.236,18.639,14.304,14.218,15.108,16.01,17.304,17.391,16.043,14.522,14.88,13.309,18.691,14.983,14.182
2026-02-02 08:00:00,14.236,18.639,14.241,14.156,14.983,15.947,17.241,17.328,15.918,14.459,14.817,13.184,18.629,14.858,14.119
2026-02-02 08:30:00,14.174,18.639,14.179,14.093,14.857,15.884,17.241,17.328,15.855,14.334,14.692,13.059,18.629,14.795,14.119
2026-02-02 09:00:00,14.111,18.639,14.179,14.03,14.857,15.822,17.179,17.266,15.793,14.271,14.567,13.873,18.566,14.733,14.119
2026-02-02 09:30:00,14.174,18.639,14.116,14.093,14.92,15.759,17.179,17.266,15.73,14.209,14.504,14.876,18.504,14.67,14.182
2026-02-02 10:00:00,14.362,18.639,14.179,14.281,15.234,15.696,17.116,17.203,15.667,14.146,14.442,15.815,18.504,14.67,14.495
2026-02-02 10:30:00,14.862,18.701,14.304,14.531,15.547,15.633,17.116,17.14,15.605,14.146,14.379,16.942,18.441,14.733,14.997
2026-02-02 11:00:00,15.489,18.701,14.617,14.844,16.048,15.633,17.053,17.14,15.542,14.209,14.379,18.195,18.379,14.92,15.561
2026-02-02 11:30:00,16.177,18.701,15.055,15.282,16.549,15.571,17.053,17.14,15.479,14.397,14.379,20.197,18.316,15.171,16.25
2026-02-02 12:00:00,16.991,18.639,15.681,15.908,17.301,15.508,16.991,17.078,15.479,14.71,14.504,22.325,18.316,15.61,17.065
2026-02-02 12:30:00,18.055,18.701,16.369,16.596,18.178,15.508,16.991,17.14,15.542,15.148,14.692,24.263,18.253,16.111,18.004
2026-02-02 13:00:00,19.619,18.701,17.245,17.598,19.117,15.508,16.928,17.078,15.667,15.649,15.068,26.076,18.191,16.674,19.382
2026-02-02 13:30:00,21.683,18.639,18.184,18.348,20.056,15.508,16.928,17.078,15.855,16.276,15.443,28.701,18.128,17.363,21.635
2026-02-02 14:00:00,24.059,18.639,19.31,18.911,20.745,15.571,16.866,17.015,16.169,17.027,15.882,31.199,18.128,18.177,23.949
2026-02-02 14:30:00,28.057,18.639,20.498,19.537,21.433,15.571,16.866,17.015,16.733,17.904,16.382,30.137,18.128,18.99,25.824
2026-02-02 15:00:00,31.117,18.639,21.624,20.162,21.683,15.633,16.803,16.952,17.359,19.03,17.008,28.576,18.066,19.929,26.886
2026-02-02 15:30:00,34.05,18.639,22.75,20.663,21.621,15.759,16.803,16.952,17.86,20.407,17.759,28.138,18.066,20.805,27.386
2026-02-02 16:00:00,34.612,18.639,23.625,20.913,21.621,15.884,16.803,16.952,18.299,21.783,18.573,27.763,18.066,21.556,26.511
2026-02-02 16:30:00,38.291,18.639,24.25,21.225,21.621,16.072,16.74,17.015,18.8,23.034,19.511,27.201,18.066,22.181,26.574
2026-02-02 17:00:00,39.6,18.639,24.75,21.225,21.057,16.323,16.74,17.015,19.238,24.097,20.387,26.389,18.066,22.681,25.887
2026-02-02 17:30:00,40.348,18.576,25.0,21.163,20.432,16.574,16.74,17.078,19.739,25.098,21.263,25.076,18.128,23.056,25.449
2026-02-02 18:00:00,41.283,18.576,25.0,23.039,19.993,16.825,16.74,17.203,20.114,25.848,22.076,24.263,18.128,23.244,25.074
2026-02-02 18:30:00,39.725,18.576,24.687,23.164,19.618,17.138,16.74,17.454,20.427,26.41,22.826,23.575,18.191,23.244,24.574
2026-02-02 19:00:00,32.865,18.576,24.125,22.539,19.242,17.452,16.74,18.268,20.678,26.723,23.389,22.888,18.191,22.931,23.449
2026-02-02 19:30:00,26.808,18.513,23.375,21.851,18.992,17.702,16.803,19.333,21.053,26.598,23.826,22.7,18.253,22.494,22.636
2026-02-02 20:00:00,24.621,18.513,23.062,21.288,18.867,17.89,16.803,19.834,21.366,26.035,23.826,22.074,18.253,22.118,21.823
2026-02-02 20:30:00,22.996,18.513,23.0,20.538,18.679,18.141,16.866,20.147,21.616,25.473,23.639,21.261,18.316,21.931,20.884
2026-02-02 21:00:00,21.308,18.513,22.875,19.912,18.366,18.266,16.928,20.272,21.742,25.098,23.514,20.323,18.316,21.806,20.071
2026-02-02 21:30:00,20.057,18.451,22.812,19.349,18.115,18.454,16.928,20.335,21.742,24.723,23.576,19.509,18.316,21.681,19.445
2026-02-02 22:00:00,19.118,18.451,22.687,18.911,17.927,18.517,16.991,20.272,21.616,24.347,23.576,18.821,18.379,21.618,19.006
2026-02-02 22:30:00,18.43,18.451,22.562,18.473,17.865,18.642,17.053,20.21,21.429,24.035,23.451,18.32,18.379,21.618,18.631
2026-02-02 23:00:00,17.554,18.451,22.499,18.161,17.677,18.705,17.116,20.022,21.178,23.66,23.201,17.506,18.379,21.493,18.067
2026-02-02 23:30:00,16.49,18.451,22.374,17.785,17.364,18.705,17.179,19.834,20.866,23.284,22.888,16.692,18.441,21.43,17.065
2026-02-03 00:00:00,15.676,18.388,22.249,17.472,16.988,18.768,17.241,19.646,20.553,22.909,22.638,16.003,18.441,21.305,16.501
2026-02-03 00:30:00,15.238,18.388,22.124,17.222,16.612,18.768,17.241,19.396,20.24,22.534,22.451,15.627,18.441,21.243,16.25
2026-02-03 01:00:00,15.113,18.388,21.999,17.034,16.299,18.768,17.304,19.145,19.864,21.658,22.326,15.252,18.441,21.18,15.686
2026-02-03 01:30:00,14.925,18.388,20.874,16.847,16.111,18.705,17.366,18.832,19.551,20.908,22.201,14.876,18.441,20.867,15.686
2026-02-03 02:00:00,14.675,18.388,19.685,16.659,15.923,18.705,17.429,18.581,19.175,20.407,21.888,14.5,18.441,20.242,15.624
2026-02-03 02:30:00,14.362,18.388,18.872,16.471,15.797,18.642,17.429,18.331,18.862,20.032,21.45,14.437,18.441,19.741,15.435
2026-02-03 03:00:00,14.048,18.388,18.247,16.346,15.672,18.58,17.491,18.08,18.549,19.656,21.075,14.562,18.441,19.303,15.185
2026-02-03 03:30:00,13.798,18.388,17.871,16.284,15.547,18.58,17.554,17.83,18.236,19.343,20.7,14.688,18.441,18.99,15.059
2026-02-03 04:00:00,13.735,18.388,17.558,16.158,15.359,18.517,17.554,17.642,17.986,19.03,20.324,14.249,18.441,18.74,14.683
2026-02-03 04:30:00,13.673,18.388,17.308,16.096,15.234,18.454,17.617,17.454,17.735,18.78,20.012,13.623,18.441,18.49,14.558
2026-02-03 05:00:00,13.422,18.388,17.12,15.971,15.171,18.392,17.617,17.266,17.484,18.53,19.699,13.184,18.441,18.302,14.432
2026-02-03 05:30:00,13.109,18.326,16.933,15.908,15.046,18.329,17.679,17.14,17.297,18.279,19.449,12.871,18.379,18.114,14.056
2026-02-03 06:00:00,12.796,18.326,16.745,15.783,14.857,18.266,17.679,16.952,17.046,18.029,19.198,12.557,18.379,17.926,13.931
2026-02-03 06:30:00,12.608,18.326,16.557,15.72,14.795,18.204,17.679,16.827,16.858,17.841,18.948,12.683,18.379,17.739,13.68
2026-02-03 07:00:00,12.357,18.326,16.369,15.595,14.669,18.141,17.679,16.702,16.67,17.591,18.698,13.309,18.379,17.551,13.366
2026-02-03 07:30:00,12.17,18.326,16.182,15.533,14.544,18.078,17.742,16.576,16.545,17.403,18.51,13.685,18.316,17.363,13.241
2026-02-03 08:00:00,12.295,18.326,15.994,15.47,14.544,18.016,17.742,16.451,16.357,17.152,18.26,13.497,18.316,17.238,13.304
2026-02-03 08:30:00,12.671,18.326,15.806,15.47,14.544,17.953,17.742,16.388,16.231,16.964,18.072,13.497,18.316,17.05,13.617
2026-02-03 09:00:00,13.234,18.326,15.681,15.407,14.795,17.89,17.742,16.263,16.106,16.777,17.822,14.813,18.253,16.862,13.994
2026-02-03 09:30:00,14.862,18.326,15.556,15.47,15.735,17.828,17.742,16.2,16.043,16.589,17.634,16.88,18.253,16.737,14.809
2026-02-03 10:00:00,17.617,18.326,15.493,15.658,16.863,17.765,17.742,16.2,15.918,16.401,17.446,18.257,18.253,16.612,16.438
2026-02-03 10:30:00,20.307,18.326,15.556,15.971,17.677,17.702,17.742,16.2,15.918,16.276,17.259,19.697,18.191,16.612,17.816
2026-02-03 11:00:00,24.121,18.326,15.806,16.471,18.867,17.64,17.742,16.263,15.918,16.213,17.133,21.261,18.191,16.612,18.944
2026-02-03 11:30:00,26.496,18.326,16.182,17.097,19.054,17.64,17.742,16.451,15.981,16.276,17.008,22.262,18.128,16.737,19.57
2026-02-03 12:00:00,27.808,18.326,16.745,17.848,19.555,17.577,17.742,16.702,16.169,16.464,16.883,23.701,18.128,16.987,20.446
2026-02-03 12:30:00,28.807,18.326,17.496,18.724,20.119,17.514,17.742,17.015,16.482,16.839,16.883,25.139,18.128,17.3,21.26
2026-02-03 13:00:00,29.869,18.326,18.497,19.724,20.995,17.514,17.742,17.454,16.858,17.34,16.883,26.639,18.128,17.739,22.073
2026-02-03 13:30:00,30.743,18.326,19.623,20.85,22.121,17.514,17.742,17.955,17.359,17.966,17.008,29.075,18.128,18.302,24.324
2026-02-03 14:00:00,31.679,18.326,20.874,22.038,22.434,17.514,17.742,18.519,17.923,18.78,17.259,31.136,18.066,18.99,26.511
2026-02-03 14:30:00,31.18,18.326,22.124,23.039,23.435,17.514,17.742,19.082,18.612,19.656,17.572,29.638,18.066,19.679,26.449
2026-02-03 15:00:00,33.302,18.326,23.187,23.976,22.684,17.577,17.742,19.646,19.363,20.532,18.01,29.075,18.066,20.367,27.823
2026-02-03 15:30:00,35.797,18.326,24.062,24.789,22.184,17.64,17.679,20.21,20.052,21.471,18.51,28.826,18.128,21.118,28.572
2026-02-03 16:00:00,37.668,18.326,24.937,25.227,22.246,17.765,17.679,20.773,20.803,22.346,19.011,28.263,18.128,21.806,28.635
2026-02-03 16:30:00,39.164,18.326,25.625,25.539,22.309,17.89,17.679,21.274,21.491,23.284,19.636,28.326,18.128,22.431,28.073
2026-02-03 17:00:00,40.598,18.263,26.125,25.727,21.495,18.016,17.679,21.712,22.18,24.097,20.199,28.138,18.191,22.994,27.261
2026-02-03 17:30:00,41.844,18.263,26.312,25.539,21.057,18.204,17.679,22.087,22.743,24.848,20.825,27.264,18.191,23.494,27.011
2026-02-03 18:00:00,43.277,18.263,26.312,25.164,20.745,18.392,17.679,22.4,23.243,25.535,21.45,26.076,18.253,23.807,26.574
2026-02-03 18:30:00,41.345,18.263,26.0,24.602,20.369,18.517,17.742,22.651,23.681,26.035,22.076,25.201,18.316,23.869,26.012
2026-02-03 19:00:00,34.425,18.263,25.562,23.976,19.993,18.705,17.742,22.776,23.994,26.41,22.701,24.076,18.316,23.869,25.074
2026-02-03 19:30:00,27.308,18.263,25.063,23.351,19.43,18.893,17.742,22.901,24.181,26.535,23.201,23.138,18.379,23.682,24.012
2026-02-03 20:00:00,24.434,18.263,24.5,22.664,18.992,19.018,17.804,22.901,24.244,26.348,23.764,22.387,18.441,23.431,22.761
2026-02-03 20:30:00,22.808,18.263,23.875,21.913,18.741,19.206,17.804,22.838,24.181,25.973,24.139,21.762,18.441,23.119,22.01
2026-02-03 21:00:00,21.37,18.263,23.312,21.288,18.491,19.331,17.804,22.713,24.056,25.473,24.451,21.073,18.504,22.806,21.134
2026-02-03 21:30:00,20.495,18.263,22.75,20.725,18.24,19.394,17.867,22.525,23.806,24.91,24.639,20.385,18.504,22.494,20.571
2026-02-03 22:00:00,19.619,18.263,22.187,20.162,17.99,19.519,17.93,22.338,23.493,24.285,24.576,19.447,18.566,22.118,19.945
2026-02-03 22:30:00,18.806,18.263,21.749,19.662,17.865,19.582,17.93,22.025,23.18,23.722,24.389,18.695,18.566,21.806,19.507
2026-02-03 23:00:00,18.18,18.263,21.311,19.224,17.677,19.582,17.992,21.774,22.743,23.222,24.076,17.882,18.566,21.493,18.944
2026-02-03 23:30:00,17.742,18.263,20.936,18.786,17.426,19.645,18.055,21.462,22.367,22.722,23.701,17.569,18.629,21.243,18.568
2026-02-04 00:00:00,17.241,18.263,20.561,18.411,17.301,19.645,18.055,21.086,21.929,22.284,23.326,17.193,18.629,20.93,18.255
2026-02-04 00:30:00,16.803,18.263,20.248,18.035,17.113,19.645,18.117,20.773,21.554,21.846,22.888,16.379,18.629,20.742,18.004
2026-02-04 01:00:00,16.052,18.263,19.998,17.785,16.612,19.645,18.18,20.46,21.116,21.471,22.451,15.753,18.629,20.492,17.127
2026-02-04 01:30:00,15.676,18.263,19.748,17.472,16.299,19.582,18.18,20.147,20.74,21.095,22.076,15.377,18.629,20.242,16.939
2026-02-04 02:00:00,15.238,18.263,19.498,17.285,16.048,19.582,18.242,19.834,20.302,20.782,21.7,14.938,18.629,20.054,16.564
2026-02-04 02:30:00,14.737,18.263,19.185,17.034,15.797,19.519,18.305,19.521,19.927,20.47,21.325,14.562,18.629,19.866,16.188
2026-02-04 03:00:00,14.424,18.263,18.935,16.847,15.61,19.457,18.305,19.208,19.551,20.157,21.012,14.187,18.629,19.616,16.0
2026-02-04 03:30:00,14.174,18.263,18.747,16.659,15.296,19.457,18.368,18.894,19.175,19.844,20.7,13.748,18.629,19.428,15.749
2026-02-04 04:00:00,13.923,18.263,18.497,16.534,15.108,19.394,18.368,18.644,18.862,19.594,20.387,13.497,18.629,19.241,15.435
2026-02-04 04:30:00,13.422,18.263,18.247,16.346,14.795,19.331,18.43,18.393,18.487,19.281,20.137,13.121,18.629,19.053,14.871
2026-02-04 05:00:00,13.297,18.263,18.059,16.221,14.544,19.206,18.43,18.143,18.236,19.03,19.824,12.996,18.629,18.803,14.809
2026-02-04 05:30:00,13.297,18.263,17.809,16.096,14.356,19.206,18.493,17.955,17.923,18.717,19.574,13.685,18.629,18.615,14.809
2026-02-04 06:00:00,13.109,18.263,17.558,16.033,14.481,19.081,18.493,17.704,17.672,18.467,19.324,13.811,18.566,18.427,14.746
2026-02-04 06:30:00,12.984,18.263,17.371,15.908,14.419,19.018,18.493,17.516,17.422,18.217,19.073,13.247,18.566,18.239,14.432
2026-02-04 07:00:00,12.608,18.263,17.183,15.783,14.231,18.956,18.493,17.328,17.171,17.966,18.823,12.683,18.566,18.051,14.182
2026-02-04 07:30:00,12.42,18.326,16.933,15.658,14.105,18.893,18.555,17.203,16.983,17.716,18.573,12.369,18.504,17.864,13.994
2026-02-04 08:00:00,12.42,18.326,16.745,15.595,13.98,18.83,18.555,17.015,16.795,17.465,18.322,12.244,18.504,17.676,13.805
2026-02-04 08:30:00,12.733,18.326,16.557,15.533,14.168,18.705,18.555,16.89,16.607,17.278,18.135,12.495,18.504,17.488,14.056
2026-02-04 09:00:00,13.109,18.326,16.432,15.533,14.544,18.642,18.555,16.764,16.419,17.027,17.884,14.124,18.441,17.363,14.244
2026-02-04 09:30:00,14.612,18.326,16.307,15.533,15.422,18.58,18.555,16.576,16.231,16.839,17.697,16.692,18.441,17.175,14.683
2026-02-04 10:00:00,17.491,18.326,16.182,15.658,16.675,18.517,18.555,16.513,16.169,16.651,17.509,18.508,18.379,17.112,16.501
2026-02-04 10:30:00,20.745,18.326,16.244,15.971,17.99,18.392,18.555,16.513,16.106,16.526,17.321,20.072,18.379,17.05,18.318
2026-02-04 11:00:00,24.621,18.326,16.495,16.471,19.555,18.329,18.555,16.576,16.106,16.526,17.133,21.511,18.379,17.175,19.382
2026-02-04 11:30:00,27.558,18.326,16.807,17.097,19.743,18.266,18.493,16.764,16.169,16.651,17.071,22.95,18.316,17.3,20.384
2026-02-04 12:00:00,29.369,18.326,17.371,17.91,20.119,18.204,18.493,17.015,16.357,16.964,16.946,24.388,18.316,17.613,21.26
2026-02-04 12:30:00,30.493,18.326,18.121,18.786,20.682,18.141,18.493,17.391,16.733,17.465,16.946,26.451,18.316,17.989,22.198
2026-02-04 13:00:00,30.992,18.326,19.06,19.787,21.558,18.078,18.493,17.83,17.109,18.154,17.071,27.576,18.253,18.552,22.824
2026-02-04 13:30:00,31.304,18.326,20.186,20.913,22.559,18.078,18.493,18.393,17.672,18.968,17.321,29.825,18.253,19.178,25.012
2026-02-04 14:00:00,32.366,18.326,21.374,21.976,22.934,18.078,18.43,19.02,18.299,19.844,17.759,31.573,18.253,19.929,26.824
2026-02-04 14:30:00,32.927,18.326,22.625,22.914,24.06,18.078,18.43,19.646,18.988,20.782,18.26,29.95,18.253,20.742,27.323
2026-02-04 15:00:00,33.926,18.326,23.687,23.601,22.997,18.141,18.43,20.21,19.676,21.783,18.823,28.701,18.253,21.493,28.135
2026-02-04 15:30:00,36.296,18.326,24.562,24.351,22.809,18.204,18.43,20.71,20.365,22.784,19.449,28.95,18.253,22.243,28.697
2026-02-04 16:00:00,38.042,18.326,25.375,24.977,23.122,18.266,18.368,21.211,21.053,23.722,20.137,28.263,18.316,22.931,28.51
2026-02-04 16:30:00,39.039,18.326,26.062,25.102,22.934,18.392,18.368,21.649,21.742,24.598,20.825,28.138,18.316,23.619,27.823
2026-02-04 17:00:00,40.286,18.326,26.5,25.352,21.871,18.517,18.368,22.087,22.305,25.41,21.513,27.264,18.379,24.119,27.011
2026-02-04 17:30:00,40.785,18.326,26.687,25.289,21.057,18.642,18.368,22.4,22.868,26.16,22.201,26.139,18.379,24.557,26.324
2026-02-04 18:00:00,40.722,18.326,26.5,25.039,20.432,18.83,18.368,22.713,23.306,26.66,22.888,25.014,18.441,24.682,25.887
2026-02-04 18:30:00,38.665,18.326,26.062,24.477,19.868,18.956,18.368,22.901,23.681,27.035,23.514,24.388,18.504,24.619,25.137
2026-02-04 19:00:00,32.678,18.326,25.375,23.851,19.43,19.144,18.368,23.026,23.931,27.223,24.139,23.638,18.504,24.307,24.387
2026-02-04 19:30:00,26.996,18.263,24.687,23.226,19.18,19.269,18.368,23.026,24.056,27.098,24.639,23.013,18.566,23.932,23.699
2026-02-04 20:00:00,24.434,18.263,24.062,22.539,18.929,19.394,18.368,23.026,24.119,26.785,25.014,22.137,18.566,23.556,22.698
2026-02-04 20:30:00,22.871,18.263,23.437,21.851,18.616,19.519,18.43,22.963,24.056,26.223,25.326,21.511,18.629,23.181,21.76
2026-02-04 21:00:00,21.62,18.263,22.875,21.225,18.303,19.645,18.43,22.838,23.868,25.598,25.451,20.886,18.629,22.806,21.009
2026-02-04 21:30:00,20.495,18.263,22.374,20.663,18.053,19.77,18.43,22.651,23.681,24.91,25.451,20.197,18.691,22.431,20.321
2026-02-04 22:00:00,19.681,18.263,21.874,20.162,17.865,19.833,18.493,22.4,23.368,24.285,25.201,19.447,18.691,22.056,19.883
2026-02-04 22:30:00,18.868,18.263,21.499,19.787,17.677,19.895,18.493,22.087,22.993,23.66,24.889,18.695,18.754,21.806,19.382
2026-02-04 23:00:00,17.867,18.263,21.186,19.349,17.301,19.958,18.555,21.774,22.555,23.034,24.389,17.819,18.754,21.493,18.756
2026-02-04 23:30:00,16.866,18.263,20.874,18.911,16.675,19.958,18.555,21.462,22.117,22.534,23.889,16.942,18.754,21.243,17.754
2026-02-05 00:00:00,15.989,18.263,20.561,18.473,16.048,19.958,18.618,21.149,21.742,22.034,23.389,16.254,18.754,21.055,16.877
2026-02-05 00:30:00,15.301,18.263,20.248,18.098,15.484,19.958,18.68,20.773,21.304,21.596,22.951,15.627,18.754,20.742,16.313
2026-02-05 01:00:00,14.862,18.263,19.936,17.785,15.046,19.958,18.68,20.46,20.928,21.158,22.451,15.252,18.754,20.492,16.0
2026-02-05 01:30:00,14.8,18.263,19.56,17.535,14.857,19.895,18.743,20.084,20.49,20.72,22.013,14.938,18.754,20.179,16.0
2026-02-05 02:00:00,14.8,18.263,19.247,17.285,14.795,19.895,18.743,19.771,20.052,20.344,21.575,14.562,18.754,19.929,15.812
2026-02-05 02:30:00,14.549,18.263,18.872,17.097,14.607,19.833,18.806,19.396,19.676,19.906,21.2,14.437,18.754,19.616,15.686
2026-02-05 03:00:00,14.048,18.263,18.622,16.909,14.419,19.77,18.806,19.082,19.301,19.594,20.825,14.124,18.754,19.366,15.122
2026-02-05 03:30:00,13.547,18.263,18.309,16.784,14.168,19.707,18.868,18.832,18.925,19.281,20.45,13.685,18.754,19.116,14.683
2026-02-05 04:00:00,13.172,18.263,18.059,16.596,13.917,19.645,18.868,18.581,18.612,18.968,20.074,13.936,18.754,18.865,14.495
2026-02-05 04:30:00,12.859,18.326,17.809,16.534,13.729,19.582,18.868,18.331,18.361,18.655,19.761,13.873,18.691,18.677,14.119
2026-02-05 05:00:00,12.545,18.326,17.558,16.409,13.541,19.519,18.931,18.08,18.048,18.404,19.449,13.247,18.691,18.427,13.743
2026-02-05 05:30:00,12.17,18.326,17.308,16.284,13.353,19.457,18.931,17.892,17.798,18.091,19.198,12.62,18.691,18.177,13.429
2026-02-05 06:00:00,11.856,18.326,17.058,16.158,13.102,19.331,18.931,17.704,17.547,17.841,18.886,12.369,18.629,17.989,13.178
2026-02-05 06:30:00,11.731,18.326,16.807,16.033,12.977,19.269,18.931,17.516,17.297,17.528,18.635,12.181,18.629,17.739,13.116
2026-02-05 07:00:00,11.668,18.326,16.62,15.908,12.851,19.206,18.931,17.328,17.109,17.278,18.385,11.868,18.566,17.551,12.99
2026-02-05 07:30:00,11.731,18.326,16.369,15.783,12.789,19.144,18.993,17.14,16.858,17.027,18.135,12.056,18.566,17.363,13.053
2026-02-05 08:00:00,11.856,18.388,16.182,15.72,12.851,19.018,18.993,16.952,16.67,16.777,17.884,12.745,18.504,17.175,13.053
2026-02-05 08:30:00,12.17,18.388,15.994,15.658,13.04,18.956,18.993,16.827,16.482,16.526,17.634,13.121,18.504,16.987,13.178
2026-02-05 09:00:00,12.483,18.388,15.869,15.533,13.29,18.893,18.931,16.702,16.357,16.338,17.384,14.312,18.441,16.862,13.304
2026-02-05 09:30:00,13.861,18.388,15.744,15.533,14.419,18.768,18.931,16.576,16.231,16.15,17.196,16.504,18.441,16.737,13.805
2026-02-05 10:00:00,17.116,18.388,15.681,15.658,16.048,18.705,18.931,16.513,16.106,16.025,16.946,18.257,18.379,16.612,15.937
2026-02-05 10:30:00,20.557,18.388,15.806,15.908,17.489,18.642,18.931,16.513,16.106,15.9,16.821,20.072,18.379,16.612,18.004
2026-02-05 11:00:00,25.309,18.326,16.056,16.346,19.493,18.517,18.931,16.576,16.106,15.963,16.633,21.699,18.316,16.737,19.319
2026-02-05 11:30:00,28.432,18.326,16.432,16.972,19.493,18.454,18.931,16.764,16.231,16.15,16.508,23.263,18.316,16.925,20.321
2026-02-05 12:00:00,29.744,18.326,16.995,17.723,19.931,18.392,18.868,17.015,16.419,16.526,16.445,24.638,18.253,17.238,21.134
2026-02-05 12:30:00,30.867,18.326,17.746,18.598,20.557,18.329,18.868,17.328,16.733,17.215,16.508,26.451,18.253,17.676,22.198
2026-02-05 13:00:00,31.117,18.326,18.684,19.474,21.183,18.266,18.868,17.767,17.109,17.966,16.633,27.701,18.253,18.302,22.824
2026-02-05 13:30:00,32.241,18.326,19.748,20.412,22.434,18.266,18.806,18.205,17.61,18.78,16.946,30.262,18.191,18.928,24.887
2026-02-05 14:00:00,32.99,18.263,20.999,19.85,23.059,18.266,18.806,19.082,18.299,19.719,17.384,27.201,18.191,19.741,26.636
2026-02-05 14:30:00,33.614,18.263,22.187,19.161,23.622,18.266,18.806,19.333,18.424,20.72,17.947,22.262,18.191,20.617,27.386
2026-02-05 15:00:00,32.366,18.263,23.25,18.974,23.31,18.329,18.743,19.082,18.549,21.721,18.573,20.823,18.191,21.43,28.947
2026-02-05 15:30:00,25.871,18.263,24.25,19.161,22.872,18.392,18.743,18.832,18.674,22.784,19.386,21.199,18.191,22.243,26.261
2026-02-05 16:00:00,23.496,18.263,24.625,19.474,23.185,18.454,18.743,18.644,18.8,23.66,20.324,22.825,18.191,22.931,24.512
2026-02-05 16:30:00,22.621,18.263,24.187,19.599,23.122,18.58,18.68,18.519,18.862,24.035,21.325,23.388,18.253,22.931,23.261
2026-02-05 17:00:00,22.371,18.263,23.375,19.599,21.746,18.642,18.68,18.456,18.925,23.91,22.138,23.701,18.253,22.556,22.824
2026-02-05 17:30:00,22.246,18.201,22.75,19.537,20.807,18.705,18.68,18.393,18.988,23.66,22.701,23.513,18.253,22.181,22.573
2026-02-05 18:00:00,21.995,18.201,22.249,19.287,23.059,18.768,18.68,18.393,19.05,23.284,23.013,22.825,18.316,21.868,22.261
2026-02-05 18:30:00,21.62,18.201,21.812,19.036,23.122,18.83,18.68,18.393,19.113,22.972,23.076,21.824,18.379,21.618,21.948
2026-02-05 19:00:00,20.995,18.201,21.437,18.724,22.559,18.83,18.68,18.393,19.113,22.659,22.951,21.199,18.441,21.368,21.572
2026-02-05 19:30:00,20.369,18.201,21.061,18.536,21.933,18.83,18.618,18.393,19.113,22.346,22.763,20.635,18.504,21.055,21.134
2026-02-05 20:00:00,19.994,18.201,20.624,18.286,21.37,18.893,18.618,18.393,19.113,21.971,22.513,20.448,18.566,20.805,20.696
2026-02-05 20:30:00,19.619,18.201,20.248,18.098,20.995,18.893,18.68,18.393,19.113,21.596,22.201,20.197,18.566,20.492,20.258
2026-02-05 21:00:00,19.243,18.201,19.936,17.91,20.682,18.83,18.68,18.456,19.05,21.283,21.888,19.885,18.629,20.242,19.758
2026-02-05 21:30:00,18.868,18.201,19.623,17.723,20.244,18.83,18.618,18.456,18.988,20.908,21.638,19.196,18.691,19.929,19.382
2026-02-05 22:00:00,18.555,18.201,19.247,17.535,19.868,18.768,18.68,18.456,18.925,20.532,21.325,18.445,18.754,19.679,19.069
2026-02-05 22:30:00,18.305,18.201,18.935,17.41,19.493,18.768,18.68,18.456,18.862,20.219,21.012,17.631,18.817,19.366,18.693
2026-02-05 23:00:00,18.055,18.201,18.622,17.285,19.18,18.705,18.68,18.456,18.737,19.906,20.7,16.942,18.879,19.116,18.255
2026-02-05 23:30:00,17.742,18.201,18.372,17.222,18.741,18.642,18.68,18.456,18.674,19.594,20.387,16.316,18.942,18.928,17.816
2026-02-06 00:00:00,17.429,18.201,18.121,17.097,18.366,18.58,18.68,18.456,18.612,19.281,20.074,15.878,18.942,18.677,17.503
2026-02-06 00:30:00,17.116,18.201,17.809,16.972,18.053,18.58,18.68,18.456,18.487,18.968,19.824,15.502,19.004,18.427,17.127
2026-02-06 01:00:00,16.928,18.201,17.496,16.847,17.739,18.517,18.68,18.456,18.424,18.655,19.511,15.314,19.004,18.177,16.877
2026-02-06 01:30:00,16.74,18.201,17.245,16.659,17.426,18.454,18.618,18.456,18.299,18.404,19.261,15.001,19.067,17.926,16.689
2026-02-06 02:00:00,16.553,18.201,16.995,16.534,17.176,18.392,18.618,18.456,18.236,18.154,18.948,14.75,19.067,17.739,16.501
2026-02-06 02:30:00,16.428,18.201,16.807,16.346,16.925,18.266,18.618,18.456,18.111,17.904,18.698,14.562,19.067,17.551,16.313
2026-02-06 03:00:00,16.24,18.201,16.62,16.221,16.8,18.204,18.618,18.456,18.048,17.653,18.448,14.374,19.067,17.363,16.188
2026-02-06 03:30:00,16.115,18.201,16.432,16.096,16.612,18.141,18.618,18.393,17.923,17.403,18.197,14.249,19.067,17.175,16.062
2026-02-06 04:00:00,15.989,18.201,16.307,15.971,16.549,18.078,18.618,18.393,17.86,17.215,18.01,14.312,19.067,17.05,15.937
2026-02-06 04:30:00,15.864,18.201,16.119,15.845,16.424,18.016,18.618,18.393,17.735,17.027,17.759,15.189,19.067,16.862,15.812
2026-02-06 05:00:00,15.739,18.201,15.994,15.72,16.236,17.89,18.555,18.393,17.672,16.777,17.572,15.126,19.004,16.737,15.686
2026-02-06 05:30:00,15.676,18.263,15.869,15.595,16.048,17.828,18.555,18.393,17.547,16.651,17.384,14.374,19.004,16.612,15.498
2026-02-06 06:00:00,15.551,18.263,15.744,15.47,15.797,17.765,18.555,18.331,17.484,16.464,17.259,13.936,19.004,16.486,15.373
2026-02-06 06:30:00,15.426,18.263,15.618,15.407,15.672,17.64,18.555,18.331,17.422,16.338,17.071,13.811,18.942,16.361,15.31
2026-02-06 07:00:00,15.301,18.326,15.556,15.345,15.547,17.577,18.493,18.331,17.297,16.213,16.883,13.811,18.942,16.236,15.185
2026-02-06 07:30:00,15.113,18.326,15.431,15.22,15.422,17.452,18.493,18.268,17.234,16.025,16.758,13.623,18.879,16.111,14.997
2026-02-06 08:00:00,14.988,18.326,15.243,15.094,15.359,17.389,18.43,18.268,17.171,15.9,16.633,13.497,18.879,15.985,14.934
2026-02-06 08:30:00,14.925,18.388,15.118,15.032,15.296,17.264,18.43,18.268,17.046,15.775,16.508,13.56,18.817,15.86,14.871
2026-02-06 09:00:00,14.925,18.388,15.055,14.969,15.296,17.201,18.43,18.268,16.983,15.649,16.32,14.688,18.817,15.735,14.871
2026-02-06 09:30:00,14.988,18.388,14.93,15.032,15.422,17.138,18.368,18.205,16.921,15.524,16.195,16.128,18.754,15.672,14.934
2026-02-06 10:00:00,15.238,18.451,14.93,15.157,15.735,17.013,18.368,18.205,16.858,15.399,16.069,17.318,18.691,15.61,15.31
2026-02-06 10:30:00,15.739,18.451,15.055,15.407,16.173,16.95,18.305,18.205,16.795,15.336,16.007,18.758,18.629,15.61,16.0
2026-02-06 11:00:00,16.428,18.451,15.305,15.72,16.8,16.888,18.305,18.143,16.733,15.274,15.882,20.01,18.629,15.797,16.752
2026-02-06 11:30:00,17.116,18.451,15.744,16.158,17.301,16.825,18.242,18.143,16.67,15.336,15.819,21.136,18.566,15.985,17.441
2026-02-06 12:00:00,17.93,18.451,16.307,16.659,18.115,16.762,18.18,18.143,16.67,15.462,15.756,22.512,18.504,16.361,18.255
2026-02-06 12:30:00,18.743,18.451,16.995,17.222,18.992,16.762,18.18,18.143,16.733,15.712,15.756,24.388,18.504,16.799,19.132
2026-02-06 13:00:00,19.619,18.451,17.746,17.723,19.993,16.762,18.117,18.143,16.733,16.088,15.819,25.139,18.441,17.3,20.008
2026-02-06 13:30:00,20.557,18.451,18.622,18.348,20.932,16.762,18.117,18.08,16.858,16.526,15.944,27.139,18.441,17.864,21.072
2026-02-06 14:00:00,21.433,18.388,19.498,18.974,21.558,16.825,18.055,18.08,16.921,17.027,16.132,29.2,18.379,18.49,22.198
2026-02-06 14:30:00,22.183,18.388,20.373,19.599,22.309,16.888,18.055,18.08,17.109,17.653,16.445,28.513,18.379,19.116,23.011
2026-02-06 15:00:00,22.871,18.388,21.186,20.162,22.684,16.95,17.992,18.08,17.234,18.342,16.758,28.076,18.379,19.804,23.761
2026-02-06 15:30:00,23.433,18.388,21.937,20.475,22.559,17.076,17.992,18.08,17.422,19.03,17.196,27.951,18.316,20.43,24.262
2026-02-06 16:00:00,23.746,18.326,22.437,20.6,22.496,17.201,17.93,18.08,17.672,19.719,17.634,27.576,18.316,20.93,24.449
2026-02-06 16:30:00,23.934,18.326,22.875,20.475,22.496,17.326,17.93,18.08,17.86,20.344,18.197,27.014,18.316,21.43,24.449
2026-02-06 17:00:00,23.871,18.263,23.062,20.225,22.309,17.514,17.93,18.08,18.048,20.908,18.698,26.139,18.379,21.743,24.262
2026-02-06 17:30:00,23.684,18.263,23.125,19.912,22.121,17.64,17.93,18.08,18.299,21.408,19.198,24.951,18.379,21.931,23.949
2026-02-06 18:00:00,23.246,18.263,22.937,19.537,21.871,17.828,17.867,18.08,18.424,21.783,19.761,23.763,18.441,21.993,23.574
2026-02-06 18:30:00,22.558,18.201,22.687,19.161,21.558,17.953,17.867,18.143,18.549,22.034,20.262,22.7,18.441,21.868,23.011
2026-02-06 19:00:00,21.62,18.201,22.249,18.786,21.245,18.078,17.867,18.143,18.674,22.096,20.637,22.074,18.504,21.681,22.448
2026-02-06 19:30:00,20.87,18.201,21.749,18.536,20.87,18.141,17.867,18.205,18.8,22.096,21.012,21.574,18.566,21.368,21.823
2026-02-06 20:00:00,20.307,18.201,21.249,18.223,20.557,18.204,17.93,18.205,18.8,21.908,21.263,21.261,18.629,21.055,21.197
2026-02-06 20:30:00,19.869,18.138,20.749,18.035,20.244,18.266,17.93,18.268,18.862,21.596,21.388,20.886,18.691,20.68,20.634
2026-02-06 21:00:00,19.369,18.138,20.311,17.848,19.993,18.266,17.93,18.268,18.8,21.345,21.388,20.698,18.691,20.367,20.071
2026-02-06 21:30:00,18.993,18.138,19.873,17.723,19.555,18.266,17.93,18.331,18.8,20.97,21.263,19.759,18.754,19.992,19.632
2026-02-06 22:00:00,18.618,18.138,19.435,17.535,19.18,18.266,17.93,18.331,18.737,20.657,21.075,18.758,18.817,19.679,19.132
2026-02-06 22:30:00,18.305,18.138,19.06,17.472,19.054,18.266,17.992,18.331,18.674,20.282,20.825,17.882,18.879,19.366,18.631
2026-02-06 23:00:00,17.992,18.138,18.747,17.347,18.929,18.266,17.992,18.393,18.612,19.906,20.575,17.13,18.879,19.116,18.318
2026-02-06 23:30:00,17.679,18.138,18.434,17.285,18.616,18.204,17.992,18.393,18.549,19.594,20.324,16.567,18.879,18.865,17.816
2026-02-07 00:00:00,17.366,18.138,18.121,17.16,18.303,18.204,18.055,18.393,18.487,19.281,20.012,16.066,18.942,18.615,17.378
2026-02-07 00:30:00,17.116,18.138,17.809,17.034,17.99,18.141,18.055,18.393,18.361,18.968,19.761,15.94,18.942,18.364,17.127
2026-02-07 01:00:00,16.866,18.138,17.558,16.909,17.739,18.141,18.055,18.393,18.299,18.655,19.449,16.066,18.942,18.114,16.877
2026-02-07 01:30:00,16.678,18.138,17.245,16.722,17.489,18.078,18.055,18.393,18.236,18.342,19.198,15.753,19.004,17.864,16.564
2026-02-07 02:00:00,16.49,18.138,17.058,16.596,17.301,18.016,18.117,18.393,18.111,18.091,18.886,15.189,19.004,17.676,16.438
2026-02-07 02:30:00,16.365,18.138,16.807,16.409,17.113,18.016,18.117,18.393,18.048,17.841,18.635,14.813,19.004,17.488,16.313
2026-02-07 03:00:00,16.302,18.138,16.62,16.284,16.925,17.953,18.117,18.393,17.923,17.591,18.385,14.813,19.004,17.3,16.188
2026-02-07 03:30:00,16.115,18.138,16.432,16.158,16.8,17.89,18.117,18.393,17.86,17.34,18.135,15.377,18.942,17.112,16.062
2026-02-07 04:00:00,15.989,18.201,16.307,16.033,16.737,17.828,18.117,18.331,17.798,17.152,17.947,15.502,18.942,16.987,15.937
2026-02-07 04:30:00,15.864,18.201,16.182,15.845,16.612,17.765,18.117,18.331,17.672,16.964,17.759,15.439,18.942,16.799,15.812
2026-02-07 05:00:00,15.802,18.201,16.056,15.72,16.424,17.702,18.117,18.331,17.61,16.777,17.509,15.189,18.942,16.674,15.686
2026-02-07 05:30:00,15.676,18.201,15.931,15.595,16.299,17.64,18.117,18.331,17.484,16.589,17.321,15.252,18.942,16.549,15.561
2026-02-07 06:00:00,15.551,18.201,15.806,15.47,16.111,17.577,18.117,18.268,17.422,16.464,17.196,15.252,18.879,16.424,15.498
2026-02-07 06:30:00,15.426,18.201,15.681,15.282,15.985,17.514,18.055,18.268,17.297,16.338,17.008,14.75,18.879,16.361,15.31
2026-02-07 07:00:00,15.301,18.263,15.556,15.22,15.86,17.452,18.055,18.268,17.234,16.15,16.883,14.5,18.817,16.236,15.185
2026-02-07 07:30:00,15.113,18.263,15.431,15.094,15.735,17.389,18.055,18.205,17.109,16.025,16.695,14.312,18.817,16.111,14.997
2026-02-07 08:00:00,14.988,18.263,15.305,14.969,15.61,17.264,18.055,18.205,17.046,15.9,16.57,14.124,18.754,15.985,14.934
2026-02-07 08:30:00,14.862,18.263,15.18,14.907,15.422,17.201,18.055,18.205,16.983,15.775,16.445,14.187,18.754,15.797,14.809
2026-02-07 09:00:00,14.862,18.326,14.992,14.782,15.359,17.138,17.992,18.143,16.921,15.649,16.32,15.064,18.691,15.672,14.809
2026-02-07 09:30:00,14.862,18.326,14.93,14.782,15.422,17.013,17.992,18.143,16.795,15.462,16.132,16.191,18.691,15.61,14.809
2026-02-07 10:00:00,15.113,18.326,14.867,14.907,15.61,16.95,17.992,18.143,16.733,15.336,16.069,17.13,18.629,15.484,15.122
2026-02-07 10:30:00,15.614,18.326,14.93,15.094,15.923,16.825,17.93,18.08,16.67,15.274,15.944,18.382,18.566,15.547,15.749
2026-02-07 11:00:00,16.177,18.326,15.18,15.407,16.424,16.762,17.93,18.08,16.607,15.211,15.819,19.634,18.504,15.61,16.564
2026-02-07 11:30:00,16.866,18.388,15.618,15.845,17.05,16.7,17.93,18.08,16.545,15.274,15.756,20.886,18.504,15.86,17.19
2026-02-07 12:00:00,17.679,18.388,16.182,16.346,17.927,16.637,17.867,18.017,16.545,15.399,15.694,22.637,18.441,16.173,18.067
2026-02-07 12:30:00,18.555,18.388,16.807,16.909,18.804,16.574,17.867,18.017,16.545,15.587,15.631,24.513,18.379,16.549,19.006
2026-02-07 13:00:00,19.431,18.388,17.621,17.535,19.743,16.574,17.804,18.017,16.607,15.963,15.694,25.514,18.379,17.112,19.945
2026-02-07 13:30:00,20.369,18.388,18.497,18.161,20.619,16.574,17.804,18.017,16.67,16.401,15.819,27.888,18.316,17.676,20.947
2026-02-07 14:00:00,21.245,18.388,19.373,18.724,21.183,16.574,17.742,17.955,16.733,16.902,16.007,29.638,18.316,18.302,22.073
2026-02-07 14:30:00,22.058,18.388,20.248,19.349,21.245,16.637,17.742,17.955,16.921,17.528,16.32,28.826,18.253,18.99,22.886
2026-02-07 15:00:00,22.746,18.388,21.061,19.912,21.495,16.7,17.679,17.955,17.046,18.217,16.695,28.076,18.253,19.616,23.636
2026-02-07 15:30:00,23.308,18.388,21.812,20.287,21.996,16.825,17.679,17.955,17.234,18.905,17.071,27.888,18.253,20.304,24.137
2026-02-07 16:00:00,23.684,18.388,22.374,20.412,22.434,16.95,17.617,17.955,17.484,19.656,17.572,27.514,18.253,20.867,24.387
2026-02-07 16:30:00,23.871,18.388,22.812,20.412,22.559,17.076,17.617,17.955,17.672,20.344,18.072,26.826,18.253,21.368,24.449
2026-02-07 17:00:00,23.809,18.388,23.0,20.162,22.496,17.201,17.617,17.955,17.923,20.908,18.635,26.014,18.316,21.681,24.262
2026-02-07 17:30:00,23.558,18.388,23.062,19.85,22.371,17.389,17.554,17.955,18.111,21.471,19.198,24.951,18.379,21.868,23.887
2026-02-07 18:00:00,23.121,18.388,22.875,19.412,22.184,17.514,17.554,17.955,18.299,21.846,19.761,23.826,18.379,21.868,23.449
2026-02-07 18:30:00,22.496,18.388,22.562,18.974,21.871,17.64,17.554,18.017,18.487,22.096,20.262,22.762,18.441,21.806,22.949
2026-02-07 19:00:00,21.558,18.388,22.187,18.598,21.558,17.765,17.554,18.017,18.612,22.159,20.7,22.387,18.504,21.556,22.323
2026-02-07 19:30:00,20.807,18.388,21.687,18.348,21.183,17.828,17.617,18.017,18.674,22.034,21.075,21.637,18.504,21.305,21.698
2026-02-07 20:00:00,20.244,18.388,21.124,18.098,20.87,17.953,17.617,18.08,18.737,21.846,21.325,21.449,18.566,20.93,21.072
2026-02-07 20:30:00,19.744,18.388,20.624,17.91,20.494,17.953,17.617,18.08,18.737,21.533,21.388,21.011,18.629,20.617,20.509
2026-02-07 21:00:00,19.306,18.388,20.186,17.723,20.181,18.016,17.617,18.143,18.737,21.22,21.388,20.448,18.691,20.242,20.008
2026-02-07 21:30:00,18.868,18.326,19.748,17.598,19.806,18.016,17.617,18.143,18.674,20.845,21.2,19.885,18.754,19.929,19.57
2026-02-07 22:00:00,18.555,18.326,19.31,17.472,19.43,18.016,17.679,18.143,18.612,20.47,21.012,18.695,18.817,19.616,19.194
2026-02-07 22:30:00,18.305,18.326,18.997,17.41,19.117,18.016,17.679,18.205,18.549,20.094,20.762,17.631,18.817,19.303,18.693
2026-02-07 23:00:00,17.992,18.326,18.684,17.285,18.867,18.016,17.679,18.205,18.487,19.781,20.45,17.005,18.879,19.053,18.255
2026-02-07 23:30:00,17.679,18.326,18.372,17.222,18.554,18.016,17.679,18.205,18.424,19.406,20.199,16.379,18.879,18.803,17.754
2026-02-08 00:00:00,17.304,18.326,18.059,17.097,18.24,18.016,17.742,18.205,18.361,19.093,19.887,15.94,18.942,18.552,17.378
2026-02-08 00:30:00,17.053,18.326,17.746,16.972,17.927,17.953,17.742,18.205,18.236,18.78,19.574,15.627,18.942,18.302,17.065
2026-02-08 01:00:00,16.803,18.326,17.496,16.847,17.677,17.953,17.742,18.205,18.173,18.467,19.261,15.377,18.942,18.051,16.814
2026-02-08 01:30:00,16.615,18.326,17.183,16.659,17.426,17.89,17.742,18.205,18.048,18.217,19.011,15.189,19.004,17.801,16.564
2026-02-08 02:00:00,16.49,18.388,16.995,16.534,17.176,17.89,17.804,18.205,17.986,17.904,18.76,14.876,19.004,17.613,16.438
2026-02-08 02:30:00,16.302,18.388,16.745,16.409,16.988,17.828,17.804,18.205,17.923,17.653,18.448,14.562,19.004,17.363,16.188
2026-02-08 03:00:00,16.115,18.388,16.557,16.221,16.863,17.765,17.804,18.205,17.798,17.403,18.197,14.312,19.004,17.175,16.0
2026-02-08 03:30:00,15.989,18.388,16.369,16.096,16.675,17.765,17.804,18.205,17.735,17.152,17.947,14.187,19.004,17.05,15.874
2026-02-08 04:00:00,15.802,18.388,16.182,15.971,16.487,17.702,17.804,18.205,17.61,16.964,17.759,14.187,18.942,16.862,15.749
2026-02-08 04:30:00,15.676,18.388,16.056,15.845,16.361,17.64,17.804,18.143,17.547,16.777,17.509,14.187,18.942,16.674,15.561
2026-02-08 05:00:00,15.551,18.388,15.869,15.72,16.236,17.577,17.804,18.143,17.422,16.589,17.321,14.312,18.942,16.549,15.373
2026-02-08 05:30:00,15.363,18.388,15.744,15.595,16.048,17.514,17.804,18.143,17.359,16.401,17.133,14.187,18.942,16.424,15.122
2026-02-08 06:00:00,15.176,18.451,15.556,15.407,15.923,17.452,17.804,18.08,17.234,16.213,16.946,13.685,18.879,16.236,14.934
2026-02-08 06:30:00,15.05,18.451,15.368,15.282,15.735,17.389,17.804,18.08,17.171,16.088,16.758,13.247,18.879,16.111,14.809
2026-02-08 07:00:00,14.925,18.451,15.243,15.157,15.61,17.326,17.804,18.08,17.046,15.9,16.633,12.871,18.817,15.923,14.683
2026-02-08 07:30:00,14.737,18.451,15.055,14.969,15.422,17.264,17.804,18.017,16.983,15.712,16.445,12.745,18.817,15.797,14.558
2026-02-08 08:00:00,14.612,18.451,14.93,14.844,15.359,17.201,17.804,18.017,16.858,15.587,16.257,13.247,18.754,15.61,14.495
2026-02-08 08:30:00,14.549,18.513,14.805,14.782,15.359,17.138,17.804,17.955,16.795,15.399,16.132,13.748,18.754,15.484,14.432
2026-02-08 09:00:00,14.549,18.513,14.68,14.656,15.359,17.076,17.742,17.955,16.67,15.274,15.944,14.75,18.691,15.359,14.432
2026-02-08 09:30:00,14.549,18.513,14.554,14.594,15.422,17.013,17.742,17.955,16.607,15.148,15.819,16.128,18.629,15.296,14.432
2026-02-08 10:00:00,14.862,18.513,14.554,14.782,15.672,16.888,17.742,17.892,16.545,15.023,15.694,17.256,18.629,15.234,14.997
2026-02-08 10:30:00,15.363,18.513,14.68,14.969,16.048,16.825,17.742,17.892,16.419,14.898,15.569,18.445,18.566,15.234,15.686
2026-02-08 11:00:00,16.052,18.576,14.867,15.22,16.549,16.762,17.679,17.83,16.357,14.898,15.443,20.072,18.504,15.359,16.376
2026-02-08 11:30:00,16.74,18.576,15.305,15.658,17.113,16.7,17.679,17.83,16.294,14.96,15.381,21.324,18.504,15.61,17.127
2026-02-08 12:00:00,17.554,18.576,15.869,16.284,17.865,16.637,17.617,17.767,16.294,15.086,15.318,22.95,18.441,15.923,17.942
2026-02-08 12:30:00,18.493,18.576,16.557,16.909,18.616,16.574,17.617,17.767,16.294,15.399,15.318,24.701,18.379,16.424,18.944
2026-02-08 13:00:00,19.431,18.576,17.433,17.598,19.555,16.511,17.617,17.767,16.357,15.775,15.381,25.514,18.379,16.987,19.82
2026-02-08 13:30:00,20.369,18.576,18.309,18.223,20.494,16.511,17.554,17.767,16.419,16.276,15.569,27.514,18.316,17.613,20.884
2026-02-08 14:00:00,21.308,18.576,19.247,18.849,21.183,16.511,17.554,17.704,16.545,16.902,15.819,29.2,18.316,18.302,21.948
2026-02-08 14:30:00,22.121,18.576,20.186,19.537,21.871,16.574,17.491,17.704,16.733,17.653,16.195,28.076,18.253,18.99,22.761
2026-02-08 15:00:00,22.871,18.576,20.999,20.037,22.246,16.574,17.491,17.704,16.921,18.404,16.633,27.076,18.253,19.679,23.511
2026-02-08 15:30:00,23.371,18.576,21.749,20.412,22.434,16.7,17.429,17.704,17.171,19.155,17.133,27.139,18.253,20.304,24.074
2026-02-08 16:00:00,23.746,18.576,22.312,20.538,22.684,16.762,17.429,17.704,17.359,19.906,17.634,26.826,18.253,20.867,24.324
2026-02-08 16:30:00,23.934,18.576,22.75,20.538,22.684,16.888,17.429,17.704,17.672,20.595,18.26,26.139,18.253,21.368,24.324
2026-02-08 17:00:00,23.934,18.576,22.937,20.287,22.559,17.013,17.366,17.704,17.923,21.22,18.886,25.264,18.316,21.681,24.137
2026-02-08 17:30:00,23.809,18.576,23.0,19.912,22.371,17.138,17.366,17.704,18.111,21.721,19.449,24.076,18.316,21.868,23.824
2026-02-08 18:00:00,23.496,18.576,22.937,19.474,22.184,17.264,17.366,17.704,18.361,22.096,20.074,22.888,18.379,21.931,23.386
2026-02-08 18:30:00,22.808,18.576,22.625,19.036,21.871,17.389,17.366,17.767,18.549,22.346,20.575,21.887,18.441,21.868,22.886
2026-02-08 19:00:00,21.683,18.576,22.249,18.598,21.558,17.514,17.366,17.767,18.674,22.346,21.075,21.511,18.441,21.618,22.261
2026-02-08 19:30:00,20.807,18.513,21.812,18.286,21.308,17.577,17.366,17.83,18.737,22.221,21.45,20.823,18.504,21.368,21.51
2026-02-08 20:00:00,20.182,18.513,21.249,17.973,20.932,17.702,17.366,17.83,18.8,21.971,21.638,20.26,18.566,20.993,20.759
2026-02-08 20:30:00,19.619,18.513,20.686,17.723,20.557,17.765,17.366,17.892,18.737,21.596,21.638,19.509,18.629,20.617,20.133
2026-02-08 21:00:00,19.118,18.513,20.123,17.472,20.181,17.765,17.429,17.955,18.737,21.22,21.513,18.946,18.691,20.179,19.57
2026-02-08 21:30:00,18.68,18.513,19.685,17.285,19.868,17.828,17.429,17.955,18.674,20.782,21.325,18.257,18.754,19.804,19.132
2026-02-08 22:00:00,18.305,18.513,19.185,17.097,19.493,17.828,17.429,18.017,18.612,20.344,21.012,17.694,18.754,19.491,18.693
2026-02-08 22:30:00,17.93,18.513,18.81,17.034,19.18,17.89,17.429,18.017,18.487,19.906,20.7,16.817,18.817,19.116,18.255
2026-02-08 23:00:00,17.554,18.451,18.434,16.909,18.804,17.89,17.491,18.017,18.424,19.531,20.324,16.128,18.817,18.865,17.754
2026-02-08 23:30:00,17.241,18.451,18.059,16.847,18.428,17.89,17.491,18.017,18.299,19.093,19.949,15.502,18.879,18.552,17.315
2026-02-09 00:00:00,16.866,18.451,17.746,16.784,18.053,17.828,17.554,18.017,18.173,18.717,19.636,15.064,18.879,18.239,16.877
2026-02-09 00:30:00,16.553,18.451,17.433,16.659,17.739,17.828,17.554,18.08,18.111,18.404,19.261,14.813,18.942,17.989,16.564
2026-02-09 01:00:00,16.365,18.451,17.12,16.471,17.552,17.828,17.554,18.017,17.986,18.029,18.886,14.5,18.942,17.676,16.25
2026-02-09 01:30:00,16.115,18.451,16.807,16.346,17.301,17.765,17.554,18.017,17.86,17.716,18.573,14.187,18.942,17.425,15.937
2026-02-09 02:00:00,15.989,18.451,16.557,16.158,17.113,17.765,17.617,18.017,17.735,17.403,18.26,13.936,18.942,17.175,15.812
2026-02-09 02:30:00,15.802,18.451,16.307,15.971,17.05,17.702,17.617,18.017,17.672,17.09,17.947,13.685,19.004,16.987,15.624
2026-02-09 03:00:00,15.676,18.451,16.119,15.783,16.863,17.64,17.617,18.017,17.547,16.839,17.697,13.372,19.004,16.799,15.435
2026-02-09 03:30:00,15.489,18.451,15.931,15.658,16.612,17.577,17.617,17.955,17.422,16.589,17.446,13.059,19.004,16.612,15.185
2026-02-09 04:00:00,15.301,18.451,15.744,15.533,16.299,17.514,17.617,17.955,17.297,16.401,17.196,12.933,19.004,16.424,14.997
2026-02-09 04:30:00,15.113,18.513,15.556,15.407,16.048,17.514,17.617,17.955,17.234,16.213,16.946,12.808,18.942,16.236,14.809
2026-02-09 05:00:00,14.925,18.513,15.368,15.282,15.797,17.389,17.617,17.892,17.109,16.025,16.758,12.745,18.942,16.111,14.683
2026-02-09 05:30:00,14.737,18.513,15.18,15.157,15.672,17.389,17.617,17.892,16.983,15.775,16.57,12.62,18.879,15.923,14.558
2026-02-09 06:00:00,14.675,18.513,14.992,15.032,15.61,17.264,17.617,17.83,16.858,15.587,16.32,12.557,18.879,15.735,14.432
2026-02-09 06:30:00,14.549,18.513,14.867,14.969,15.484,17.201,17.617,17.83,16.795,15.399,16.132,12.62,18.879,15.61,14.432
2026-02-09 07:00:00,14.487,18.513,14.742,14.844,15.422,17.138,17.617,17.83,16.67,15.274,16.007,13.309,18.817,15.422,14.37
2026-02-09 07:30:00,14.424,18.513,14.617,14.782,15.359,17.076,17.617,17.767,16.607,15.086,15.819,13.623,18.817,15.296,14.307
2026-02-09 08:00:00,14.424,18.576,14.492,14.719,15.234,17.013,17.617,17.767,16.482,14.96,15.631,14.061,18.754,15.234,14.307
2026-02-09 08:30:00,14.424,18.576,14.429,14.656,15.171,16.888,17.617,17.767,16.419,14.835,15.506,14.061,18.754,15.108,14.244
2026-02-09 09:00:00,14.424,18.576,14.429,14.594,15.171,16.825,17.554,17.704,16.294,14.71,15.381,14.374,18.691,15.046,14.244
2026-02-09 09:30:00,14.487,18.576,14.367,14.531,15.296,16.762,17.554,17.704,16.231,14.647,15.256,15.314,18.629,14.983,14.37
2026-02-09 10:00:00,14.737,18.576,14.429,14.656,15.547,16.7,17.554,17.642,16.169,14.585,15.13,16.128,18.629,14.983,14.809
2026-02-09 10:30:00,15.176,18.576,14.554,14.844,15.923,16.574,17.491,17.642,16.106,14.585,15.068,17.443,18.566,15.046,15.373
2026-02-09 11:00:00,15.802,18.576,14.742,15.157,16.487,16.511,17.491,17.579,16.043,14.585,15.005,18.508,18.504,15.171,16.0
2026-02-09 11:30:00,16.365,18.576,15.118,15.595,16.925,16.449,17.491,17.579,16.043,14.71,14.943,19.447,18.441,15.422,16.564
2026-02-09 12:00:00,17.116,18.576,15.618,16.158,17.614,16.386,17.429,17.579,16.043,14.96,14.943,20.635,18.441,15.735,17.253
2026-02-09 12:30:00,17.992,18.639,16.307,16.722,18.366,16.323,17.429,17.516,16.043,15.274,15.005,22.387,18.379,16.111,18.192
2026-02-09 13:00:00,18.868,18.639,17.058,17.347,19.305,16.323,17.366,17.516,16.106,15.712,15.193,23.638,18.316,16.674,19.132
2026-02-09 13:30:00,19.807,18.639,17.871,17.973,20.244,16.323,17.366,17.516,16.169,16.276,15.381,25.826,18.316,17.238,20.071
2026-02-09 14:00:00,20.682,18.639,18.81,18.598,20.995,16.323,17.304,17.516,16.294,16.964,15.756,27.888,18.253,17.926,21.26
2026-02-09 14:30:00,21.495,18.639,19.685,19.161,21.808,16.386,17.304,17.516,16.482,17.716,16.195,26.889,18.253,18.615,22.198
2026-02-09 15:00:00,22.183,18.639,20.561,19.662,22.184,16.449,17.304,17.516,16.67,18.53,16.695,26.014,18.191,19.303,22.886
2026-02-09 15:30:00,22.683,18.639,21.249,19.975,22.434,16.511,17.241,17.516,16.858,19.343,17.259,26.014,18.191,19.929,23.386
2026-02-09 16:00:00,23.058,18.576,21.812,20.037,22.684,16.637,17.241,17.516,17.109,20.032,17.884,25.951,18.191,20.492,23.636
2026-02-09 16:30:00,23.121,18.576,22.187,19.975,22.809,16.762,17.241,17.516,17.297,20.72,18.51,25.451,18.191,20.93,23.636
2026-02-09 17:00:00,23.121,18.576,22.374,19.724,22.559,16.888,17.179,17.516,17.547,21.283,19.136,24.576,18.253,21.18,23.449
2026-02-09 17:30:00,22.808,18.576,22.374,19.349,22.371,17.013,17.179,17.516,17.798,21.658,19.761,23.575,18.253,21.368,23.074
2026-02-09 18:00:00,22.433,18.576,22.187,18.911,22.121,17.138,17.179,17.516,17.986,21.908,20.324,22.325,18.316,21.368,22.636
2026-02-09 18:30:00,21.745,18.576,21.874,18.473,21.871,17.264,17.179,17.579,18.111,21.971,20.825,21.637,18.316,21.18,22.135
2026-02-09 19:00:00,20.807,18.576,21.437,18.098,21.558,17.326,17.179,17.579,18.236,21.908,21.2,21.011,18.379,20.993,21.51
2026-02-09 19:30:00,20.119,18.513,20.936,17.848,21.245,17.452,17.179,17.642,18.299,21.658,21.388,20.323,18.441,20.617,20.947
2026-02-09 20:00:00,19.556,18.513,20.436,17.598,20.87,17.514,17.179,17.642,18.361,21.22,21.388,20.072,18.504,20.304,20.321
2026-02-09 20:30:00,19.056,18.513,19.936,17.41,20.494,17.577,17.179,17.704,18.361,20.845,21.263,19.509,18.566,19.929,19.695
2026-02-09 21:00:00,18.618,18.513,19.498,17.222,20.119,17.577,17.241,17.704,18.299,20.407,21.012,19.071,18.629,19.616,19.132
2026-02-09 21:30:00,18.242,18.513,18.997,17.034,19.743,17.64,17.241,17.767,18.236,19.969,20.637,18.445,18.629,19.241,18.693
2026-02-09 22:00:00,17.867,18.451,18.622,16.909,19.367,17.64,17.241,17.767,18.173,19.531,20.324,17.756,18.691,18.928,18.318
2026-02-09 22:30:00,17.617,18.451,18.247,16.784,18.992,17.64,17.241,17.767,18.111,19.093,19.949,16.817,18.754,18.615,18.004
2026-02-09 23:00:00,17.304,18.451,17.934,16.722,18.679,17.64,17.304,17.767,18.048,18.717,19.574,16.003,18.754,18.364,17.503
2026-02-09 23:30:00,16.991,18.451,17.621,16.659,18.303,17.64,17.304,17.767,17.923,18.404,19.198,15.502,18.817,18.114,17.065
2026-02-10 00:00:00,16.678,18.451,17.371,16.596,17.927,17.577,17.304,17.83,17.86,18.091,18.886,15.064,18.817,17.864,16.689
2026-02-10 00:30:00,16.428,18.451,17.12,16.471,17.552,17.577,17.366,17.767,17.735,17.778,18.573,14.625,18.879,17.613,16.313
2026-02-10 01:00:00,16.115,18.451,16.807,16.346,17.238,17.514,17.366,17.767,17.672,17.465,18.322,14.437,18.879,17.363,16.0
2026-02-10 01:30:00,15.927,18.451,16.557,16.221,16.925,17.514,17.366,17.767,17.547,17.152,18.01,14.187,18.879,17.175,15.749
2026-02-10 02:00:00,15.739,18.451,16.307,16.033,16.737,17.452,17.366,17.767,17.484,16.902,17.759,13.999,18.879,16.925,15.561
2026-02-10 02:30:00,15.676,18.451,16.056,15.845,16.549,17.452,17.366,17.767,17.359,16.589,17.446,13.811,18.879,16.737,15.498
2026-02-10 03:00:00,15.551,18.451,15.869,15.72,16.424,17.389,17.429,17.767,17.297,16.401,17.196,13.999,18.879,16.549,15.373
2026-02-10 03:30:00,15.426,18.451,15.681,15.595,16.299,17.326,17.429,17.704,17.234,16.15,16.946,14.374,18.879,16.361,15.247
2026-02-10 04:00:00,15.301,18.451,15.556,15.47,16.173,17.326,17.429,17.704,17.109,15.963,16.758,14.437,18.879,16.236,15.185
2026-02-10 04:30:00,15.176,18.451,15.431,15.282,15.985,17.264,17.429,17.704,17.046,15.837,16.57,13.936,18.879,16.048,14.997
2026-02-10 05:00:00,15.05,18.451,15.305,15.157,15.797,17.201,17.429,17.704,16.921,15.649,16.382,13.372,18.879,15.923,14.809
2026-02-10 05:30:00,14.925,18.451,15.118,15.032,15.547,17.138,17.429,17.642,16.858,15.524,16.195,12.933,18.817,15.797,14.683
2026-02-10 06:00:00,14.737,18.451,14.992,14.907,15.359,17.076,17.429,17.642,16.733,15.336,16.007,12.557,18.817,15.672,14.558
2026-02-10 06:30:00,14.549,18.513,14.867,14.719,15.171,17.013,17.429,17.642,16.67,15.211,15.882,12.495,18.754,15.547,14.432
2026-02-10 07:00:00,14.424,18.513,14.742,14.594,14.983,16.888,17.429,17.579,16.545,15.086,15.756,12.808,18.754,15.359,14.182
2026-02-10 07:30:00,14.236,18.513,14.554,14.531,14.857,16.825,17.366,17.579,16.482,14.898,15.569,13.184,18.691,15.234,13.994
2026-02-10 08:00:00,14.111,18.513,14.367,14.406,14.732,16.762,17.366,17.516,16.357,14.773,15.443,13.059,18.691,15.046,13.868
2026-02-10 08:30:00,14.048,18.513,14.241,14.281,14.607,16.7,17.366,17.516,16.294,14.585,15.256,13.121,18.629,14.92,13.868
2026-02-10 09:00:00,13.986,18.513,14.116,14.218,14.607,16.574,17.366,17.516,16.169,14.459,15.13,13.748,18.566,14.795,13.805
2026-02-10 09:30:00,13.986,18.513,13.991,14.218,14.669,16.511,17.366,17.454,16.106,14.334,15.005,15.189,18.566,14.67,13.868
2026-02-10 10:00:00,14.236,18.513,13.991,14.406,14.983,16.449,17.304,17.454,16.043,14.209,14.88,16.567,18.504,14.67,14.307
2026-02-10 10:30:00,14.8,18.576,14.116,14.656,15.422,16.386,17.304,17.391,15.981,14.146,14.755,18.007,18.441,14.67,15.059
2026-02-10 11:00:00,15.489,18.576,14.367,14.969,15.985,16.261,17.304,17.391,15.918,14.209,14.63,18.946,18.379,14.795,15.749
2026-02-10 11:30:00,16.177,18.576,14.805,15.345,16.487,16.198,17.241,17.391,15.855,14.397,14.567,19.885,18.379,15.046,16.438
2026-02-10 12:00:00,16.991,18.576,15.431,15.908,17.238,16.198,17.241,17.328,15.855,14.71,14.567,21.762,18.316,15.422,17.253
2026-02-10 12:30:00,17.93,18.576,16.119,16.534,18.178,16.135,17.179,17.328,15.855,15.148,14.63,23.763,18.253,15.923,18.318
2026-02-10 13:00:00,18.868,18.576,16.933,17.097,19.18,16.072,17.179,17.328,15.918,15.712,14.88,24.888,18.191,16.486,19.257
2026-02-10 13:30:00,19.744,18.576,17.871,17.785,20.181,16.072,17.179,17.328,15.981,16.401,15.193,26.951,18.191,17.112,20.196
2026-02-10 14:00:00,20.682,18.576,18.81,18.411,20.995,16.072,17.116,17.266,16.106,17.152,15.569,28.826,18.128,17.801,21.322
2026-02-10 14:30:00,21.558,18.576,19.685,19.036,21.746,16.135,17.116,17.266,16.294,18.029,16.069,27.701,18.128,18.49,22.261
2026-02-10 15:00:00,22.246,18.576,20.561,19.599,22.184,16.198,17.053,17.266,16.482,18.843,16.695,26.826,18.066,19.241,22.949
2026-02-10 15:30:00,22.808,18.576,21.249,20.037,22.496,16.261,17.053,17.266,16.67,19.719,17.321,26.639,18.066,19.866,23.574
2026-02-10 16:00:00,23.246,18.576,21.874,20.162,22.809,16.386,16.991,17.266,16.921,20.47,18.01,26.264,18.066,20.43,23.824
2026-02-10 16:30:00,23.371,18.576,22.312,20.1,22.934,16.511,16.991,17.266,17.171,21.158,18.76,25.576,18.066,20.867,23.824
2026-02-10 17:00:00,23.371,18.576,22.562,19.85,22.684,16.637,16.991,17.266,17.422,21.658,19.449,24.826,18.066,21.243,23.636
2026-02-10 17:30:00,23.183,18.513,22.625,19.474,22.496,16.762,16.991,17.328,17.672,22.096,20.137,23.701,18.128,21.43,23.386
2026-02-10 18:00:00,22.746,18.513,22.499,18.974,22.309,16.888,16.991,17.328,17.86,22.284,20.7,22.7,18.128,21.493,22.949
2026-02-10 18:30:00,22.058,18.513,22.187,18.473,21.996,17.013,16.928,17.328,18.048,22.346,21.2,21.762,18.191,21.368,22.386
2026-02-10 19:00:00,20.995,18.513,21.749,18.098,21.683,17.076,16.928,17.391,18.173,22.159,21.575,21.011,18.253,21.18,21.698
2026-02-10 19:30:00,20.244,18.513,21.249,17.785,21.308,17.201,16.928,17.391,18.236,21.846,21.7,20.01,18.316,20.867,21.072
2026-02-10 20:00:00,19.619,18.451,20.686,17.535,20.87,17.264,16.991,17.454,18.299,21.408,21.7,19.196,18.379,20.492,20.446
2026-02-10 20:30:00,19.118,18.451,20.123,17.285,20.494,17.326,16.991,17.454,18.299,20.908,21.513,19.321,18.441,20.117,19.82
2026-02-10 21:00:00,18.68,18.451,19.623,17.097,20.181,17.389,16.991,17.516,18.236,20.407,21.2,18.946,18.504,19.679,19.257
2026-02-10 21:30:00,18.242,18.451,19.122,16.909,19.743,17.389,16.991,17.516,18.236,19.906,20.825,18.508,18.504,19.366,18.756
2026-02-10 22:00:00,17.867,18.388,18.684,16.722,19.242,17.452,17.053,17.579,18.111,19.468,20.387,17.944,18.566,18.99,18.38
2026-02-10 22:30:00,17.491,18.388,18.309,16.534,18.992,17.452,17.053,17.579,18.048,19.03,20.012,17.068,18.629,18.677,18.004
2026-02-10 23:00:00,17.241,18.388,17.934,16.409,18.616,17.452,17.053,17.579,17.986,18.592,19.574,16.254,18.691,18.364,17.566
2026-02-10 23:30:00,16.928,18.388,17.621,16.346,18.178,17.452,17.116,17.579,17.86,18.217,19.198,15.377,18.691,18.114,16.939
2026-02-11 00:00:00,16.553,18.388,17.308,16.284,17.739,17.452,17.116,17.579,17.735,17.904,18.823,14.688,18.754,17.801,16.564
2026-02-11 00:30:00,16.24,18.388,16.995,16.158,17.426,17.389,17.116,17.579,17.61,17.591,18.448,14.374,18.754,17.551,16.188
2026-02-11 01:00:00,15.864,18.388,16.682,16.096,17.113,17.389,17.116,17.579,17.547,17.278,18.135,13.999,18.754,17.3,15.749
2026-02-11 01:30:00,15.676,18.388,16.369,15.908,16.863,17.326,17.179,17.579,17.422,16.964,17.884,13.811,18.817,16.987,15.498
2026-02-11 02:00:00,15.489,18.388,16.056,15.72,16.612,17.326,17.179,17.579,17.359,16.651,17.572,14.124,18.817,16.737,15.373
2026-02-11 02:30:00,15.301,18.388,15.806,15.533,16.424,17.264,17.179,17.579,17.234,16.338,17.259,13.811,18.817,16.549,15.122
2026-02-11 03:00:00,15.176,18.388,15.618,15.345,16.173,17.264,17.179,17.579,17.109,16.088,17.008,13.309,18.817,16.298,14.934
2026-02-11 03:30:00,15.05,18.388,15.431,15.157,16.048,17.201,17.241,17.579,16.983,15.9,16.695,13.497,18.817,16.111,14.871
2026-02-11 04:00:00,14.925,18.388,15.243,15.032,15.923,17.138,17.241,17.516,16.921,15.649,16.445,13.623,18.817,15.923,14.746
2026-02-11 04:30:00,14.737,18.388,15.055,14.907,15.672,17.076,17.241,17.516,16.795,15.462,16.257,13.247,18.817,15.797,14.558
2026-02-11 05:00:00,14.612,18.388,14.93,14.782,15.422,17.013,17.241,17.516,16.733,15.274,16.007,12.808,18.754,15.61,14.432
2026-02-11 05:30:00,14.424,18.388,14.742,14.656,15.296,16.95,17.241,17.454,16.607,15.148,15.882,13.56,18.754,15.484,14.37
2026-02-11 06:00:00,14.362,18.388,14.617,14.531,15.171,16.888,17.241,17.454,16.482,14.96,15.694,13.748,18.691,15.296,14.244
2026-02-11 06:30:00,14.236,18.388,14.492,14.406,15.046,16.825,17.241,17.454,16.419,14.773,15.506,13.435,18.691,15.171,14.056
2026-02-11 07:00:00,14.111,18.388,14.367,14.281,14.857,16.7,17.241,17.391,16.294,14.647,15.318,13.059,18.691,15.046,13.931
2026-02-11 07:30:00,14.048,18.451,14.241,14.156,14.732,16.637,17.241,17.391,16.231,14.522,15.193,13.121,18.629,14.92,13.805
2026-02-11 08:00:00,13.923,18.451,14.116,14.03,14.607,16.574,17.179,17.391,16.106,14.397,15.005,13.247,18.566,14.795,13.743
2026-02-11 08:30:00,13.861,18.451,13.991,13.968,14.544,16.511,17.179,17.328,15.981,14.271,14.88,13.685,18.566,14.67,13.68
2026-02-11 09:00:00,13.735,18.451,13.928,13.843,14.544,16.386,17.179,17.328,15.918,14.146,14.755,14.437,18.504,14.607,13.68
2026-02-11 09:30:00,13.798,18.451,13.803,13.843,14.607,16.323,17.179,17.266,15.793,14.021,14.63,15.502,18.441,14.482,13.68
2026-02-11 10:00:00,14.048,18.451,13.803,14.03,14.857,16.261,17.116,17.266,15.73,13.958,14.567,16.629,18.379,14.419,14.119
2026-02-11 10:30:00,14.549,18.451,13.866,14.281,15.296,16.135,17.116,17.203,15.667,13.895,14.442,18.069,18.316,14.419,14.809
2026-02-11 11:00:00,15.176,18.451,14.116,14.594,15.86,16.072,17.116,17.203,15.605,13.958,14.379,19.384,18.316,14.545,15.624
2026-02-11 11:30:00,15.864,18.451,14.492,15.032,16.299,16.01,17.053,17.14,15.542,14.146,14.316,20.573,18.253,14.795,16.313
2026-02-11 12:00:00,16.678,18.513,15.055,15.533,16.988,15.947,17.053,17.14,15.542,14.459,14.316,22.387,18.191,15.108,17.127
2026-02-11 12:30:00,17.617,18.513,15.744,16.158,17.927,15.884,16.991,17.078,15.542,14.898,14.379,24.638,18.128,15.547,18.13
2026-02-11 13:00:00,18.555,18.513,16.557,16.784,18.992,15.884,16.991,17.078,15.605,15.524,14.63,25.639,18.128,16.111,19.132
2026-02-11 13:30:00,19.494,18.513,17.433,17.347,19.993,15.822,16.928,17.078,15.667,16.213,15.005,27.888,18.066,16.737,20.008
2026-02-11 14:00:00,20.369,18.513,18.372,17.973,20.807,15.822,16.928,17.078,15.793,16.964,15.443,30.075,18.003,17.425,21.197
2026-02-11 14:30:00,21.245,18.513,19.247,18.598,21.558,15.884,16.866,17.015,15.981,17.841,15.944,28.638,18.003,18.114,22.135
2026-02-11 15:00:00,21.933,18.513,20.123,19.161,21.933,15.947,16.866,17.015,16.169,18.717,16.633,27.514,18.003,18.803,22.886
2026-02-11 15:30:00,22.496,18.513,20.874,19.474,22.309,15.947,16.866,17.015,16.419,19.531,17.259,27.264,17.94,19.428,23.511
2026-02-11 16:00:00,22.871,18.513,21.437,19.599,22.496,16.072,16.803,17.015,16.607,20.282,18.01,26.951,17.94,19.992,23.761
2026-02-11 16:30:00,23.058,18.451,21.874,19.474,22.559,16.135,16.803,17.015,16.858,20.97,18.76,26.264,17.94,20.492,23.761
2026-02-11 17:00:00,22.996,18.451,22.124,19.224,22.246,16.261,16.74,17.078,17.109,21.471,19.449,25.451,18.003,20.805,23.574
2026-02-11 17:30:00,22.808,18.451,22.124,18.849,22.059,16.386,16.74,17.078,17.359,21.783,20.137,24.013,18.003,20.993,23.199
2026-02-11 18:00:00,22.371,18.451,21.999,18.473,21.871,16.511,16.74,17.078,17.547,21.971,20.7,23.075,18.003,21.055,22.698
2026-02-11 18:30:00,21.62,18.451,21.687,18.098,21.621,16.574,16.74,17.14,17.672,21.908,21.138,22.325,18.066,20.93,22.135
2026-02-11 19:00:00,20.557,18.388,21.249,17.723,21.245,16.7,16.74,17.14,17.798,21.721,21.388,21.449,18.128,20.68,21.447
2026-02-11 19:30:00,19.869,18.388,20.749,17.41,20.87,16.762,16.74,17.203,17.86,21.345,21.45,20.51,18.191,20.367,20.822
2026-02-11 20:00:00,19.306,18.388,20.186,17.16,20.557,16.825,16.74,17.203,17.923,20.845,21.325,20.135,18.191,20.054,20.196
2026-02-11 20:30:00,18.806,18.388,19.685,16.909,20.306,16.888,16.74,17.266,17.923,20.344,21.075,19.509,18.253,19.679,19.57
2026-02-11 21:00:00,18.242,18.388,19.247,16.722,19.993,16.95,16.74,17.266,17.86,19.906,20.762,19.008,18.316,19.303,19.006
2026-02-11 21:30:00,17.804,18.326,18.747,16.471,19.555,17.013,16.74,17.328,17.798,19.406,20.324,17.944,18.379,18.928,18.505
2026-02-11 22:00:00,17.429,18.326,18.309,16.346,19.117,17.013,16.74,17.328,17.735,18.968,19.949,16.755,18.441,18.615,18.004
2026-02-11 22:30:00,16.991,18.326,17.871,16.284,18.616,17.013,16.803,17.328,17.672,18.53,19.511,15.69,18.504,18.239,17.315
2026-02-11 23:00:00,16.553,18.326,17.496,16.221,18.053,17.013,16.803,17.328,17.547,18.154,19.136,14.813,18.504,17.989,16.689
2026-02-11 23:30:00,16.115,18.326,17.12,16.096,17.552,17.013,16.803,17.328,17.422,17.778,18.76,14.187,18.566,17.676,16.188
2026-02-12 00:00:00,15.739,18.326,16.807,16.033,17.113,17.013,16.803,17.328,17.359,17.403,18.385,13.623,18.566,17.363,15.686
2026-02-12 00:30:00,15.426,18.263,16.432,15.845,16.8,17.013,16.866,17.328,17.234,17.09,18.072,13.184,18.566,17.05,15.247
2026-02-12 01:00:00,15.113,18.263,16.056,15.72,16.424,17.013,16.866,17.328,17.109,16.714,17.697,12.933,18.629,16.737,14.997
2026-02-12 01:30:00,14.925,18.263,15.744,15.533,16.173,17.013,16.866,17.266,17.046,16.338,17.384,12.745,18.629,16.486,14.683
2026-02-12 02:00:00,14.675,18.263,15.431,15.345,15.923,16.95,16.928,17.266,16.921,16.025,17.071,12.745,18.629,16.173,14.432
2026-02-12 02:30:00,14.549,18.263,15.18,15.22,15.735,16.95,16.928,17.266,16.795,15.775,16.758,12.683,18.629,15.985,14.244
2026-02-12 03:00:00,14.424,18.263,14.93,15.032,15.547,16.888,16.928,17.203,16.67,15.462,16.445,12.244,18.629,15.735,14.119
2026-02-12 03:30:00,14.236,18.263,14.742,14.844,15.359,16.825,16.928,17.203,16.607,15.274,16.195,11.805,18.629,15.547,13.931
2026-02-12 04:00:00,14.111,18.263,14.554,14.719,15.171,16.825,16.928,17.14,16.482,15.023,15.882,11.617,18.629,15.296,13.805
2026-02-12 04:30:00,13.923,18.263,14.367,14.531,14.92,16.762,16.928,17.14,16.357,14.835,15.694,11.304,18.566,15.171,13.492
2026-02-12 05:00:00,13.735,18.263,14.179,14.406,14.669,16.7,16.928,17.14,16.231,14.585,15.443,11.116,18.566,14.983,13.366
2026-02-12 05:30:00,13.61,18.263,13.991,14.218,14.481,16.637,16.928,17.078,16.106,14.397,15.256,10.99,18.566,14.795,13.241
2026-02-12 06:00:00,13.422,18.263,13.803,14.093,14.293,16.574,16.928,17.015,15.981,14.209,15.068,10.99,18.504,14.607,13.053
2026-02-12 06:30:00,13.234,18.326,13.615,13.968,14.168,16.511,16.928,17.015,15.918,14.083,14.817,10.865,18.441,14.482,12.865
2026-02-12 07:00:00,13.109,18.326,13.49,13.843,13.98,16.449,16.928,16.952,15.793,13.895,14.692,10.489,18.441,14.294,12.739
2026-02-12 07:30:00,12.984,18.326,13.302,13.717,13.855,16.386,16.928,16.89,15.667,13.708,14.504,10.301,18.379,14.106,12.676
2026-02-12 08:00:00,12.859,18.326,13.177,13.592,13.855,16.323,16.928,16.89,15.542,13.52,14.316,10.802,18.316,13.981,12.551
2026-02-12 08:30:00,12.796,18.326,12.989,13.53,13.917,16.261,16.928,16.827,15.417,13.394,14.129,11.743,18.316,13.855,12.551
2026-02-12 09:00:00,12.796,18.326,12.927,13.467,13.98,16.198,16.928,16.764,15.354,13.269,14.003,12.996,18.253,13.73,12.614
2026-02-12 09:30:00,12.859,18.326,12.864,13.404,14.105,16.072,16.866,16.702,15.229,13.144,13.878,14.813,18.191,13.605,12.739
2026-02-12 10:00:00,13.234,18.326,12.801,13.592,14.419,16.01,16.866,16.639,15.103,13.018,13.69,16.441,18.128,13.542,13.492
2026-02-12 10:30:00,13.923,18.326,12.989,13.905,14.857,15.947,16.866,16.576,15.041,13.018,13.628,17.944,18.066,13.605,14.37
2026-02-12 11:00:00,14.675,18.326,13.24,14.218,15.484,15.884,16.803,16.513,14.978,13.081,13.502,19.134,18.003,13.73,15.185
2026-02-12 11:30:00,15.426,18.326,13.741,14.656,15.985,15.822,16.803,16.513,14.915,13.332,13.44,20.635,17.94,14.043,15.937
2026-02-12 12:00:00,16.24,18.388,14.304,15.157,16.675,15.759,16.803,16.451,14.915,13.708,13.502,22.575,17.94,14.357,16.877
2026-02-12 12:30:00,17.241,18.326,15.055,15.783,17.489,15.696,16.74,16.451,14.978,14.209,13.628,24.701,17.878,14.858,17.942
2026-02-12 13:00:00,18.242,18.326,15.931,16.471,18.554,15.633,16.74,16.451,15.041,14.835,13.878,25.514,17.815,15.422,18.818
2026-02-12 13:30:00,19.181,18.388,16.87,17.097,19.555,15.633,16.678,16.451,15.166,15.587,14.254,28.076,17.753,16.111,19.82
2026-02-12 14:00:00,20.119,18.326,17.871,17.723,20.494,15.571,16.678,16.451,15.291,16.464,14.755,30.449,17.753,16.799,21.134
2026-02-12 14:30:00,20.995,18.326,18.81,18.348,21.245,15.571,16.615,16.451,15.479,17.34,15.318,29.075,17.69,17.551,22.073
2026-02-12 15:00:00,21.745,18.326,19.685,18.974,21.558,15.633,16.615,16.451,15.73,18.279,16.069,27.763,17.69,18.239,22.824
2026-02-12 15:30:00,22.371,18.326,20.498,19.349,21.871,15.696,16.553,16.513,15.981,19.155,16.758,27.389,17.69,18.928,23.386
2026-02-12 16:00:00,22.746,18.326,21.124,19.474,22.121,15.759,16.553,16.513,16.231,19.969,17.572,26.951,17.628,19.554,23.636
2026-02-12 16:30:00,22.933,18.326,21.562,19.349,22.184,15.822,16.553,16.576,16.545,20.657,18.322,26.264,17.69,20.054,23.574
2026-02-12 17:00:00,22.933,18.326,21.874,19.161,21.871,15.884,16.49,16.576,16.795,21.22,19.073,25.264,17.69,20.43,23.386
2026-02-12 17:30:00,22.808,18.263,21.937,18.786,21.683,16.01,16.49,16.639,17.046,21.533,19.761,24.076,17.69,20.617,23.011
2026-02-12 18:00:00,22.433,18.263,21.812,18.348,21.495,16.135,16.49,16.702,17.297,21.721,20.387,22.95,17.753,20.68,22.573
2026-02-12 18:30:00,21.745,18.263,21.562,17.91,21.245,16.198,16.49,16.764,17.422,21.721,20.825,21.699,17.753,20.617,22.073
2026-02-12 19:00:00,20.495,18.263,21.124,17.535,20.932,16.323,16.428,16.827,17.61,21.471,21.138,21.011,17.815,20.43,21.385
2026-02-12 19:30:00,19.807,18.201,20.624,17.222,20.557,16.386,16.428,16.827,17.672,21.158,21.2,20.197,17.815,20.117,20.759
2026-02-12 20:00:00,19.243,18.201,20.061,16.909,20.244,16.449,16.428,16.89,17.672,20.657,21.138,19.947,17.878,19.804,20.133
2026-02-12 20:30:00,18.743,18.201,19.56,16.722,19.993,16.574,16.428,16.952,17.672,20.219,20.887,19.634,17.94,19.491,19.507
2026-02-12 21:00:00,18.18,18.201,19.122,16.534,19.743,16.637,16.49,16.952,17.672,19.781,20.575,18.946,18.003,19.116,18.944
2026-02-12 21:30:00,17.679,18.138,18.622,16.284,18.992,16.637,16.49,17.015,17.61,19.343,20.199,17.882,18.066,18.803,18.505
2026-02-12 22:00:00,17.179,18.138,18.247,16.158,18.554,16.7,16.49,17.015,17.547,18.905,19.824,16.817,18.128,18.49,17.942
2026-02-12 22:30:00,16.74,18.138,17.809,16.033,18.053,16.7,16.49,17.015,17.422,18.467,19.449,15.627,18.128,18.177,17.065
2026-02-12 23:00:00,16.24,18.138,17.496,15.908,17.489,16.762,16.553,17.015,17.297,18.091,19.073,14.562,18.191,17.864,16.25
2026-02-12 23:30:00,15.802,18.076,17.12,15.908,17.05,16.762,16.553,17.015,17.171,17.778,18.76,13.999,18.253,17.613,15.812
2026-02-13 00:00:00,15.489,18.076,16.745,15.783,16.737,16.762,16.553,17.015,17.109,17.403,18.385,14.187,18.253,17.3,15.435
2026-02-13 00:30:00,15.176,18.076,16.369,15.72,16.487,16.762,16.553,16.952,16.983,17.027,18.072,14.938,18.253,16.987,15.059
2026-02-13 01:00:00,14.988,18.076,16.056,15.595,16.236,16.762,16.615,16.952,16.858,16.714,17.697,15.314,18.316,16.674,14.997
2026-02-13 01:30:00,14.737,18.076,15.681,15.345,16.111,16.762,16.615,16.89,16.733,16.338,17.384,15.252,18.316,16.424,14.558
2026-02-13 02:00:00,14.549,18.076,15.368,15.157,15.923,16.7,16.615,16.827,16.607,16.025,17.071,15.064,18.316,16.173,14.244
2026-02-13 02:30:00,14.424,18.076,15.118,15.032,15.735,16.7,16.615,16.827,16.545,15.712,16.758,14.437,18.316,15.923,14.056
2026-02-13 03:00:00,14.424,18.076,14.867,14.969,15.547,16.7,16.678,16.764,16.419,15.462,16.445,13.623,18.316,15.672,13.994
2026-02-13 03:30:00,14.299,18.076,14.68,14.844,15.296,16.637,16.678,16.764,16.294,15.211,16.195,13.059,18.316,15.484,13.868
2026-02-13 04:00:00,14.174,18.076,14.554,14.719,15.108,16.637,16.678,16.764,16.231,15.023,15.882,12.495,18.316,15.359,13.805
2026-02-13 04:30:00,13.986,18.076,14.429,14.531,14.92,16.574,16.678,16.702,16.106,14.835,15.694,12.056,18.253,15.171,13.743
2026-02-13 05:00:00,13.798,18.076,14.241,14.406,14.732,16.511,16.678,16.702,15.981,14.647,15.443,12.056,18.253,14.983,13.555
2026-02-13 05:30:00,13.673,18.076,14.054,14.281,14.607,16.511,16.678,16.639,15.855,14.459,15.256,11.993,18.253,14.795,13.429
2026-02-13 06:00:00,13.547,18.076,13.866,14.156,14.481,16.449,16.678,16.639,15.793,14.271,15.068,12.307,18.191,14.67,13.241
2026-02-13 06:30:00,13.36,18.076,13.678,14.03,14.356,16.386,16.678,16.576,15.667,14.146,14.88,12.369,18.191,14.482,12.99
2026-02-13 07:00:00,13.234,18.076,13.49,13.905,14.231,16.323,16.678,16.576,15.542,13.958,14.692,12.119,18.128,14.357,12.927
2026-02-13 07:30:00,13.109,18.076,13.365,13.78,14.105,16.261,16.678,16.513,15.479,13.77,14.567,12.432,18.128,14.169,12.865
2026-02-13 08:00:00,13.046,18.076,13.24,13.655,14.043,16.198,16.678,16.513,15.354,13.645,14.379,12.933,18.066,14.043,12.865
2026-02-13 08:30:00,13.046,18.076,13.114,13.53,14.043,16.135,16.678,16.451,15.291,13.457,14.191,12.933,18.003,13.918,12.802
2026-02-13 09:00:00,13.046,18.076,13.052,13.467,13.98,16.072,16.678,16.451,15.166,13.394,14.066,13.372,18.003,13.793,12.739
2026-02-13 09:30:00,13.046,18.076,12.989,13.53,14.043,16.01,16.678,16.388,15.103,13.269,13.941,14.75,17.94,13.73,12.802
2026-02-13 10:00:00,13.36,18.076,12.989,13.717,14.356,15.884,16.615,16.325,14.978,13.206,13.815,16.316,17.878,13.667,13.366
2026-02-13 10:30:00,13.861,18.076,13.177,13.968,14.857,15.822,16.615,16.263,14.915,13.206,13.69,18.007,17.815,13.73,14.182
2026-02-13 11:00:00,14.612,18.076,13.427,14.281,15.359,15.759,16.615,16.263,14.853,13.269,13.628,19.259,17.815,13.855,15.122
2026-02-13 11:30:00,15.363,18.076,13.866,14.656,15.86,15.696,16.553,16.2,14.853,13.457,13.628,20.573,17.753,14.043,15.812
2026-02-13 12:00:00,16.24,18.076,14.429,15.22,16.549,15.633,16.553,16.2,14.853,13.77,13.628,22.45,17.69,14.419,16.752
2026-02-13 12:30:00,17.241,18.138,15.18,15.845,17.489,15.571,16.553,16.137,14.853,14.271,13.753,24.826,17.628,14.858,17.816
2026-02-13 13:00:00,18.305,18.076,16.119,16.534,18.491,15.508,16.49,16.137,14.978,14.835,14.003,25.951,17.628,15.422,18.881
2026-02-13 13:30:00,19.306,18.076,17.12,17.222,19.493,15.508,16.49,16.137,15.041,15.649,14.379,28.388,17.565,16.111,19.945
2026-02-13 14:00:00,20.369,18.076,18.184,17.91,20.494,15.508,16.428,16.137,15.229,16.526,14.88,31.261,17.502,16.799,21.322
2026-02-13 14:30:00,21.245,18.076,19.185,18.536,21.245,15.508,16.428,16.2,15.417,17.403,15.506,30.137,17.502,17.613,22.323
2026-02-13 15:00:00,22.058,18.076,20.123,19.099,21.746,15.571,16.428,16.2,15.667,18.342,16.195,28.826,17.502,18.364,23.199
2026-02-13 15:30:00,22.683,18.076,20.874,19.537,22.121,15.571,16.365,16.263,15.981,19.281,16.946,28.576,17.44,19.053,23.824
2026-02-13 16:00:00,23.121,18.076,21.562,19.662,22.434,15.696,16.365,16.325,16.231,20.094,17.759,28.138,17.44,19.741,24.137
2026-02-13 16:30:00,23.371,18.076,22.062,19.662,22.434,15.759,16.302,16.388,16.545,20.845,18.573,27.264,17.44,20.242,24.199
2026-02-13 17:00:00,23.433,18.076,22.312,19.474,22.246,15.822,16.302,16.451,16.858,21.408,19.324,26.514,17.502,20.68,24.012
2026-02-13 17:30:00,23.246,18.013,22.437,19.161,22.059,15.947,16.302,16.513,17.109,21.783,20.074,25.326,17.502,20.993,23.636
2026-02-13 18:00:00,22.871,18.013,22.312,18.724,21.871,16.072,16.302,16.576,17.359,21.971,20.7,23.951,17.565,21.055,23.261
2026-02-13 18:30:00,22.308,18.013,22.062,18.286,21.621,16.198,16.302,16.639,17.547,22.034,21.2,23.2,17.565,21.055,22.761
2026-02-13 19:00:00,21.12,18.013,21.687,17.91,21.37,16.261,16.302,16.702,17.735,21.846,21.513,22.512,17.628,20.867,22.073
2026-02-13 19:30:00,20.369,17.951,21.186,17.535,21.057,16.386,16.302,16.702,17.798,21.533,21.638,21.949,17.69,20.617,21.385
2026-02-13 20:00:00,19.807,17.951,20.624,17.222,20.807,16.449,16.302,16.764,17.86,21.158,21.575,21.136,17.753,20.304,20.696
2026-02-13 20:30:00,19.243,17.951,20.123,16.972,20.557,16.511,16.302,16.827,17.86,20.72,21.388,20.323,17.815,19.992,20.008
2026-02-13 21:00:00,18.68,17.951,19.623,16.784,20.119,16.637,16.302,16.827,17.86,20.282,21.075,19.572,17.878,19.616,19.445
2026-02-13 21:30:00,18.242,17.888,19.122,16.596,19.743,16.637,16.302,16.89,17.798,19.781,20.7,18.946,17.878,19.241,18.944
2026-02-13 22:00:00,17.679,17.888,18.684,16.471,19.305,16.7,16.302,16.89,17.735,19.343,20.324,17.694,17.94,18.928,18.38
2026-02-13 22:30:00,17.116,17.888,18.309,16.284,18.867,16.762,16.365,16.952,17.61,18.905,19.887,16.379,18.003,18.615,17.629
2026-02-13 23:00:00,16.553,17.888,17.934,16.221,18.24,16.762,16.365,16.952,17.547,18.53,19.574,15.314,18.066,18.302,16.752
2026-02-13 23:30:00,16.177,17.888,17.558,16.096,17.614,16.825,16.428,16.952,17.422,18.154,19.198,14.625,18.128,17.989,16.25
2026-02-14 00:00:00,15.864,17.888,17.183,16.033,16.925,16.825,16.428,16.952,17.297,17.841,18.823,14.187,18.128,17.739,15.874
2026-02-14 00:30:00,15.551,17.825,16.807,15.971,16.424,16.825,16.428,16.952,17.171,17.465,18.51,13.685,18.191,17.425,15.435
2026-02-14 01:00:00,15.238,17.825,16.495,15.845,16.048,16.825,16.49,16.89,17.046,17.152,18.135,13.372,18.191,17.112,15.247
2026-02-14 01:30:00,14.988,17.825,16.119,15.72,15.735,16.825,16.49,16.89,16.921,16.777,17.822,13.059,18.253,16.862,14.871
2026-02-14 02:00:00,14.8,17.825,15.806,15.533,15.484,16.825,16.49,16.827,16.795,16.464,17.509,12.808,18.253,16.549,14.495
2026-02-14 02:30:00,14.675,17.825,15.493,15.407,15.296,16.825,16.553,16.827,16.733,16.15,17.196,12.808,18.253,16.298,14.37
2026-02-14 03:00:00,14.549,17.825,15.243,15.282,15.234,16.762,16.553,16.764,16.607,15.837,16.821,13.435,18.253,16.048,14.307
2026-02-14 03:30:00,14.424,17.825,14.93,15.157,15.234,16.762,16.553,16.764,16.482,15.524,16.57,13.748,18.253,15.797,14.119
2026-02-14 04:00:00,14.362,17.825,14.742,14.969,15.296,16.7,16.553,16.702,16.357,15.274,16.257,13.811,18.253,15.61,13.994
2026-02-14 04:30:00,14.236,17.825,14.617,14.844,15.296,16.7,16.615,16.702,16.294,15.086,16.007,13.247,18.253,15.422,13.868
2026-02-14 05:00:00,14.111,17.825,14.429,14.719,15.171,16.637,16.615,16.639,16.169,14.898,15.756,12.808,18.253,15.234,13.805
2026-02-14 05:30:00,14.048,17.888,14.304,14.594,15.046,16.637,16.615,16.639,16.106,14.71,15.506,12.432,18.253,15.108,13.743
2026-02-14 06:00:00,13.986,17.888,14.179,14.469,14.857,16.574,16.615,16.576,15.981,14.585,15.318,12.181,18.253,14.983,13.617
2026-02-14 06:30:00,13.861,17.888,14.054,14.343,14.669,16.511,16.615,16.576,15.918,14.397,15.13,11.868,18.191,14.858,13.555
2026-02-14 07:00:00,13.735,17.888,13.928,14.218,14.481,16.449,16.615,16.576,15.793,14.271,15.005,11.868,18.191,14.67,13.492
2026-02-14 07:30:00,13.547,17.888,13.803,14.093,14.356,16.386,16.615,16.513,15.667,14.146,14.817,12.557,18.191,14.545,13.366
2026-02-14 08:00:00,13.485,17.888,13.678,13.968,14.231,16.323,16.615,16.513,15.605,14.021,14.692,12.432,18.128,14.419,13.178
2026-02-14 08:30:00,13.422,17.951,13.553,13.905,14.105,16.261,16.615,16.451,15.542,13.895,14.567,12.745,18.128,14.294,13.178
2026-02-14 09:00:00,13.36,17.951,13.427,13.843,13.98,16.198,16.615,16.451,15.417,13.77,14.379,13.435,18.066,14.169,13.178
2026-02-14 09:30:00,13.422,17.951,13.365,13.843,14.043,16.072,16.615,16.388,15.354,13.645,14.254,14.813,18.003,14.106,13.241
2026-02-14 10:00:00,13.673,17.951,13.365,13.968,14.356,16.01,16.615,16.388,15.229,13.582,14.129,16.316,18.003,14.043,13.805
2026-02-14 10:30:00,14.236,17.951,13.49,14.218,14.795,15.947,16.553,16.325,15.166,13.52,14.066,17.944,17.94,14.043,14.558
2026-02-14 11:00:00,14.862,17.951,13.741,14.406,15.422,15.884,16.553,16.325,15.103,13.582,13.941,19.321,17.878,14.169,15.247
2026-02-14 11:30:00,15.551,17.951,14.179,14.844,16.048,15.822,16.553,16.325,15.103,13.77,13.941,20.448,17.815,14.419,15.874
2026-02-14 12:00:00,16.365,18.013,14.805,15.282,16.737,15.759,16.553,16.325,15.103,14.083,13.941,21.637,17.753,14.733,16.626
2026-02-14 12:30:00,17.241,18.013,15.493,15.845,17.426,15.696,16.49,16.263,15.103,14.585,14.066,23.138,17.753,15.171,17.503
2026-02-14 13:00:00,18.117,18.013,16.307,16.471,17.927,15.633,16.49,16.263,15.166,15.148,14.316,23.701,17.69,15.672,18.443
2026-02-14 13:30:00,18.993,18.013,17.183,17.097,18.428,15.633,16.49,16.263,15.291,15.837,14.692,25.951,17.628,16.298,19.319
2026-02-14 14:00:00,19.869,18.013,18.059,17.848,18.929,15.633,16.428,16.263,15.417,16.589,15.193,28.826,17.628,16.925,20.384
2026-02-14 14:30:00,20.932,18.013,18.935,18.661,19.493,15.633,16.428,16.263,15.542,17.403,15.756,27.763,17.565,17.613,21.635
2026-02-14 15:00:00,21.933,18.013,19.873,19.474,19.993,15.633,16.428,16.263,15.793,18.279,16.445,27.076,17.565,18.302,22.761
2026-02-14 15:30:00,22.558,18.013,20.686,19.912,20.807,15.696,16.365,16.325,16.043,19.155,17.133,26.826,17.502,19.053,23.324
2026-02-14 16:00:00,22.996,18.013,21.374,19.85,21.308,15.759,16.365,16.325,16.294,19.969,17.822,26.451,17.502,19.679,23.574
2026-02-14 16:30:00,23.183,18.013,21.874,19.787,21.433,15.884,16.302,16.388,16.607,20.657,18.573,25.639,17.502,20.179,23.574
2026-02-14 17:00:00,23.246,18.013,22.124,19.662,21.37,15.947,16.302,16.451,16.921,21.22,19.324,24.763,17.502,20.617,23.324
2026-02-14 17:30:00,23.121,18.013,22.187,19.287,21.37,16.072,16.302,16.513,17.171,21.596,20.012,23.575,17.565,20.805,22.949
2026-02-14 18:00:00,22.871,18.013,22.062,18.849,21.245,16.135,16.302,16.576,17.422,21.783,20.637,22.45,17.565,20.93,22.573
2026-02-14 18:30:00,22.308,18.013,21.812,18.411,21.057,16.261,16.302,16.639,17.61,21.846,21.138,21.824,17.565,20.867,22.135
2026-02-14 19:00:00,20.995,17.951,21.437,17.973,20.807,16.323,16.302,16.702,17.798,21.721,21.388,20.948,17.628,20.742,21.51
2026-02-14 19:30:00,20.182,17.951,20.936,17.66,20.557,16.449,16.302,16.764,17.923,21.408,21.513,20.26,17.628,20.492,20.884
2026-02-14 20:00:00,19.619,17.951,20.436,17.347,20.181,16.511,16.302,16.827,17.986,21.033,21.45,19.572,17.69,20.117,20.258
2026-02-14 20:30:00,19.118,17.951,19.936,17.034,19.868,16.574,16.302,16.89,17.986,20.595,21.263,19.259,17.753,19.804,19.632
2026-02-14 21:00:00,18.68,17.951,19.498,16.847,19.493,16.637,16.302,16.952,17.986,20.157,21.012,18.946,17.815,19.491,19.132
2026-02-14 21:30:00,18.242,17.888,19.06,16.596,19.18,16.7,16.302,16.952,17.923,19.781,20.637,18.508,17.815,19.178,18.693
2026-02-14 22:00:00,17.804,17.888,18.684,16.346,18.867,16.762,16.365,17.015,17.86,19.343,20.262,17.819,17.878,18.865,18.255
2026-02-14 22:30:00,17.366,17.888,18.247,16.221,18.491,16.762,16.365,17.015,17.735,18.968,19.887,16.629,17.94,18.615,17.754
2026-02-14 23:00:00,16.991,17.888,17.934,16.096,18.053,16.825,16.365,17.015,17.61,18.592,19.511,15.627,17.94,18.302,17.127
2026-02-14 23:30:00,16.553,17.888,17.558,16.033,17.677,16.825,16.428,17.015,17.484,18.217,19.198,14.876,18.003,18.051,16.689
2026-02-15 00:00:00,16.177,17.888,17.245,16.033,17.301,16.825,16.428,17.015,17.359,17.841,18.823,14.374,18.003,17.739,16.125
2026-02-15 00:30:00,15.802,17.888,16.87,15.971,16.8,16.825,16.428,17.015,17.297,17.528,18.51,13.936,18.066,17.488,15.686
2026-02-15 01:00:00,15.489,17.888,16.495,15.845,16.487,16.825,16.49,17.015,17.171,17.152,18.135,13.497,18.066,17.175,15.373
2026-02-15 01:30:00,15.301,17.825,16.182,15.72,16.299,16.825,16.49,16.952,17.046,16.839,17.822,13.435,18.066,16.862,15.122
2026-02-15 02:00:00,15.113,17.825,15.869,15.595,16.173,16.825,16.49,16.952,16.921,16.464,17.509,13.999,18.066,16.612,14.934
2026-02-15 02:30:00,14.862,17.825,15.556,15.407,16.048,16.825,16.553,16.89,16.795,16.15,17.196,13.56,18.128,16.361,14.621
2026-02-15 03:00:00,14.675,17.825,15.305,15.22,16.048,16.825,16.553,16.89,16.733,15.9,16.883,13.121,18.128,16.111,14.432
2026-02-15 03:30:00,14.612,17.825,15.055,15.094,15.61,16.762,16.553,16.89,16.607,15.587,16.57,12.683,18.128,15.86,14.307
2026-02-15 04:00:00,14.549,17.825,14.867,14.907,15.359,16.762,16.615,16.827,16.482,15.399,16.257,12.745,18.128,15.672,14.307
2026-02-15 04:30:00,14.487,17.825,14.68,14.782,15.171,16.7,16.615,16.827,16.419,15.148,16.007,13.309,18.128,15.484,14.182
2026-02-15 05:00:00,14.299,17.825,14.554,14.719,14.983,16.637,16.615,16.764,16.294,14.96,15.756,13.247,18.066,15.359,13.994
2026-02-15 05:30:00,14.174,17.825,14.429,14.594,14.857,16.637,16.615,16.764,16.169,14.835,15.569,13.059,18.066,15.171,13.868
2026-02-15 06:00:00,14.048,17.825,14.304,14.531,14.795,16.574,16.615,16.702,16.106,14.647,15.381,13.309,18.066,15.046,13.868
2026-02-15 06:30:00,13.986,17.888,14.179,14.406,14.732,16.511,16.615,16.702,15.981,14.522,15.193,13.247,18.003,14.92,13.805
2026-02-15 07:00:00,13.923,17.888,14.054,14.218,14.607,16.449,16.615,16.702,15.918,14.397,15.068,13.184,18.003,14.795,13.743
2026-02-15 07:30:00,13.861,17.888,13.991,14.093,14.481,16.386,16.615,16.639,15.793,14.271,14.88,13.247,17.94,14.67,13.617
2026-02-15 08:00:00,13.798,17.888,13.866,13.968,14.419,16.323,16.615,16.639,15.73,14.146,14.755,13.247,17.94,14.607,13.492
2026-02-15 08:30:00,13.735,17.888,13.803,13.843,14.293,16.261,16.615,16.576,15.605,14.083,14.63,13.184,17.878,14.482,13.492
2026-02-15 09:00:00,13.61,17.888,13.741,13.78,14.356,16.198,16.615,16.576,15.542,13.958,14.567,13.497,17.878,14.419,13.429
2026-02-15 09:30:00,13.547,17.888,13.678,13.78,14.419,16.135,16.615,16.513,15.417,13.895,14.442,14.876,17.815,14.357,13.429
2026-02-15 10:00:00,13.798,17.888,13.615,13.968,14.669,16.072,16.615,16.513,15.354,13.77,14.316,16.316,17.753,14.231,13.868
2026-02-15 10:30:00,14.299,17.888,13.678,14.218,15.108,16.01,16.615,16.451,15.291,13.708,14.254,17.756,17.69,14.231,14.558
2026-02-15 11:00:00,14.925,17.951,13.866,14.469,15.61,15.947,16.553,16.451,15.229,13.77,14.191,19.134,17.69,14.294,15.31
2026-02-15 11:30:00,15.614,17.951,14.304,14.844,16.111,15.822,16.553,16.388,15.166,13.895,14.129,20.51,17.628,14.545,16.0
2026-02-15 12:00:00,16.428,17.951,14.867,15.345,16.8,15.759,16.553,16.388,15.166,14.209,14.129,22.074,17.565,14.795,16.877
2026-02-15 12:30:00,17.304,17.951,15.556,15.908,17.677,15.759,16.49,16.388,15.166,14.647,14.191,23.826,17.565,15.234,17.754
2026-02-15 13:00:00,18.18,17.951,16.432,16.471,18.616,15.696,16.49,16.388,15.229,15.211,14.442,24.888,17.502,15.797,18.631
2026-02-15 13:30:00,19.056,17.951,17.308,17.097,19.493,15.696,16.49,16.325,15.291,15.9,14.817,26.951,17.502,16.361,19.507
2026-02-15 14:00:00,19.932,17.951,18.184,17.785,20.244,15.633,16.428,16.325,15.417,16.651,15.256,29.45,17.44,16.987,20.634
2026-02-15 14:30:00,20.807,17.951,18.997,18.473,20.932,15.633,16.428,16.325,15.605,17.403,15.819,28.076,17.44,17.676,21.635
2026-02-15 15:00:00,21.683,17.951,19.81,19.099,21.433,15.696,16.428,16.325,15.793,18.217,16.445,27.139,17.377,18.302,22.511
2026-02-15 15:30:00,22.246,17.951,20.561,19.537,21.746,15.696,16.365,16.325,16.043,19.03,17.133,26.764,17.377,18.99,23.136
2026-02-15 16:00:00,22.683,17.951,21.186,19.724,21.996,15.759,16.365,16.388,16.294,19.781,17.884,26.264,17.377,19.554,23.449
2026-02-15 16:30:00,22.996,17.951,21.624,19.662,21.933,15.822,16.365,16.388,16.545,20.47,18.573,25.576,17.377,20.054,23.449
2026-02-15 17:00:00,23.058,17.888,21.874,19.474,21.683,15.884,16.302,16.451,16.858,20.97,19.261,24.638,17.44,20.43,23.261
2026-02-15 17:30:00,22.933,17.888,21.937,19.099,21.495,15.947,16.302,16.513,17.109,21.345,19.887,23.45,17.44,20.617,22.886
2026-02-15 18:00:00,22.746,17.888,21.812,18.661,21.308,16.072,16.302,16.576,17.297,21.533,20.45,22.512,17.502,20.68,22.448
2026-02-15 18:30:00,22.121,17.888,21.499,18.223,21.057,16.135,16.302,16.639,17.547,21.596,20.887,21.762,17.502,20.68,21.885
2026-02-15 19:00:00,20.807,17.888,21.124,17.785,20.745,16.261,16.302,16.702,17.672,21.408,21.2,21.011,17.565,20.492,21.26
2026-02-15 19:30:00,19.994,17.825,20.686,17.41,20.432,16.323,16.302,16.764,17.798,21.158,21.325,19.947,17.628,20.242,20.634
2026-02-15 20:00:00,19.431,17.825,20.186,17.097,20.056,16.386,16.302,16.827,17.86,20.782,21.263,18.821,17.69,19.929,19.945
2026-02-15 20:30:00,18.931,17.825,19.748,16.784,19.681,16.449,16.302,16.89,17.86,20.407,21.075,18.821,17.753,19.679,19.382
2026-02-15 21:00:00,18.43,17.825,19.31,16.596,19.43,16.511,16.302,16.952,17.86,19.969,20.825,18.508,17.753,19.366,18.818
2026-02-15 21:30:00,17.867,17.825,18.872,16.346,18.929,16.574,16.302,16.952,17.798,19.594,20.512,17.819,17.815,19.053,18.38
2026-02-15 22:00:00,17.304,17.825,18.497,16.158,18.366,16.637,16.302,17.015,17.735,19.218,20.137,16.567,17.878,18.74,17.629
2026-02-15 22:30:00,16.866,17.763,18.121,16.096,17.927,16.7,16.365,17.015,17.61,18.843,19.761,15.377,17.94,18.49,17.127
2026-02-15 23:00:00,16.365,17.763,17.746,15.971,17.489,16.7,16.365,17.015,17.484,18.467,19.449,14.562,17.94,18.177,16.564
2026-02-15 23:30:00,15.927,17.763,17.371,15.908,16.925,16.7,16.365,17.015,17.359,18.091,19.073,13.873,18.003,17.864,16.062
2026-02-16 00:00:00,15.489,17.763,16.933,15.845,16.487,16.762,16.428,17.015,17.234,17.653,18.698,13.309,18.003,17.551,15.435
2026-02-16 00:30:00,15.176,17.763,16.557,15.72,16.048,16.762,16.428,16.952,17.109,17.278,18.385,12.933,18.066,17.238,15.059
2026-02-16 01:00:00,14.925,17.763,16.182,15.595,15.735,16.762,16.428,16.952,16.983,16.902,18.01,12.557,18.066,16.925,14.683
2026-02-16 01:30:00,14.675,17.763,15.744,15.407,15.484,16.762,16.49,16.89,16.858,16.526,17.634,12.62,18.066,16.549,14.432
2026-02-16 02:00:00,14.424,17.763,15.431,15.22,15.296,16.762,16.49,16.827,16.733,16.15,17.321,12.244,18.128,16.236,14.182
2026-02-16 02:30:00,14.299,17.763,15.055,15.094,15.234,16.762,16.49,16.827,16.607,15.775,16.946,11.868,18.128,15.985,13.994
2026-02-16 03:00:00,14.174,17.763,14.805,14.907,15.171,16.7,16.553,16.764,16.482,15.462,16.57,11.743,18.128,15.672,13.868
2026-02-16 03:30:00,14.111,17.763,14.554,14.782,15.296,16.7,16.553,16.764,16.357,15.211,16.257,12.369,18.128,15.484,13.805
2026-02-16 04:00:00,13.986,17.763,14.367,14.594,15.359,16.7,16.553,16.702,16.294,14.96,15.944,13.059,18.128,15.296,13.743
2026-02-16 04:30:00,13.986,17.763,14.179,14.406,15.484,16.637,16.553,16.639,16.169,14.71,15.694,13.56,18.066,15.108,13.743
2026-02-16 05:00:00,13.923,17.763,14.054,14.281,15.484,16.574,16.553,16.639,16.043,14.522,15.443,13.497,18.066,14.92,13.743
2026-02-16 05:30:00,13.861,17.763,13.991,14.093,15.234,16.574,16.553,16.576,15.918,14.397,15.193,13.623,18.066,14.795,13.617
2026-02-16 06:00:00,13.798,17.763,13.866,13.968,14.92,16.511,16.615,16.576,15.793,14.209,15.005,13.56,18.066,14.67,13.555
2026-02-16 06:30:00,13.673,17.763,13.803,13.905,14.669,16.449,16.615,16.513,15.73,14.146,14.817,12.996,18.003,14.545,13.492
2026-02-16 07:00:00,13.547,17.825,13.741,13.78,14.419,16.386,16.615,16.513,15.605,14.021,14.692,12.808,18.003,14.482,13.304
2026-02-16 07:30:00,13.422,17.825,13.615,13.717,14.231,16.323,16.615,16.451,15.479,13.895,14.567,12.62,18.003,14.357,13.178
2026-02-16 08:00:00,13.234,17.825,13.49,13.655,14.043,16.261,16.553,16.388,15.354,13.77,14.442,12.181,17.94,14.231,13.053
2026-02-16 08:30:00,13.172,17.825,13.365,13.592,14.043,16.198,16.553,16.388,15.291,13.645,14.316,12.244,17.878,14.106,12.99
2026-02-16 09:00:00,13.046,17.825,13.24,13.53,14.043,16.072,16.553,16.325,15.166,13.52,14.191,13.435,17.878,13.981,12.927
2026-02-16 09:30:00,13.046,17.825,13.177,13.467,14.105,16.01,16.553,16.263,15.103,13.457,14.066,14.876,17.815,13.855,12.927
2026-02-16 10:00:00,13.297,17.825,13.114,13.592,14.419,15.947,16.553,16.263,14.978,13.332,13.941,16.128,17.753,13.793,13.366
2026-02-16 10:30:00,13.923,17.888,13.177,13.843,14.857,15.884,16.553,16.2,14.915,13.269,13.878,17.756,17.753,13.793,14.056
2026-02-16 11:00:00,14.612,17.888,13.427,14.156,15.359,15.822,16.49,16.2,14.853,13.269,13.753,19.447,17.69,13.918,14.871
2026-02-16 11:30:00,15.363,17.888,13.866,14.594,15.735,15.696,16.49,16.137,14.853,13.457,13.69,20.948,17.628,14.106,15.812
2026-02-16 12:00:00,16.177,17.888,14.429,15.094,16.361,15.633,16.49,16.137,14.79,13.77,13.69,22.387,17.628,14.482,16.689
2026-02-16 12:30:00,17.116,17.888,15.18,15.72,17.301,15.571,16.428,16.075,14.853,14.209,13.753,24.451,17.565,14.92,17.691
2026-02-16 13:00:00,18.055,17.888,15.994,16.284,18.303,15.508,16.428,16.075,14.915,14.835,14.003,25.701,17.502,15.422,18.631
2026-02-16 13:30:00,18.993,17.888,16.933,16.909,19.367,15.508,16.428,16.075,14.978,15.524,14.379,27.389,17.44,16.048,19.507
2026-02-16 14:00:00,19.869,17.888,17.871,17.472,20.369,15.445,16.365,16.075,15.103,16.338,14.88,29.7,17.44,16.737,20.634
2026-02-16 14:30:00,20.682,17.888,18.81,18.098,21.12,15.445,16.365,16.075,15.291,17.215,15.506,28.138,17.377,17.488,21.635
2026-02-16 15:00:00,21.37,17.888,19.623,18.661,21.683,15.508,16.302,16.075,15.479,18.029,16.195,27.201,17.377,18.177,22.386
2026-02-16 15:30:00,21.933,17.888,20.373,19.036,21.996,15.508,16.302,16.137,15.667,18.905,16.883,27.014,17.377,18.803,22.886
2026-02-16 16:00:00,22.308,17.888,20.936,19.161,22.184,15.571,16.24,16.137,15.918,19.594,17.634,26.576,17.377,19.366,23.136
2026-02-16 16:30:00,22.433,17.888,21.311,19.036,22.184,15.633,16.24,16.137,16.231,20.219,18.385,25.639,17.377,19.804,23.136
2026-02-16 17:00:00,22.433,17.888,21.499,18.849,21.871,15.696,16.24,16.2,16.482,20.72,19.136,24.638,17.377,20.117,22.949
2026-02-16 17:30:00,22.308,17.888,21.499,18.473,21.683,15.822,16.24,16.263,16.67,20.97,19.761,23.513,17.44,20.304,22.573
2026-02-16 18:00:00,22.058,17.888,21.374,18.098,21.495,15.884,16.177,16.325,16.921,21.158,20.262,22.637,17.44,20.367,22.198
2026-02-16 18:30:00,21.433,17.825,21.061,17.66,21.183,15.947,16.177,16.325,17.109,21.158,20.637,21.699,17.502,20.304,21.635
2026-02-16 19:00:00,20.182,17.825,20.624,17.285,20.807,16.072,16.177,16.388,17.234,20.97,20.825,21.136,17.565,20.054,21.009
2026-02-16 19:30:00,19.494,17.825,20.123,16.972,20.369,16.135,16.177,16.451,17.297,20.657,20.887,19.885,17.565,19.804,20.384
2026-02-16 20:00:00,18.931,17.825,19.623,16.659,19.931,16.198,16.177,16.513,17.359,20.282,20.825,19.384,17.628,19.491,19.695
2026-02-16 20:30:00,18.43,17.825,19.185,16.409,19.681,16.261,16.177,16.576,17.422,19.906,20.575,19.071,17.69,19.178,19.132
2026-02-16 21:00:00,17.93,17.825,18.747,16.221,19.305,16.323,16.177,16.639,17.359,19.468,20.262,18.382,17.753,18.865,18.568
2026-02-16 21:30:00,17.491,17.763,18.309,15.971,18.867,16.386,16.177,16.639,17.359,19.03,19.949,17.631,17.815,18.552,18.067
2026-02-16 22:00:00,16.928,17.763,17.934,15.783,18.115,16.449,16.24,16.702,17.234,18.655,19.574,16.191,17.878,18.239,17.253
2026-02-16 22:30:00,16.428,17.763,17.496,15.72,17.489,16.449,16.24,16.702,17.171,18.217,19.198,14.938,17.878,17.926,16.501
2026-02-16 23:00:00,15.927,17.763,17.058,15.658,16.925,16.511,16.24,16.702,17.046,17.841,18.823,14.437,17.94,17.613,15.937
2026-02-16 23:30:00,15.489,17.763,16.682,15.595,16.549,16.511,16.24,16.702,16.921,17.403,18.448,14.876,18.003,17.238,15.498
2026-02-17 00:00:00,15.113,17.763,16.244,15.47,16.236,16.511,16.302,16.702,16.858,17.027,18.072,14.688,18.003,16.925,15.122
2026-02-17 00:30:00,14.8,17.7,15.806,15.282,15.923,16.511,16.302,16.702,16.733,16.589,17.697,14.562,18.003,16.549,14.809
2026-02-17 01:00:00,14.675,17.7,15.431,15.094,15.735,16.511,16.302,16.639,16.607,16.213,17.321,14.876,18.066,16.236,14.558
2026-02-17 01:30:00,14.549,17.7,15.118,14.969,15.735,16.511,16.302,16.639,16.482,15.837,17.008,14.75,18.066,15.985,14.432
2026-02-17 02:00:00,14.424,17.7,14.867,14.782,15.797,16.511,16.365,16.576,16.357,15.524,16.633,14.876,18.066,15.672,14.432
2026-02-17 02:30:00,14.424,17.7,14.617,14.594,15.735,16.511,16.365,16.576,16.294,15.274,16.32,15.064,18.066,15.484,14.37
2026-02-17 03:00:00,14.362,17.7,14.492,14.406,15.672,16.449,16.365,16.513,16.169,15.023,16.007,14.688,18.066,15.296,14.244
2026-02-17 03:30:00,14.236,17.7,14.367,14.218,15.422,16.449,16.365,16.513,16.043,14.835,15.694,14.249,18.066,15.171,14.119
2026-02-17 04:00:00,14.111,17.7,14.304,14.093,15.171,16.386,16.365,16.451,15.918,14.71,15.506,14.374,18.066,15.046,13.931
2026-02-17 04:30:00,13.923,17.763,14.179,13.968,14.857,16.323,16.428,16.451,15.793,14.585,15.318,13.999,18.066,14.92,13.68
2026-02-17 05:00:00,13.735,17.763,14.054,13.843,14.607,16.323,16.428,16.388,15.667,14.397,15.13,13.748,18.066,14.795,13.555
2026-02-17 05:30:00,13.61,17.763,13.866,13.717,14.544,16.261,16.428,16.388,15.605,14.271,15.005,13.623,18.003,14.67,13.492
2026-02-17 06:00:00,13.485,17.763,13.741,13.592,14.419,16.198,16.428,16.325,15.479,14.083,14.817,13.811,18.003,14.482,13.429
2026-02-17 06:30:00,13.36,17.763,13.553,13.467,14.356,16.135,16.428,16.325,15.354,13.958,14.692,13.623,17.94,14.357,13.241
2026-02-17 07:00:00,13.234,17.763,13.427,13.404,14.419,16.072,16.428,16.263,15.229,13.77,14.504,13.121,17.94,14.231,13.116
2026-02-17 07:30:00,13.046,17.763,13.24,13.279,14.356,16.01,16.428,16.2,15.103,13.645,14.379,13.121,17.878,14.043,13.116
2026-02-17 08:00:00,12.984,17.763,13.114,13.091,14.293,15.947,16.365,16.2,15.041,13.457,14.191,12.996,17.878,13.918,13.053
2026-02-17 08:30:00,12.921,17.825,12.989,12.966,14.168,15.822,16.365,16.137,14.915,13.332,14.066,12.808,17.815,13.793,12.99
2026-02-17 09:00:00,12.859,17.825,12.927,12.904,14.043,15.759,16.365,16.137,14.853,13.206,13.878,13.497,17.753,13.667,12.927
2026-02-17 09:30:00,12.859,17.825,12.864,12.904,13.98,15.696,16.365,16.075,14.727,13.144,13.753,15.064,17.753,13.605,12.802
2026-02-17 10:00:00,13.046,17.825,12.801,13.091,14.231,15.571,16.365,16.012,14.602,13.018,13.628,16.379,17.69,13.479,13.178
2026-02-17 10:30:00,13.547,17.825,12.927,13.404,14.607,15.508,16.302,15.949,14.539,12.956,13.565,17.882,17.628,13.479,13.994
2026-02-17 11:00:00,14.236,17.825,13.114,13.717,15.108,15.445,16.302,15.949,14.477,12.956,13.44,19.697,17.628,13.605,14.621
2026-02-17 11:30:00,14.988,17.825,13.553,14.156,15.61,15.32,16.302,15.887,14.414,13.144,13.377,21.199,17.565,13.793,15.498
2026-02-17 12:00:00,15.802,17.888,14.116,14.719,16.299,15.257,16.24,15.824,14.414,13.394,13.377,23.138,17.502,14.106,16.501
2026-02-17 12:30:00,16.803,17.825,14.805,15.345,17.238,15.194,16.24,15.824,14.414,13.833,13.502,24.888,17.44,14.545,17.566
2026-02-17 13:00:00,17.804,17.888,15.681,15.971,18.303,15.132,16.177,15.824,14.477,14.397,13.69,26.264,17.44,15.046,18.505
2026-02-17 13:30:00,18.806,17.888,16.682,16.659,19.43,15.132,16.177,15.761,14.539,15.148,14.066,28.013,17.377,15.735,19.445
2026-02-17 14:00:00,19.807,17.888,17.683,17.347,20.494,15.069,16.177,15.761,14.727,15.963,14.504,30.637,17.315,16.424,20.759
2026-02-17 14:30:00,20.745,17.888,18.684,17.973,21.245,15.069,16.115,15.761,14.915,16.902,15.13,29.075,17.315,17.175,21.823
2026-02-17 15:00:00,21.558,17.888,19.623,18.598,21.808,15.069,16.115,15.761,15.103,17.778,15.819,28.013,17.252,17.926,22.636
2026-02-17 15:30:00,22.121,17.888,20.436,19.036,22.059,15.132,16.052,15.824,15.354,18.717,16.57,27.701,17.252,18.615,23.261
2026-02-17 16:00:00,22.558,17.825,21.061,19.224,22.309,15.132,16.052,15.824,15.605,19.531,17.384,27.326,17.252,19.241,23.574
2026-02-17 16:30:00,22.746,17.825,21.499,19.224,22.246,15.194,15.989,15.824,15.918,20.219,18.197,26.389,17.252,19.804,23.574
2026-02-17 17:00:00,22.808,17.825,21.749,19.036,21.996,15.257,15.989,15.887,16.169,20.782,18.948,25.514,17.252,20.179,23.386
2026-02-17 17:30:00,22.746,17.825,21.749,18.724,21.746,15.383,15.989,15.949,16.482,21.158,19.636,24.326,17.315,20.367,23.011
2026-02-17 18:00:00,22.558,17.825,21.624,18.223,21.558,15.445,15.927,16.012,16.733,21.345,20.199,23.2,17.315,20.492,22.573
2026-02-17 18:30:00,21.995,17.825,21.374,17.785,21.308,15.571,15.927,16.075,16.921,21.345,20.637,22.637,17.377,20.43,22.01
2026-02-17 19:00:00,20.62,17.825,20.936,17.347,20.932,15.633,15.927,16.137,17.109,21.22,20.95,21.449,17.44,20.304,21.385
2026-02-17 19:30:00,19.869,17.763,20.436,17.034,20.557,15.759,15.927,16.2,17.234,20.908,21.012,20.26,17.502,19.992,20.759
2026-02-17 20:00:00,19.306,17.763,19.873,16.722,20.181,15.822,15.927,16.263,17.297,20.532,20.95,19.634,17.502,19.679,20.071
2026-02-17 20:30:00,18.743,17.763,19.435,16.534,19.868,15.947,15.927,16.325,17.297,20.157,20.762,19.134,17.565,19.366,19.507
2026-02-17 21:00:00,18.242,17.763,18.997,16.346,19.493,16.01,15.927,16.388,17.297,19.719,20.512,19.196,17.628,19.116,18.944
2026-02-17 21:30:00,17.804,17.763,18.622,16.096,19.18,16.072,15.927,16.451,17.297,19.343,20.137,18.57,17.69,18.803,18.443
2026-02-17 22:00:00,17.304,17.7,18.184,15.908,18.428,16.135,15.927,16.451,17.234,18.905,19.824,17.381,17.753,18.49,17.942
2026-02-17 22:30:00,16.74,17.7,17.809,15.783,17.677,16.198,15.989,16.513,17.171,18.53,19.449,16.066,17.815,18.177,17.002
2026-02-17 23:00:00,16.24,17.7,17.433,15.72,17.05,16.198,15.989,16.513,17.046,18.091,19.073,15.001,17.815,17.864,16.313
2026-02-17 23:30:00,15.802,17.7,16.995,15.658,16.487,16.261,15.989,16.513,16.983,17.716,18.76,14.249,17.878,17.551,15.874
2026-02-18 00:00:00,15.426,17.7,16.557,15.595,15.923,16.261,16.052,16.513,16.858,17.34,18.385,14.374,17.94,17.238,15.31
2026-02-18 00:30:00,15.05,17.7,16.182,15.47,15.484,16.323,16.052,16.513,16.733,16.964,18.01,14.437,17.94,16.925,14.997
2026-02-18 01:00:00,14.8,17.7,15.806,15.345,15.171,16.323,16.052,16.513,16.607,16.589,17.697,14.75,18.003,16.612,14.683
2026-02-18 01:30:00,14.612,17.7,15.431,15.22,15.171,16.323,16.115,16.451,16.482,16.213,17.321,15.001,18.003,16.298,14.495
2026-02-18 02:00:00,14.424,17.638,15.118,15.032,15.046,16.323,16.115,16.451,16.419,15.837,17.008,14.938,18.003,15.985,14.37
2026-02-18 02:30:00,14.362,17.638,14.867,14.782,14.983,16.323,16.115,16.388,16.294,15.524,16.633,14.5,18.003,15.735,14.244
2026-02-18 03:00:00,14.362,17.638,14.617,14.594,14.983,16.323,16.177,16.388,16.169,15.274,16.32,14.312,18.003,15.484,14.056
2026-02-18 03:30:00,14.236,17.638,14.492,14.469,14.92,16.261,16.177,16.388,16.106,15.023,16.007,14.187,18.003,15.296,13.931
2026-02-18 04:00:00,14.111,17.7,14.367,14.406,14.857,16.261,16.177,16.325,15.981,14.835,15.756,13.247,18.003,15.171,13.868
2026-02-18 04:30:00,14.048,17.7,14.241,14.281,14.795,16.198,16.177,16.325,15.855,14.71,15.506,13.372,18.003,15.046,13.805
2026-02-18 05:00:00,13.798,17.7,14.054,14.156,14.669,16.198,16.177,16.263,15.793,14.522,15.256,13.435,18.003,14.858,13.743
2026-02-18 05:30:00,13.61,17.7,13.928,13.968,14.544,16.135,16.24,16.263,15.667,14.334,15.13,13.811,18.003,14.733,13.555
2026-02-18 06:00:00,13.485,17.7,13.741,13.843,14.231,16.135,16.24,16.2,15.542,14.209,14.943,12.996,17.94,14.545,13.304
2026-02-18 06:30:00,13.36,17.7,13.615,13.78,14.105,16.072,16.24,16.2,15.479,14.021,14.755,12.933,17.94,14.419,13.241
2026-02-18 07:00:00,13.297,17.7,13.427,13.655,14.043,16.01,16.24,16.2,15.354,13.833,14.567,13.247,17.878,14.231,13.178
2026-02-18 07:30:00,13.172,17.7,13.302,13.467,13.98,15.947,16.24,16.137,15.229,13.708,14.442,13.435,17.878,14.106,13.053
2026-02-18 08:00:00,13.046,17.7,13.177,13.342,13.792,15.884,16.24,16.137,15.166,13.582,14.254,12.745,17.815,13.981,12.927
2026-02-18 08:30:00,12.984,17.763,13.114,13.342,13.667,15.759,16.24,16.075,15.041,13.394,14.129,12.745,17.815,13.855,12.802
2026-02-18 09:00:00,12.921,17.763,12.989,13.279,13.541,15.696,16.177,16.075,14.978,13.332,14.003,13.435,17.753,13.793,12.802
2026-02-18 09:30:00,12.921,17.763,12.927,13.217,13.604,15.633,16.177,16.012,14.853,13.206,13.878,14.813,17.69,13.667,12.739
2026-02-18 10:00:00,13.109,17.763,12.927,13.342,13.917,15.571,16.177,16.012,14.79,13.144,13.753,16.254,17.69,13.605,13.241
2026-02-18 10:30:00,13.673,17.763,12.989,13.592,14.356,15.445,16.177,15.949,14.727,13.081,13.628,17.631,17.628,13.605,14.056
2026-02-18 11:00:00,14.362,17.763,13.24,13.843,14.92,15.383,16.177,15.887,14.665,13.081,13.565,19.134,17.565,13.667,14.809
2026-02-18 11:30:00,15.05,17.825,13.678,14.281,15.422,15.32,16.115,15.887,14.602,13.269,13.502,20.51,17.502,13.855,15.498
2026-02-18 12:00:00,15.864,17.825,14.241,14.719,16.236,15.257,16.115,15.887,14.602,13.52,13.502,22.575,17.502,14.231,16.313
2026-02-18 12:30:00,16.803,17.825,14.992,15.345,17.176,15.194,16.115,15.824,14.602,13.958,13.565,24.076,17.44,14.607,17.315
2026-02-18 13:00:00,17.742,17.825,15.869,15.971,18.178,15.132,16.052,15.824,14.665,14.585,13.815,25.951,17.377,15.171,18.318
2026-02-18 13:30:00,18.743,17.825,16.807,16.596,19.242,15.069,16.052,15.824,14.727,15.274,14.129,27.514,17.315,15.797,19.319
2026-02-18 14:00:00,19.681,17.825,17.746,17.222,20.306,15.069,15.989,15.761,14.853,16.025,14.63,30.325,17.315,16.486,20.571
2026-02-18 14:30:00,20.62,17.825,18.747,17.91,21.057,15.069,15.989,15.761,14.978,16.902,15.193,28.826,17.252,17.175,21.635
2026-02-18 15:00:00,21.37,17.825,19.623,18.598,21.683,15.069,15.989,15.761,15.229,17.778,15.882,27.888,17.252,17.926,22.448
2026-02-18 15:30:00,21.995,17.825,20.373,19.099,21.996,15.132,15.927,15.824,15.417,18.655,16.57,27.576,17.252,18.615,23.074
2026-02-18 16:00:00,22.433,17.825,20.999,19.287,22.246,15.132,15.927,15.824,15.667,19.468,17.321,27.389,17.189,19.241,23.386
2026-02-18 16:30:00,22.683,17.825,21.437,19.287,22.246,15.194,15.864,15.824,15.981,20.157,18.072,26.701,17.252,19.741,23.386
2026-02-18 17:00:00,22.808,17.825,21.687,19.099,22.059,15.32,15.864,15.887,16.231,20.72,18.823,25.764,17.252,20.117,23.261
2026-02-18 17:30:00,22.683,17.763,21.749,18.786,21.933,15.383,15.864,15.949,16.482,21.095,19.511,24.388,17.252,20.367,22.949
2026-02-18 18:00:00,22.496,17.763,21.624,18.411,21.746,15.508,15.864,16.012,16.733,21.283,20.074,23.325,17.315,20.492,22.636
2026-02-18 18:30:00,21.995,17.763,21.374,18.035,21.495,15.571,15.802,16.075,16.983,21.345,20.512,22.45,17.315,20.492,22.198
2026-02-18 19:00:00,20.807,17.763,21.061,17.723,21.183,15.696,15.802,16.075,17.109,21.283,20.825,21.511,17.377,20.367,21.635
2026-02-18 19:30:00,20.057,17.763,20.561,17.41,20.87,15.822,15.802,16.2,17.297,21.033,20.95,20.948,17.44,20.117,21.009
2026-02-18 20:00:00,19.556,17.763,20.123,17.097,20.557,15.884,15.802,16.263,17.359,20.657,20.95,20.51,17.502,19.866,20.321
2026-02-18 20:30:00,19.118,17.7,19.685,16.909,20.181,16.01,15.802,16.325,17.422,20.344,20.825,20.135,17.565,19.554,19.758
2026-02-18 21:00:00,18.618,17.7,19.247,16.659,19.806,16.072,15.864,16.388,17.422,19.906,20.575,19.572,17.565,19.303,19.257
2026-02-18 21:30:00,18.18,17.7,18.872,16.409,19.43,16.135,15.864,16.451,17.422,19.594,20.262,18.883,17.628,18.99,18.756
2026-02-18 22:00:00,17.804,17.7,18.497,16.284,18.929,16.198,15.864,16.451,17.359,19.155,19.949,17.756,17.69,18.74,18.318
2026-02-18 22:30:00,17.366,17.7,18.121,16.158,18.428,16.261,15.864,16.513,17.297,18.78,19.636,16.441,17.753,18.427,17.816
2026-02-18 23:00:00,16.866,17.638,17.746,16.096,17.865,16.323,15.927,16.513,17.234,18.467,19.324,15.439,17.815,18.177,17.002
2026-02-18 23:30:00,16.428,17.638,17.371,16.033,17.301,16.323,15.927,16.576,17.171,18.091,18.948,14.75,17.815,17.864,16.501
2026-02-19 00:00:00,16.052,17.638,16.995,15.908,16.8,16.386,15.989,16.576,17.046,17.716,18.635,14.187,17.878,17.551,16.062
2026-02-19 00:30:00,15.676,17.638,16.62,15.783,16.361,16.386,15.989,16.576,16.921,17.34,18.322,13.811,17.94,17.238,15.686
2026-02-19 01:00:00,15.363,17.638,16.244,15.658,16.048,16.386,15.989,16.576,16.858,16.964,17.947,13.56,17.94,16.987,15.373
2026-02-19 01:30:00,15.176,17.638,15.869,15.533,15.923,16.449,16.052,16.576,16.733,16.651,17.634,13.748,18.003,16.674,15.059
2026-02-19 02:00:00,14.925,17.638,15.556,15.407,15.86,16.449,16.052,16.513,16.67,16.276,17.321,13.873,18.003,16.361,14.871
2026-02-19 02:30:00,14.737,17.638,15.305,15.282,15.735,16.449,16.052,16.513,16.545,15.963,16.946,13.685,18.003,16.111,14.495
2026-02-19 03:00:00,14.549,17.638,15.055,15.094,15.547,16.449,16.115,16.513,16.419,15.649,16.633,13.121,18.003,15.86,14.307
2026-02-19 03:30:00,14.424,17.638,14.867,14.969,15.359,16.386,16.115,16.451,16.357,15.399,16.382,12.808,18.003,15.672,14.182
2026-02-19 04:00:00,14.299,17.638,14.617,14.844,15.234,16.386,16.115,16.451,16.231,15.211,16.069,12.871,18.003,15.484,13.994
2026-02-19 04:30:00,14.174,17.638,14.492,14.719,14.983,16.386,16.177,16.451,16.169,14.96,15.819,13.184,18.003,15.296,13.868
2026-02-19 05:00:00,14.048,17.638,14.304,14.531,14.857,16.323,16.177,16.388,16.043,14.773,15.631,13.811,18.003,15.108,13.743
2026-02-19 05:30:00,13.923,17.638,14.179,14.406,14.669,16.323,16.177,16.388,15.981,14.647,15.381,13.497,18.003,14.983,13.617
2026-02-19 06:00:00,13.798,17.638,14.054,14.281,14.419,16.261,16.177,16.325,15.855,14.459,15.193,12.495,18.003,14.858,13.492
2026-02-19 06:30:00,13.735,17.7,13.928,14.156,14.231,16.198,16.177,16.325,15.793,14.334,15.068,12.181,17.94,14.67,13.429
2026-02-19 07:00:00,13.61,17.7,13.803,14.03,14.043,16.135,16.177,16.325,15.667,14.146,14.88,11.868,17.94,14.545,13.304
2026-02-19 07:30:00,13.422,17.7,13.678,13.905,13.917,16.135,16.24,16.263,15.542,14.021,14.755,11.931,17.94,14.419,13.241
2026-02-19 08:00:00,13.297,17.7,13.553,13.843,13.792,16.072,16.24,16.263,15.479,13.895,14.567,12.056,17.878,14.294,13.116
2026-02-19 08:30:00,13.234,17.7,13.427,13.717,13.729,16.01,16.177,16.2,15.354,13.77,14.442,12.369,17.878,14.169,13.116
2026-02-19 09:00:00,13.234,17.7,13.302,13.655,13.729,15.884,16.24,16.2,15.291,13.645,14.316,13.059,17.815,14.043,13.053
2026-02-19 09:30:00,13.234,17.763,13.24,13.655,13.855,15.822,16.177,16.137,15.166,13.52,14.191,14.688,17.753,13.918,13.116
2026-02-19 10:00:00,13.485,17.763,13.177,13.843,14.231,15.759,16.177,16.137,15.103,13.394,14.066,16.003,17.753,13.855,13.555
2026-02-19 10:30:00,14.048,17.763,13.302,14.03,14.669,15.696,16.177,16.075,15.041,13.394,13.941,17.443,17.69,13.918,14.119
2026-02-19 11:00:00,14.737,17.763,13.615,14.343,15.171,15.633,16.177,16.075,14.978,13.394,13.815,19.259,17.628,13.981,14.934
2026-02-19 11:30:00,15.489,17.763,14.054,14.719,15.735,15.571,16.177,16.012,14.915,13.582,13.815,21.073,17.565,14.231,15.749
2026-02-19 12:00:00,16.302,17.763,14.68,15.282,16.487,15.508,16.177,16.012,14.915,13.895,13.815,23.013,17.565,14.545,16.814
2026-02-19 12:30:00,17.304,17.763,15.493,15.845,17.426,15.445,16.115,16.012,14.915,14.397,13.878,24.701,17.502,15.046,17.879
2026-02-19 13:00:00,18.368,17.763,16.369,16.471,18.491,15.383,16.115,16.012,14.978,14.96,14.129,26.514,17.44,15.61,18.944
2026-02-19 13:30:00,19.369,17.825,17.371,17.16,19.681,15.383,16.115,15.949,15.103,15.712,14.504,27.826,17.377,16.236,19.945
2026-02-19 14:00:00,20.307,17.825,18.309,17.785,20.807,15.383,16.052,15.949,15.229,16.526,15.005,30.137,17.377,16.925,21.197
2026-02-19 14:30:00,21.183,17.825,19.31,18.473,21.558,15.383,16.052,15.949,15.354,17.403,15.569,28.888,17.377,17.676,22.261
2026-02-19 15:00:00,21.933,17.825,20.186,19.099,22.059,15.383,16.052,15.949,15.605,18.342,16.257,28.451,17.315,18.427,23.011
2026-02-19 15:30:00,22.558,17.825,20.999,19.599,22.434,15.383,15.989,16.012,15.793,19.218,17.008,28.326,17.315,19.116,23.636
2026-02-19 16:00:00,22.996,17.825,21.562,19.787,22.684,15.445,15.989,16.012,16.106,19.969,17.822,27.951,17.315,19.741,23.949
2026-02-19 16:30:00,23.183,17.825,21.999,19.85,22.747,15.508,15.989,16.012,16.357,20.72,18.573,27.326,17.315,20.242,23.949
2026-02-19 17:00:00,23.183,17.825,22.187,19.662,22.496,15.633,15.927,16.075,16.67,21.22,19.324,26.076,17.315,20.617,23.699
2026-02-19 17:30:00,23.121,17.763,22.124,19.287,22.371,15.696,15.927,16.137,16.921,21.596,20.012,24.451,17.377,20.805,23.386
2026-02-19 18:00:00,22.933,17.763,21.999,18.849,22.121,15.822,15.927,16.137,17.171,21.783,20.575,23.638,17.377,20.867,22.949
2026-02-19 18:30:00,22.433,17.763,21.749,18.348,21.871,15.884,15.927,16.2,17.422,21.846,21.012,23.075,17.44,20.867,22.511
2026-02-19 19:00:00,21.183,17.763,21.374,17.973,21.558,16.01,15.927,16.263,17.547,21.721,21.263,22.387,17.502,20.742,21.948
2026-02-19 19:30:00,20.495,17.763,20.936,17.66,21.183,16.135,15.927,16.325,17.672,21.471,21.388,22.012,17.565,20.492,21.322
2026-02-19 20:00:00,19.994,17.763,20.436,17.41,20.807,16.198,15.927,16.388,17.798,21.095,21.325,21.574,17.628,20.242,20.696
2026-02-19 20:30:00,19.494,17.763,19.998,17.097,20.494,16.323,15.927,16.451,17.798,20.72,21.2,20.698,17.69,19.992,20.133
2026-02-19 21:00:00,18.931,17.7,19.56,16.847,20.056,16.386,15.927,16.513,17.798,20.344,20.95,19.885,17.753,19.679,19.57
2026-02-19 21:30:00,18.493,17.7,19.185,16.659,19.618,16.449,15.989,16.576,17.798,19.969,20.637,18.57,17.815,19.366,19.132
2026-02-19 22:00:00,18.055,17.7,18.747,16.534,19.117,16.511,15.989,16.639,17.735,19.531,20.324,17.506,17.878,19.053,18.568
2026-02-19 22:30:00,17.617,17.7,18.372,16.471,18.679,16.574,16.052,16.702,17.672,19.155,19.949,16.692,17.878,18.803,18.004
2026-02-19 23:00:00,17.179,17.7,17.996,16.409,18.178,16.637,16.052,16.702,17.547,18.78,19.636,16.191,17.94,18.49,17.441
2026-02-19 23:30:00,16.803,17.7,17.683,16.409,17.739,16.637,16.052,16.702,17.484,18.404,19.261,15.878,18.003,18.239,17.065
2026-02-20 00:00:00,16.49,17.7,17.308,16.284,17.364,16.7,16.115,16.764,17.359,18.029,18.948,15.69,18.003,17.926,16.752
2026-02-20 00:30:00,16.302,17.7,16.933,16.221,17.113,16.7,16.115,16.764,17.297,17.653,18.573,15.627,18.066,17.676,16.564
2026-02-20 01:00:00,16.115,17.638,16.682,16.096,16.863,16.7,16.177,16.764,17.171,17.34,18.26,15.502,18.128,17.363,16.25
2026-02-20 01:30:00,15.927,17.7,16.369,15.971,16.675,16.7,16.177,16.764,17.109,17.027,17.947,15.314,18.128,17.112,15.874
2026-02-20 02:00:00,15.802,17.7,16.119,15.845,16.549,16.7,16.24,16.764,16.983,16.714,17.697,15.377,18.128,16.925,15.749
2026-02-20 02:30:00,15.676,17.638,15.931,15.72,16.424,16.7,16.24,16.764,16.921,16.464,17.384,15.126,18.191,16.674,15.624
2026-02-20 03:00:00,15.551,17.7,15.806,15.595,16.299,16.7,16.24,16.702,16.795,16.276,17.133,14.876,18.191,16.549,15.498
2026-02-20 03:30:00,15.489,17.7,15.681,15.47,16.299,16.7,16.302,16.702,16.733,16.088,16.883,15.001,18.191,16.361,15.373
2026-02-20 04:00:00,15.363,17.7,15.556,15.407,16.111,16.7,16.302,16.702,16.67,15.9,16.633,14.938,18.191,16.236,15.31
2026-02-20 04:30:00,15.238,17.7,15.431,15.282,15.985,16.637,16.302,16.702,16.545,15.775,16.445,14.562,18.191,16.111,15.122
2026-02-20 05:00:00,15.113,17.7,15.305,15.157,15.86,16.637,16.365,16.639,16.482,15.649,16.32,14.5,18.191,15.985,15.059
2026-02-20 05:30:00,15.05,17.7,15.18,15.094,15.735,16.574,16.365,16.639,16.357,15.524,16.132,14.5,18.191,15.86,14.997
2026-02-20 06:00:00,14.925,17.7,15.118,14.969,15.61,16.511,16.365,16.639,16.294,15.399,16.007,13.999,18.191,15.735,14.871
2026-02-20 06:30:00,14.8,17.763,14.992,14.844,15.484,16.511,16.365,16.639,16.231,15.274,15.882,14.124,18.128,15.672,14.746
2026-02-20 07:00:00,14.8,17.763,14.867,14.782,15.484,16.449,16.365,16.576,16.106,15.148,15.756,14.312,18.128,15.547,14.683
2026-02-20 07:30:00,14.675,17.763,14.742,14.719,15.359,16.386,16.365,16.576,16.043,15.023,15.631,14.061,18.128,15.422,14.621
2026-02-20 08:00:00,14.549,17.763,14.68,14.656,15.234,16.323,16.365,16.576,15.981,14.898,15.506,14.124,18.066,15.359,14.495
2026-02-20 08:30:00,14.549,17.763,14.617,14.594,15.108,16.261,16.365,16.513,15.918,14.835,15.381,14.249,18.066,15.234,14.495
2026-02-20 09:00:00,14.487,17.825,14.492,14.594,15.046,16.198,16.365,16.513,15.793,14.71,15.256,14.374,18.003,15.171,14.432
2026-02-20 09:30:00,14.487,17.825,14.492,14.531,15.046,16.135,16.365,16.513,15.73,14.647,15.193,15.69,18.003,15.108,14.495
2026-02-20 10:00:00,14.737,17.825,14.492,14.656,15.296,16.135,16.365,16.513,15.667,14.585,15.068,17.005,17.94,15.046,14.997
2026-02-20 10:30:00,15.113,17.825,14.554,14.844,15.672,16.072,16.365,16.451,15.667,14.522,15.005,17.756,17.94,15.046,15.373
2026-02-20 11:00:00,15.676,17.825,14.805,15.094,16.111,16.01,16.365,16.451,15.605,14.585,14.943,19.321,17.878,15.108,15.937
2026-02-20 11:30:00,16.302,17.888,15.243,15.407,16.612,15.947,16.365,16.451,15.542,14.773,14.88,20.51,17.878,15.296,16.626
2026-02-20 12:00:00,16.928,17.888,15.744,15.908,17.238,15.884,16.365,16.388,15.542,15.023,14.943,22.137,17.815,15.547,17.315
2026-02-20 12:30:00,17.679,17.888,16.307,16.409,17.927,15.822,16.302,16.388,15.605,15.399,15.005,23.138,17.815,15.86,18.004
2026-02-20 13:00:00,18.368,17.888,16.933,16.909,18.554,15.822,16.302,16.388,15.605,15.837,15.193,24.388,17.753,16.298,18.756
2026-02-20 13:30:00,19.243,17.888,17.683,17.41,19.367,15.822,16.302,16.388,15.667,16.401,15.506,26.014,17.753,16.799,19.632
2026-02-20 14:00:00,20.057,17.888,18.497,17.973,20.056,15.822,16.302,16.325,15.793,17.027,15.882,27.014,17.69,17.363,20.571
2026-02-20 14:30:00,20.557,17.888,19.247,18.473,20.619,15.822,16.302,16.325,15.918,17.716,16.382,26.264,17.69,17.926,21.26
2026-02-20 15:00:00,21.183,17.888,19.936,18.724,21.12,15.884,16.24,16.388,16.106,18.467,16.883,25.951,17.69,18.49,22.01
2026-02-20 15:30:00,21.87,17.951,20.498,19.161,21.621,15.947,16.24,16.388,16.294,19.093,17.509,25.951,17.69,18.99,22.636
2026-02-20 16:00:00,22.246,17.951,21.061,19.474,21.996,16.01,16.24,16.388,16.482,19.781,18.135,25.826,17.69,19.554,22.886
2026-02-20 16:30:00,22.496,17.951,21.437,19.599,22.059,16.072,16.24,16.388,16.733,20.344,18.698,25.201,17.69,19.992,22.949
2026-02-20 17:00:00,22.558,17.951,21.624,19.474,21.933,16.198,16.24,16.451,16.921,20.845,19.324,24.451,17.69,20.304,22.824
2026-02-20 17:30:00,22.433,17.951,21.687,19.161,21.871,16.261,16.24,16.451,17.171,21.158,19.887,23.45,17.69,20.492,22.511
2026-02-20 18:00:00,22.121,17.951,21.499,18.724,21.683,16.386,16.177,16.513,17.359,21.345,20.324,22.2,17.753,20.555,22.073
2026-02-20 18:30:00,21.495,17.951,21.186,18.286,21.433,16.449,16.177,16.513,17.484,21.408,20.7,21.386,17.753,20.492,21.572
2026-02-20 19:00:00,20.432,17.888,20.811,17.91,21.12,16.574,16.177,16.576,17.672,21.283,20.95,20.823,17.815,20.367,20.947
2026-02-20 19:30:00,19.807,17.888,20.373,17.598,20.745,16.637,16.24,16.576,17.735,20.97,21.012,19.822,17.815,20.117,20.384
2026-02-20 20:00:00,19.369,17.888,19.873,17.285,20.306,16.7,16.24,16.639,17.798,20.595,20.95,18.883,17.878,19.866,19.82
2026-02-20 20:30:00,18.868,17.888,19.498,17.034,19.868,16.762,16.24,16.702,17.86,20.219,20.762,18.883,17.94,19.554,19.382
2026-02-20 21:00:00,18.43,17.888,19.06,16.847,19.493,16.825,16.24,16.702,17.86,19.844,20.45,18.445,18.003,19.303,18.818
2026-02-20 21:30:00,17.93,17.888,18.684,16.596,19.117,16.825,16.302,16.764,17.798,19.468,20.137,17.631,18.066,18.99,18.38
2026-02-20 22:00:00,17.491,17.888,18.247,16.409,18.616,16.888,16.302,16.764,17.735,19.03,19.824,16.567,18.066,18.677,17.816
2026-02-20 22:30:00,17.053,17.888,17.809,16.284,18.115,16.888,16.302,16.827,17.672,18.655,19.449,15.565,18.128,18.364,17.315
2026-02-20 23:00:00,16.615,17.888,17.433,16.221,17.614,16.888,16.365,16.827,17.61,18.217,19.136,14.813,18.191,18.051,16.689
2026-02-20 23:30:00,16.177,17.888,17.058,16.158,17.238,16.95,16.365,16.89,17.484,17.841,18.76,14.124,18.191,17.739,16.188
2026-02-21 00:00:00,15.802,17.888,16.682,16.033,16.8,16.95,16.365,16.89,17.359,17.465,18.385,13.623,18.253,17.425,15.749
2026-02-21 00:30:00,15.489,17.888,16.307,15.908,16.487,16.95,16.428,16.89,17.234,17.09,18.072,13.435,18.253,17.112,15.435
2026-02-21 01:00:00,15.238,17.888,15.931,15.72,16.173,16.888,16.428,16.89,17.171,16.714,17.697,13.184,18.253,16.799,15.122
2026-02-21 01:30:00,14.988,17.888,15.618,15.595,15.985,16.888,16.428,16.89,17.046,16.401,17.321,13.184,18.316,16.486,14.871
2026-02-21 02:00:00,14.862,17.888,15.305,15.407,15.735,16.888,16.49,16.89,16.921,16.025,17.008,13.873,18.316,16.236,14.621
2026-02-21 02:30:00,14.737,17.888,15.118,15.282,15.547,16.825,16.49,16.827,16.795,15.775,16.695,13.748,18.316,15.985,14.495
2026-02-21 03:00:00,14.612,17.888,14.93,15.157,15.359,16.825,16.49,16.827,16.733,15.524,16.445,13.435,18.316,15.797,14.432
2026-02-21 03:30:00,14.549,17.888,14.742,15.032,15.234,16.762,16.553,16.827,16.607,15.336,16.132,13.184,18.316,15.672,14.307
2026-02-21 04:00:00,14.424,17.888,14.617,14.907,15.046,16.762,16.553,16.827,16.482,15.086,15.944,13.56,18.316,15.484,14.182
2026-02-21 04:30:00,14.299,17.888,14.492,14.782,14.857,16.7,16.553,16.764,16.419,14.96,15.694,13.811,18.253,15.359,14.119
2026-02-21 05:00:00,14.174,17.888,14.367,14.656,14.732,16.637,16.553,16.764,16.294,14.773,15.506,13.435,18.253,15.234,13.994
2026-02-21 05:30:00,14.111,17.888,14.241,14.531,14.607,16.574,16.553,16.764,16.169,14.647,15.381,13.748,18.253,15.108,13.931
2026-02-21 06:00:00,14.048,17.951,14.179,14.406,14.544,16.511,16.553,16.702,16.106,14.522,15.193,13.999,18.191,14.983,13.994
2026-02-21 06:30:00,14.048,17.951,14.054,14.281,14.419,16.449,16.553,16.702,15.981,14.397,15.068,14.061,18.191,14.858,13.931
2026-02-21 07:00:00,13.986,17.951,14.054,14.218,14.293,16.386,16.553,16.702,15.918,14.271,14.943,13.497,18.128,14.795,13.805
2026-02-21 07:30:00,13.923,17.951,13.991,14.156,14.231,16.323,16.553,16.639,15.793,14.209,14.817,12.996,18.128,14.67,13.743
2026-02-21 08:00:00,13.861,17.951,13.928,14.093,14.168,16.261,16.553,16.639,15.73,14.146,14.692,13.121,18.066,14.607,13.743
2026-02-21 08:30:00,13.798,17.951,13.866,14.03,14.168,16.198,16.553,16.639,15.667,14.083,14.63,13.748,18.003,14.545,13.743
2026-02-21 09:00:00,13.798,17.951,13.803,13.968,14.168,16.135,16.553,16.576,15.542,13.958,14.504,14.124,18.003,14.482,13.743
2026-02-21 09:30:00,13.798,18.013,13.741,13.905,14.231,16.01,16.553,16.576,15.479,13.895,14.442,15.189,17.94,14.419,13.68
2026-02-21 10:00:00,14.048,18.013,13.741,14.093,14.481,15.947,16.553,16.576,15.417,13.833,14.379,16.254,17.878,14.357,14.056
2026-02-21 10:30:00,14.487,18.013,13.866,14.281,14.795,15.884,16.49,16.513,15.354,13.833,14.316,17.694,17.815,14.357,14.558
2026-02-21 11:00:00,15.113,18.013,14.116,14.594,15.234,15.822,16.49,16.513,15.291,13.895,14.254,19.259,17.753,14.482,15.373
2026-02-21 11:30:00,15.802,18.013,14.554,14.969,15.797,15.759,16.49,16.451,15.291,14.083,14.191,20.823,17.753,14.67,16.125
2026-02-21 12:00:00,16.553,18.013,15.118,15.47,16.612,15.696,16.428,16.451,15.229,14.334,14.254,22.95,17.69,14.983,16.939
2026-02-21 12:30:00,17.491,18.013,15.806,16.033,17.614,15.633,16.428,16.388,15.291,14.773,14.379,24.326,17.628,15.359,17.942
2026-02-21 13:00:00,18.43,18.013,16.62,16.659,18.554,15.633,16.428,16.388,15.291,15.336,14.567,25.701,17.565,15.86,18.818
2026-02-21 13:30:00,19.306,18.013,17.558,17.347,19.618,15.571,16.365,16.388,15.354,16.025,14.943,26.389,17.565,16.486,19.695
2026-02-21 14:00:00,20.182,18.013,18.497,17.973,20.619,15.633,16.365,16.388,15.479,16.777,15.381,28.138,17.502,17.112,20.759
2026-02-21 14:30:00,20.932,18.013,19.373,18.536,21.308,15.633,16.365,16.388,15.605,17.653,15.944,27.014,17.502,17.801,21.635
2026-02-21 15:00:00,21.62,18.013,20.186,19.099,21.746,15.696,16.302,16.388,15.793,18.467,16.633,26.264,17.44,18.49,22.261
2026-02-21 15:30:00,22.121,18.013,20.874,19.537,22.184,15.759,16.302,16.388,15.981,19.281,17.321,26.139,17.44,19.116,22.761
2026-02-21 16:00:00,22.496,18.013,21.311,19.724,22.371,15.822,16.302,16.388,16.231,19.969,18.01,25.889,17.44,19.616,23.074
2026-02-21 16:30:00,22.683,18.013,21.687,19.662,22.309,15.884,16.24,16.388,16.482,20.595,18.76,25.076,17.44,20.054,23.136
2026-02-21 17:00:00,22.683,18.013,21.812,19.474,22.121,16.01,16.24,16.388,16.733,21.095,19.386,24.263,17.502,20.367,22.949
2026-02-21 17:30:00,22.558,18.013,21.749,19.099,21.933,16.072,16.24,16.451,16.983,21.408,20.012,23.2,17.502,20.555,22.636
2026-02-21 18:00:00,22.246,18.013,21.562,18.598,21.621,16.198,16.24,16.451,17.171,21.533,20.512,21.949,17.502,20.555,22.198
2026-02-21 18:30:00,21.62,17.951,21.311,18.161,21.308,16.323,16.24,16.513,17.359,21.533,20.825,21.136,17.565,20.492,21.698
2026-02-21 19:00:00,20.495,17.951,20.874,17.848,20.995,16.386,16.24,16.576,17.484,21.408,21.075,20.448,17.628,20.367,21.072
2026-02-21 19:30:00,19.807,17.951,20.436,17.535,20.619,16.511,16.24,16.576,17.61,21.095,21.138,19.697,17.628,20.117,20.509
2026-02-21 20:00:00,19.306,17.951,19.936,17.222,20.244,16.574,16.24,16.639,17.672,20.657,21.012,19.447,17.69,19.804,19.883
2026-02-21 20:30:00,18.806,17.951,19.498,16.972,19.868,16.637,16.24,16.639,17.735,20.282,20.762,19.008,17.753,19.554,19.382
2026-02-21 21:00:00,18.368,17.888,19.06,16.722,19.618,16.7,16.24,16.702,17.735,19.844,20.512,18.633,17.815,19.241,18.881
2026-02-21 21:30:00,17.867,17.888,18.622,16.534,19.117,16.762,16.302,16.764,17.735,19.406,20.137,17.694,17.878,18.928,18.38
2026-02-21 22:00:00,17.366,17.888,18.184,16.409,18.491,16.825,16.302,16.764,17.672,18.968,19.761,16.692,17.94,18.615,17.629
2026-02-21 22:30:00,16.928,17.888,17.746,16.284,18.053,16.825,16.302,16.764,17.61,18.592,19.386,15.69,18.003,18.302,17.002
2026-02-21 23:00:00,16.49,17.888,17.371,16.284,17.677,16.825,16.365,16.827,17.484,18.154,19.073,14.938,18.003,17.926,16.501
2026-02-21 23:30:00,16.115,17.825,16.933,16.158,17.238,16.888,16.365,16.827,17.422,17.778,18.698,14.312,18.066,17.613,16.125
2026-02-22 00:00:00,15.802,17.825,16.557,16.033,16.863,16.888,16.365,16.827,17.297,17.403,18.322,13.936,18.066,17.3,15.749
2026-02-22 00:30:00,15.551,17.825,16.182,15.908,16.612,16.888,16.428,16.827,17.234,17.027,17.947,13.748,18.128,16.987,15.435
2026-02-22 01:00:00,15.301,17.825,15.869,15.72,16.361,16.888,16.428,16.827,17.109,16.651,17.634,13.685,18.128,16.737,15.122
2026-02-22 01:30:00,15.113,17.825,15.556,15.595,16.173,16.825,16.428,16.827,16.983,16.338,17.259,14.061,18.128,16.424,14.934
2026-02-22 02:00:00,14.925,17.825,15.368,15.407,15.923,16.825,16.49,16.827,16.921,16.025,16.946,13.811,18.191,16.236,14.683
2026-02-22 02:30:00,14.8,17.825,15.118,15.22,15.672,16.825,16.49,16.827,16.795,15.775,16.695,13.309,18.191,15.985,14.495
2026-02-22 03:00:00,14.737,17.825,14.93,15.094,15.484,16.762,16.49,16.827,16.733,15.524,16.382,12.996,18.191,15.797,14.432
2026-02-22 03:30:00,14.612,17.825,14.805,14.969,15.296,16.762,16.553,16.827,16.607,15.336,16.132,12.933,18.191,15.672,14.37
2026-02-22 04:00:00,14.487,17.825,14.68,14.844,15.171,16.7,16.553,16.764,16.482,15.148,15.944,13.309,18.128,15.484,14.244
2026-02-22 04:30:00,14.362,17.825,14.554,14.719,15.046,16.637,16.553,16.764,16.419,15.023,15.756,13.372,18.128,15.359,14.182
2026-02-22 05:00:00,14.236,17.825,14.429,14.594,15.046,16.574,16.553,16.764,16.294,14.835,15.569,13.435,18.128,15.234,14.182
2026-02-22 05:30:00,14.174,17.825,14.304,14.469,14.983,16.574,16.553,16.764,16.169,14.71,15.381,13.873,18.128,15.108,14.182
2026-02-22 06:00:00,14.174,17.825,14.179,14.281,14.795,16.511,16.553,16.702,16.106,14.522,15.256,14.061,18.066,14.983,13.994
2026-02-22 06:30:00,14.048,17.825,14.116,14.218,14.607,16.449,16.553,16.702,15.981,14.397,15.068,13.56,18.066,14.858,13.868
2026-02-22 07:00:00,13.923,17.888,14.054,14.156,14.419,16.386,16.553,16.702,15.918,14.334,14.943,13.309,18.003,14.795,13.743
2026-02-22 07:30:00,13.798,17.888,13.928,14.093,14.293,16.323,16.553,16.639,15.793,14.209,14.817,13.372,18.003,14.67,13.68
2026-02-22 08:00:00,13.673,17.888,13.803,13.968,14.231,16.198,16.553,16.639,15.73,14.146,14.692,13.309,17.94,14.607,13.555
2026-02-22 08:30:00,13.61,17.888,13.741,13.905,14.168,16.135,16.553,16.576,15.605,14.021,14.63,13.121,17.878,14.482,13.492
2026-02-22 09:00:00,13.61,17.888,13.615,13.843,14.105,16.072,16.553,16.576,15.542,13.895,14.504,13.309,17.878,14.357,13.492
2026-02-22 09:30:00,13.61,17.888,13.553,13.843,14.168,16.01,16.553,16.576,15.479,13.833,14.379,14.813,17.815,14.294,13.492
2026-02-22 10:00:00,13.798,17.951,13.553,13.968,14.481,15.947,16.553,16.513,15.417,13.708,14.316,16.066,17.815,14.231,13.805
2026-02-22 10:30:00,14.299,17.951,13.678,14.156,14.857,15.884,16.49,16.513,15.291,13.708,14.191,17.694,17.753,14.231,14.558
2026-02-22 11:00:00,14.925,17.951,13.928,14.406,15.296,15.759,16.49,16.513,15.291,13.708,14.129,18.946,17.69,14.294,15.247
2026-02-22 11:30:00,15.614,17.951,14.367,14.782,15.797,15.696,16.49,16.451,15.229,13.895,14.066,20.197,17.628,14.482,15.937
2026-02-22 12:00:00,16.365,17.951,14.93,15.22,16.487,15.633,16.428,16.451,15.229,14.146,14.129,22.512,17.628,14.795,16.626
2026-02-22 12:30:00,17.304,17.951,15.618,15.783,17.426,15.633,16.428,16.451,15.229,14.585,14.191,23.763,17.565,15.171,17.629
2026-02-22 13:00:00,18.242,17.951,16.432,16.409,18.366,15.571,16.428,16.451,15.229,15.148,14.442,25.201,17.502,15.672,18.631
2026-02-22 13:30:00,19.118,17.951,17.371,17.097,19.43,15.571,16.365,16.388,15.291,15.837,14.755,26.326,17.44,16.236,19.57
2026-02-22 14:00:00,20.057,17.951,18.247,17.723,20.494,15.571,16.365,16.388,15.417,16.651,15.193,28.888,17.44,16.862,20.759
2026-02-22 14:30:00,20.87,17.951,19.122,18.348,21.245,15.571,16.365,16.388,15.542,17.465,15.756,27.951,17.44,17.551,21.76
2026-02-22 15:00:00,21.62,17.951,19.998,18.974,21.746,15.571,16.302,16.388,15.73,18.342,16.382,27.139,17.377,18.239,22.511
2026-02-22 15:30:00,22.246,17.951,20.686,19.412,22.121,15.633,16.302,16.388,15.918,19.155,17.071,26.951,17.377,18.865,23.074
2026-02-22 16:00:00,22.621,17.951,21.311,19.599,22.309,15.696,16.302,16.388,16.169,19.906,17.759,26.514,17.377,19.491,23.386
2026-02-22 16:30:00,22.871,17.951,21.687,19.599,22.371,15.759,16.24,16.388,16.419,20.595,18.51,25.826,17.377,19.929,23.449
2026-02-22 17:00:00,22.871,17.951,21.874,19.412,22.121,15.884,16.24,16.388,16.607,21.095,19.198,24.826,17.377,20.304,23.261
2026-02-22 17:30:00,22.746,17.888,21.874,19.099,21.933,15.947,16.24,16.451,16.858,21.471,19.824,23.701,17.44,20.555,22.886
2026-02-22 18:00:00,22.433,17.888,21.749,18.724,21.808,16.072,16.24,16.451,17.109,21.658,20.387,22.575,17.44,20.617,22.511
2026-02-22 18:30:00,21.745,17.888,21.499,18.348,21.558,16.135,16.177,16.513,17.297,21.658,20.762,21.574,17.502,20.617,22.01
2026-02-22 19:00:00,20.682,17.888,21.124,17.973,21.245,16.261,16.177,16.513,17.422,21.533,21.012,20.761,17.502,20.492,21.447
2026-02-22 19:30:00,20.119,17.888,20.686,17.723,20.87,16.323,16.177,16.576,17.547,21.22,21.138,20.448,17.565,20.242,20.884
2026-02-22 20:00:00,19.681,17.825,20.248,17.41,20.494,16.449,16.177,16.576,17.672,20.908,21.075,20.01,17.628,19.992,20.384
2026-02-22 20:30:00,19.243,17.825,19.81,17.222,20.181,16.511,16.177,16.639,17.735,20.532,20.887,19.759,17.69,19.741,19.883
2026-02-22 21:00:00,18.806,17.825,19.435,16.972,19.993,16.574,16.24,16.702,17.735,20.157,20.637,19.572,17.753,19.491,19.507
2026-02-22 21:30:00,18.43,17.825,19.06,16.847,19.681,16.637,16.24,16.702,17.735,19.781,20.387,19.008,17.815,19.241,19.006
2026-02-22 22:00:00,17.992,17.825,18.684,16.722,19.305,16.7,16.24,16.764,17.672,19.406,20.074,18.069,17.878,18.928,18.631
2026-02-22 22:30:00,17.679,17.763,18.309,16.596,18.804,16.762,16.302,16.764,17.61,19.03,19.761,17.193,17.878,18.677,18.192
2026-02-22 23:00:00,17.304,17.763,17.996,16.534,18.616,16.762,16.302,16.827,17.547,18.717,19.449,16.316,17.94,18.427,17.816
2026-02-22 23:30:00,16.928,17.763,17.683,16.471,18.303,16.825,16.302,16.827,17.484,18.342,19.136,15.627,18.003,18.177,17.19
2026-02-23 00:00:00,16.615,17.763,17.371,16.346,17.865,16.825,16.365,16.827,17.422,18.029,18.823,15.064,18.066,17.926,16.689
2026-02-23 00:30:00,16.302,17.763,17.058,16.221,17.489,16.825,16.365,16.827,17.297,17.716,18.51,14.625,18.066,17.676,16.25
2026-02-23 01:00:00,15.989,17.763,16.682,16.096,17.113,16.825,16.365,16.827,17.234,17.403,18.197,14.374,18.128,17.363,15.937
2026-02-23 01:30:00,15.802,17.763,16.369,15.971,16.863,16.825,16.428,16.89,17.171,17.09,17.947,14.187,18.128,17.112,15.749
2026-02-23 02:00:00,15.676,17.763,16.119,15.845,16.675,16.825,16.428,16.827,17.046,16.777,17.634,14.124,18.128,16.862,15.561
2026-02-23 02:30:00,15.489,17.763,15.869,15.72,16.487,16.825,16.428,16.827,16.983,16.526,17.384,14.562,18.191,16.674,15.435
2026-02-23 03:00:00,15.363,17.763,15.681,15.595,16.299,16.825,16.49,16.827,16.858,16.276,17.133,14.249,18.191,16.486,15.185
2026-02-23 03:30:00,15.176,17.763,15.493,15.47,16.111,16.762,16.49,16.827,16.795,16.025,16.821,13.685,18.191,16.298,15.059
2026-02-23 04:00:00,15.113,17.763,15.368,15.282,15.923,16.762,16.49,16.827,16.67,15.837,16.633,13.435,18.191,16.111,14.997
2026-02-23 04:30:00,15.05,17.763,15.243,15.157,15.86,16.7,16.553,16.827,16.607,15.649,16.382,13.873,18.191,15.985,14.871
2026-02-23 05:00:00,14.925,17.763,15.055,15.094,15.735,16.7,16.553,16.827,16.545,15.524,16.195,14.312,18.191,15.86,14.809
2026-02-23 05:30:00,14.8,17.763,14.992,14.969,15.547,16.637,16.553,16.764,16.419,15.336,16.007,14.249,18.191,15.672,14.746
2026-02-23 06:00:00,14.737,17.763,14.867,14.844,15.484,16.574,16.553,16.764,16.357,15.211,15.882,14.249,18.191,15.61,14.683
2026-02-23 06:30:00,14.675,17.763,14.742,14.719,15.359,16.511,16.553,16.764,16.294,15.086,15.756,14.374,18.128,15.484,14.621
2026-02-23 07:00:00,14.612,17.825,14.68,14.531,15.171,16.511,16.553,16.764,16.169,14.96,15.569,14.249,18.128,15.359,14.558
2026-02-23 07:30:00,14.487,17.825,14.617,14.469,15.046,16.449,16.553,16.702,16.106,14.835,15.443,14.187,18.128,15.234,14.432
2026-02-23 08:00:00,14.424,17.825,14.492,14.406,14.92,16.386,16.553,16.702,16.043,14.773,15.318,14.374,18.066,15.171,14.307
2026-02-23 08:30:00,14.362,17.825,14.429,14.343,14.732,16.323,16.553,16.702,15.918,14.647,15.256,14.249,18.066,15.108,14.244
2026-02-23 09:00:00,14.236,17.825,14.367,14.281,14.669,16.261,16.553,16.702,15.855,14.585,15.13,14.249,18.003,14.983,14.182
2026-02-23 09:30:00,14.174,17.825,14.241,14.218,14.669,16.198,16.553,16.702,15.793,14.459,15.005,15.377,18.003,14.92,14.119
2026-02-23 10:00:00,14.362,17.888,14.179,14.343,14.92,16.135,16.553,16.639,15.73,14.397,14.943,16.504,17.94,14.858,14.37
2026-02-23 10:30:00,14.8,17.888,14.241,14.531,15.296,16.072,16.553,16.639,15.667,14.334,14.817,17.756,17.94,14.795,14.871
2026-02-23 11:00:00,15.363,17.888,14.492,14.782,15.735,15.947,16.553,16.639,15.605,14.334,14.755,19.196,17.878,14.858,15.624
2026-02-23 11:30:00,16.052,17.888,14.867,15.157,16.299,15.884,16.49,16.576,15.542,14.459,14.692,20.761,17.815,15.046,16.438
2026-02-23 12:00:00,16.803,17.888,15.431,15.595,16.988,15.884,16.49,16.576,15.542,14.71,14.692,23.325,17.815,15.296,17.253
2026-02-23 12:30:00,17.742,17.951,16.119,16.158,17.927,15.822,16.49,16.576,15.542,15.148,14.755,24.263,17.753,15.672,18.192
2026-02-23 13:00:00,18.618,17.951,16.933,16.784,18.867,15.759,16.428,16.576,15.542,15.649,15.005,25.201,17.753,16.173,19.132
2026-02-23 13:30:00,19.556,17.951,17.809,17.41,19.931,15.759,16.428,16.513,15.605,16.338,15.256,26.514,17.69,16.737,20.008
2026-02-23 14:00:00,20.432,17.951,18.684,18.035,20.995,15.759,16.428,16.513,15.73,17.09,15.694,28.95,17.69,17.363,21.072
2026-02-23 14:30:00,21.245,17.951,19.623,18.661,21.746,15.759,16.365,16.513,15.855,17.841,16.257,27.951,17.628,18.051,22.135
2026-02-23 15:00:00,21.933,17.951,20.436,19.224,22.184,15.822,16.365,16.513,16.043,18.717,16.821,27.201,17.628,18.677,22.886
2026-02-23 15:30:00,22.496,17.951,21.124,19.662,22.559,15.884,16.365,16.513,16.231,19.531,17.509,26.889,17.628,19.366,23.386
2026-02-23 16:00:00,22.871,17.951,21.624,19.85,22.747,15.947,16.365,16.513,16.419,20.282,18.197,26.451,17.628,19.929,23.699
2026-02-23 16:30:00,23.121,17.951,21.999,19.787,22.747,16.01,16.302,16.513,16.67,20.908,18.886,25.701,17.628,20.367,23.699
2026-02-23 17:00:00,23.121,17.951,22.187,19.599,22.496,16.135,16.302,16.513,16.921,21.408,19.574,24.826,17.628,20.68,23.574
2026-02-23 17:30:00,22.933,17.951,22.187,19.224,22.246,16.261,16.302,16.576,17.171,21.783,20.199,23.701,17.69,20.867,23.136
2026-02-23 18:00:00,22.558,17.951,21.999,18.786,22.059,16.323,16.302,16.576,17.359,21.971,20.7,22.95,17.69,20.93,22.573
2026-02-23 18:30:00,21.745,17.951,21.624,18.348,21.746,16.449,16.302,16.639,17.547,21.971,21.075,22.2,17.753,20.867,22.01
2026-02-23 19:00:00,20.682,17.951,21.186,17.973,21.433,16.511,16.302,16.639,17.672,21.783,21.325,21.073,17.815,20.68,21.447
2026-02-23 19:30:00,20.119,17.951,20.686,17.66,20.995,16.637,16.302,16.702,17.798,21.408,21.388,20.385,17.878,20.43,20.884
2026-02-23 20:00:00,19.681,17.888,20.248,17.41,20.619,16.7,16.302,16.702,17.86,21.033,21.325,20.072,17.878,20.117,20.384
2026-02-23 20:30:00,19.243,17.888,19.873,17.16,20.306,16.762,16.302,16.764,17.923,20.657,21.138,19.947,17.94,19.866,19.945
2026-02-23 21:00:00,18.806,17.888,19.498,17.034,20.056,16.825,16.365,16.827,17.923,20.219,20.825,19.259,18.003,19.616,19.507
2026-02-23 21:30:00,18.43,17.888,19.122,16.909,19.618,16.888,16.365,16.827,17.86,19.844,20.512,18.32,18.066,19.366,19.132
2026-02-23 22:00:00,18.055,17.888,18.747,16.784,19.18,16.95,16.365,16.89,17.86,19.468,20.199,17.694,18.128,19.053,18.693
2026-02-23 22:30:00,17.679,17.888,18.372,16.722,18.741,16.95,16.428,16.89,17.798,19.093,19.887,16.942,18.191,18.803,18.255
2026-02-23 23:00:00,17.304,17.888,18.059,16.596,18.366,16.95,16.428,16.952,17.672,18.78,19.574,16.254,18.253,18.552,17.629
2026-02-23 23:30:00,16.928,17.888,17.683,16.471,17.99,17.013,16.428,16.952,17.61,18.404,19.198,15.627,18.253,18.239,17.065
2026-02-24 00:00:00,16.553,17.888,17.371,16.346,17.677,17.013,16.49,16.952,17.547,18.091,18.886,15.252,18.316,17.989,16.689
2026-02-24 00:30:00,16.302,17.888,16.995,16.221,17.364,17.013,16.49,16.952,17.422,17.716,18.573,14.813,18.316,17.676,16.376
2026-02-24 01:00:00,16.052,17.888,16.682,16.096,17.113,17.013,16.49,16.952,17.359,17.403,18.26,14.562,18.379,17.425,16.062
2026-02-24 01:30:00,15.864,17.888,16.432,15.971,16.863,17.013,16.553,16.952,17.234,17.09,18.01,14.187,18.379,17.175,15.812
2026-02-24 02:00:00,15.739,17.888,16.182,15.783,16.675,17.013,16.553,16.952,17.171,16.777,17.697,14.061,18.379,16.925,15.624
2026-02-24 02:30:00,15.551,17.888,15.931,15.658,16.487,16.95,16.553,16.952,17.046,16.526,17.446,13.811,18.441,16.737,15.373
2026-02-24 03:00:00,15.363,17.888,15.744,15.533,16.236,16.95,16.615,16.952,16.983,16.338,17.133,13.623,18.441,16.549,15.247
2026-02-24 03:30:00,15.238,17.888,15.556,15.407,16.111,16.95,16.615,16.952,16.858,16.088,16.883,13.748,18.441,16.361,15.185
2026-02-24 04:00:00,15.113,17.888,15.431,15.282,16.048,16.888,16.615,16.952,16.795,15.9,16.695,14.249,18.441,16.173,15.059
2026-02-24 04:30:00,14.988,17.888,15.243,15.157,15.86,16.825,16.678,16.952,16.67,15.712,16.508,14.688,18.441,16.048,14.809
2026-02-24 05:00:00,14.862,17.951,15.055,15.032,15.672,16.825,16.678,16.89,16.607,15.524,16.257,14.374,18.441,15.86,14.683
2026-02-24 05:30:00,14.737,17.951,14.93,14.969,15.484,16.762,16.678,16.89,16.482,15.336,16.132,14.124,18.379,15.735,14.621
2026-02-24 06:00:00,14.675,17.951,14.805,14.844,15.359,16.7,16.678,16.89,16.419,15.211,15.944,14.124,18.379,15.61,14.558
2026-02-24 06:30:00,14.549,17.951,14.742,14.782,15.234,16.637,16.678,16.89,16.294,15.086,15.756,13.936,18.379,15.484,14.37
2026-02-24 07:00:00,14.424,17.951,14.617,14.719,15.046,16.574,16.678,16.89,16.231,14.96,15.631,13.748,18.316,15.359,14.37
2026-02-24 07:30:00,14.362,17.951,14.492,14.594,14.92,16.511,16.678,16.827,16.169,14.835,15.506,13.873,18.316,15.234,14.244
2026-02-24 08:00:00,14.299,18.013,14.367,14.531,14.795,16.449,16.678,16.827,16.106,14.71,15.381,13.811,18.316,15.108,14.182
2026-02-24 08:30:00,14.236,18.013,14.304,14.469,14.669,16.386,16.678,16.827,15.981,14.585,15.256,13.748,18.253,15.046,14.119
2026-02-24 09:00:00,14.236,18.013,14.241,14.406,14.669,16.323,16.678,16.827,15.918,14.522,15.13,13.999,18.253,14.92,14.182
2026-02-24 09:30:00,14.236,18.013,14.179,14.406,14.669,16.261,16.678,16.764,15.855,14.397,15.005,15.314,18.191,14.858,14.182
2026-02-24 10:00:00,14.424,18.076,14.179,14.531,14.92,16.198,16.678,16.764,15.793,14.334,14.88,16.567,18.128,14.858,14.495
2026-02-24 10:30:00,14.925,18.076,14.304,14.719,15.296,16.135,16.615,16.764,15.73,14.334,14.817,18.007,18.128,14.858,14.997
2026-02-24 11:00:00,15.489,18.076,14.554,14.969,15.735,16.072,16.615,16.702,15.667,14.334,14.755,19.447,18.066,14.92,15.812
2026-02-24 11:30:00,16.177,18.076,14.992,15.282,16.361,16.01,16.615,16.702,15.667,14.522,14.692,20.886,18.003,15.108,16.564
2026-02-24 12:00:00,16.928,18.076,15.556,15.783,17.05,15.947,16.615,16.702,15.667,14.773,14.755,23.2,18.003,15.422,17.378
2026-02-24 12:30:00,17.804,18.076,16.244,16.284,17.927,15.947,16.553,16.639,15.667,15.211,14.817,24.388,17.94,15.797,18.192
2026-02-24 13:00:00,18.68,18.138,17.058,16.909,18.867,15.884,16.553,16.639,15.667,15.775,15.005,25.076,17.878,16.298,19.132
2026-02-24 13:30:00,19.556,18.138,17.871,17.472,19.931,15.884,16.553,16.639,15.73,16.401,15.381,26.201,17.878,16.862,19.945
2026-02-24 14:00:00,20.307,18.138,18.747,18.098,20.995,15.884,16.49,16.639,15.855,17.152,15.756,28.576,17.815,17.425,20.947
2026-02-24 14:30:00,21.12,18.138,19.56,18.661,21.683,15.884,16.49,16.639,15.981,17.904,16.257,27.826,17.815,18.051,21.885
2026-02-24 15:00:00,21.745,18.138,20.373,19.161,22.121,15.947,16.49,16.639,16.106,18.655,16.883,27.014,17.815,18.677,22.636
2026-02-24 15:30:00,22.308,18.138,20.999,19.537,22.496,15.947,16.428,16.639,16.294,19.468,17.509,26.826,17.753,19.303,23.136
2026-02-24 16:00:00,22.683,18.138,21.499,19.724,22.622,16.01,16.428,16.639,16.482,20.157,18.197,26.326,17.753,19.804,23.386
2026-02-24 16:30:00,22.871,18.138,21.874,19.724,22.622,16.072,16.428,16.639,16.733,20.782,18.886,25.639,17.753,20.242,23.386
2026-02-24 17:00:00,22.808,18.138,21.999,19.537,22.309,16.198,16.428,16.639,16.921,21.283,19.574,24.701,17.815,20.555,23.199
2026-02-24 17:30:00,22.683,18.138,21.937,19.224,22.184,16.261,16.428,16.639,17.171,21.596,20.137,23.513,17.815,20.742,22.824
2026-02-24 18:00:00,22.371,18.138,21.749,18.849,21.996,16.386,16.365,16.702,17.359,21.783,20.637,22.637,17.815,20.805,22.448
2026-02-24 18:30:00,21.558,18.138,21.499,18.473,21.746,16.449,16.365,16.702,17.484,21.783,20.95,21.699,17.878,20.742,21.885
2026-02-24 19:00:00,20.62,18.138,21.061,18.098,21.37,16.574,16.428,16.764,17.672,21.596,21.2,20.635,17.94,20.555,21.322
2026-02-24 19:30:00,20.057,18.076,20.624,17.848,20.995,16.637,16.365,16.764,17.735,21.283,21.263,19.634,18.003,20.304,20.759
2026-02-24 20:00:00,19.619,18.076,20.186,17.598,20.557,16.762,16.428,16.827,17.798,20.908,21.2,19.008,18.003,20.054,20.258
2026-02-24 20:30:00,19.243,18.076,19.81,17.347,20.181,16.825,16.428,16.827,17.86,20.532,21.012,19.321,18.066,19.804,19.883
2026-02-24 21:00:00,18.806,18.076,19.435,17.16,19.931,16.888,16.428,16.89,17.86,20.157,20.7,19.259,18.128,19.554,19.445
2026-02-24 21:30:00,18.368,18.076,19.06,16.972,19.618,16.95,16.428,16.952,17.86,19.781,20.45,18.633,18.191,19.241,18.944
2026-02-24 22:00:00,17.992,18.076,18.684,16.784,19.18,16.95,16.49,16.952,17.86,19.406,20.137,17.631,18.253,18.99,18.505
2026-02-24 22:30:00,17.617,18.076,18.309,16.659,18.616,17.013,16.49,17.015,17.798,19.03,19.824,16.567,18.253,18.74,17.942
2026-02-24 23:00:00,17.179,18.013,17.934,16.596,18.178,17.013,16.49,17.015,17.735,18.717,19.511,15.753,18.316,18.427,17.315
2026-02-24 23:30:00,16.803,18.013,17.621,16.534,17.739,17.013,16.553,17.015,17.672,18.342,19.198,15.126,18.379,18.177,16.877
2026-02-25 00:00:00,16.49,18.013,17.245,16.409,17.364,17.076,16.553,17.078,17.547,18.029,18.886,14.688,18.379,17.926,16.501
2026-02-25 00:30:00,16.177,18.013,16.933,16.346,16.988,17.076,16.553,17.078,17.484,17.653,18.573,14.312,18.441,17.613,16.188
2026-02-25 01:00:00,15.927,18.013,16.62,16.158,16.675,17.076,16.615,17.078,17.422,17.34,18.26,14.061,18.441,17.363,15.874
2026-02-25 01:30:00,15.676,18.013,16.307,16.033,16.487,17.076,16.615,17.078,17.297,17.027,17.947,13.873,18.441,17.112,15.561
2026-02-25 02:00:00,15.551,18.013,15.994,15.908,16.424,17.076,16.615,17.078,17.234,16.714,17.634,14.061,18.504,16.862,15.435
2026-02-25 02:30:00,15.426,18.013,15.744,15.72,16.361,17.013,16.678,17.078,17.171,16.464,17.384,14.625,18.504,16.612,15.31
2026-02-25 03:00:00,15.363,18.013,15.618,15.595,16.299,17.013,16.678,17.078,17.046,16.15,17.071,14.813,18.504,16.424,15.185
2026-02-25 03:30:00,15.301,18.013,15.431,15.47,16.048,16.95,16.678,17.078,16.983,15.963,16.821,14.813,18.504,16.236,15.122
2026-02-25 04:00:00,15.176,18.076,15.368,15.282,15.797,16.95,16.678,17.015,16.858,15.775,16.57,14.688,18.504,16.111,14.997
2026-02-25 04:30:00,15.05,18.076,15.243,15.157,15.547,16.888,16.74,17.015,16.795,15.649,16.382,14.5,18.504,15.985,14.809
2026-02-25 05:00:00,14.925,18.076,15.118,15.094,15.359,16.888,16.74,17.015,16.67,15.524,16.195,13.999,18.504,15.86,14.746
2026-02-25 05:30:00,14.8,18.076,14.992,14.969,15.234,16.825,16.74,17.015,16.607,15.336,16.069,13.811,18.441,15.735,14.621
2026-02-25 06:00:00,14.675,18.076,14.867,14.844,15.171,16.762,16.74,16.952,16.482,15.211,15.882,14.061,18.441,15.61,14.558
2026-02-25 06:30:00,14.612,18.076,14.742,14.719,15.171,16.7,16.74,16.952,16.419,15.086,15.756,14.437,18.441,15.484,14.495
2026-02-25 07:00:00,14.549,18.076,14.617,14.594,15.046,16.637,16.74,16.952,16.357,14.96,15.631,14.124,18.379,15.359,14.432
2026-02-25 07:30:00,14.424,18.076,14.554,14.531,14.857,16.574,16.74,16.952,16.231,14.835,15.506,13.873,18.379,15.234,14.307
2026-02-25 08:00:00,14.362,18.138,14.429,14.469,14.732,16.511,16.74,16.89,16.169,14.71,15.381,13.372,18.316,15.171,14.182
2026-02-25 08:30:00,14.236,18.138,14.367,14.406,14.607,16.449,16.74,16.89,16.106,14.647,15.256,13.121,18.316,15.046,14.119
2026-02-25 09:00:00,14.174,18.138,14.241,14.343,14.544,16.386,16.74,16.89,15.981,14.522,15.13,13.309,18.253,14.983,14.056
2026-02-25 09:30:00,14.111,18.138,14.179,14.281,14.544,16.323,16.74,16.827,15.918,14.459,15.005,14.813,18.191,14.858,13.994
2026-02-25 10:00:00,14.236,18.138,14.116,14.343,14.795,16.261,16.74,16.827,15.855,14.334,14.88,16.066,18.191,14.795,14.244
2026-02-25 10:30:00,14.675,18.138,14.179,14.531,15.108,16.198,16.74,16.827,15.793,14.271,14.817,17.443,18.128,14.733,14.683
2026-02-25 11:00:00,15.238,18.201,14.367,14.719,15.547,16.135,16.678,16.827,15.73,14.271,14.755,18.758,18.066,14.795,15.373
2026-02-25 11:30:00,15.864,18.201,14.742,15.094,16.048,16.072,16.678,16.764,15.667,14.397,14.692,20.197,18.003,14.983,16.188
