time,temp_1,temp_2,temp_3,temp_4,temp_5,temp_6
2136-06-18 00:00:00,16.5495,16.9065,16.6965,16.331,16.234,15.969
2136-06-18 00:15:00,16.487,16.812,16.665,16.331,16.234,15.969
2136-06-18 00:30:00,16.361,16.781,16.602,16.299500000000002,16.2025,15.969
2136-06-18 00:45:00,16.299,16.687,16.602,16.268,16.171,15.969
2136-06-18 01:00:00,16.2045,16.6555,16.54,16.268,16.171,15.969
2136-06-18 01:15:00,16.111,16.562,16.477,16.206,16.171,15.906
2136-06-18 01:30:00,16.0795,16.5305,16.445999999999998,16.206,16.171,15.906
2136-06-18 01:45:00,15.985,16.499,16.415,16.143,16.108,15.906
2136-06-18 02:00:00,15.923,16.436,16.352,16.143,16.108,15.906
2136-06-18 02:15:00,15.86,16.374,16.352,16.08,16.108,15.906
2136-06-18 02:30:00,15.766,16.311,16.289,16.08,16.076500000000003,15.906
2136-06-18 02:45:00,15.735,16.248,16.227,16.08,16.045,15.906
2136-06-18 03:00:00,15.641,16.217,16.195500000000003,16.018,16.045,15.875
2136-06-18 03:15:00,15.61,16.186,16.164,16.018,16.045,15.844
2136-06-18 03:30:00,15.547,16.123,16.102,15.955,15.983,15.844
2136-06-18 03:45:00,15.484,16.06,16.102,15.955,15.983,15.844
2136-06-18 04:00:00,15.422,16.029,16.039,15.893,15.9515,15.8125
2136-06-18 04:15:00,15.359,15.998,15.976,15.893,15.92,15.781
2136-06-18 04:30:00,15.3275,15.935,15.976,15.83,15.92,15.781
2136-06-18 04:45:00,15.296,15.872,15.914,15.83,15.857,15.781
2136-06-18 05:00:00,15.234,15.841000000000001,15.914,15.767,15.857,15.749500000000001
2136-06-18 05:15:00,15.171,15.81,15.851,15.767,15.857,15.718
2136-06-18 05:30:00,15.1395,15.747,15.819500000000001,15.705,15.826,15.718
2136-06-18 05:45:00,15.108,15.747,15.788,15.705,15.795,15.718
2136-06-18 06:00:00,15.046,15.684,15.757000000000001,15.6735,15.795,15.687000000000001
2136-06-18 06:15:00,14.983,15.622,15.726,15.642,15.732,15.656
2136-06-18 06:30:00,14.983,15.622,15.694500000000001,15.6105,15.732,15.656
2136-06-18 06:45:00,14.92,15.559,15.663,15.579,15.732,15.656
2136-06-18 07:00:00,14.92,15.559,15.632000000000001,15.579,15.669,15.624500000000001
2136-06-18 07:15:00,14.92,15.559,15.601,15.517,15.669,15.593
2136-06-18 07:30:00,14.92,15.496,15.569500000000001,15.517,15.669,15.593
2136-06-18 07:45:00,14.92,15.496,15.538,15.517,15.607,15.593
2136-06-18 08:00:00,14.9515,15.496,15.538,15.454,15.607,15.561499999999999
2136-06-18 08:15:00,14.983,15.496,15.538,15.454,15.607,15.53
2136-06-18 08:30:00,15.0145,15.496,15.538,15.454,15.544,15.53
2136-06-18 08:45:00,15.108,15.496,15.538,15.391,15.544,15.53
2136-06-18 09:00:00,15.2025,15.559,15.538,15.391,15.544,15.498999999999999
2136-06-18 09:15:00,15.296,15.622,15.538,15.391,15.544,15.468
2136-06-18 09:30:00,15.4215,15.652999999999999,15.538,15.391,15.544,15.468
2136-06-18 09:45:00,15.547,15.747,15.538,15.391,15.544,15.468
2136-06-18 10:00:00,15.7035,15.778500000000001,15.601,15.391,15.481,15.468
2136-06-18 10:15:00,15.86,15.872,15.601,15.391,15.481,15.468
2136-06-18 10:30:00,16.048000000000002,15.9665,15.663,15.4225,15.481,15.405
2136-06-18 10:45:00,16.236,16.06,15.726,15.454,15.481,15.405
2136-06-18 11:00:00,16.424,16.1545,15.788,15.4855,15.5125,15.405
2136-06-18 11:15:00,16.612,16.248,15.851,15.517,15.544,15.405
2136-06-18 11:30:00,16.7995,16.405,15.914,15.548,15.544,15.405
2136-06-18 11:45:00,16.988,16.499,15.976,15.579,15.544,15.405
2136-06-18 12:00:00,17.1755,16.6555,16.070500000000003,15.6105,15.544,15.436499999999999
2136-06-18 12:15:00,17.426,16.75,16.164,15.642,15.607,15.468
2136-06-18 12:30:00,17.6135,16.9065,16.195500000000003,15.705,15.607,15.468
2136-06-18 12:45:00,17.802,17.063,16.289,15.767,15.607,15.468
2136-06-18 13:00:00,17.9895,17.157,16.383499999999998,15.7985,15.669,15.468
2136-06-18 13:15:00,18.115,17.314,16.477,15.893,15.732,15.468
2136-06-18 13:30:00,18.2715,17.4075,16.570999999999998,15.924,15.732,15.53
2136-06-18 13:45:00,18.365,17.502,16.665,16.018,15.795,15.53
2136-06-18 14:00:00,18.552999999999997,17.6585,16.759,16.049,15.795,15.561499999999999
2136-06-18 14:15:00,18.741,17.752,16.853,16.08,15.857,15.593
2136-06-18 14:30:00,18.8345,17.8465,16.9465,16.174500000000002,15.8885,15.593
2136-06-18 14:45:00,18.929,18.003,17.041,16.206,15.92,15.656
2136-06-18 15:00:00,18.991,18.0345,17.072000000000003,16.299500000000002,15.983,15.656
2136-06-18 15:15:00,19.054,18.128,17.166,16.331,16.045,15.718
2136-06-18 15:30:00,19.1475,18.2225,17.259500000000003,16.424999999999997,16.076500000000003,15.718
2136-06-18 15:45:00,19.179,18.254,17.291,16.456,16.108,15.781
2136-06-18 16:00:00,19.242,18.3475,17.384999999999998,16.519,16.171,15.8125
2136-06-18 16:15:00,19.242,18.379,17.416,16.581,16.234,15.844
2136-06-18 16:30:00,19.273,18.441,17.479,16.644,16.234,15.875
2136-06-18 16:45:00,19.304,18.441,17.541,16.707,16.296,15.906
2136-06-18 17:00:00,19.304,18.504,17.572499999999998,16.738,16.3275,15.9375
2136-06-18 17:15:00,19.242,18.504,17.604,16.769,16.359,15.969
2136-06-18 17:30:00,19.242,18.567,17.667,16.8005,16.422,16.0005
2136-06-18 17:45:00,19.179,18.567,17.667,16.832,16.422,16.032
2136-06-18 18:00:00,19.1475,18.5355,17.698,16.895,16.484,16.063000000000002
2136-06-18 18:15:00,19.116,18.567,17.729,16.895,16.547,16.094
2136-06-18 18:30:00,19.0225,18.504,17.729,16.957,16.547,16.125500000000002
2136-06-18 18:45:00,18.991,18.504,17.729,16.957,16.547,16.157
2136-06-18 19:00:00,18.929,18.504,17.7605,16.988500000000002,16.61,16.188499999999998
2136-06-18 19:15:00,18.866,18.504,17.792,17.02,16.61,16.22
2136-06-18 19:30:00,18.8345,18.441,17.792,17.02,16.672,16.22
2136-06-18 19:45:00,18.803,18.441,17.792,17.02,16.672,16.282
2136-06-18 20:00:00,18.7095,18.41,17.792,17.051000000000002,16.672,16.282
2136-06-18 20:15:00,18.616,18.379,17.792,17.082,16.735,16.282
2136-06-18 20:30:00,18.5215,18.3475,17.729,17.082,16.735,16.345
2136-06-18 20:45:00,18.428,18.316,17.729,17.082,16.735,16.345
2136-06-18 21:00:00,18.334,18.254,17.729,17.082,16.735,16.345
2136-06-18 21:15:00,18.24,18.191,17.667,17.082,16.798,16.408
2136-06-18 21:30:00,18.146,18.1595,17.667,17.082,16.798,16.408
2136-06-18 21:45:00,18.115,18.128,17.667,17.082,16.798,16.408
2136-06-18 22:00:00,18.021,18.066,17.604,17.082,16.798,16.408
2136-06-18 22:15:00,17.927,18.003,17.604,17.082,16.798,16.408
2136-06-18 22:30:00,17.864,17.94,17.572499999999998,17.02,16.798,16.439
2136-06-18 22:45:00,17.802,17.878,17.541,17.02,16.798,16.47
2136-06-18 23:00:00,17.7075,17.8465,17.509999999999998,17.02,16.798,16.47
2136-06-18 23:15:00,17.676,17.815,17.479,17.02,16.798,16.47
2136-06-18 23:30:00,17.5825,17.752,17.447499999999998,16.988500000000002,16.798,16.47
2136-06-18 23:45:00,17.489,17.69,17.416,16.957,16.798,16.47
2136-06-19 00:00:00,17.426,17.6585,17.384999999999998,16.957,16.798,16.47
2136-06-19 00:15:00,17.363,17.627,17.354,16.957,16.798,16.47
2136-06-19 00:30:00,17.332,17.564,17.322499999999998,16.895,16.7665,16.47
2136-06-19 00:45:00,17.238,17.502,17.291,16.895,16.735,16.47
2136-06-19 01:00:00,17.2065,17.502,17.259500000000003,16.895,16.735,16.47
2136-06-19 01:15:00,17.175,17.439,17.228,16.832,16.735,16.47
2136-06-19 01:30:00,17.113,17.4075,17.197000000000003,16.832,16.735,16.47
2136-06-19 01:45:00,17.113,17.376,17.166,16.832,16.735,16.47
2136-06-19 02:00:00,17.05,17.345,17.166,16.8005,16.7035,16.47
2136-06-19 02:15:00,17.05,17.314,17.103,16.769,16.672,16.408
2136-06-19 02:30:00,16.988,17.2825,17.103,16.769,16.672,16.408
2136-06-19 02:45:00,16.925,17.251,17.041,16.769,16.672,16.408
2136-06-19 03:00:00,16.8935,17.2195,17.041,16.707,16.672,16.408
2136-06-19 03:15:00,16.862,17.188,17.041,16.707,16.672,16.408
2136-06-19 03:30:00,16.831,17.157,16.978,16.707,16.61,16.408
2136-06-19 03:45:00,16.8,17.126,16.978,16.644,16.61,16.408
2136-06-19 04:00:00,16.8,17.0945,16.915,16.644,16.61,16.408
2136-06-19 04:15:00,16.737,17.063,16.915,16.644,16.61,16.408
2136-06-19 04:30:00,16.737,17.063,16.915,16.612499999999997,16.5785,16.3765
2136-06-19 04:45:00,16.674,17.0,16.853,16.581,16.547,16.345
2136-06-19 05:00:00,16.674,17.0,16.853,16.581,16.547,16.345
2136-06-19 05:15:00,16.674,17.0,16.853,16.581,16.547,16.345
2136-06-19 05:30:00,16.643,16.938,16.79,16.549999999999997,16.547,16.345
2136-06-19 05:45:00,16.612,16.938,16.79,16.519,16.484,16.345
2136-06-19 06:00:00,16.612,16.938,16.79,16.519,16.484,16.313499999999998
2136-06-19 06:15:00,16.612,16.875,16.79,16.519,16.484,16.282
2136-06-19 06:30:00,16.549,16.875,16.728,16.456,16.484,16.282
2136-06-19 06:45:00,16.549,16.875,16.728,16.456,16.484,16.282
2136-06-19 07:00:00,16.5805,16.875,16.728,16.456,16.453000000000003,16.282
2136-06-19 07:15:00,16.612,16.875,16.728,16.456,16.422,16.282
2136-06-19 07:30:00,16.612,16.875,16.6965,16.456,16.422,16.282
2136-06-19 07:45:00,16.674,16.875,16.665,16.456,16.422,16.282
2136-06-19 08:00:00,16.674,16.875,16.665,16.394,16.422,16.22
2136-06-19 08:15:00,16.674,16.875,16.665,16.394,16.422,16.22
2136-06-19 08:30:00,16.7055,16.875,16.665,16.394,16.422,16.22
2136-06-19 08:45:00,16.737,16.875,16.665,16.394,16.422,16.22
2136-06-19 09:00:00,16.737,16.9065,16.665,16.394,16.359,16.22
2136-06-19 09:15:00,16.8,16.938,16.665,16.394,16.359,16.22
2136-06-19 09:30:00,16.8,16.938,16.665,16.394,16.359,16.22
2136-06-19 09:45:00,16.8,16.938,16.665,16.394,16.359,16.22
2136-06-19 10:00:00,16.8935,16.969,16.728,16.394,16.359,16.22
2136-06-19 10:15:00,16.925,17.0,16.728,16.394,16.359,16.22
2136-06-19 10:30:00,16.988,17.0,16.728,16.394,16.359,16.22
2136-06-19 10:45:00,16.988,17.0,16.728,16.394,16.359,16.157
2136-06-19 11:00:00,17.05,17.063,16.728,16.394,16.359,16.157
2136-06-19 11:15:00,17.05,17.063,16.728,16.394,16.359,16.157
2136-06-19 11:30:00,17.113,17.0945,16.79,16.394,16.359,16.157
2136-06-19 11:45:00,17.113,17.126,16.79,16.394,16.359,16.157
2136-06-19 12:00:00,17.175,17.126,16.79,16.424999999999997,16.359,16.157
2136-06-19 12:15:00,17.175,17.126,16.79,16.456,16.359,16.157
2136-06-19 12:30:00,17.238,17.188,16.8215,16.456,16.359,16.157
2136-06-19 12:45:00,17.238,17.188,16.853,16.456,16.359,16.157
2136-06-19 13:00:00,17.332,17.2195,16.853,16.456,16.359,16.157
2136-06-19 13:15:00,17.426,17.251,16.853,16.456,16.359,16.157
2136-06-19 13:30:00,17.5515,17.345,16.915,16.487499999999997,16.422,16.157
2136-06-19 13:45:00,17.739,17.439,16.978,16.519,16.422,16.22
2136-06-19 14:00:00,17.927,17.533,17.009500000000003,16.519,16.422,16.22
2136-06-19 14:15:00,18.052,17.627,17.041,16.581,16.422,16.22
2136-06-19 14:30:00,18.240000000000002,17.721,17.134500000000003,16.581,16.422,16.22
2136-06-19 14:45:00,18.428,17.815,17.166,16.644,16.484,16.22
2136-06-19 15:00:00,18.584,17.9405,17.259500000000003,16.6755,16.484,16.22
2136-06-19 15:15:00,18.803,18.066,17.354,16.707,16.484,16.22
2136-06-19 15:30:00,18.96,18.2225,17.416,16.769,16.547,16.282
2136-06-19 15:45:00,19.054,18.316,17.479,16.832,16.547,16.282
2136-06-19 16:00:00,19.054,18.3475,17.541,16.863500000000002,16.5785,16.282
2136-06-19 16:15:00,19.054,18.441,17.604,16.895,16.61,16.345
2136-06-19 16:30:00,19.0225,18.441,17.667,16.926000000000002,16.641,16.345
2136-06-19 16:45:00,18.991,18.441,17.667,16.957,16.672,16.345
2136-06-19 17:00:00,18.991,18.441,17.729,17.02,16.7035,16.3765
2136-06-19 17:15:00,18.991,18.441,17.729,17.02,16.735,16.408
2136-06-19 17:30:00,18.929,18.504,17.792,17.082,16.735,16.408
2136-06-19 17:45:00,18.929,18.504,17.792,17.082,16.798,16.47
2136-06-19 18:00:00,18.929,18.504,17.792,17.113500000000002,16.798,16.47
2136-06-19 18:15:00,18.929,18.504,17.854,17.145,16.86,16.47
2136-06-19 18:30:00,18.929,18.504,17.854,17.145,16.86,16.5015
2136-06-19 18:45:00,18.929,18.504,17.854,17.208,16.86,16.533
2136-06-19 19:00:00,18.866,18.504,17.854,17.208,16.923,16.533
2136-06-19 19:15:00,18.866,18.504,17.917,17.208,16.923,16.533
2136-06-19 19:30:00,18.866,18.504,17.917,17.238999999999997,16.923,16.596
2136-06-19 19:45:00,18.803,18.504,17.917,17.27,16.986,16.596
2136-06-19 20:00:00,18.772,18.504,17.917,17.27,16.986,16.596
2136-06-19 20:15:00,18.741,18.504,17.917,17.27,16.986,16.596
2136-06-19 20:30:00,18.678,18.4725,17.917,17.27,16.986,16.658
2136-06-19 20:45:00,18.616,18.441,17.917,17.27,16.986,16.658
2136-06-19 21:00:00,18.5845,18.441,17.917,17.27,17.049,16.658
2136-06-19 21:15:00,18.49,18.379,17.917,17.333,17.049,16.658
2136-06-19 21:30:00,18.459,18.3475,17.8855,17.333,17.049,16.721
2136-06-19 21:45:00,18.365,18.316,17.854,17.27,17.049,16.721
2136-06-19 22:00:00,18.2715,18.285,17.854,17.27,17.049,16.721
2136-06-19 22:15:00,18.24,18.254,17.792,17.27,17.049,16.721
2136-06-19 22:30:00,18.146,18.191,17.792,17.27,17.049,16.721
2136-06-19 22:45:00,18.052,18.128,17.792,17.27,17.049,16.721
2136-06-19 23:00:00,17.99,18.097,17.729,17.27,17.049,16.721
2136-06-19 23:15:00,17.927,18.066,17.729,17.27,17.049,16.721
2136-06-19 23:30:00,17.833,18.003,17.698,17.27,17.049,16.752000000000002
2136-06-19 23:45:00,17.739,17.94,17.667,17.208,17.049,16.721
2136-06-20 00:00:00,17.676,17.909,17.6355,17.208,17.049,16.721
2136-06-20 00:15:00,17.614,17.815,17.604,17.208,17.049,16.783
2136-06-20 00:30:00,17.52,17.7835,17.572499999999998,17.176499999999997,17.049,16.721
2136-06-20 00:45:00,17.426,17.752,17.541,17.145,17.049,16.721
2136-06-20 01:00:00,17.3945,17.69,17.479,17.145,17.0175,16.721
2136-06-20 01:15:00,17.301,17.627,17.479,17.145,16.986,16.721
2136-06-20 01:30:00,17.238,17.5955,17.416,17.082,16.986,16.721
2136-06-20 01:45:00,17.175,17.564,17.416,17.082,16.986,16.721
2136-06-20 02:00:00,17.113,17.4705,17.354,17.051000000000002,16.986,16.721
2136-06-20 02:15:00,17.05,17.439,17.291,17.02,16.923,16.721
2136-06-20 02:30:00,17.019,17.376,17.291,17.02,16.923,16.721
2136-06-20 02:45:00,16.925,17.376,17.228,16.957,16.923,16.721
2136-06-20 03:00:00,16.8935,17.314,17.228,16.957,16.923,16.689500000000002
2136-06-20 03:15:00,16.862,17.251,17.166,16.895,16.86,16.658
2136-06-20 03:30:00,16.8,17.2195,17.166,16.895,16.86,16.658
2136-06-20 03:45:00,16.737,17.188,17.103,16.895,16.86,16.658
2136-06-20 04:00:00,16.7055,17.126,17.072000000000003,16.832,16.86,16.658
2136-06-20 04:15:00,16.612,17.063,17.041,16.832,16.798,16.658
2136-06-20 04:30:00,16.5805,17.063,17.009500000000003,16.8005,16.798,16.596
2136-06-20 04:45:00,16.549,17.0,16.978,16.769,16.798,16.596
2136-06-20 05:00:00,16.487,16.969,16.9465,16.738,16.7665,16.596
2136-06-20 05:15:00,16.487,16.938,16.915,16.707,16.735,16.596
2136-06-20 05:30:00,16.424,16.9065,16.884,16.707,16.735,16.564500000000002
2136-06-20 05:45:00,16.424,16.875,16.853,16.644,16.672,16.533
2136-06-20 06:00:00,16.3925,16.8435,16.8215,16.644,16.672,16.533
2136-06-20 06:15:00,16.361,16.812,16.79,16.644,16.672,16.533
2136-06-20 06:30:00,16.33,16.812,16.79,16.581,16.641,16.533
2136-06-20 06:45:00,16.299,16.75,16.728,16.581,16.61,16.47
2136-06-20 07:00:00,16.299,16.75,16.728,16.581,16.61,16.47
2136-06-20 07:15:00,16.299,16.75,16.728,16.519,16.61,16.47
2136-06-20 07:30:00,16.299,16.687,16.665,16.519,16.5785,16.47
2136-06-20 07:45:00,16.299,16.687,16.665,16.519,16.547,16.47
2136-06-20 08:00:00,16.33,16.687,16.665,16.456,16.547,16.408
2136-06-20 08:15:00,16.361,16.687,16.665,16.456,16.547,16.408
2136-06-20 08:30:00,16.4555,16.75,16.665,16.456,16.515500000000003,16.408
2136-06-20 08:45:00,16.487,16.75,16.665,16.456,16.484,16.408
2136-06-20 09:00:00,16.5805,16.781,16.665,16.456,16.484,16.3765
2136-06-20 09:15:00,16.674,16.812,16.665,16.456,16.484,16.345
2136-06-20 09:30:00,16.7685,16.875,16.665,16.456,16.484,16.345
2136-06-20 09:45:00,16.862,16.938,16.665,16.456,16.484,16.345
2136-06-20 10:00:00,16.9565,16.969,16.728,16.456,16.484,16.345
2136-06-20 10:15:00,17.113,17.063,16.728,16.456,16.484,16.345
2136-06-20 10:30:00,17.2065,17.0945,16.79,16.456,16.484,16.345
2136-06-20 10:45:00,17.301,17.188,16.79,16.456,16.484,16.345
2136-06-20 11:00:00,17.3635,17.2195,16.853,16.519,16.484,16.345
2136-06-20 11:15:00,17.489,17.314,16.853,16.519,16.484,16.345
2136-06-20 11:30:00,17.5825,17.345,16.915,16.519,16.484,16.345
2136-06-20 11:45:00,17.739,17.439,16.978,16.581,16.484,16.345
2136-06-20 12:00:00,17.927,17.533,17.041,16.581,16.484,16.345
2136-06-20 12:15:00,18.115,17.69,17.103,16.644,16.547,16.345
2136-06-20 12:30:00,18.3025,17.7835,17.166,16.6755,16.547,16.345
2136-06-20 12:45:00,18.49,17.878,17.228,16.707,16.547,16.345
2136-06-20 13:00:00,18.7095,18.0345,17.322499999999998,16.738,16.5785,16.345
2136-06-20 13:15:00,18.929,18.128,17.416,16.769,16.61,16.345
2136-06-20 13:30:00,19.1165,18.285,17.509999999999998,16.832,16.641,16.408
2136-06-20 13:45:00,19.304,18.441,17.604,16.895,16.672,16.408
2136-06-20 14:00:00,19.4295,18.5355,17.698,16.957,16.7035,16.408
2136-06-20 14:15:00,19.555,18.629,17.729,17.02,16.735,16.47
2136-06-20 14:30:00,19.6485,18.7545,17.823,17.082,16.7665,16.47
2136-06-20 14:45:00,19.805,18.88,17.917,17.145,16.798,16.47
2136-06-20 15:00:00,19.8985,18.974,18.0105,17.176499999999997,16.86,16.533
2136-06-20 15:15:00,19.993,19.068,18.105,17.27,16.923,16.533
2136-06-20 15:30:00,19.993,19.13,18.136000000000003,17.301499999999997,16.923,16.564500000000002
2136-06-20 15:45:00,20.055,19.193,18.23,17.333,16.986,16.596
2136-06-20 16:00:00,20.118,19.2245,18.261000000000003,17.426499999999997,17.0175,16.627000000000002
2136-06-20 16:15:00,20.118,19.318,18.355,17.458,17.049,16.658
2136-06-20 16:30:00,20.149,19.318,18.386499999999998,17.521,17.111,16.689500000000002
2136-06-20 16:45:00,20.18,19.381,18.418,17.583,17.111,16.721
2136-06-20 17:00:00,20.18,19.412,18.48,17.6145,17.174,16.752000000000002
2136-06-20 17:15:00,20.118,19.443,18.543,17.646,17.237,16.783
2136-06-20 17:30:00,20.0865,19.443,18.543,17.677,17.237,16.814500000000002
2136-06-20 17:45:00,20.055,19.443,18.543,17.708,17.299,16.846
2136-06-20 18:00:00,19.993,19.443,18.605,17.7395,17.299,16.877499999999998
2136-06-20 18:15:00,19.993,19.443,18.605,17.771,17.362,16.909
2136-06-20 18:30:00,19.93,19.412,18.605,17.802500000000002,17.362,16.909
2136-06-20 18:45:00,19.867,19.381,18.668,17.834,17.425,16.971
2136-06-20 19:00:00,19.836,19.381,18.668,17.834,17.425,16.971
2136-06-20 19:15:00,19.742,19.381,18.668,17.834,17.487,17.034
2136-06-20 19:30:00,19.711,19.3495,18.668,17.896,17.487,17.034
2136-06-20 19:45:00,19.68,19.318,18.668,17.896,17.487,17.034
2136-06-20 20:00:00,19.6485,19.318,18.668,17.896,17.5185,17.097
2136-06-20 20:15:00,19.617,19.318,18.668,17.896,17.55,17.097
2136-06-20 20:30:00,19.5235,19.256,18.668,17.896,17.55,17.097
2136-06-20 20:45:00,19.492,19.256,18.605,17.959,17.55,17.159
2136-06-20 21:00:00,19.398,19.193,18.605,17.959,17.55,17.159
2136-06-20 21:15:00,19.304,19.193,18.605,17.959,17.613,17.159
2136-06-20 21:30:00,19.273,19.13,18.605,17.959,17.613,17.159
2136-06-20 21:45:00,19.179,19.068,18.543,17.959,17.613,17.159
2136-06-20 22:00:00,19.085,19.0365,18.543,17.927500000000002,17.613,17.222
2136-06-20 22:15:00,18.991,18.943,18.543,17.896,17.613,17.222
2136-06-20 22:30:00,18.8975,18.9115,18.48,17.896,17.613,17.222
2136-06-20 22:45:00,18.803,18.88,18.48,17.896,17.613,17.222
2136-06-20 23:00:00,18.7095,18.786,18.418,17.896,17.613,17.222
2136-06-20 23:15:00,18.616,18.755,18.418,17.896,17.613,17.222
2136-06-20 23:30:00,18.5215,18.6605,18.355,17.834,17.613,17.253500000000003
2136-06-20 23:45:00,18.428,18.629,18.292,17.834,17.613,17.222
2136-06-21 00:00:00,18.2715,18.5355,18.261000000000003,17.834,17.613,17.222
2136-06-21 00:15:00,18.177,18.441,18.23,17.771,17.613,17.222
2136-06-21 00:30:00,18.0835,18.41,18.167,17.771,17.55,17.222
2136-06-21 00:45:00,17.99,18.316,18.105,17.708,17.55,17.222
2136-06-21 01:00:00,17.8955,18.254,18.073500000000003,17.708,17.55,17.222
2136-06-21 01:15:00,17.802,18.191,18.042,17.708,17.55,17.222
2136-06-21 01:30:00,17.7075,18.097,17.979,17.646,17.5185,17.222
2136-06-21 01:45:00,17.614,18.066,17.917,17.646,17.487,17.222
2136-06-21 02:00:00,17.52,17.9715,17.8855,17.583,17.487,17.222
2136-06-21 02:15:00,17.426,17.878,17.854,17.521,17.487,17.222
2136-06-21 02:30:00,17.332,17.8465,17.792,17.521,17.425,17.1905
2136-06-21 02:45:00,17.238,17.752,17.729,17.458,17.425,17.159
2136-06-21 03:00:00,17.175,17.69,17.667,17.458,17.425,17.159
2136-06-21 03:15:00,17.113,17.627,17.604,17.395,17.362,17.159
2136-06-21 03:30:00,17.019,17.564,17.572499999999998,17.363999999999997,17.362,17.128
2136-06-21 03:45:00,16.925,17.502,17.541,17.333,17.299,17.097
2136-06-21 04:00:00,16.831,17.439,17.479,17.301499999999997,17.299,17.097
2136-06-21 04:15:00,16.737,17.376,17.416,17.27,17.299,17.097
2136-06-21 04:30:00,16.7055,17.314,17.384999999999998,17.208,17.237,17.0655
2136-06-21 04:45:00,16.612,17.251,17.291,17.208,17.237,17.034
2136-06-21 05:00:00,16.518,17.157,17.259500000000003,17.145,17.174,17.034
2136-06-21 05:15:00,16.424,17.126,17.228,17.082,17.174,16.971
2136-06-21 05:30:00,16.361,17.0315,17.166,17.051000000000002,17.111,16.971
2136-06-21 05:45:00,16.299,17.0,17.103,17.02,17.111,16.971
2136-06-21 06:00:00,16.2045,16.9065,17.072000000000003,16.988500000000002,17.08,16.939999999999998
2136-06-21 06:15:00,16.173,16.875,17.041,16.957,17.049,16.909
2136-06-21 06:30:00,16.0795,16.781,16.9465,16.895,17.0175,16.909
2136-06-21 06:45:00,16.048,16.75,16.915,16.832,16.986,16.846
2136-06-21 07:00:00,15.985,16.687,16.853,16.832,16.9545,16.846
2136-06-21 07:15:00,15.985,16.687,16.853,16.769,16.923,16.846
2136-06-21 07:30:00,15.954,16.624,16.79,16.769,16.8915,16.783
2136-06-21 07:45:00,15.923,16.624,16.728,16.707,16.86,16.783
2136-06-21 08:00:00,15.923,16.562,16.728,16.707,16.829,16.783
2136-06-21 08:15:00,15.86,16.562,16.665,16.644,16.798,16.721
2136-06-21 08:30:00,15.8915,16.499,16.665,16.644,16.798,16.721
2136-06-21 08:45:00,15.923,16.499,16.602,16.581,16.735,16.721
2136-06-21 09:00:00,16.0165,16.5305,16.602,16.581,16.735,16.658
2136-06-21 09:15:00,16.111,16.562,16.602,16.581,16.672,16.658
2136-06-21 09:30:00,16.2045,16.593,16.602,16.519,16.672,16.627000000000002
2136-06-21 09:45:00,16.299,16.624,16.602,16.519,16.672,16.596
2136-06-21 10:00:00,16.3925,16.687,16.633499999999998,16.519,16.672,16.596
2136-06-21 10:15:00,16.549,16.75,16.665,16.519,16.61,16.596
2136-06-21 10:30:00,16.643,16.781,16.665,16.519,16.61,16.533
2136-06-21 10:45:00,16.737,16.875,16.665,16.519,16.61,16.533
2136-06-21 11:00:00,16.8625,16.938,16.728,16.519,16.61,16.533
2136-06-21 11:15:00,16.988,17.0,16.79,16.519,16.61,16.533
2136-06-21 11:30:00,17.1125,17.0945,16.79,16.549999999999997,16.61,16.533
2136-06-21 11:45:00,17.238,17.188,16.853,16.581,16.61,16.47
2136-06-21 12:00:00,17.3945,17.2195,16.884,16.581,16.61,16.47
2136-06-21 12:15:00,17.551,17.314,16.915,16.581,16.61,16.47
2136-06-21 12:30:00,17.738999999999997,17.4705,17.009500000000003,16.644,16.61,16.47
2136-06-21 12:45:00,17.927,17.564,17.103,16.644,16.61,16.47
2136-06-21 13:00:00,18.1145,17.6585,17.134500000000003,16.707,16.641,16.47
2136-06-21 13:15:00,18.303,17.815,17.228,16.769,16.672,16.47
2136-06-21 13:30:00,18.459,17.909,17.291,16.769,16.672,16.533
2136-06-21 13:45:00,18.616,18.066,17.354,16.832,16.735,16.533
2136-06-21 14:00:00,18.8035,18.1595,17.447499999999998,16.863500000000002,16.735,16.533
2136-06-21 14:15:00,18.991,18.254,17.541,16.957,16.735,16.533
2136-06-21 14:30:00,19.1165,18.41,17.6355,16.988500000000002,16.798,16.533
2136-06-21 14:45:00,19.242,18.504,17.729,17.02,16.798,16.596
2136-06-21 15:00:00,19.398,18.598,17.7605,17.082,16.86,16.596
2136-06-21 15:15:00,19.429,18.692,17.854,17.145,16.86,16.596
2136-06-21 15:30:00,19.5235,18.786,17.917,17.208,16.923,16.658
2136-06-21 15:45:00,19.555,18.88,17.979,17.27,16.986,16.658
2136-06-21 16:00:00,19.586,18.88,18.042,17.301499999999997,16.986,16.658
2136-06-21 16:15:00,19.555,18.943,18.105,17.333,17.049,16.721
2136-06-21 16:30:00,19.555,18.943,18.136000000000003,17.395,17.049,16.721
2136-06-21 16:45:00,19.492,18.943,18.167,17.395,17.111,16.783
2136-06-21 17:00:00,19.4605,18.943,18.198500000000003,17.458,17.111,16.783
2136-06-21 17:15:00,19.367,18.943,18.23,17.458,17.174,16.783
2136-06-21 17:30:00,19.273,18.9115,18.23,17.521,17.174,16.846
2136-06-21 17:45:00,19.242,18.88,18.23,17.521,17.237,16.846
2136-06-21 18:00:00,19.1475,18.8485,18.23,17.552,17.237,16.877499999999998
2136-06-21 18:15:00,19.116,18.817,18.23,17.583,17.237,16.909
2136-06-21 18:30:00,19.054,18.817,18.23,17.583,17.268,16.909
2136-06-21 18:45:00,18.991,18.817,18.23,17.583,17.299,16.909
2136-06-21 19:00:00,18.96,18.755,18.23,17.583,17.299,16.971
2136-06-21 19:15:00,18.929,18.755,18.23,17.583,17.299,16.971
2136-06-21 19:30:00,18.8345,18.692,18.23,17.583,17.362,16.971
2136-06-21 19:45:00,18.803,18.692,18.167,17.583,17.362,16.971
2136-06-21 20:00:00,18.7095,18.629,18.167,17.583,17.362,17.034
2136-06-21 20:15:00,18.678,18.629,18.167,17.583,17.362,17.034
2136-06-21 20:30:00,18.5845,18.567,18.167,17.583,17.362,17.034
2136-06-21 20:45:00,18.49,18.504,18.105,17.583,17.362,17.034
2136-06-21 21:00:00,18.428,18.4725,18.105,17.583,17.362,17.034
2136-06-21 21:15:00,18.365,18.441,18.105,17.583,17.362,17.034
2136-06-21 21:30:00,18.2715,18.379,18.042,17.583,17.362,17.034
2136-06-21 21:45:00,18.177,18.316,18.042,17.583,17.362,17.034
2136-06-21 22:00:00,18.0835,18.254,17.979,17.552,17.362,17.0655
2136-06-21 22:15:00,17.99,18.191,17.917,17.521,17.362,17.097
2136-06-21 22:30:00,17.8955,18.1595,17.917,17.521,17.362,17.097
2136-06-21 22:45:00,17.802,18.066,17.854,17.521,17.362,17.034
2136-06-21 23:00:00,17.7075,18.0345,17.854,17.458,17.362,17.0655
2136-06-21 23:15:00,17.614,17.94,17.792,17.458,17.362,17.034
2136-06-21 23:30:00,17.52,17.909,17.7605,17.426499999999997,17.299,17.034
2136-06-21 23:45:00,17.426,17.815,17.729,17.395,17.299,17.034
2136-06-22 00:00:00,17.332,17.752,17.667,17.363999999999997,17.299,17.034
2136-06-22 00:15:00,17.175,17.69,17.604,17.333,17.299,17.034
2136-06-22 00:30:00,17.0815,17.5955,17.572499999999998,17.333,17.237,17.034
2136-06-22 00:45:00,16.988,17.564,17.541,17.27,17.237,17.034
2136-06-22 01:00:00,16.8935,17.4705,17.447499999999998,17.238999999999997,17.237,17.034
2136-06-22 01:15:00,16.8,17.376,17.416,17.208,17.174,16.971
2136-06-22 01:30:00,16.7055,17.314,17.354,17.176499999999997,17.174,16.971
2136-06-22 01:45:00,16.612,17.251,17.291,17.145,17.174,16.971
2136-06-22 02:00:00,16.518,17.157,17.259500000000003,17.082,17.111,16.971
2136-06-22 02:15:00,16.424,17.063,17.166,17.082,17.111,16.971
2136-06-22 02:30:00,16.33,17.0315,17.134500000000003,17.02,17.08,16.909
2136-06-22 02:45:00,16.236,16.938,17.103,16.957,17.049,16.909
2136-06-22 03:00:00,16.142,16.9065,17.041,16.957,17.049,16.909
2136-06-22 03:15:00,16.048,16.812,16.978,16.895,16.986,16.846
2136-06-22 03:30:00,16.0165,16.75,16.915,16.863500000000002,16.9545,16.846
2136-06-22 03:45:00,15.923,16.687,16.853,16.832,16.923,16.846
2136-06-22 04:00:00,15.8285,16.624,16.8215,16.769,16.8915,16.783
2136-06-22 04:15:00,15.797,16.562,16.79,16.707,16.86,16.783
2136-06-22 04:30:00,15.7035,16.499,16.6965,16.707,16.86,16.752000000000002
2136-06-22 04:45:00,15.61,16.436,16.665,16.644,16.798,16.721
2136-06-22 05:00:00,15.5155,16.3425,16.602,16.612499999999997,16.798,16.721
2136-06-22 05:15:00,15.422,16.248,16.54,16.581,16.735,16.658
2136-06-22 05:30:00,15.359,16.217,16.477,16.519,16.7035,16.658
2136-06-22 05:45:00,15.296,16.123,16.415,16.456,16.672,16.658
2136-06-22 06:00:00,15.2025,16.0915,16.352,16.424999999999997,16.641,16.596
2136-06-22 06:15:00,15.171,15.998,16.289,16.394,16.61,16.596
2136-06-22 06:30:00,15.108,15.9665,16.258000000000003,16.331,16.547,16.533
2136-06-22 06:45:00,15.046,15.935,16.227,16.331,16.547,16.533
2136-06-22 07:00:00,15.0145,15.872,16.164,16.268,16.484,16.5015
2136-06-22 07:15:00,14.983,15.81,16.102,16.206,16.484,16.47
2136-06-22 07:30:00,14.983,15.81,16.102,16.174500000000002,16.422,16.439
2136-06-22 07:45:00,14.983,15.747,16.039,16.143,16.422,16.408
2136-06-22 08:00:00,14.983,15.747,16.0075,16.1115,16.359,16.3765
2136-06-22 08:15:00,14.983,15.747,15.976,16.08,16.359,16.345
2136-06-22 08:30:00,15.077,15.747,15.976,16.049,16.296,16.345
2136-06-22 08:45:00,15.171,15.747,15.976,16.018,16.296,16.282
2136-06-22 09:00:00,15.265,15.81,15.976,16.018,16.265,16.282
2136-06-22 09:15:00,15.296,15.81,15.976,16.018,16.234,16.282
2136-06-22 09:30:00,15.3905,15.872,15.976,15.955,16.234,16.250999999999998
2136-06-22 09:45:00,15.547,15.935,15.976,15.955,16.234,16.22
2136-06-22 10:00:00,15.6725,15.9665,15.976,15.955,16.171,16.22
2136-06-22 10:15:00,15.797,16.06,16.039,15.955,16.171,16.157
2136-06-22 10:30:00,15.985499999999998,16.1545,16.039,15.955,16.171,16.157
2136-06-22 10:45:00,16.173,16.248,16.102,15.955,16.171,16.157
2136-06-22 11:00:00,16.3615,16.3425,16.164,16.018,16.171,16.157
2136-06-22 11:15:00,16.549,16.436,16.227,16.018,16.171,16.094
2136-06-22 11:30:00,16.737000000000002,16.593,16.258000000000003,16.049,16.171,16.094
2136-06-22 11:45:00,16.925,16.687,16.352,16.08,16.171,16.094
2136-06-22 12:00:00,17.1125,16.8435,16.415,16.1115,16.171,16.094
2136-06-22 12:15:00,17.301,16.938,16.477,16.143,16.171,16.094
2136-06-22 12:30:00,17.5515,17.0945,16.570999999999998,16.206,16.2025,16.094
2136-06-22 12:45:00,17.739,17.251,16.665,16.268,16.234,16.094
2136-06-22 13:00:00,18.021,17.3765,16.759,16.299500000000002,16.234,16.157
2136-06-22 13:15:00,18.303,17.564,16.853,16.331,16.296,16.157
2136-06-22 13:30:00,18.522,17.7525,16.978,16.424999999999997,16.296,16.157
2136-06-22 13:45:00,18.803,17.94,17.103,16.456,16.359,16.157
2136-06-22 14:00:00,18.9915,18.0655,17.197000000000003,16.549999999999997,16.359,16.188499999999998
2136-06-22 14:15:00,19.179,18.254,17.291,16.644,16.422,16.22
2136-06-22 14:30:00,19.4295,18.3785,17.447499999999998,16.6755,16.484,16.22
2136-06-22 14:45:00,19.617,18.567,17.541,16.769,16.484,16.282
2136-06-22 15:00:00,19.711,18.692,17.6355,16.863500000000002,16.547,16.282
2136-06-22 15:15:00,19.867,18.817,17.792,16.957,16.61,16.345
2136-06-22 15:30:00,19.8985,18.9115,17.823,16.988500000000002,16.672,16.345
2136-06-22 15:45:00,19.993,19.005,17.917,17.082,16.735,16.408
2136-06-22 16:00:00,19.993,19.0365,18.0105,17.145,16.7665,16.408
2136-06-22 16:15:00,19.993,19.13,18.105,17.208,16.798,16.47
2136-06-22 16:30:00,19.993,19.13,18.136000000000003,17.27,16.86,16.5015
2136-06-22 16:45:00,19.993,19.193,18.23,17.333,16.923,16.533
2136-06-22 17:00:00,19.93,19.193,18.261000000000003,17.363999999999997,16.9545,16.596
2136-06-22 17:15:00,19.867,19.193,18.292,17.395,16.986,16.596
2136-06-22 17:30:00,19.836,19.193,18.323500000000003,17.458,17.049,16.658
2136-06-22 17:45:00,19.805,19.193,18.355,17.521,17.111,16.658
2136-06-22 18:00:00,19.742,19.193,18.355,17.521,17.111,16.721
2136-06-22 18:15:00,19.68,19.193,18.418,17.583,17.174,16.721
2136-06-22 18:30:00,19.68,19.193,18.418,17.583,17.174,16.783
2136-06-22 18:45:00,19.617,19.193,18.418,17.646,17.237,16.783
2136-06-22 19:00:00,19.555,19.1615,18.418,17.646,17.268,16.846
2136-06-22 19:15:00,19.555,19.13,18.418,17.646,17.299,16.846
2136-06-22 19:30:00,19.492,19.13,18.418,17.708,17.299,16.909
2136-06-22 19:45:00,19.429,19.13,18.418,17.708,17.362,16.909
2136-06-22 20:00:00,19.367,19.068,18.418,17.708,17.362,16.939999999999998
2136-06-22 20:15:00,19.304,19.068,18.418,17.708,17.362,16.971
2136-06-22 20:30:00,19.2105,19.005,18.418,17.7395,17.362,16.971
2136-06-22 20:45:00,19.179,19.005,18.418,17.771,17.425,16.971
2136-06-22 21:00:00,19.085,18.943,18.418,17.771,17.425,17.034
2136-06-22 21:15:00,18.991,18.88,18.355,17.771,17.425,17.034
2136-06-22 21:30:00,18.8975,18.8485,18.355,17.771,17.425,17.034
2136-06-22 21:45:00,18.803,18.755,18.355,17.708,17.425,17.097
2136-06-22 22:00:00,18.7095,18.7235,18.292,17.708,17.456,17.097
2136-06-22 22:15:00,18.616,18.692,18.292,17.708,17.487,17.097
2136-06-22 22:30:00,18.5215,18.598,18.23,17.708,17.487,17.097
2136-06-22 22:45:00,18.428,18.567,18.23,17.708,17.487,17.097
2136-06-22 23:00:00,18.334,18.4725,18.167,17.708,17.456,17.097
2136-06-22 23:15:00,18.24,18.441,18.105,17.646,17.487,17.097
2136-06-22 23:30:00,18.146,18.3475,18.105,17.646,17.425,17.097
2136-06-22 23:45:00,18.052,18.254,18.042,17.646,17.425,17.097
2136-06-23 00:00:00,17.8955,18.2225,18.0105,17.583,17.425,17.097
2136-06-23 00:15:00,17.802,18.128,17.979,17.583,17.425,17.097
2136-06-23 00:30:00,17.7075,18.066,17.917,17.552,17.425,17.097
2136-06-23 00:45:00,17.614,18.003,17.854,17.521,17.425,17.097
2136-06-23 01:00:00,17.52,17.909,17.823,17.4895,17.362,17.097
2136-06-23 01:15:00,17.426,17.878,17.792,17.458,17.362,17.097
2136-06-23 01:30:00,17.332,17.7835,17.698,17.426499999999997,17.362,17.097
2136-06-23 01:45:00,17.238,17.69,17.667,17.395,17.299,17.097
2136-06-23 02:00:00,17.144,17.6585,17.604,17.363999999999997,17.299,17.097
2136-06-23 02:15:00,17.05,17.564,17.541,17.333,17.299,17.034
2136-06-23 02:30:00,16.9565,17.502,17.509999999999998,17.301499999999997,17.268,17.034
2136-06-23 02:45:00,16.862,17.439,17.479,17.27,17.237,17.034
2136-06-23 03:00:00,16.8,17.376,17.384999999999998,17.208,17.237,17.034
2136-06-23 03:15:00,16.737,17.314,17.354,17.208,17.174,17.034
2136-06-23 03:30:00,16.643,17.251,17.322499999999998,17.145,17.174,16.971
2136-06-23 03:45:00,16.612,17.188,17.228,17.082,17.174,16.971
2136-06-23 04:00:00,16.518,17.126,17.197000000000003,17.082,17.111,16.971
2136-06-23 04:15:00,16.487,17.063,17.166,17.02,17.111,16.909
2136-06-23 04:30:00,16.424,17.0315,17.103,17.02,17.049,16.909
2136-06-23 04:45:00,16.361,17.0,17.041,16.957,17.049,16.909
2136-06-23 05:00:00,16.299,16.938,17.041,16.926000000000002,17.0175,16.909
2136-06-23 05:15:00,16.236,16.875,16.978,16.895,16.986,16.846
2136-06-23 05:30:00,16.2045,16.812,16.9465,16.863500000000002,16.986,16.846
2136-06-23 05:45:00,16.173,16.75,16.915,16.832,16.923,16.846
2136-06-23 06:00:00,16.111,16.75,16.853,16.8005,16.923,16.783
2136-06-23 06:15:00,16.048,16.687,16.853,16.769,16.86,16.783
2136-06-23 06:30:00,16.048,16.6555,16.79,16.738,16.86,16.752000000000002
2136-06-23 06:45:00,15.985,16.624,16.728,16.707,16.798,16.721
2136-06-23 07:00:00,15.985,16.593,16.728,16.6755,16.798,16.721
2136-06-23 07:15:00,15.985,16.562,16.665,16.644,16.798,16.721
2136-06-23 07:30:00,15.985,16.562,16.665,16.612499999999997,16.735,16.658
2136-06-23 07:45:00,15.985,16.562,16.602,16.581,16.735,16.658
2136-06-23 08:00:00,15.985,16.562,16.602,16.581,16.7035,16.658
2136-06-23 08:15:00,16.048,16.499,16.602,16.519,16.672,16.596
2136-06-23 08:30:00,16.0795,16.562,16.602,16.519,16.672,16.596
2136-06-23 08:45:00,16.173,16.562,16.602,16.519,16.61,16.596
2136-06-23 09:00:00,16.2675,16.624,16.602,16.487499999999997,16.61,16.564500000000002
2136-06-23 09:15:00,16.361,16.687,16.602,16.456,16.61,16.533
2136-06-23 09:30:00,16.518,16.7185,16.602,16.456,16.61,16.533
2136-06-23 09:45:00,16.612,16.75,16.665,16.456,16.61,16.533
2136-06-23 10:00:00,16.7685,16.8435,16.665,16.456,16.61,16.533
2136-06-23 10:15:00,16.925,16.938,16.728,16.519,16.547,16.47
2136-06-23 10:30:00,17.0505,17.0315,16.759,16.519,16.547,16.47
2136-06-23 10:45:00,17.175,17.126,16.79,16.519,16.547,16.47
2136-06-23 11:00:00,17.3635,17.2195,16.853,16.549999999999997,16.547,16.47
2136-06-23 11:15:00,17.551,17.314,16.915,16.581,16.61,16.47
2136-06-23 11:30:00,17.738999999999997,17.4075,16.978,16.612499999999997,16.61,16.47
2136-06-23 11:45:00,17.927,17.564,17.041,16.644,16.61,16.47
2136-06-23 12:00:00,18.1145,17.6585,17.134500000000003,16.6755,16.61,16.47
2136-06-23 12:15:00,18.303,17.815,17.228,16.707,16.61,16.47
2136-06-23 12:30:00,18.552999999999997,17.9405,17.259500000000003,16.769,16.672,16.47
2136-06-23 12:45:00,18.741,18.066,17.354,16.832,16.672,16.533
2136-06-23 13:00:00,18.9915,18.2535,17.447499999999998,16.863500000000002,16.735,16.533
2136-06-23 13:15:00,19.242,18.379,17.604,16.957,16.735,16.533
2136-06-23 13:30:00,19.491999999999997,18.598,17.698,16.988500000000002,16.798,16.533
2136-06-23 13:45:00,19.68,18.692,17.792,17.082,16.798,16.596
2136-06-23 14:00:00,19.8675,18.880000000000003,17.8855,17.145,16.86,16.596
2136-06-23 14:15:00,20.118,19.068,18.042,17.208,16.923,16.596
2136-06-23 14:30:00,20.3685,19.2555,18.136000000000003,17.301499999999997,16.9545,16.658
2136-06-23 14:45:00,20.493,19.381,18.292,17.395,16.986,16.658
2136-06-23 15:00:00,20.6495,19.5375,18.386499999999998,17.426499999999997,17.049,16.721
2136-06-23 15:15:00,20.744,19.631,18.48,17.521,17.111,16.721
2136-06-23 15:30:00,20.8375,19.7255,18.573999999999998,17.6145,17.174,16.783
2136-06-23 15:45:00,20.869,19.819,18.668,17.708,17.237,16.846
2136-06-23 16:00:00,20.931,19.882,18.761499999999998,17.7395,17.268,16.846
2136-06-23 16:15:00,20.931,19.944,18.793,17.834,17.362,16.909
2136-06-23 16:30:00,20.931,19.9755,18.887,17.865000000000002,17.3935,16.939999999999998
2136-06-23 16:45:00,20.869,20.007,18.918,17.959,17.425,16.971
2136-06-23 17:00:00,20.8375,20.007,18.981,17.990000000000002,17.487,17.034
2136-06-23 17:15:00,20.806,20.007,19.043,18.021,17.55,17.034
2136-06-23 17:30:00,20.744,20.007,19.043,18.084,17.5815,17.097
2136-06-23 17:45:00,20.744,20.007,19.043,18.147,17.613,17.159
2136-06-23 18:00:00,20.681,20.007,19.106,18.147,17.675,17.159
2136-06-23 18:15:00,20.618,20.007,19.106,18.209,17.675,17.222
2136-06-23 18:30:00,20.587,20.007,19.106,18.209,17.738,17.253500000000003
2136-06-23 18:45:00,20.556,20.007,19.168,18.272,17.738,17.285
2136-06-23 19:00:00,20.5245,20.007,19.168,18.272,17.801,17.316000000000003
2136-06-23 19:15:00,20.493,20.007,19.168,18.272,17.801,17.347
2136-06-23 19:30:00,20.431,19.944,19.168,18.334,17.863,17.347
2136-06-23 19:45:00,20.368,19.944,19.168,18.334,17.863,17.41
2136-06-23 20:00:00,20.306,19.913,19.168,18.334,17.926,17.41
2136-06-23 20:15:00,20.243,19.882,19.168,18.397,17.926,17.472
2136-06-23 20:30:00,20.2115,19.882,19.168,18.397,17.926,17.472
2136-06-23 20:45:00,20.118,19.819,19.168,18.397,17.989,17.472
2136-06-23 21:00:00,20.0865,19.819,19.168,18.397,17.989,17.535
2136-06-23 21:15:00,19.993,19.757,19.168,18.397,17.989,17.535
2136-06-23 21:30:00,19.9615,19.7255,19.106,18.397,17.989,17.535
2136-06-23 21:45:00,19.867,19.694,19.106,18.397,18.051,17.535
2136-06-23 22:00:00,19.805,19.631,19.106,18.397,18.02,17.598
2136-06-23 22:15:00,19.742,19.631,19.043,18.397,18.051,17.598
2136-06-23 22:30:00,19.68,19.569,19.043,18.397,18.051,17.598
2136-06-23 22:45:00,19.617,19.506,19.043,18.397,18.051,17.598
2136-06-23 23:00:00,19.555,19.506,18.981,18.397,18.051,17.628999999999998
2136-06-23 23:15:00,19.492,19.443,18.981,18.397,18.051,17.66
2136-06-23 23:30:00,19.429,19.412,18.9495,18.365499999999997,18.051,17.66
2136-06-23 23:45:00,19.367,19.381,18.918,18.334,18.051,17.66
2136-06-24 00:00:00,19.273,19.318,18.918,18.334,18.051,17.66
2136-06-24 00:15:00,19.179,19.256,18.856,18.334,18.051,17.66
2136-06-24 00:30:00,19.1475,19.193,18.856,18.334,18.051,17.66
2136-06-24 00:45:00,19.054,19.13,18.793,18.272,18.051,17.66
2136-06-24 01:00:00,18.96,19.099,18.793,18.272,18.051,17.66
2136-06-24 01:15:00,18.866,19.068,18.73,18.272,18.051,17.66
2136-06-24 01:30:00,18.803,18.974,18.698999999999998,18.209,18.02,17.66
2136-06-24 01:45:00,18.741,18.943,18.668,18.209,17.989,17.66
2136-06-24 02:00:00,18.678,18.88,18.636499999999998,18.209,17.989,17.66
2136-06-24 02:15:00,18.616,18.817,18.605,18.147,17.989,17.66
2136-06-24 02:30:00,18.553,18.786,18.573999999999998,18.147,17.989,17.66
2136-06-24 02:45:00,18.49,18.755,18.543,18.147,17.989,17.66
2136-06-24 03:00:00,18.459,18.692,18.48,18.084,17.926,17.66
2136-06-24 03:15:00,18.365,18.629,18.48,18.084,17.926,17.66
2136-06-24 03:30:00,18.334,18.598,18.418,18.052500000000002,17.926,17.598
2136-06-24 03:45:00,18.303,18.567,18.355,18.021,17.926,17.598
2136-06-24 04:00:00,18.24,18.504,18.355,18.021,17.8945,17.598
2136-06-24 04:15:00,18.177,18.504,18.292,17.959,17.863,17.598
2136-06-24 04:30:00,18.146,18.441,18.292,17.959,17.863,17.598
2136-06-24 04:45:00,18.115,18.379,18.23,17.959,17.863,17.598
2136-06-24 05:00:00,18.052,18.3475,18.23,17.896,17.801,17.566499999999998
2136-06-24 05:15:00,18.052,18.316,18.167,17.896,17.801,17.535
2136-06-24 05:30:00,17.99,18.316,18.167,17.865000000000002,17.801,17.535
2136-06-24 05:45:00,17.99,18.254,18.105,17.834,17.801,17.535
2136-06-24 06:00:00,17.927,18.254,18.105,17.834,17.738,17.535
2136-06-24 06:15:00,17.927,18.254,18.105,17.771,17.738,17.535
2136-06-24 06:30:00,17.927,18.2225,18.073500000000003,17.771,17.738,17.503500000000003
2136-06-24 06:45:00,17.864,18.191,18.042,17.771,17.738,17.472
2136-06-24 07:00:00,17.864,18.1595,18.042,17.7395,17.675,17.472
2136-06-24 07:15:00,17.864,18.128,17.979,17.708,17.675,17.472
2136-06-24 07:30:00,17.864,18.128,17.979,17.708,17.675,17.472
2136-06-24 07:45:00,17.864,18.128,17.979,17.708,17.675,17.472
2136-06-24 08:00:00,17.864,18.128,17.979,17.677,17.613,17.41
2136-06-24 08:15:00,17.864,18.128,17.917,17.646,17.613,17.41
2136-06-24 08:30:00,17.927,18.128,17.917,17.646,17.613,17.41
2136-06-24 08:45:00,17.927,18.128,17.917,17.646,17.613,17.41
2136-06-24 09:00:00,17.99,18.128,17.917,17.646,17.613,17.41
2136-06-24 09:15:00,17.99,18.128,17.917,17.646,17.55,17.347
2136-06-24 09:30:00,17.99,18.128,17.917,17.6145,17.55,17.347
2136-06-24 09:45:00,18.052,18.128,17.917,17.583,17.55,17.347
2136-06-24 10:00:00,18.0835,18.191,17.917,17.583,17.55,17.347
2136-06-24 10:15:00,18.115,18.191,17.917,17.583,17.55,17.347
2136-06-24 10:30:00,18.177,18.2225,17.917,17.583,17.55,17.347
2136-06-24 10:45:00,18.24,18.254,17.917,17.583,17.55,17.347
2136-06-24 11:00:00,18.24,18.254,17.979,17.583,17.55,17.347
2136-06-24 11:15:00,18.24,18.254,17.979,17.583,17.55,17.347
2136-06-24 11:30:00,18.24,18.285,17.979,17.583,17.55,17.347
2136-06-24 11:45:00,18.24,18.316,17.979,17.583,17.55,17.285
2136-06-24 12:00:00,18.303,18.316,17.979,17.583,17.55,17.316000000000003
2136-06-24 12:15:00,18.303,18.316,17.979,17.583,17.55,17.285
2136-06-24 12:30:00,18.334,18.316,17.979,17.583,17.55,17.285
2136-06-24 12:45:00,18.365,18.316,17.979,17.646,17.55,17.285
2136-06-24 13:00:00,18.428,18.379,18.042,17.646,17.55,17.285
2136-06-24 13:15:00,18.49,18.379,18.042,17.646,17.55,17.285
2136-06-24 13:30:00,18.5215,18.441,18.042,17.646,17.55,17.285
2136-06-24 13:45:00,18.553,18.441,18.042,17.646,17.55,17.285
2136-06-24 14:00:00,18.616,18.504,18.105,17.646,17.55,17.285
2136-06-24 14:15:00,18.616,18.504,18.105,17.646,17.55,17.285
2136-06-24 14:30:00,18.678,18.5355,18.105,17.677,17.55,17.316000000000003
2136-06-24 14:45:00,18.678,18.567,18.167,17.708,17.55,17.285
2136-06-24 15:00:00,18.741,18.598,18.167,17.708,17.55,17.316000000000003
2136-06-24 15:15:00,18.741,18.629,18.167,17.708,17.55,17.347
2136-06-24 15:30:00,18.741,18.629,18.198500000000003,17.708,17.55,17.347
2136-06-24 15:45:00,18.803,18.629,18.23,17.708,17.613,17.347
2136-06-24 16:00:00,18.803,18.6605,18.23,17.7395,17.613,17.347
2136-06-24 16:15:00,18.866,18.692,18.23,17.771,17.613,17.347
2136-06-24 16:30:00,18.8975,18.7235,18.261000000000003,17.771,17.613,17.347
2136-06-24 16:45:00,18.929,18.755,18.292,17.771,17.613,17.347
2136-06-24 17:00:00,18.991,18.786,18.292,17.771,17.613,17.347
2136-06-24 17:15:00,18.991,18.817,18.292,17.834,17.613,17.347
2136-06-24 17:30:00,18.991,18.817,18.355,17.834,17.613,17.347
2136-06-24 17:45:00,18.991,18.817,18.355,17.834,17.675,17.347
2136-06-24 18:00:00,19.179000000000002,18.974,18.418,17.865000000000002,17.675,17.41
2136-06-24 18:15:00,19.367,19.068,18.48,17.896,17.675,17.41
2136-06-24 18:30:00,19.367,19.13,18.511499999999998,17.927500000000002,17.675,17.41
2136-06-24 18:45:00,19.367,19.13,18.543,17.959,17.738,17.41
2136-06-24 19:00:00,19.304,19.13,18.543,17.959,17.738,17.41
2136-06-24 19:15:00,19.242,19.068,18.543,17.959,17.738,17.41
2136-06-24 19:30:00,19.179,19.068,18.573999999999998,18.021,17.7695,17.472
2136-06-24 19:45:00,19.116,19.068,18.543,18.021,17.801,17.472
2136-06-24 20:00:00,19.116,19.005,18.543,18.021,17.801,17.472
2136-06-24 20:15:00,19.116,19.005,18.543,18.021,17.801,17.472
2136-06-24 20:30:00,19.085,19.005,18.543,18.021,17.801,17.472
2136-06-24 20:45:00,19.054,19.005,18.543,18.021,17.801,17.472
2136-06-24 21:00:00,19.054,19.005,18.543,18.021,17.801,17.535
2136-06-24 21:15:00,19.054,19.005,18.543,18.021,17.801,17.535
2136-06-24 21:30:00,18.991,18.943,18.543,18.021,17.832,17.535
2136-06-24 21:45:00,18.991,18.943,18.543,18.021,17.863,17.535
2136-06-24 22:00:00,18.929,18.943,18.543,18.021,17.863,17.535
2136-06-24 22:15:00,18.929,18.943,18.543,18.021,17.863,17.535
2136-06-24 22:30:00,18.929,18.88,18.511499999999998,18.021,17.863,17.535
2136-06-24 22:45:00,18.929,18.88,18.543,18.021,17.863,17.535
2136-06-24 23:00:00,18.866,18.88,18.48,18.021,17.863,17.535
2136-06-24 23:15:00,18.866,18.88,18.48,18.021,17.863,17.535
2136-06-24 23:30:00,18.866,18.88,18.48,18.021,17.863,17.535
2136-06-24 23:45:00,18.803,18.817,18.48,18.021,17.863,17.535
2136-06-25 00:00:00,18.803,18.817,18.48,18.021,17.863,17.535
2136-06-25 00:15:00,18.803,18.817,18.48,18.021,17.863,17.535
2136-06-25 00:30:00,18.7095,18.786,18.448999999999998,18.021,17.863,17.566499999999998
2136-06-25 00:45:00,18.678,18.755,18.418,18.021,17.863,17.535
2136-06-25 01:00:00,18.647,18.7235,18.418,18.021,17.863,17.535
2136-06-25 01:15:00,18.616,18.692,18.418,17.959,17.863,17.535
2136-06-25 01:30:00,18.616,18.692,18.418,17.959,17.863,17.535
2136-06-25 01:45:00,18.553,18.692,18.355,17.959,17.863,17.535
2136-06-25 02:00:00,18.553,18.629,18.355,17.959,17.801,17.535
2136-06-25 02:15:00,18.49,18.629,18.355,17.959,17.801,17.535
2136-06-25 02:30:00,18.49,18.629,18.355,17.959,17.801,17.535
2136-06-25 02:45:00,18.49,18.567,18.355,17.959,17.801,17.535
2136-06-25 03:00:00,18.428,18.567,18.292,17.927500000000002,17.801,17.535
2136-06-25 03:15:00,18.428,18.567,18.292,17.896,17.801,17.535
2136-06-25 03:30:00,18.3965,18.567,18.292,17.896,17.801,17.535
2136-06-25 03:45:00,18.365,18.504,18.292,17.896,17.801,17.535
2136-06-25 04:00:00,18.365,18.504,18.261000000000003,17.896,17.801,17.535
2136-06-25 04:15:00,18.303,18.504,18.23,17.896,17.801,17.535
2136-06-25 04:30:00,18.303,18.4725,18.23,17.896,17.801,17.535
2136-06-25 04:45:00,18.303,18.441,18.23,17.834,17.801,17.535
2136-06-25 05:00:00,18.24,18.441,18.23,17.834,17.738,17.535
2136-06-25 05:15:00,18.24,18.441,18.167,17.834,17.738,17.535
2136-06-25 05:30:00,18.24,18.41,18.167,17.834,17.738,17.535
2136-06-25 05:45:00,18.24,18.379,18.167,17.834,17.738,17.535
2136-06-25 06:00:00,18.24,18.379,18.167,17.834,17.738,17.472
2136-06-25 06:15:00,18.24,18.379,18.167,17.834,17.738,17.472
2136-06-25 06:30:00,18.24,18.379,18.167,17.802500000000002,17.738,17.472
2136-06-25 06:45:00,18.24,18.379,18.105,17.771,17.738,17.472
2136-06-25 07:00:00,18.24,18.379,18.105,17.771,17.7065,17.472
2136-06-25 07:15:00,18.24,18.379,18.105,17.771,17.675,17.472
2136-06-25 07:30:00,18.177,18.3475,18.105,17.771,17.675,17.472
2136-06-25 07:45:00,18.177,18.316,18.105,17.771,17.675,17.472
2136-06-25 08:00:00,18.177,18.316,18.105,17.771,17.675,17.472
2136-06-25 08:15:00,18.177,18.316,18.105,17.771,17.675,17.472
2136-06-25 08:30:00,18.177,18.316,18.105,17.771,17.675,17.472
2136-06-25 08:45:00,18.177,18.316,18.105,17.708,17.675,17.472
2136-06-25 09:00:00,18.177,18.316,18.042,17.708,17.675,17.472
2136-06-25 09:15:00,18.177,18.316,18.042,17.708,17.675,17.472
2136-06-25 09:30:00,18.177,18.316,18.042,17.708,17.675,17.41
2136-06-25 09:45:00,18.177,18.316,18.042,17.708,17.675,17.41
2136-06-25 10:00:00,18.177,18.316,18.042,17.708,17.675,17.41
2136-06-25 10:15:00,18.24,18.316,18.042,17.708,17.675,17.41
2136-06-25 10:30:00,18.24,18.316,18.042,17.708,17.644,17.41
2136-06-25 10:45:00,18.24,18.316,18.042,17.708,17.613,17.41
2136-06-25 11:00:00,18.303,18.3475,18.073500000000003,17.708,17.613,17.41
2136-06-25 11:15:00,18.303,18.379,18.042,17.708,17.613,17.41
2136-06-25 11:30:00,18.303,18.379,18.105,17.708,17.613,17.41
2136-06-25 11:45:00,18.365,18.379,18.105,17.708,17.613,17.41
2136-06-25 12:00:00,18.365,18.379,18.105,17.708,17.613,17.41
2136-06-25 12:15:00,18.428,18.441,18.105,17.708,17.613,17.41
2136-06-25 12:30:00,18.459,18.441,18.105,17.708,17.644,17.41
2136-06-25 12:45:00,18.553,18.504,18.167,17.771,17.675,17.41
2136-06-25 13:00:00,18.647,18.5355,18.167,17.771,17.675,17.41
2136-06-25 13:15:00,18.741,18.629,18.23,17.771,17.675,17.41
2136-06-25 13:30:00,18.866,18.6605,18.23,17.771,17.675,17.41
2136-06-25 13:45:00,18.991,18.755,18.292,17.834,17.675,17.41
2136-06-25 14:00:00,19.085,18.786,18.323500000000003,17.834,17.675,17.41
2136-06-25 14:15:00,19.179,18.88,18.355,17.834,17.675,17.472
2136-06-25 14:30:00,19.2105,18.9115,18.418,17.896,17.738,17.472
2136-06-25 14:45:00,19.242,18.943,18.48,17.896,17.738,17.472
2136-06-25 15:00:00,19.242,19.005,18.511499999999998,17.959,17.738,17.472
2136-06-25 15:15:00,19.242,19.005,18.543,17.959,17.801,17.472
2136-06-25 15:30:00,19.304,19.068,18.573999999999998,18.021,17.801,17.503500000000003
2136-06-25 15:45:00,19.304,19.068,18.605,18.021,17.801,17.535
2136-06-25 16:00:00,19.3355,19.13,18.605,18.052500000000002,17.832,17.535
2136-06-25 16:15:00,19.367,19.13,18.668,18.084,17.863,17.535
2136-06-25 16:30:00,19.367,19.1615,18.668,18.084,17.863,17.535
2136-06-25 16:45:00,19.367,19.193,18.668,18.147,17.863,17.598
2136-06-25 17:00:00,19.398,19.193,18.73,18.147,17.926,17.598
2136-06-25 17:15:00,19.429,19.256,18.73,18.147,17.926,17.598
2136-06-25 17:30:00,19.429,19.256,18.761499999999998,18.209,17.926,17.598
2136-06-25 17:45:00,19.429,19.256,18.793,18.209,17.989,17.66
2136-06-25 18:00:00,19.492,19.287,18.793,18.209,17.989,17.66
2136-06-25 18:15:00,19.492,19.318,18.793,18.272,17.989,17.66
2136-06-25 18:30:00,19.492,19.318,18.856,18.272,18.02,17.66
2136-06-25 18:45:00,19.492,19.318,18.856,18.272,18.051,17.723
2136-06-25 19:00:00,19.492,19.318,18.856,18.302999999999997,18.051,17.723
2136-06-25 19:15:00,19.429,19.318,18.856,18.334,18.051,17.723
2136-06-25 19:30:00,19.429,19.318,18.856,18.334,18.051,17.723
2136-06-25 19:45:00,19.367,19.318,18.856,18.334,18.114,17.723
2136-06-25 20:00:00,19.367,19.318,18.887,18.334,18.114,17.786
2136-06-25 20:15:00,19.367,19.318,18.918,18.334,18.114,17.786
2136-06-25 20:30:00,19.304,19.318,18.918,18.334,18.114,17.786
2136-06-25 20:45:00,19.367,19.318,18.918,18.397,18.114,17.786
2136-06-25 21:00:00,19.367,19.3185,18.887,18.365499999999997,18.177,17.786
2136-06-25 21:15:00,19.617,19.443,18.981,18.397,18.177,17.848
2136-06-25 21:30:00,19.3665,19.287,18.918,18.397,18.177,17.848
2136-06-25 21:45:00,19.242,19.256,18.918,18.397,18.177,17.848
2136-06-25 22:00:00,19.398,19.318,18.918,18.397,18.177,17.848
2136-06-25 22:15:00,19.304,19.318,18.918,18.397,18.177,17.848
2136-06-25 22:30:00,19.6485,19.694,19.137,18.491,18.239,17.8795
2136-06-25 22:45:00,19.617,19.631,19.168,18.585,18.239,17.911
2136-06-25 23:00:00,19.617,19.631,19.168,18.585,18.302,17.911
2136-06-25 23:15:00,19.617,19.631,19.168,18.585,18.302,17.911
2136-06-25 23:30:00,19.586,19.569,19.168,18.585,18.302,17.973
2136-06-25 23:45:00,19.555,19.569,19.168,18.585,18.365,17.973
2136-06-26 00:00:00,19.555,19.5375,19.137,18.585,18.365,17.973
2136-06-26 00:15:00,19.555,19.506,19.106,18.585,18.365,17.973
2136-06-26 00:30:00,19.492,19.506,19.106,18.585,18.365,17.973
2136-06-26 00:45:00,19.492,19.506,19.106,18.585,18.365,17.973
2136-06-26 01:00:00,19.429,19.4745,19.106,18.585,18.365,18.036
2136-06-26 01:15:00,19.367,19.443,19.106,18.585,18.365,18.036
2136-06-26 01:30:00,19.3355,19.412,19.043,18.585,18.365,18.036
2136-06-26 01:45:00,19.242,19.381,19.043,18.585,18.365,18.036
2136-06-26 02:00:00,19.2105,19.318,19.043,18.5535,18.365,18.036
2136-06-26 02:15:00,19.179,19.318,18.981,18.522,18.365,18.036
2136-06-26 02:30:00,19.085,19.256,18.981,18.522,18.365,18.036
2136-06-26 02:45:00,19.054,19.193,18.918,18.522,18.365,18.036
2136-06-26 03:00:00,18.96,19.1615,18.918,18.522,18.365,18.036
2136-06-26 03:15:00,18.929,19.13,18.856,18.46,18.302,18.036
2136-06-26 03:30:00,18.866,19.068,18.856,18.46,18.302,18.036
2136-06-26 03:45:00,18.803,19.068,18.793,18.46,18.302,18.036
2136-06-26 04:00:00,18.741,19.005,18.793,18.4285,18.302,18.0045
2136-06-26 04:15:00,18.678,18.943,18.793,18.397,18.302,17.973
2136-06-26 04:30:00,18.647,18.9115,18.73,18.397,18.302,17.973
2136-06-26 04:45:00,18.616,18.88,18.73,18.397,18.239,17.973
2136-06-26 05:00:00,18.5845,18.8485,18.668,18.334,18.239,17.973
2136-06-26 05:15:00,18.49,18.817,18.668,18.334,18.239,17.973
2136-06-26 05:30:00,18.49,18.786,18.636499999999998,18.302999999999997,18.239,17.973
2136-06-26 05:45:00,18.428,18.755,18.605,18.272,18.177,17.973
2136-06-26 06:00:00,18.428,18.7235,18.573999999999998,18.272,18.177,17.973
2136-06-26 06:15:00,18.428,18.692,18.543,18.272,18.177,17.911
2136-06-26 06:30:00,18.365,18.6605,18.543,18.209,18.177,17.911
2136-06-26 06:45:00,18.365,18.629,18.48,18.209,18.177,17.911
2136-06-26 07:00:00,18.365,18.629,18.48,18.209,18.114,17.911
2136-06-26 07:15:00,18.303,18.629,18.48,18.147,18.114,17.911
2136-06-26 07:30:00,18.303,18.567,18.418,18.147,18.114,17.911
2136-06-26 07:45:00,18.303,18.567,18.418,18.147,18.114,17.911
2136-06-26 08:00:00,18.303,18.567,18.418,18.147,18.0825,17.848
2136-06-26 08:15:00,18.303,18.567,18.418,18.084,18.051,17.848
2136-06-26 08:30:00,18.334,18.567,18.355,18.084,18.051,17.848
2136-06-26 08:45:00,18.365,18.567,18.355,18.084,18.051,17.848
2136-06-26 09:00:00,18.428,18.598,18.386499999999998,18.084,18.051,17.848
2136-06-26 09:15:00,18.49,18.629,18.418,18.084,18.051,17.848
2136-06-26 09:30:00,18.49,18.629,18.418,18.084,18.02,17.817
2136-06-26 09:45:00,18.553,18.692,18.418,18.084,17.989,17.786
2136-06-26 10:00:00,18.5845,18.692,18.418,18.084,17.989,17.786
2136-06-26 10:15:00,18.678,18.755,18.418,18.084,17.989,17.786
2136-06-26 10:30:00,18.772,18.817,18.48,18.084,17.989,17.786
2136-06-26 10:45:00,18.866,18.88,18.48,18.084,17.989,17.786
2136-06-26 11:00:00,19.0225,18.943,18.543,18.115499999999997,17.989,17.786
2136-06-26 11:15:00,19.116,19.005,18.605,18.147,17.989,17.786
2136-06-26 11:30:00,19.2415,19.099,18.636499999999998,18.147,18.051,17.786
2136-06-26 11:45:00,19.367,19.193,18.668,18.209,18.051,17.786
2136-06-26 12:00:00,19.5235,19.287,18.73,18.209,18.051,17.786
2136-06-26 12:15:00,19.68,19.381,18.793,18.209,18.051,17.786
2136-06-26 12:30:00,19.8045,19.4745,18.856,18.272,18.0825,17.786
2136-06-26 12:45:00,19.93,19.569,18.918,18.334,18.114,17.786
2136-06-26 13:00:00,20.1175,19.694000000000003,19.012,18.365499999999997,18.114,17.848
2136-06-26 13:15:00,20.243,19.819,19.043,18.397,18.177,17.848
2136-06-26 13:30:00,20.368,19.913,19.137,18.46,18.177,17.848
2136-06-26 13:45:00,20.368,19.944,19.168,18.522,18.177,17.848
2136-06-26 14:00:00,20.368,19.9755,19.262500000000003,18.522,18.239,17.8795
2136-06-26 14:15:00,20.368,20.007,19.294,18.585,18.239,17.911
2136-06-26 14:30:00,20.431,20.07,19.325000000000003,18.616,18.302,17.911
2136-06-26 14:45:00,20.368,20.07,19.356,18.647,18.302,17.973
2136-06-26 15:00:00,20.462,20.101,19.387500000000003,18.6785,18.3335,17.973
2136-06-26 15:15:00,20.431,20.132,19.419,18.71,18.365,17.973
2136-06-26 15:30:00,20.462,20.132,19.450000000000003,18.71,18.396,18.0045
2136-06-26 15:45:00,20.493,20.195,19.481,18.773,18.427,18.036
2136-06-26 16:00:00,20.5245,20.195,19.512500000000003,18.773,18.427,18.036
2136-06-26 16:15:00,20.493,20.195,19.544,18.835,18.427,18.036
2136-06-26 16:30:00,20.3685,20.1635,19.544,18.835,18.49,18.099
2136-06-26 16:45:00,20.243,20.132,19.544,18.835,18.49,18.099
2136-06-26 17:00:00,20.243,20.07,19.544,18.835,18.49,18.099
2136-06-26 17:15:00,20.243,20.07,19.544,18.835,18.552,18.099
2136-06-26 17:30:00,20.243,20.101,19.544,18.866500000000002,18.552,18.161
2136-06-26 17:45:00,20.243,20.07,19.544,18.898,18.552,18.161
2136-06-26 18:00:00,20.18,20.07,19.544,18.898,18.552,18.161
2136-06-26 18:15:00,20.18,20.07,19.544,18.898,18.552,18.161
2136-06-26 18:30:00,20.18,20.07,19.544,18.898,18.5835,18.192500000000003
2136-06-26 18:45:00,20.18,20.07,19.544,18.898,18.615,18.224
2136-06-26 19:00:00,20.18,20.0385,19.544,18.898,18.615,18.224
2136-06-26 19:15:00,20.118,20.007,19.544,18.898,18.615,18.224
2136-06-26 19:30:00,20.118,20.007,19.481,18.898,18.615,18.224
2136-06-26 19:45:00,20.055,20.007,19.481,18.898,18.615,18.224
2136-06-26 20:00:00,20.024,19.9755,19.481,18.898,18.615,18.224
2136-06-26 20:15:00,19.993,19.944,19.481,18.898,18.615,18.224
2136-06-26 20:30:00,19.8985,19.913,19.481,18.898,18.615,18.287
2136-06-26 20:45:00,19.805,19.882,19.419,18.898,18.615,18.287
2136-06-26 21:00:00,19.742,19.819,19.419,18.898,18.615,18.287
2136-06-26 21:15:00,19.68,19.757,19.419,18.898,18.615,18.287
2136-06-26 21:30:00,19.617,19.7255,19.356,18.866500000000002,18.615,18.287
2136-06-26 21:45:00,19.555,19.694,19.356,18.835,18.615,18.287
2136-06-26 22:00:00,19.5235,19.631,19.294,18.835,18.615,18.287
2136-06-26 22:15:00,19.429,19.569,19.294,18.835,18.615,18.287
2136-06-26 22:30:00,19.3665,19.5375,19.262500000000003,18.804000000000002,18.615,18.287
2136-06-26 22:45:00,19.304,19.506,19.231,18.773,18.615,18.287
2136-06-26 23:00:00,19.242,19.443,19.1995,18.773,18.615,18.287
2136-06-26 23:15:00,19.179,19.381,19.168,18.773,18.615,18.287
2136-06-26 23:30:00,19.116,19.3495,19.137,18.741500000000002,18.552,18.287
2136-06-26 23:45:00,19.116,19.318,19.106,18.71,18.552,18.287
2136-06-27 00:00:00,19.085,19.318,19.0745,18.71,18.552,18.287
2136-06-27 00:15:00,19.054,19.256,19.043,18.647,18.552,18.287
2136-06-27 00:30:00,19.0225,19.256,19.043,18.647,18.552,18.224
2136-06-27 00:45:00,18.991,19.193,18.981,18.647,18.552,18.224
2136-06-27 01:00:00,18.96,19.193,18.981,18.647,18.49,18.224
2136-06-27 01:15:00,18.929,19.13,18.981,18.585,18.49,18.224
2136-06-27 01:30:00,18.929,19.13,18.918,18.585,18.49,18.224
2136-06-27 01:45:00,18.866,19.13,18.918,18.585,18.49,18.224
2136-06-27 02:00:00,18.866,19.068,18.918,18.585,18.49,18.224
2136-06-27 02:15:00,18.866,19.068,18.856,18.522,18.427,18.224
2136-06-27 02:30:00,18.803,19.068,18.856,18.522,18.427,18.192500000000003
2136-06-27 02:45:00,18.803,19.005,18.856,18.522,18.427,18.161
2136-06-27 03:00:00,18.772,19.005,18.793,18.522,18.427,18.161
2136-06-27 03:15:00,18.741,19.005,18.793,18.46,18.427,18.161
2136-06-27 03:30:00,18.741,18.943,18.793,18.46,18.396,18.161
2136-06-27 03:45:00,18.741,18.943,18.73,18.46,18.365,18.161
2136-06-27 04:00:00,18.678,18.943,18.73,18.46,18.365,18.161
2136-06-27 04:15:00,18.678,18.88,18.73,18.397,18.365,18.099
2136-06-27 04:30:00,18.616,18.88,18.698999999999998,18.397,18.365,18.099
2136-06-27 04:45:00,18.616,18.817,18.668,18.397,18.302,18.099
2136-06-27 05:00:00,18.553,18.817,18.668,18.365499999999997,18.302,18.099
2136-06-27 05:15:00,18.49,18.817,18.668,18.334,18.302,18.099
2136-06-27 05:30:00,18.49,18.755,18.605,18.334,18.302,18.099
2136-06-27 05:45:00,18.428,18.755,18.605,18.334,18.302,18.036
2136-06-27 06:00:00,18.3965,18.692,18.573999999999998,18.272,18.2705,18.036
2136-06-27 06:15:00,18.365,18.692,18.543,18.272,18.239,18.036
2136-06-27 06:30:00,18.303,18.629,18.543,18.272,18.239,18.036
2136-06-27 06:45:00,18.303,18.629,18.48,18.209,18.239,18.036
2136-06-27 07:00:00,18.2715,18.567,18.48,18.209,18.208,18.036
2136-06-27 07:15:00,18.24,18.567,18.418,18.209,18.177,17.973
2136-06-27 07:30:00,18.24,18.567,18.418,18.177999999999997,18.177,17.973
2136-06-27 07:45:00,18.24,18.504,18.418,18.147,18.177,17.973
2136-06-27 08:00:00,18.2085,18.504,18.418,18.147,18.1455,17.973
2136-06-27 08:15:00,18.177,18.504,18.355,18.147,18.114,17.973
2136-06-27 08:30:00,18.177,18.4725,18.355,18.115499999999997,18.114,17.942
2136-06-27 08:45:00,18.177,18.441,18.355,18.084,18.114,17.911
2136-06-27 09:00:00,18.177,18.441,18.323500000000003,18.084,18.114,17.911
2136-06-27 09:15:00,18.177,18.441,18.292,18.084,18.051,17.911
2136-06-27 09:30:00,18.177,18.441,18.292,18.084,18.051,17.911
2136-06-27 09:45:00,18.177,18.441,18.292,18.021,18.051,17.911
2136-06-27 10:00:00,18.146,18.41,18.292,18.021,18.051,17.848
2136-06-27 10:15:00,18.115,18.379,18.292,18.021,18.051,17.848
2136-06-27 10:30:00,18.115,18.379,18.23,18.021,18.02,17.848
2136-06-27 10:45:00,18.115,18.379,18.23,18.021,17.989,17.848
2136-06-27 11:00:00,18.115,18.379,18.23,17.990000000000002,17.989,17.848
2136-06-27 11:15:00,18.115,18.379,18.23,17.959,17.989,17.848
2136-06-27 11:30:00,18.115,18.379,18.23,17.959,17.989,17.786
2136-06-27 11:45:00,18.115,18.316,18.23,17.959,17.989,17.786
2136-06-27 12:00:00,18.115,18.316,18.167,17.959,17.926,17.786
2136-06-27 12:15:00,18.115,18.316,18.167,17.959,17.926,17.786
2136-06-27 12:30:00,18.052,18.316,18.167,17.896,17.926,17.786
2136-06-27 12:45:00,18.052,18.316,18.167,17.896,17.926,17.786
2136-06-27 13:00:00,18.052,18.316,18.167,17.896,17.926,17.786
2136-06-27 13:15:00,18.115,18.316,18.167,17.896,17.926,17.723
2136-06-27 13:30:00,18.115,18.316,18.167,17.896,17.8945,17.723
2136-06-27 13:45:00,18.177,18.316,18.167,17.896,17.863,17.723
2136-06-27 14:00:00,18.2715,18.379,18.167,17.896,17.863,17.723
2136-06-27 14:15:00,18.303,18.379,18.167,17.896,17.863,17.723
2136-06-27 14:30:00,18.365,18.441,18.167,17.896,17.863,17.723
2136-06-27 14:45:00,18.365,18.441,18.23,17.896,17.863,17.723
2136-06-27 15:00:00,18.459,18.504,18.23,17.896,17.863,17.723
2136-06-27 15:15:00,18.553,18.567,18.23,17.896,17.863,17.723
2136-06-27 15:30:00,18.553,18.567,18.261000000000003,17.927500000000002,17.863,17.723
2136-06-27 15:45:00,18.616,18.629,18.292,17.896,17.863,17.723
2136-06-27 16:00:00,18.647,18.629,18.292,17.959,17.863,17.691499999999998
2136-06-27 16:15:00,18.678,18.692,18.355,17.959,17.863,17.66
2136-06-27 16:30:00,18.7095,18.692,18.355,17.959,17.863,17.723
2136-06-27 16:45:00,18.741,18.692,18.355,17.959,17.926,17.723
2136-06-27 17:00:00,18.741,18.7235,18.386499999999998,17.959,17.926,17.723
2136-06-27 17:15:00,18.741,18.755,18.418,18.021,17.926,17.723
2136-06-27 17:30:00,18.772,18.755,18.418,18.021,17.926,17.723
2136-06-27 17:45:00,18.741,18.755,18.418,18.021,17.926,17.723
2136-06-27 18:00:00,18.803,18.755,18.418,18.021,17.926,17.723
2136-06-27 18:15:00,18.803,18.755,18.418,18.021,17.926,17.723
2136-06-27 18:30:00,18.741,18.817,18.48,18.021,17.926,17.723
2136-06-27 18:45:00,18.741,18.817,18.48,18.021,17.926,17.723
2136-06-27 19:00:00,18.741,18.786,18.48,18.084,17.926,17.723
2136-06-27 19:15:00,18.678,18.755,18.48,18.084,17.926,17.723
2136-06-27 19:30:00,18.678,18.755,18.48,18.084,17.9575,17.723
2136-06-27 19:45:00,18.678,18.755,18.48,18.084,17.989,17.723
2136-06-27 20:00:00,18.616,18.755,18.48,18.084,17.989,17.723
2136-06-27 20:15:00,18.616,18.755,18.418,18.084,17.989,17.723
2136-06-27 20:30:00,18.553,18.692,18.418,18.084,17.989,17.723
2136-06-27 20:45:00,18.553,18.692,18.418,18.084,17.989,17.723
2136-06-27 21:00:00,18.49,18.692,18.418,18.084,17.989,17.723
2136-06-27 21:15:00,18.49,18.629,18.418,18.021,17.989,17.723
2136-06-27 21:30:00,18.459,18.629,18.418,18.021,17.989,17.723
2136-06-27 21:45:00,18.428,18.629,18.418,18.021,17.989,17.723
2136-06-27 22:00:00,18.3965,18.567,18.355,18.021,17.989,17.723
2136-06-27 22:15:00,18.365,18.567,18.355,18.021,17.926,17.723
2136-06-27 22:30:00,18.303,18.5355,18.355,18.021,17.926,17.723
2136-06-27 22:45:00,18.303,18.504,18.292,18.021,17.926,17.723
2136-06-27 23:00:00,18.24,18.504,18.292,17.990000000000002,17.926,17.723
2136-06-27 23:15:00,18.177,18.441,18.292,17.959,17.926,17.723
2136-06-27 23:30:00,18.177,18.441,18.292,17.959,17.926,17.723
2136-06-27 23:45:00,18.177,18.441,18.23,17.959,17.926,17.723
2136-06-28 00:00:00,18.115,18.379,18.23,17.959,17.926,17.723
2136-06-28 00:15:00,18.115,18.379,18.23,17.959,17.926,17.723
2136-06-28 00:30:00,18.052,18.316,18.198500000000003,17.896,17.863,17.723
2136-06-28 00:45:00,18.052,18.316,18.167,17.896,17.863,17.723
2136-06-28 01:00:00,17.99,18.285,18.167,17.896,17.863,17.723
2136-06-28 01:15:00,17.99,18.254,18.105,17.896,17.863,17.66
2136-06-28 01:30:00,17.927,18.254,18.105,17.865000000000002,17.863,17.66
2136-06-28 01:45:00,17.927,18.191,18.105,17.834,17.863,17.66
2136-06-28 02:00:00,17.8955,18.191,18.073500000000003,17.834,17.832,17.66
2136-06-28 02:15:00,17.864,18.191,18.042,17.834,17.801,17.66
2136-06-28 02:30:00,17.864,18.128,18.042,17.802500000000002,17.801,17.66
2136-06-28 02:45:00,17.802,18.128,18.042,17.771,17.801,17.66
2136-06-28 03:00:00,17.7705,18.097,17.979,17.771,17.801,17.628999999999998
2136-06-28 03:15:00,17.739,18.066,17.979,17.771,17.801,17.598
2136-06-28 03:30:00,17.739,18.066,17.979,17.7395,17.738,17.598
2136-06-28 03:45:00,17.676,18.003,17.917,17.708,17.738,17.598
2136-06-28 04:00:00,17.676,18.003,17.917,17.708,17.738,17.598
2136-06-28 04:15:00,17.614,18.003,17.917,17.708,17.738,17.598
2136-06-28 04:30:00,17.614,17.94,17.854,17.677,17.738,17.598
2136-06-28 04:45:00,17.614,17.94,17.854,17.646,17.675,17.535
2136-06-28 05:00:00,17.551,17.909,17.854,17.646,17.675,17.535
2136-06-28 05:15:00,17.551,17.878,17.854,17.646,17.675,17.535
2136-06-28 05:30:00,17.489,17.878,17.792,17.6145,17.675,17.535
2136-06-28 05:45:00,17.489,17.815,17.792,17.583,17.675,17.535
2136-06-28 06:00:00,17.4575,17.815,17.792,17.583,17.613,17.535
2136-06-28 06:15:00,17.426,17.815,17.729,17.583,17.613,17.472
2136-06-28 06:30:00,17.426,17.7835,17.729,17.552,17.613,17.472
2136-06-28 06:45:00,17.426,17.752,17.729,17.521,17.613,17.472
2136-06-28 07:00:00,17.363,17.752,17.667,17.521,17.55,17.472
2136-06-28 07:15:00,17.363,17.752,17.667,17.521,17.55,17.472
2136-06-28 07:30:00,17.363,17.69,17.667,17.458,17.55,17.441000000000003
2136-06-28 07:45:00,17.363,17.69,17.667,17.458,17.55,17.41
2136-06-28 08:00:00,17.332,17.69,17.604,17.458,17.5185,17.41
2136-06-28 08:15:00,17.363,17.69,17.604,17.458,17.487,17.41
2136-06-28 08:30:00,17.332,17.69,17.604,17.426499999999997,17.487,17.41
2136-06-28 08:45:00,17.363,17.69,17.604,17.395,17.487,17.41
2136-06-28 09:00:00,17.363,17.69,17.604,17.395,17.487,17.378500000000003
2136-06-28 09:15:00,17.363,17.69,17.604,17.395,17.487,17.347
2136-06-28 09:30:00,17.363,17.69,17.541,17.395,17.487,17.347
2136-06-28 09:45:00,17.363,17.69,17.541,17.395,17.425,17.347
2136-06-28 10:00:00,17.426,17.69,17.541,17.395,17.425,17.347
2136-06-28 10:15:00,17.426,17.69,17.541,17.333,17.425,17.347
2136-06-28 10:30:00,17.4575,17.69,17.541,17.333,17.425,17.316000000000003
2136-06-28 10:45:00,17.489,17.69,17.541,17.333,17.425,17.285
2136-06-28 11:00:00,17.489,17.721,17.541,17.333,17.425,17.285
2136-06-28 11:15:00,17.551,17.752,17.604,17.333,17.425,17.285
2136-06-28 11:30:00,17.551,17.752,17.604,17.333,17.3935,17.285
2136-06-28 11:45:00,17.551,17.752,17.604,17.333,17.425,17.285
2136-06-28 12:00:00,17.5825,17.752,17.604,17.333,17.362,17.285
2136-06-28 12:15:00,17.614,17.752,17.604,17.333,17.362,17.285
2136-06-28 12:30:00,17.614,17.7835,17.604,17.333,17.362,17.285
2136-06-28 12:45:00,17.614,17.815,17.604,17.333,17.362,17.285
2136-06-28 13:00:00,17.676,17.815,17.604,17.333,17.362,17.253500000000003
2136-06-28 13:15:00,17.676,17.815,17.604,17.333,17.362,17.222
2136-06-28 13:30:00,17.7075,17.815,17.604,17.333,17.362,17.222
2136-06-28 13:45:00,17.739,17.878,17.667,17.333,17.362,17.222
2136-06-28 14:00:00,17.739,17.878,17.667,17.333,17.362,17.222
2136-06-28 14:15:00,17.739,17.878,17.667,17.395,17.362,17.222
2136-06-28 14:30:00,17.739,17.878,17.667,17.395,17.362,17.222
2136-06-28 14:45:00,17.739,17.878,17.667,17.395,17.362,17.222
2136-06-28 15:00:00,17.739,17.878,17.667,17.395,17.362,17.222
2136-06-28 15:15:00,17.802,17.878,17.667,17.395,17.362,17.222
2136-06-28 15:30:00,17.802,17.909,17.667,17.395,17.362,17.222
2136-06-28 15:45:00,17.802,17.94,17.667,17.395,17.362,17.222
2136-06-28 16:00:00,17.802,17.94,17.667,17.395,17.362,17.222
2136-06-28 16:15:00,17.864,17.94,17.729,17.395,17.362,17.222
2136-06-28 16:30:00,17.864,17.94,17.729,17.395,17.362,17.222
2136-06-28 16:45:00,17.864,17.94,17.729,17.395,17.362,17.222
2136-06-28 17:00:00,17.864,17.94,17.729,17.395,17.362,17.222
2136-06-28 17:15:00,17.864,18.003,17.729,17.395,17.362,17.222
2136-06-28 17:30:00,17.927,18.003,17.729,17.395,17.3935,17.222
2136-06-28 17:45:00,17.927,18.003,17.729,17.395,17.362,17.222
2136-06-28 18:00:00,17.927,18.003,17.729,17.458,17.425,17.222
2136-06-28 18:15:00,17.927,18.003,17.792,17.458,17.425,17.222
2136-06-28 18:30:00,17.927,18.003,17.792,17.458,17.425,17.222
2136-06-28 18:45:00,17.927,18.003,17.792,17.458,17.425,17.222
2136-06-28 19:00:00,17.927,18.003,17.792,17.458,17.425,17.222
2136-06-28 19:15:00,17.927,18.066,17.792,17.458,17.425,17.222
2136-06-28 19:30:00,17.927,18.066,17.792,17.458,17.425,17.222
2136-06-28 19:45:00,17.927,18.066,17.792,17.458,17.425,17.222
2136-06-28 20:00:00,17.927,18.0345,17.792,17.458,17.425,17.222
2136-06-28 20:15:00,17.927,18.003,17.792,17.458,17.425,17.222
2136-06-28 20:30:00,17.864,18.003,17.792,17.458,17.425,17.222
2136-06-28 20:45:00,17.864,18.003,17.792,17.458,17.425,17.222
2136-06-28 21:00:00,17.864,18.003,17.792,17.458,17.425,17.222
2136-06-28 21:15:00,17.802,18.003,17.792,17.458,17.425,17.222
2136-06-28 21:30:00,17.802,17.9715,17.7605,17.458,17.425,17.222
2136-06-28 21:45:00,17.739,17.94,17.729,17.458,17.425,17.222
2136-06-28 22:00:00,17.739,17.94,17.729,17.458,17.425,17.253500000000003
2136-06-28 22:15:00,17.739,17.94,17.729,17.458,17.425,17.222
2136-06-28 22:30:00,17.676,17.909,17.729,17.458,17.425,17.222
2136-06-28 22:45:00,17.676,17.878,17.729,17.458,17.425,17.222
2136-06-28 23:00:00,17.614,17.878,17.698,17.426499999999997,17.425,17.222
2136-06-28 23:15:00,17.614,17.878,17.667,17.395,17.425,17.222
2136-06-28 23:30:00,17.551,17.815,17.667,17.395,17.425,17.222
2136-06-28 23:45:00,17.551,17.815,17.667,17.395,17.425,17.222
2136-06-29 00:00:00,17.489,17.752,17.6355,17.395,17.362,17.222
2136-06-29 00:15:00,17.489,17.752,17.604,17.395,17.362,17.222
2136-06-29 00:30:00,17.426,17.721,17.604,17.363999999999997,17.362,17.222
2136-06-29 00:45:00,17.426,17.69,17.604,17.333,17.362,17.222
2136-06-29 01:00:00,17.363,17.69,17.572499999999998,17.333,17.362,17.222
2136-06-29 01:15:00,17.363,17.627,17.541,17.333,17.362,17.222
2136-06-29 01:30:00,17.301,17.627,17.541,17.333,17.362,17.222
2136-06-29 01:45:00,17.238,17.627,17.541,17.27,17.362,17.222
2136-06-29 02:00:00,17.238,17.564,17.479,17.27,17.299,17.1905
2136-06-29 02:15:00,17.238,17.564,17.479,17.27,17.299,17.159
2136-06-29 02:30:00,17.175,17.502,17.447499999999998,17.27,17.299,17.159
2136-06-29 02:45:00,17.113,17.502,17.416,17.27,17.299,17.159
2136-06-29 03:00:00,17.113,17.4705,17.416,17.208,17.299,17.159
2136-06-29 03:15:00,17.05,17.439,17.416,17.208,17.237,17.159
2136-06-29 03:30:00,17.019,17.4075,17.354,17.208,17.237,17.159
2136-06-29 03:45:00,16.988,17.376,17.354,17.208,17.237,17.159
2136-06-29 04:00:00,16.9565,17.376,17.322499999999998,17.145,17.237,17.097
2136-06-29 04:15:00,16.925,17.314,17.291,17.145,17.237,17.097
2136-06-29 04:30:00,16.925,17.314,17.291,17.145,17.2055,17.097
2136-06-29 04:45:00,16.862,17.314,17.291,17.082,17.174,17.097
2136-06-29 05:00:00,16.862,17.2825,17.228,17.082,17.174,17.097
2136-06-29 05:15:00,16.862,17.251,17.228,17.082,17.174,17.097
2136-06-29 05:30:00,16.862,17.251,17.228,17.082,17.174,17.034
2136-06-29 05:45:00,16.862,17.251,17.166,17.02,17.111,17.034
2136-06-29 06:00:00,16.831,17.2195,17.166,17.02,17.111,17.034
2136-06-29 06:15:00,16.8,17.188,17.166,17.02,17.111,17.034
2136-06-29 06:30:00,16.8,17.188,17.166,17.02,17.111,17.034
2136-06-29 06:45:00,16.8,17.188,17.166,16.957,17.111,16.971
2136-06-29 07:00:00,16.8,17.157,17.103,16.957,17.049,16.971
2136-06-29 07:15:00,16.8,17.126,17.103,16.957,17.049,16.971
2136-06-29 07:30:00,16.737,17.126,17.103,16.957,17.049,16.971
2136-06-29 07:45:00,16.737,17.126,17.103,16.957,17.049,16.971
2136-06-29 08:00:00,16.737,17.126,17.072000000000003,16.926000000000002,17.049,16.971
2136-06-29 08:15:00,16.737,17.126,17.041,16.895,17.049,16.909
2136-06-29 08:30:00,16.8,17.126,17.041,16.895,16.986,16.909
2136-06-29 08:45:00,16.8,17.126,17.041,16.895,16.986,16.909
2136-06-29 09:00:00,16.862,17.126,17.041,16.895,16.986,16.909
2136-06-29 09:15:00,16.925,17.126,17.041,16.895,16.986,16.909
2136-06-29 09:30:00,16.9565,17.188,17.041,16.895,16.986,16.909
2136-06-29 09:45:00,17.05,17.188,17.041,16.895,16.986,16.909
2136-06-29 10:00:00,17.0815,17.251,17.103,16.895,16.986,16.877499999999998
2136-06-29 10:15:00,17.175,17.314,17.103,16.895,16.923,16.846
2136-06-29 10:30:00,17.2065,17.314,17.103,16.895,16.9545,16.846
2136-06-29 10:45:00,17.301,17.376,17.166,16.895,16.986,16.846
2136-06-29 11:00:00,17.3945,17.439,17.166,16.895,16.986,16.846
2136-06-29 11:15:00,17.489,17.502,17.228,16.957,16.986,16.846
2136-06-29 11:30:00,17.5825,17.533,17.228,16.957,16.986,16.846
2136-06-29 11:45:00,17.676,17.564,17.291,16.957,16.986,16.846
2136-06-29 12:00:00,17.7705,17.6585,17.322499999999998,16.988500000000002,16.986,16.846
2136-06-29 12:15:00,17.802,17.69,17.354,17.02,16.986,16.846
2136-06-29 12:30:00,17.8955,17.7835,17.384999999999998,17.02,16.986,16.846
2136-06-29 12:45:00,17.99,17.815,17.416,17.082,17.049,16.846
2136-06-29 13:00:00,18.146,17.909,17.479,17.082,17.049,16.909
2136-06-29 13:15:00,18.303,18.003,17.541,17.145,17.049,16.909
2136-06-29 13:30:00,18.459,18.097,17.604,17.145,17.049,16.909
2136-06-29 13:45:00,18.616,18.191,17.667,17.208,17.111,16.909
2136-06-29 14:00:00,18.772,18.285,17.729,17.238999999999997,17.111,16.909
2136-06-29 14:15:00,18.866,18.379,17.792,17.27,17.174,16.971
2136-06-29 14:30:00,18.8975,18.4725,17.854,17.301499999999997,17.174,16.971
2136-06-29 14:45:00,18.991,18.504,17.917,17.333,17.174,16.971
2136-06-29 15:00:00,19.085,18.598,17.979,17.395,17.237,16.971
2136-06-29 15:15:00,19.116,18.692,18.042,17.458,17.237,17.034
2136-06-29 15:30:00,19.179,18.7235,18.105,17.4895,17.299,17.034
2136-06-29 15:45:00,19.179,18.755,18.167,17.521,17.299,17.034
2136-06-29 16:00:00,19.242,18.817,18.198500000000003,17.583,17.362,17.097
2136-06-29 16:15:00,19.304,18.88,18.23,17.583,17.362,17.097
2136-06-29 16:30:00,19.367,18.9115,18.292,17.646,17.425,17.128
2136-06-29 16:45:00,19.367,18.943,18.355,17.708,17.425,17.159
2136-06-29 17:00:00,19.398,19.005,18.355,17.708,17.487,17.159
2136-06-29 17:15:00,19.429,19.005,18.418,17.771,17.487,17.222
2136-06-29 17:30:00,19.429,19.068,18.418,17.802500000000002,17.5185,17.222
2136-06-29 17:45:00,19.429,19.068,18.48,17.834,17.55,17.222
2136-06-29 18:00:00,19.429,19.068,18.48,17.834,17.5815,17.285
2136-06-29 18:15:00,19.429,19.13,18.543,17.896,17.613,17.285
2136-06-29 18:30:00,19.429,19.13,18.543,17.896,17.613,17.316000000000003
2136-06-29 18:45:00,19.367,19.13,18.543,17.959,17.675,17.347
2136-06-29 19:00:00,19.367,19.13,18.543,17.959,17.675,17.347
2136-06-29 19:15:00,19.304,19.13,18.605,17.959,17.738,17.347
2136-06-29 19:30:00,19.273,19.099,18.605,17.990000000000002,17.738,17.41
2136-06-29 19:45:00,19.242,19.068,18.605,18.021,17.738,17.41
2136-06-29 20:00:00,19.242,19.068,18.605,18.021,17.738,17.41
2136-06-29 20:15:00,19.179,19.068,18.605,18.021,17.801,17.472
2136-06-29 20:30:00,19.179,19.068,18.605,18.021,17.801,17.472
2136-06-29 20:45:00,19.116,19.068,18.605,18.021,17.801,17.472
2136-06-29 21:00:00,19.116,19.005,18.605,18.021,17.801,17.472
2136-06-29 21:15:00,19.116,19.005,18.605,18.084,17.801,17.472
2136-06-29 21:30:00,19.054,19.005,18.605,18.084,17.863,17.535
2136-06-29 21:45:00,19.054,19.005,18.605,18.084,17.863,17.535
2136-06-29 22:00:00,18.991,18.943,18.573999999999998,18.084,17.863,17.535
2136-06-29 22:15:00,18.991,18.943,18.543,18.084,17.863,17.535
2136-06-29 22:30:00,18.929,18.943,18.543,18.084,17.863,17.535
2136-06-29 22:45:00,18.866,18.943,18.543,18.084,17.863,17.598
2136-06-29 23:00:00,18.8345,18.88,18.543,18.084,17.863,17.598
2136-06-29 23:15:00,18.803,18.88,18.543,18.084,17.863,17.598
2136-06-29 23:30:00,18.741,18.817,18.48,18.084,17.863,17.598
2136-06-29 23:45:00,18.678,18.817,18.48,18.021,17.863,17.598
2136-06-30 00:00:00,18.678,18.755,18.48,18.021,17.863,17.598
2136-06-30 00:15:00,18.616,18.755,18.48,18.021,17.863,17.598
2136-06-30 00:30:00,18.5845,18.7235,18.418,18.021,17.863,17.598
2136-06-30 00:45:00,18.553,18.692,18.418,18.021,17.863,17.598
2136-06-30 01:00:00,18.5215,18.6605,18.418,18.021,17.863,17.598
2136-06-30 01:15:00,18.49,18.629,18.355,18.021,17.863,17.598
2136-06-30 01:30:00,18.428,18.598,18.355,17.990000000000002,17.863,17.598
2136-06-30 01:45:00,18.428,18.567,18.355,17.959,17.863,17.598
2136-06-30 02:00:00,18.365,18.567,18.323500000000003,17.959,17.863,17.598
2136-06-30 02:15:00,18.365,18.567,18.292,17.959,17.863,17.598
2136-06-30 02:30:00,18.303,18.504,18.292,17.959,17.863,17.598
2136-06-30 02:45:00,18.303,18.504,18.292,17.896,17.863,17.598
2136-06-30 03:00:00,18.24,18.441,18.23,17.896,17.801,17.598
2136-06-30 03:15:00,18.24,18.441,18.23,17.896,17.801,17.598
2136-06-30 03:30:00,18.2085,18.41,18.23,17.896,17.801,17.598
2136-06-30 03:45:00,18.177,18.379,18.23,17.896,17.801,17.598
2136-06-30 04:00:00,18.177,18.379,18.167,17.865000000000002,17.801,17.598
2136-06-30 04:15:00,18.115,18.379,18.167,17.834,17.801,17.598
2136-06-30 04:30:00,18.115,18.316,18.167,17.834,17.801,17.566499999999998
2136-06-30 04:45:00,18.115,18.316,18.167,17.834,17.738,17.535
2136-06-30 05:00:00,18.0835,18.316,18.105,17.834,17.738,17.535
2136-06-30 05:15:00,18.052,18.254,18.105,17.771,17.738,17.535
2136-06-30 05:30:00,18.052,18.254,18.105,17.771,17.738,17.535
2136-06-30 05:45:00,18.052,18.254,18.042,17.771,17.738,17.535
2136-06-30 06:00:00,18.052,18.254,18.042,17.771,17.738,17.535
2136-06-30 06:15:00,17.99,18.254,18.042,17.771,17.738,17.535
2136-06-30 06:30:00,17.99,18.2225,18.042,17.771,17.7065,17.535
2136-06-30 06:45:00,17.99,18.191,18.042,17.708,17.675,17.535
2136-06-30 07:00:00,17.99,18.191,18.042,17.708,17.675,17.472
2136-06-30 07:15:00,17.99,18.191,18.042,17.708,17.675,17.472
2136-06-30 07:30:00,17.99,18.191,17.979,17.708,17.675,17.472
2136-06-30 07:45:00,17.99,18.191,17.979,17.708,17.675,17.472
2136-06-30 08:00:00,18.021,18.191,17.979,17.708,17.675,17.472
2136-06-30 08:15:00,18.052,18.191,17.979,17.708,17.675,17.472
2136-06-30 08:30:00,18.052,18.191,17.979,17.708,17.675,17.472
2136-06-30 08:45:00,18.052,18.191,17.979,17.708,17.613,17.472
2136-06-30 09:00:00,18.0835,18.191,17.979,17.646,17.644,17.472
2136-06-30 09:15:00,18.115,18.191,17.979,17.646,17.613,17.472
2136-06-30 09:30:00,18.146,18.254,17.979,17.646,17.613,17.472
2136-06-30 09:45:00,18.24,18.254,17.979,17.708,17.613,17.472
2136-06-30 10:00:00,18.2715,18.285,18.042,17.708,17.613,17.441000000000003
2136-06-30 10:15:00,18.303,18.316,18.042,17.708,17.613,17.41
2136-06-30 10:30:00,18.334,18.316,18.042,17.708,17.613,17.441000000000003
2136-06-30 10:45:00,18.365,18.379,18.042,17.708,17.613,17.472
2136-06-30 11:00:00,18.428,18.379,18.073500000000003,17.708,17.613,17.41
2136-06-30 11:15:00,18.49,18.441,18.105,17.708,17.613,17.41
2136-06-30 11:30:00,18.5215,18.4725,18.105,17.708,17.613,17.41
2136-06-30 11:45:00,18.678,18.504,18.167,17.708,17.675,17.472
2136-06-30 12:00:00,18.8035,18.598,18.167,17.771,17.675,17.441000000000003
2136-06-30 12:15:00,18.929,18.692,18.23,17.771,17.675,17.472
2136-06-30 12:30:00,19.0535,18.7235,18.261000000000003,17.802500000000002,17.675,17.472
2136-06-30 12:45:00,19.179,18.817,18.292,17.834,17.675,17.472
2136-06-30 13:00:00,19.3355,18.9115,18.386499999999998,17.865000000000002,17.7065,17.472
2136-06-30 13:15:00,19.429,19.005,18.418,17.896,17.738,17.472
2136-06-30 13:30:00,19.5545,19.099,18.48,17.927500000000002,17.738,17.472
2136-06-30 13:45:00,19.68,19.193,18.543,17.959,17.738,17.535
2136-06-30 14:00:00,19.8045,19.287,18.605,17.990000000000002,17.801,17.535
2136-06-30 14:15:00,19.93,19.381,18.668,18.021,17.801,17.535
2136-06-30 14:30:00,20.0865,19.4745,18.761499999999998,18.084,17.863,17.535
2136-06-30 14:45:00,20.243,19.569,18.793,18.147,17.863,17.598
2136-06-30 15:00:00,20.3995,19.6625,18.887,18.177999999999997,17.926,17.598
2136-06-30 15:15:00,20.556,19.757,18.981,18.272,17.926,17.598
2136-06-30 15:30:00,20.6495,19.8815,19.043,18.302999999999997,17.989,17.628999999999998
2136-06-30 15:45:00,20.744,19.944,19.106,18.334,17.989,17.66
2136-06-30 16:00:00,20.775,20.0385,19.1995,18.397,18.051,17.691499999999998
2136-06-30 16:15:00,20.806,20.07,19.231,18.46,18.114,17.723
2136-06-30 16:30:00,20.806,20.132,19.294,18.491,18.114,17.723
2136-06-30 16:45:00,20.806,20.195,19.356,18.522,18.177,17.786
2136-06-30 17:00:00,20.806,20.195,19.387500000000003,18.585,18.208,17.786
2136-06-30 17:15:00,20.806,20.195,19.419,18.647,18.239,17.848
2136-06-30 17:30:00,20.806,20.257,19.450000000000003,18.6785,18.2705,17.848
2136-06-30 17:45:00,20.744,20.257,19.481,18.71,18.302,17.911
2136-06-30 18:00:00,20.681,20.257,19.512500000000003,18.71,18.3335,17.911
2136-06-30 18:15:00,20.681,20.257,19.544,18.773,18.365,17.911
2136-06-30 18:30:00,20.6495,20.257,19.544,18.773,18.396,17.973
2136-06-30 18:45:00,20.681,20.32,19.606,18.835,18.427,17.973
2136-06-30 19:00:00,20.587,20.2885,19.606,18.835,18.4585,18.0045
2136-06-30 19:15:00,20.431,20.195,19.606,18.898,18.49,18.036
2136-06-30 19:30:00,20.337,20.1635,19.606,18.898,18.49,18.067500000000003
2136-06-30 19:45:00,20.243,20.07,19.544,18.898,18.49,18.099
2136-06-30 20:00:00,20.243,20.07,19.544,18.898,18.552,18.099
2136-06-30 20:15:00,20.243,20.07,19.544,18.898,18.552,18.099
2136-06-30 20:30:00,20.243,20.07,19.544,18.898,18.552,18.161
2136-06-30 20:45:00,20.306,20.132,19.544,18.898,18.552,18.161
2136-06-30 21:00:00,20.2115,20.07,19.544,18.898,18.615,18.161
2136-06-30 21:15:00,20.118,20.07,19.544,18.96,18.615,18.224
2136-06-30 21:30:00,20.024,20.007,19.544,18.929000000000002,18.615,18.224
2136-06-30 21:45:00,19.93,19.944,19.544,18.898,18.615,18.224
2136-06-30 22:00:00,19.867,19.882,19.481,18.898,18.615,18.224
2136-06-30 22:15:00,19.805,19.882,19.481,18.898,18.615,18.224
2136-06-30 22:30:00,19.7735,19.819,19.450000000000003,18.898,18.615,18.224
2136-06-30 22:45:00,19.742,19.757,19.419,18.898,18.615,18.287
2136-06-30 23:00:00,19.68,19.757,19.419,18.898,18.615,18.287
2136-06-30 23:15:00,19.617,19.694,19.356,18.898,18.615,18.287
2136-06-30 23:30:00,19.586,19.694,19.356,18.835,18.615,18.287
2136-06-30 23:45:00,19.555,19.631,19.294,18.835,18.615,18.287
2136-07-01 00:00:00,19.4605,19.6,19.294,18.835,18.615,18.287
2136-07-01 00:15:00,19.429,19.569,19.294,18.835,18.615,18.287
2136-07-01 00:30:00,19.3355,19.506,19.231,18.804000000000002,18.615,18.287
2136-07-01 00:45:00,19.304,19.443,19.231,18.773,18.615,18.287
2136-07-01 01:00:00,19.242,19.443,19.168,18.773,18.615,18.287
2136-07-01 01:15:00,19.179,19.381,19.168,18.773,18.615,18.287
2136-07-01 01:30:00,19.1475,19.3495,19.106,18.71,18.552,18.287
2136-07-01 01:45:00,19.116,19.318,19.106,18.71,18.552,18.287
2136-07-01 02:00:00,19.054,19.287,19.043,18.71,18.552,18.287
2136-07-01 02:15:00,18.991,19.256,19.043,18.647,18.552,18.224
2136-07-01 02:30:00,18.991,19.2245,19.012,18.647,18.552,18.224
2136-07-01 02:45:00,18.929,19.193,18.981,18.647,18.552,18.224
2136-07-01 03:00:00,18.8975,19.13,18.9495,18.585,18.49,18.224
2136-07-01 03:15:00,18.866,19.13,18.918,18.585,18.49,18.224
2136-07-01 03:30:00,18.8345,19.068,18.918,18.585,18.49,18.224
2136-07-01 03:45:00,18.803,19.068,18.856,18.585,18.49,18.224
2136-07-01 04:00:00,18.772,19.0365,18.856,18.522,18.427,18.224
2136-07-01 04:15:00,18.741,19.005,18.856,18.522,18.427,18.161
2136-07-01 04:30:00,18.678,18.974,18.793,18.491,18.427,18.161
2136-07-01 04:45:00,18.678,18.943,18.793,18.46,18.427,18.161
2136-07-01 05:00:00,18.616,18.9115,18.73,18.46,18.396,18.161
2136-07-01 05:15:00,18.616,18.88,18.73,18.46,18.365,18.161
2136-07-01 05:30:00,18.553,18.8485,18.698999999999998,18.397,18.365,18.161
2136-07-01 05:45:00,18.49,18.817,18.668,18.397,18.365,18.099
2136-07-01 06:00:00,18.459,18.786,18.668,18.365499999999997,18.302,18.099
2136-07-01 06:15:00,18.428,18.755,18.605,18.334,18.302,18.099
2136-07-01 06:30:00,18.3965,18.692,18.605,18.334,18.302,18.099
2136-07-01 06:45:00,18.365,18.692,18.543,18.334,18.302,18.099
2136-07-01 07:00:00,18.303,18.6605,18.543,18.272,18.2705,18.067500000000003
2136-07-01 07:15:00,18.303,18.629,18.48,18.272,18.239,18.036
2136-07-01 07:30:00,18.24,18.567,18.48,18.240499999999997,18.239,18.036
2136-07-01 07:45:00,18.177,18.567,18.48,18.209,18.239,18.036
2136-07-01 08:00:00,18.177,18.504,18.418,18.209,18.208,18.036
2136-07-01 08:15:00,18.115,18.504,18.418,18.209,18.177,17.973
2136-07-01 08:30:00,18.115,18.4725,18.386499999999998,18.147,18.177,17.973
2136-07-01 08:45:00,18.052,18.441,18.355,18.147,18.177,17.973
2136-07-01 09:00:00,18.021,18.41,18.355,18.084,18.114,17.973
2136-07-01 09:15:00,17.99,18.379,18.292,18.084,18.114,17.973
2136-07-01 09:30:00,17.99,18.3475,18.292,18.084,18.114,17.911
2136-07-01 09:45:00,17.927,18.316,18.23,18.021,18.051,17.911
2136-07-01 10:00:00,17.927,18.316,18.23,18.021,18.051,17.911
2136-07-01 10:15:00,17.927,18.254,18.23,18.021,18.051,17.911
2136-07-01 10:30:00,17.927,18.254,18.167,17.990000000000002,18.051,17.8795
2136-07-01 10:45:00,17.927,18.254,18.167,17.959,17.989,17.848
2136-07-01 11:00:00,17.927,18.254,18.167,17.959,17.989,17.848
2136-07-01 11:15:00,17.99,18.254,18.167,17.959,17.989,17.848
2136-07-01 11:30:00,17.99,18.254,18.167,17.927500000000002,17.989,17.848
2136-07-01 11:45:00,18.052,18.254,18.167,17.896,17.989,17.786
2136-07-01 12:00:00,18.052,18.254,18.136000000000003,17.896,17.926,17.786
2136-07-01 12:15:00,18.052,18.254,18.105,17.896,17.926,17.786
2136-07-01 12:30:00,18.0835,18.285,18.105,17.896,17.926,17.786
2136-07-01 12:45:00,18.115,18.316,18.105,17.896,17.926,17.786
2136-07-01 13:00:00,18.115,18.316,18.105,17.896,17.926,17.786
2136-07-01 13:15:00,18.177,18.316,18.105,17.896,17.926,17.723
2136-07-01 13:30:00,18.177,18.316,18.167,17.896,17.863,17.723
2136-07-01 13:45:00,18.177,18.316,18.167,17.896,17.863,17.723
2136-07-01 14:00:00,18.177,18.316,18.167,17.896,17.863,17.723
2136-07-01 14:15:00,18.177,18.316,18.167,17.896,17.863,17.723
2136-07-01 14:30:00,18.177,18.316,18.167,17.865000000000002,17.863,17.723
2136-07-01 14:45:00,18.115,18.316,18.167,17.834,17.863,17.723
2136-07-01 15:00:00,18.115,18.316,18.105,17.834,17.863,17.723
2136-07-01 15:15:00,18.115,18.316,18.105,17.834,17.863,17.723
2136-07-01 15:30:00,18.0835,18.316,18.105,17.834,17.863,17.66
2136-07-01 15:45:00,18.052,18.254,18.105,17.834,17.863,17.66
2136-07-01 16:00:00,18.021,18.254,18.105,17.834,17.863,17.66
2136-07-01 16:15:00,17.99,18.254,18.105,17.834,17.801,17.66
2136-07-01 16:30:00,17.927,18.191,18.105,17.834,17.801,17.66
2136-07-01 16:45:00,17.927,18.191,18.042,17.834,17.801,17.66
2136-07-01 17:00:00,17.864,18.1595,18.042,17.802500000000002,17.801,17.66
2136-07-01 17:15:00,17.864,18.128,18.042,17.771,17.801,17.66
2136-07-01 17:30:00,17.802,18.128,18.0105,17.771,17.801,17.66
2136-07-01 17:45:00,17.739,18.066,17.979,17.771,17.801,17.66
2136-07-01 18:00:00,17.7075,18.066,17.979,17.771,17.7695,17.598
2136-07-01 18:15:00,17.676,18.003,17.979,17.708,17.738,17.598
2136-07-01 18:30:00,17.645,18.003,17.917,17.708,17.738,17.598
2136-07-01 18:45:00,17.614,17.94,17.917,17.708,17.738,17.598
2136-07-01 19:00:00,17.551,17.94,17.8855,17.708,17.738,17.598
2136-07-01 19:15:00,17.551,17.94,17.854,17.646,17.738,17.598
2136-07-01 19:30:00,17.52,17.878,17.854,17.646,17.675,17.598
2136-07-01 19:45:00,17.489,17.878,17.792,17.646,17.675,17.598
2136-07-01 20:00:00,17.4575,17.8465,17.792,17.6145,17.675,17.535
2136-07-01 20:15:00,17.426,17.815,17.792,17.583,17.675,17.535
2136-07-01 20:30:00,17.426,17.815,17.7605,17.583,17.644,17.535
2136-07-01 20:45:00,17.363,17.752,17.729,17.583,17.613,17.535
2136-07-01 21:00:00,17.363,17.752,17.729,17.552,17.613,17.535
2136-07-01 21:15:00,17.363,17.752,17.667,17.521,17.613,17.472
2136-07-01 21:30:00,17.301,17.69,17.667,17.521,17.613,17.472
2136-07-01 21:45:00,17.301,17.69,17.667,17.521,17.55,17.472
2136-07-01 22:00:00,17.2695,17.69,17.6355,17.458,17.55,17.472
2136-07-01 22:15:00,17.238,17.627,17.604,17.458,17.55,17.472
2136-07-01 22:30:00,17.2065,17.627,17.604,17.458,17.55,17.41
2136-07-01 22:45:00,17.175,17.627,17.604,17.458,17.55,17.41
2136-07-01 23:00:00,17.144,17.564,17.541,17.395,17.487,17.41
2136-07-01 23:15:00,17.113,17.564,17.541,17.395,17.487,17.41
2136-07-01 23:30:00,17.113,17.502,17.541,17.395,17.487,17.41
2136-07-01 23:45:00,17.05,17.502,17.479,17.333,17.487,17.347
2136-07-02 00:00:00,17.05,17.502,17.479,17.333,17.456,17.347
2136-07-02 00:15:00,17.05,17.439,17.479,17.333,17.425,17.347
2136-07-02 00:30:00,16.988,17.439,17.416,17.333,17.425,17.347
2136-07-02 00:45:00,16.988,17.439,17.416,17.27,17.425,17.347
2136-07-02 01:00:00,16.9565,17.376,17.416,17.27,17.3935,17.316000000000003
2136-07-02 01:15:00,16.925,17.376,17.354,17.27,17.362,17.285
2136-07-02 01:30:00,16.925,17.376,17.354,17.238999999999997,17.362,17.285
2136-07-02 01:45:00,16.925,17.314,17.354,17.208,17.362,17.285
2136-07-02 02:00:00,16.862,17.314,17.322499999999998,17.208,17.299,17.285
2136-07-02 02:15:00,16.862,17.314,17.291,17.208,17.299,17.222
2136-07-02 02:30:00,16.831,17.251,17.291,17.176499999999997,17.299,17.222
2136-07-02 02:45:00,16.8,17.251,17.291,17.145,17.299,17.222
2136-07-02 03:00:00,16.8,17.251,17.228,17.145,17.268,17.222
2136-07-02 03:15:00,16.737,17.188,17.228,17.145,17.237,17.222
2136-07-02 03:30:00,16.737,17.188,17.197000000000003,17.082,17.237,17.1905
2136-07-02 03:45:00,16.674,17.188,17.166,17.082,17.237,17.159
2136-07-02 04:00:00,16.674,17.126,17.166,17.082,17.237,17.159
2136-07-02 04:15:00,16.674,17.126,17.166,17.082,17.174,17.159
2136-07-02 04:30:00,16.612,17.063,17.103,17.02,17.174,17.128
2136-07-02 04:45:00,16.549,17.063,17.103,17.02,17.174,17.097
2136-07-02 05:00:00,16.549,17.0315,17.103,17.02,17.1425,17.097
2136-07-02 05:15:00,16.487,17.0,17.041,16.957,17.111,17.097
2136-07-02 05:30:00,16.487,17.0,17.041,16.957,17.111,17.097
2136-07-02 05:45:00,16.424,16.938,17.041,16.957,17.111,17.034
2136-07-02 06:00:00,16.424,16.938,16.978,16.926000000000002,17.08,17.034
2136-07-02 06:15:00,16.361,16.875,16.978,16.895,17.049,17.034
2136-07-02 06:30:00,16.361,16.875,16.9465,16.895,17.049,17.034
2136-07-02 06:45:00,16.299,16.875,16.915,16.895,17.049,17.034
2136-07-02 07:00:00,16.299,16.812,16.915,16.832,17.0175,16.971
2136-07-02 07:15:00,16.299,16.812,16.853,16.832,16.986,16.971
2136-07-02 07:30:00,16.236,16.781,16.853,16.8005,16.986,16.971
2136-07-02 07:45:00,16.236,16.75,16.853,16.769,16.986,16.971
2136-07-02 08:00:00,16.236,16.75,16.79,16.769,16.923,16.909
2136-07-02 08:15:00,16.236,16.75,16.79,16.769,16.923,16.909
2136-07-02 08:30:00,16.236,16.7185,16.79,16.738,16.923,16.909
2136-07-02 08:45:00,16.236,16.687,16.79,16.707,16.923,16.909
2136-07-02 09:00:00,16.2675,16.687,16.759,16.707,16.86,16.877499999999998
2136-07-02 09:15:00,16.299,16.75,16.728,16.707,16.86,16.846
2136-07-02 09:30:00,16.361,16.75,16.728,16.707,16.86,16.846
2136-07-02 09:45:00,16.424,16.75,16.728,16.644,16.86,16.846
2136-07-02 10:00:00,16.4555,16.781,16.759,16.644,16.829,16.846
2136-07-02 10:15:00,16.487,16.812,16.728,16.644,16.798,16.783
2136-07-02 10:30:00,16.518,16.812,16.79,16.644,16.798,16.783
2136-07-02 10:45:00,16.612,16.875,16.79,16.644,16.798,16.783
2136-07-02 11:00:00,16.7055,16.9065,16.79,16.644,16.798,16.783
2136-07-02 11:15:00,16.8,16.938,16.79,16.644,16.798,16.783
2136-07-02 11:30:00,16.8935,17.0,16.853,16.6755,16.798,16.783
2136-07-02 11:45:00,17.05,17.063,16.853,16.707,16.798,16.783
2136-07-02 12:00:00,17.144,17.157,16.915,16.707,16.798,16.752000000000002
2136-07-02 12:15:00,17.301,17.251,16.978,16.707,16.798,16.721
2136-07-02 12:30:00,17.426000000000002,17.2825,17.009500000000003,16.738,16.798,16.721
2136-07-02 12:45:00,17.614,17.376,17.041,16.769,16.798,16.783
2136-07-02 13:00:00,17.7075,17.502,17.134500000000003,16.8005,16.829,16.752000000000002
2136-07-02 13:15:00,17.864,17.564,17.166,16.832,16.86,16.783
2136-07-02 13:30:00,18.021,17.6895,17.259500000000003,16.863500000000002,16.86,16.783
2136-07-02 13:45:00,18.177,17.815,17.291,16.895,16.923,16.783
2136-07-02 14:00:00,18.3025,17.909,17.384999999999998,16.957,16.923,16.783
2136-07-02 14:15:00,18.428,18.003,17.479,17.02,16.923,16.783
2136-07-02 14:30:00,18.5215,18.097,17.509999999999998,17.051000000000002,16.9545,16.814500000000002
2136-07-02 14:45:00,18.678,18.191,17.604,17.082,16.986,16.846
2136-07-02 15:00:00,18.7095,18.254,17.667,17.145,17.0175,16.846
2136-07-02 15:15:00,18.803,18.316,17.729,17.208,17.049,16.846
2136-07-02 15:30:00,18.866,18.41,17.792,17.238999999999997,17.08,16.877499999999998
2136-07-02 15:45:00,18.866,18.441,17.854,17.27,17.111,16.909
2136-07-02 16:00:00,18.929,18.504,17.8855,17.333,17.1425,16.909
2136-07-02 16:15:00,18.929,18.504,17.917,17.333,17.174,16.971
2136-07-02 16:30:00,18.929,18.567,17.979,17.395,17.2055,16.971
2136-07-02 16:45:00,18.866,18.567,18.042,17.458,17.237,16.971
2136-07-02 17:00:00,18.866,18.567,18.042,17.4895,17.268,17.034
2136-07-02 17:15:00,18.803,18.567,18.042,17.521,17.299,17.034
2136-07-02 17:30:00,18.803,18.567,18.105,17.521,17.3305,17.0655
2136-07-02 17:45:00,18.741,18.567,18.105,17.583,17.362,17.097
2136-07-02 18:00:00,18.741,18.567,18.105,17.583,17.362,17.097
2136-07-02 18:15:00,18.678,18.567,18.105,17.583,17.425,17.159
2136-07-02 18:30:00,18.647,18.567,18.105,17.583,17.425,17.159
2136-07-02 18:45:00,18.616,18.567,18.105,17.646,17.425,17.159
2136-07-02 19:00:00,18.553,18.504,18.105,17.646,17.456,17.159
2136-07-02 19:15:00,18.49,18.504,18.105,17.646,17.487,17.222
2136-07-02 19:30:00,18.3965,18.441,18.105,17.646,17.487,17.222
2136-07-02 19:45:00,18.365,18.441,18.105,17.646,17.487,17.222
2136-07-02 20:00:00,18.2715,18.379,18.105,17.646,17.487,17.222
2136-07-02 20:15:00,18.177,18.316,18.042,17.646,17.487,17.285
2136-07-02 20:30:00,18.0835,18.285,18.042,17.646,17.487,17.285
2136-07-02 20:45:00,17.99,18.254,18.042,17.646,17.487,17.285
2136-07-02 21:00:00,17.9585,18.191,17.979,17.6145,17.487,17.285
2136-07-02 21:15:00,17.864,18.128,17.979,17.583,17.487,17.285
2136-07-02 21:30:00,17.7705,18.097,17.917,17.583,17.487,17.285
2136-07-02 21:45:00,17.676,18.003,17.917,17.583,17.487,17.285
2136-07-02 22:00:00,17.614,17.9715,17.854,17.552,17.487,17.285
2136-07-02 22:15:00,17.551,17.94,17.792,17.521,17.487,17.285
2136-07-02 22:30:00,17.4575,17.878,17.792,17.521,17.487,17.285
2136-07-02 22:45:00,17.363,17.815,17.729,17.458,17.487,17.285
2136-07-02 23:00:00,17.301,17.752,17.698,17.458,17.456,17.285
2136-07-02 23:15:00,17.238,17.69,17.667,17.458,17.425,17.285
2136-07-02 23:30:00,17.144,17.6585,17.604,17.395,17.425,17.285
2136-07-02 23:45:00,17.05,17.564,17.604,17.395,17.425,17.222
2136-07-03 00:00:00,17.019,17.533,17.541,17.363999999999997,17.3935,17.222
2136-07-03 00:15:00,16.925,17.439,17.479,17.333,17.362,17.222
2136-07-03 00:30:00,16.8935,17.4075,17.447499999999998,17.301499999999997,17.362,17.222
2136-07-03 00:45:00,16.8,17.376,17.416,17.27,17.299,17.222
2136-07-03 01:00:00,16.7685,17.314,17.354,17.238999999999997,17.299,17.1905
2136-07-03 01:15:00,16.674,17.251,17.354,17.208,17.299,17.159
2136-07-03 01:30:00,16.643,17.2195,17.291,17.176499999999997,17.268,17.159
2136-07-03 01:45:00,16.612,17.188,17.228,17.145,17.237,17.159
2136-07-03 02:00:00,16.549,17.126,17.197000000000003,17.113500000000002,17.237,17.128
2136-07-03 02:15:00,16.487,17.063,17.166,17.082,17.237,17.097
2136-07-03 02:30:00,16.424,17.0315,17.134500000000003,17.051000000000002,17.174,17.097
2136-07-03 02:45:00,16.361,17.0,17.103,17.02,17.174,17.097
2136-07-03 03:00:00,16.33,16.938,17.041,16.988500000000002,17.1425,17.0655
2136-07-03 03:15:00,16.299,16.875,17.041,16.957,17.111,17.034
2136-07-03 03:30:00,16.236,16.875,16.978,16.926000000000002,17.08,17.034
2136-07-03 03:45:00,16.173,16.812,16.915,16.895,17.049,16.971
2136-07-03 04:00:00,16.142,16.781,16.915,16.863500000000002,17.049,16.971
2136-07-03 04:15:00,16.111,16.75,16.853,16.832,16.986,16.971
2136-07-03 04:30:00,16.048,16.687,16.853,16.832,16.986,16.971
2136-07-03 04:45:00,16.048,16.624,16.79,16.769,16.986,16.909
2136-07-03 05:00:00,15.985,16.624,16.759,16.769,16.923,16.909
2136-07-03 05:15:00,15.923,16.562,16.728,16.707,16.923,16.909
2136-07-03 05:30:00,15.923,16.562,16.6965,16.707,16.8915,16.877499999999998
2136-07-03 05:45:00,15.86,16.499,16.665,16.644,16.86,16.846
2136-07-03 06:00:00,15.86,16.499,16.633499999999998,16.644,16.86,16.846
2136-07-03 06:15:00,15.797,16.436,16.602,16.644,16.798,16.783
2136-07-03 06:30:00,15.797,16.436,16.570999999999998,16.581,16.798,16.783
2136-07-03 06:45:00,15.797,16.374,16.54,16.581,16.735,16.783
2136-07-03 07:00:00,15.735,16.374,16.54,16.519,16.735,16.752000000000002
2136-07-03 07:15:00,15.735,16.311,16.477,16.519,16.735,16.721
2136-07-03 07:30:00,15.672,16.311,16.477,16.487499999999997,16.7035,16.721
2136-07-03 07:45:00,15.672,16.311,16.415,16.456,16.672,16.721
2136-07-03 08:00:00,15.672,16.2795,16.415,16.456,16.672,16.658
2136-07-03 08:15:00,15.672,16.248,16.415,16.394,16.61,16.658
2136-07-03 08:30:00,15.735,16.248,16.383499999999998,16.394,16.61,16.658
2136-07-03 08:45:00,15.735,16.248,16.352,16.394,16.61,16.596
2136-07-03 09:00:00,15.8285,16.2795,16.352,16.362499999999997,16.5785,16.596
2136-07-03 09:15:00,15.86,16.311,16.352,16.331,16.547,16.596
2136-07-03 09:30:00,15.954,16.3425,16.352,16.331,16.547,16.596
2136-07-03 09:45:00,16.048,16.374,16.415,16.331,16.547,16.533
2136-07-03 10:00:00,16.142,16.405,16.415,16.331,16.547,16.533
2136-07-03 10:15:00,16.236,16.436,16.415,16.331,16.484,16.533
2136-07-03 10:30:00,16.33,16.499,16.415,16.331,16.484,16.533
2136-07-03 10:45:00,16.424,16.562,16.477,16.331,16.484,16.533
2136-07-03 11:00:00,16.518,16.624,16.477,16.331,16.484,16.47
2136-07-03 11:15:00,16.612,16.687,16.54,16.394,16.484,16.47
2136-07-03 11:30:00,16.7685,16.781,16.570999999999998,16.394,16.484,16.47
2136-07-03 11:45:00,16.925,16.875,16.602,16.394,16.484,16.47
2136-07-03 12:00:00,17.0815,16.969,16.665,16.424999999999997,16.484,16.47
2136-07-03 12:15:00,17.238,17.063,16.728,16.456,16.547,16.47
2136-07-03 12:30:00,17.426000000000002,17.157,16.79,16.487499999999997,16.547,16.47
2136-07-03 12:45:00,17.614,17.251,16.853,16.519,16.547,16.47
2136-07-03 13:00:00,17.7705,17.4075,16.9465,16.549999999999997,16.547,16.47
2136-07-03 13:15:00,17.927,17.502,16.978,16.581,16.61,16.47
2136-07-03 13:30:00,18.0835,17.5955,17.072000000000003,16.644,16.61,16.5015
2136-07-03 13:45:00,18.24,17.69,17.166,16.707,16.672,16.533
2136-07-03 14:00:00,18.3655,17.8465,17.259500000000003,16.738,16.672,16.533
2136-07-03 14:15:00,18.553,17.94,17.354,16.832,16.672,16.533
2136-07-03 14:30:00,18.7405,18.097,17.384999999999998,16.863500000000002,16.735,16.596
2136-07-03 14:45:00,18.866,18.191,17.479,16.957,16.798,16.596
2136-07-03 15:00:00,18.96,18.285,17.572499999999998,16.988500000000002,16.798,16.596
2136-07-03 15:15:00,19.054,18.379,17.667,17.02,16.86,16.658
2136-07-03 15:30:00,19.1475,18.4725,17.7605,17.082,16.8915,16.658
2136-07-03 15:45:00,19.242,18.567,17.792,17.145,16.923,16.721
2136-07-03 16:00:00,19.273,18.6605,17.8855,17.208,16.9545,16.721
2136-07-03 16:15:00,19.304,18.692,17.917,17.27,16.986,16.783
2136-07-03 16:30:00,19.304,18.755,18.0105,17.301499999999997,17.049,16.783
2136-07-03 16:45:00,19.304,18.755,18.042,17.395,17.111,16.783
2136-07-03 17:00:00,19.304,18.817,18.105,17.395,17.1425,16.846
2136-07-03 17:15:00,19.304,18.817,18.167,17.458,17.174,16.846
2136-07-03 17:30:00,19.304,18.88,18.167,17.4895,17.2055,16.909
2136-07-03 17:45:00,19.304,18.88,18.23,17.521,17.237,16.909
2136-07-03 18:00:00,19.304,18.88,18.23,17.583,17.268,16.971
2136-07-03 18:15:00,19.304,18.88,18.292,17.583,17.299,16.971
2136-07-03 18:30:00,19.304,18.943,18.292,17.6145,17.3305,17.034
2136-07-03 18:45:00,19.304,18.943,18.292,17.646,17.362,17.034
2136-07-03 19:00:00,19.242,18.943,18.355,17.708,17.3935,17.0655
2136-07-03 19:15:00,19.242,18.943,18.355,17.708,17.425,17.097
2136-07-03 19:30:00,19.242,18.943,18.355,17.7395,17.456,17.097
2136-07-03 19:45:00,19.179,18.943,18.355,17.771,17.487,17.159
2136-07-03 20:00:00,19.1475,18.943,18.386499999999998,17.771,17.487,17.159
2136-07-03 20:15:00,19.116,18.943,18.418,17.771,17.55,17.159
2136-07-03 20:30:00,19.085,18.88,18.418,17.802500000000002,17.55,17.222
2136-07-03 20:45:00,18.991,18.88,18.418,17.834,17.55,17.222
2136-07-03 21:00:00,18.96,18.88,18.386499999999998,17.834,17.5815,17.222
2136-07-03 21:15:00,18.929,18.817,18.355,17.834,17.613,17.285
2136-07-03 21:30:00,18.8345,18.817,18.355,17.834,17.613,17.285
2136-07-03 21:45:00,18.803,18.755,18.355,17.834,17.613,17.285
2136-07-03 22:00:00,18.7095,18.7235,18.355,17.834,17.613,17.285
2136-07-03 22:15:00,18.678,18.692,18.355,17.834,17.613,17.285
2136-07-03 22:30:00,18.5845,18.6605,18.292,17.834,17.613,17.347
2136-07-03 22:45:00,18.49,18.629,18.292,17.834,17.613,17.347
2136-07-03 23:00:00,18.459,18.567,18.261000000000003,17.834,17.613,17.347
2136-07-03 23:15:00,18.365,18.504,18.23,17.834,17.613,17.347
2136-07-03 23:30:00,18.303,18.4725,18.23,17.771,17.613,17.347
2136-07-03 23:45:00,18.24,18.441,18.167,17.771,17.613,17.347
2136-07-04 00:00:00,18.146,18.379,18.167,17.771,17.644,17.347
2136-07-04 00:15:00,18.052,18.316,18.105,17.771,17.613,17.347
2136-07-04 00:30:00,18.021,18.285,18.105,17.7395,17.613,17.347
2136-07-04 00:45:00,17.927,18.254,18.042,17.708,17.613,17.347
2136-07-04 01:00:00,17.864,18.1595,18.042,17.708,17.613,17.347
2136-07-04 01:15:00,17.802,18.128,17.979,17.708,17.613,17.347
2136-07-04 01:30:00,17.739,18.097,17.948,17.646,17.613,17.347
2136-07-04 01:45:00,17.676,18.003,17.917,17.646,17.55,17.347
2136-07-04 02:00:00,17.614,17.9715,17.8855,17.6145,17.55,17.347
2136-07-04 02:15:00,17.551,17.94,17.854,17.583,17.55,17.347
2136-07-04 02:30:00,17.489,17.878,17.823,17.583,17.55,17.347
2136-07-04 02:45:00,17.426,17.878,17.792,17.521,17.55,17.347
2136-07-04 03:00:00,17.3945,17.815,17.729,17.521,17.487,17.316000000000003
2136-07-04 03:15:00,17.363,17.752,17.729,17.521,17.487,17.285
2136-07-04 03:30:00,17.301,17.721,17.667,17.458,17.487,17.285
2136-07-04 03:45:00,17.238,17.69,17.667,17.458,17.425,17.285
2136-07-04 04:00:00,17.2065,17.627,17.604,17.395,17.425,17.285
2136-07-04 04:15:00,17.113,17.564,17.604,17.395,17.425,17.285
2136-07-04 04:30:00,17.0815,17.564,17.541,17.363999999999997,17.425,17.253500000000003
2136-07-04 04:45:00,17.05,17.502,17.479,17.333,17.362,17.222
2136-07-04 05:00:00,16.988,17.4705,17.479,17.301499999999997,17.362,17.222
2136-07-04 05:15:00,16.925,17.439,17.416,17.27,17.362,17.222
2136-07-04 05:30:00,16.925,17.376,17.416,17.27,17.299,17.222
2136-07-04 05:45:00,16.862,17.376,17.354,17.208,17.299,17.159
2136-07-04 06:00:00,16.831,17.314,17.354,17.208,17.299,17.159
2136-07-04 06:15:00,16.8,17.314,17.291,17.208,17.237,17.159
2136-07-04 06:30:00,16.737,17.251,17.291,17.145,17.237,17.159
2136-07-04 06:45:00,16.674,17.188,17.228,17.145,17.237,17.097
2136-07-04 07:00:00,16.674,17.188,17.228,17.113500000000002,17.2055,17.097
2136-07-04 07:15:00,16.674,17.126,17.166,17.082,17.174,17.097
2136-07-04 07:30:00,16.612,17.126,17.166,17.051000000000002,17.174,17.097
2136-07-04 07:45:00,16.612,17.126,17.166,17.02,17.174,17.034
2136-07-04 08:00:00,16.612,17.063,17.103,17.02,17.111,17.034
2136-07-04 08:15:00,16.612,17.063,17.103,16.957,17.111,17.034
2136-07-04 08:30:00,16.643,17.063,17.103,16.957,17.111,17.034
2136-07-04 08:45:00,16.674,17.063,17.041,16.957,17.049,16.971
2136-07-04 09:00:00,16.7055,17.063,17.041,16.957,17.049,16.971
2136-07-04 09:15:00,16.8,17.126,17.041,16.895,17.049,16.971
2136-07-04 09:30:00,16.8935,17.126,17.041,16.926000000000002,17.049,16.971
2136-07-04 09:45:00,16.925,17.188,17.041,16.895,16.986,16.971
2136-07-04 10:00:00,17.019,17.2195,17.103,16.895,16.986,16.909
2136-07-04 10:15:00,17.113,17.251,17.103,16.895,16.986,16.909
2136-07-04 10:30:00,17.238,17.314,17.134500000000003,16.895,16.986,16.909
2136-07-04 10:45:00,17.363,17.376,17.166,16.957,16.986,16.909
2136-07-04 11:00:00,17.4885,17.4705,17.197000000000003,16.957,16.986,16.909
2136-07-04 11:15:00,17.614,17.564,17.228,16.957,16.986,16.909
2136-07-04 11:30:00,17.7705,17.5955,17.291,16.988500000000002,16.986,16.909
2136-07-04 11:45:00,17.927,17.69,17.354,17.02,16.986,16.909
2136-07-04 12:00:00,18.0525,17.7835,17.384999999999998,17.02,17.049,16.909
2136-07-04 12:15:00,18.24,17.878,17.479,17.082,17.049,16.909
2136-07-04 12:30:00,18.3965,18.0345,17.509999999999998,17.113500000000002,17.049,16.909
2136-07-04 12:45:00,18.553,18.128,17.604,17.145,17.049,16.909
2136-07-04 13:00:00,18.7095,18.2225,17.667,17.176499999999997,17.111,16.909
2136-07-04 13:15:00,18.866,18.316,17.729,17.208,17.111,16.909
2136-07-04 13:30:00,19.0535,18.4725,17.823,17.301499999999997,17.1425,16.971
2136-07-04 13:45:00,19.242,18.567,17.917,17.333,17.174,16.971
2136-07-04 14:00:00,19.3665,18.7235,18.0105,17.395,17.2055,16.971
2136-07-04 14:15:00,19.555,18.817,18.105,17.458,17.237,16.971
2136-07-04 14:30:00,19.711,18.9425,18.167,17.4895,17.299,17.034
2136-07-04 14:45:00,19.805,19.068,18.23,17.583,17.299,17.034
2136-07-04 15:00:00,19.8985,19.1615,18.323500000000003,17.6145,17.362,17.097
2136-07-04 15:15:00,19.993,19.256,18.418,17.708,17.425,17.097
2136-07-04 15:30:00,20.0865,19.3495,18.511499999999998,17.7395,17.456,17.128
2136-07-04 15:45:00,20.18,19.443,18.605,17.834,17.487,17.159
2136-07-04 16:00:00,20.243,19.4745,18.636499999999998,17.865000000000002,17.5185,17.1905
2136-07-04 16:15:00,20.306,19.569,18.73,17.896,17.55,17.222
2136-07-04 16:30:00,20.337,19.631,18.761499999999998,17.990000000000002,17.613,17.253500000000003
2136-07-04 16:45:00,20.368,19.631,18.793,18.021,17.675,17.285
2136-07-04 17:00:00,20.368,19.694,18.856,18.084,17.7065,17.347
2136-07-04 17:15:00,20.368,19.757,18.918,18.147,17.738,17.347
2136-07-04 17:30:00,20.368,19.757,18.981,18.177999999999997,17.801,17.41
2136-07-04 17:45:00,20.368,19.757,18.981,18.209,17.801,17.41
2136-07-04 18:00:00,20.368,19.819,19.043,18.240499999999997,17.863,17.472
2136-07-04 18:15:00,20.368,19.819,19.043,18.272,17.926,17.472
2136-07-04 18:30:00,20.306,19.819,19.106,18.334,17.926,17.535
2136-07-04 18:45:00,20.306,19.819,19.106,18.334,17.989,17.535
2136-07-04 19:00:00,20.306,19.8505,19.137,18.365499999999997,17.989,17.598
2136-07-04 19:15:00,20.306,19.882,19.168,18.397,18.051,17.598
2136-07-04 19:30:00,20.306,19.882,19.168,18.4285,18.051,17.628999999999998
2136-07-04 19:45:00,20.243,19.882,19.231,18.46,18.114,17.66
2136-07-04 20:00:00,20.243,19.882,19.1995,18.46,18.114,17.691499999999998
2136-07-04 20:15:00,20.243,19.882,19.231,18.522,18.114,17.723
2136-07-04 20:30:00,20.18,19.8505,19.231,18.522,18.177,17.7545
2136-07-04 20:45:00,20.118,19.819,19.231,18.522,18.177,17.786
2136-07-04 21:00:00,20.0865,19.819,19.231,18.522,18.177,17.786
2136-07-04 21:15:00,20.055,19.819,19.231,18.585,18.239,17.786
2136-07-04 21:30:00,19.993,19.757,19.231,18.585,18.239,17.848
2136-07-04 21:45:00,19.93,19.757,19.231,18.585,18.239,17.848
2136-07-04 22:00:00,19.8985,19.7255,19.231,18.585,18.2705,17.848
2136-07-04 22:15:00,19.867,19.694,19.231,18.585,18.239,17.848
2136-07-04 22:30:00,19.805,19.694,19.168,18.585,18.302,17.911
2136-07-04 22:45:00,19.742,19.631,19.168,18.585,18.302,17.911
2136-07-04 23:00:00,19.68,19.631,19.168,18.585,18.302,17.911
2136-07-04 23:15:00,19.617,19.569,19.168,18.585,18.302,17.911
2136-07-04 23:30:00,19.555,19.5375,19.137,18.585,18.302,17.911
2136-07-04 23:45:00,19.492,19.506,19.106,18.585,18.302,17.973
2136-07-05 00:00:00,19.4605,19.4745,19.106,18.585,18.302,17.973
2136-07-05 00:15:00,19.367,19.443,19.106,18.585,18.302,17.973
2136-07-05 00:30:00,19.3355,19.412,19.043,18.522,18.302,17.973
2136-07-05 00:45:00,19.304,19.381,19.043,18.522,18.302,17.973
2136-07-05 01:00:00,19.242,19.318,19.012,18.522,18.302,17.973
2136-07-05 01:15:00,19.179,19.318,18.981,18.522,18.302,17.973
2136-07-05 01:30:00,19.1475,19.256,18.981,18.491,18.302,17.973
2136-07-05 01:45:00,19.116,19.256,18.918,18.522,18.302,17.973
2136-07-05 02:00:00,19.085,19.193,18.918,18.46,18.302,17.973
2136-07-05 02:15:00,19.054,19.193,18.918,18.46,18.302,17.973
2136-07-05 02:30:00,18.991,19.13,18.856,18.46,18.302,17.973
2136-07-05 02:45:00,18.991,19.13,18.856,18.46,18.302,17.973
2136-07-05 03:00:00,18.929,19.068,18.8245,18.397,18.302,17.973
2136-07-05 03:15:00,18.929,19.068,18.793,18.397,18.239,17.973
2136-07-05 03:30:00,18.8975,19.068,18.793,18.397,18.239,17.973
2136-07-05 03:45:00,18.866,19.005,18.793,18.397,18.239,17.973
2136-07-05 04:00:00,18.866,19.005,18.761499999999998,18.365499999999997,18.239,17.973
2136-07-05 04:15:00,18.866,19.005,18.73,18.334,18.239,17.973
2136-07-05 04:30:00,18.803,18.943,18.73,18.334,18.239,17.973
2136-07-05 04:45:00,18.803,18.943,18.73,18.334,18.239,17.973
2136-07-05 05:00:00,18.803,18.943,18.668,18.334,18.177,17.973
2136-07-05 05:15:00,18.803,18.943,18.668,18.334,18.177,17.973
2136-07-05 05:30:00,18.772,18.9115,18.668,18.272,18.177,17.911
2136-07-05 05:45:00,18.741,18.88,18.668,18.272,18.177,17.911
2136-07-05 06:00:00,18.741,18.88,18.636499999999998,18.272,18.177,17.911
2136-07-05 06:15:00,18.741,18.88,18.605,18.272,18.177,17.911
2136-07-05 06:30:00,18.741,18.88,18.605,18.272,18.177,17.911
2136-07-05 06:45:00,18.741,18.88,18.605,18.272,18.177,17.911
2136-07-05 07:00:00,18.741,18.88,18.605,18.272,18.177,17.911
2136-07-05 07:15:00,18.741,18.88,18.605,18.209,18.114,17.911
2136-07-05 07:30:00,18.741,18.88,18.605,18.209,18.114,17.911
2136-07-05 07:45:00,18.741,18.88,18.605,18.209,18.114,17.911
2136-07-05 08:00:00,18.741,18.88,18.605,18.209,18.114,17.911
2136-07-05 08:15:00,18.741,18.88,18.605,18.209,18.114,17.911
2136-07-05 08:30:00,18.803,18.88,18.605,18.209,18.114,17.911
2136-07-05 08:45:00,18.803,18.88,18.605,18.209,18.114,17.911
2136-07-05 09:00:00,18.803,18.88,18.605,18.209,18.114,17.8795
2136-07-05 09:15:00,18.803,18.88,18.605,18.209,18.114,17.848
2136-07-05 09:30:00,18.866,18.88,18.605,18.209,18.114,17.848
2136-07-05 09:45:00,18.866,18.88,18.605,18.209,18.114,17.848
2136-07-05 10:00:00,18.866,18.88,18.605,18.209,18.114,17.848
2136-07-05 10:15:00,18.929,18.943,18.605,18.209,18.114,17.848
2136-07-05 10:30:00,18.96,18.943,18.605,18.209,18.114,17.848
2136-07-05 10:45:00,18.991,18.943,18.605,18.209,18.114,17.848
2136-07-05 11:00:00,19.0225,18.974,18.605,18.209,18.114,17.848
2136-07-05 11:15:00,19.054,19.005,18.605,18.209,18.114,17.848
2136-07-05 11:30:00,19.085,19.005,18.668,18.209,18.114,17.848
2136-07-05 11:45:00,19.116,19.005,18.668,18.209,18.114,17.848
2136-07-05 12:00:00,19.116,19.068,18.668,18.240499999999997,18.114,17.848
2136-07-05 12:15:00,19.179,19.068,18.668,18.272,18.114,17.848
2136-07-05 12:30:00,19.179,19.068,18.698999999999998,18.272,18.114,17.848
2136-07-05 12:45:00,19.179,19.13,18.73,18.272,18.114,17.911
2136-07-05 13:00:00,19.242,19.13,18.73,18.272,18.114,17.848
2136-07-05 13:15:00,19.242,19.13,18.73,18.272,18.114,17.911
2136-07-05 13:30:00,19.3355,19.193,18.761499999999998,18.272,18.1455,17.911
2136-07-05 13:45:00,19.429,19.256,18.793,18.334,18.177,17.911
2136-07-05 14:00:00,19.5235,19.287,18.793,18.334,18.177,17.911
2136-07-05 14:15:00,19.617,19.318,18.856,18.334,18.177,17.911
2136-07-05 14:30:00,19.711,19.412,18.887,18.365499999999997,18.177,17.911
2136-07-05 14:45:00,19.805,19.443,18.918,18.397,18.177,17.911
2136-07-05 15:00:00,19.8985,19.5375,18.981,18.397,18.208,17.911
2136-07-05 15:15:00,19.993,19.631,19.043,18.46,18.239,17.911
2136-07-05 15:30:00,20.149,19.6625,19.0745,18.46,18.239,17.973
2136-07-05 15:45:00,20.243,19.757,19.106,18.522,18.239,17.973
2136-07-05 16:00:00,20.337,19.819,19.168,18.5535,18.302,17.973
2136-07-05 16:15:00,20.368,19.882,19.231,18.585,18.302,17.973
2136-07-05 16:30:00,20.431,19.944,19.262500000000003,18.585,18.3335,18.0045
2136-07-05 16:45:00,20.431,19.944,19.294,18.647,18.365,18.036
2136-07-05 17:00:00,20.431,20.007,19.325000000000003,18.6785,18.365,18.036
2136-07-05 17:15:00,20.493,20.007,19.356,18.71,18.427,18.036
2136-07-05 17:30:00,20.493,20.07,19.419,18.71,18.427,18.067500000000003
2136-07-05 17:45:00,20.493,20.07,19.419,18.773,18.427,18.099
2136-07-05 18:00:00,20.493,20.132,19.450000000000003,18.773,18.49,18.099
2136-07-05 18:15:00,20.493,20.132,19.481,18.773,18.49,18.099
2136-07-05 18:30:00,20.5245,20.132,19.512500000000003,18.835,18.521,18.161
2136-07-05 18:45:00,20.493,20.195,19.544,18.835,18.552,18.161
2136-07-05 19:00:00,20.493,20.195,19.544,18.866500000000002,18.552,18.161
2136-07-05 19:15:00,20.493,20.195,19.544,18.898,18.552,18.161
2136-07-05 19:30:00,20.462,20.195,19.544,18.898,18.615,18.224
2136-07-05 19:45:00,20.431,20.132,19.606,18.898,18.615,18.224
2136-07-05 20:00:00,20.368,20.132,19.606,18.96,18.615,18.224
2136-07-05 20:15:00,20.368,20.132,19.606,18.96,18.615,18.287
2136-07-05 20:30:00,20.2745,20.101,19.606,18.96,18.678,18.287
2136-07-05 20:45:00,20.243,20.07,19.606,18.96,18.678,18.287
2136-07-05 21:00:00,20.149,20.07,19.575000000000003,18.96,18.678,18.287
2136-07-05 21:15:00,20.055,20.007,19.544,18.96,18.678,18.287
2136-07-05 21:30:00,20.024,19.9755,19.544,18.96,18.678,18.349
2136-07-05 21:45:00,19.93,19.944,19.544,18.96,18.678,18.349
2136-07-05 22:00:00,19.867,19.882,19.481,18.96,18.74,18.349
2136-07-05 22:15:00,19.805,19.819,19.481,18.96,18.678,18.349
2136-07-05 22:30:00,19.711,19.788,19.450000000000003,18.96,18.709,18.349
2136-07-05 22:45:00,19.617,19.757,19.419,18.96,18.74,18.349
2136-07-05 23:00:00,19.5235,19.694,19.387500000000003,18.898,18.678,18.349
2136-07-05 23:15:00,19.429,19.631,19.356,18.898,18.678,18.349
2136-07-05 23:30:00,19.398,19.569,19.325000000000003,18.898,18.678,18.349
2136-07-05 23:45:00,19.304,19.506,19.294,18.835,18.678,18.349
2136-07-06 00:00:00,19.2105,19.4745,19.231,18.835,18.678,18.349
2136-07-06 00:15:00,19.116,19.381,19.231,18.835,18.678,18.349
2136-07-06 00:30:00,19.0225,19.318,19.168,18.773,18.678,18.349
2136-07-06 00:45:00,18.929,19.256,19.106,18.773,18.615,18.349
2136-07-06 01:00:00,18.8345,19.2245,19.0745,18.741500000000002,18.615,18.349
2136-07-06 01:15:00,18.803,19.13,19.043,18.71,18.615,18.349
2136-07-06 01:30:00,18.7095,19.099,18.981,18.6785,18.615,18.349
2136-07-06 01:45:00,18.616,19.005,18.918,18.647,18.552,18.349
2136-07-06 02:00:00,18.553,18.974,18.887,18.616,18.552,18.317999999999998
2136-07-06 02:15:00,18.49,18.943,18.856,18.585,18.552,18.287
2136-07-06 02:30:00,18.428,18.8485,18.8245,18.585,18.521,18.287
2136-07-06 02:45:00,18.365,18.817,18.793,18.522,18.49,18.287
2136-07-06 03:00:00,18.303,18.755,18.73,18.491,18.49,18.287
2136-07-06 03:15:00,18.24,18.692,18.668,18.46,18.427,18.224
2136-07-06 03:30:00,18.177,18.6605,18.636499999999998,18.46,18.427,18.224
2136-07-06 03:45:00,18.115,18.629,18.605,18.397,18.427,18.224
2136-07-06 04:00:00,18.0835,18.5355,18.543,18.365499999999997,18.365,18.224
2136-07-06 04:15:00,17.99,18.504,18.543,18.334,18.365,18.161
2136-07-06 04:30:00,17.9585,18.441,18.48,18.302999999999997,18.365,18.161
2136-07-06 04:45:00,17.927,18.441,18.418,18.272,18.302,18.161
2136-07-06 05:00:00,17.864,18.3475,18.386499999999998,18.240499999999997,18.302,18.161
2136-07-06 05:15:00,17.802,18.316,18.355,18.209,18.302,18.099
2136-07-06 05:30:00,17.739,18.254,18.323500000000003,18.209,18.239,18.099
2136-07-06 05:45:00,17.739,18.254,18.292,18.147,18.239,18.099
2136-07-06 06:00:00,17.676,18.191,18.23,18.115499999999997,18.177,18.067500000000003
2136-07-06 06:15:00,17.614,18.128,18.23,18.084,18.177,18.036
2136-07-06 06:30:00,17.614,18.128,18.167,18.052500000000002,18.1455,18.036
2136-07-06 06:45:00,17.551,18.066,18.167,18.021,18.114,17.973
2136-07-06 07:00:00,17.551,18.066,18.105,18.021,18.114,17.973
2136-07-06 07:15:00,17.551,18.003,18.105,17.959,18.051,17.973
2136-07-06 07:30:00,17.489,18.003,18.042,17.959,18.051,17.942
2136-07-06 07:45:00,17.489,18.003,18.042,17.959,18.051,17.911
2136-07-06 08:00:00,17.489,17.94,18.0105,17.896,17.989,17.911
2136-07-06 08:15:00,17.489,17.94,17.979,17.896,17.989,17.911
2136-07-06 08:30:00,17.52,17.94,17.979,17.834,17.9575,17.848
2136-07-06 08:45:00,17.551,17.94,17.979,17.834,17.926,17.848
2136-07-06 09:00:00,17.614,17.9715,17.979,17.834,17.926,17.848
2136-07-06 09:15:00,17.676,18.003,17.979,17.834,17.926,17.786
2136-07-06 09:30:00,17.7705,18.0345,17.979,17.834,17.8945,17.786
2136-07-06 09:45:00,17.864,18.066,17.979,17.771,17.863,17.786
2136-07-06 10:00:00,17.9585,18.128,17.979,17.771,17.863,17.786
2136-07-06 10:15:00,18.052,18.191,17.979,17.771,17.863,17.786
2136-07-06 10:30:00,18.146,18.2225,18.042,17.771,17.863,17.723
2136-07-06 10:45:00,18.24,18.316,18.042,17.834,17.863,17.723
2136-07-06 11:00:00,18.3965,18.3475,18.105,17.834,17.863,17.723
2136-07-06 11:15:00,18.49,18.441,18.105,17.834,17.863,17.723
2136-07-06 11:30:00,18.5845,18.5355,18.167,17.834,17.863,17.723
2136-07-06 11:45:00,18.741,18.567,18.23,17.896,17.863,17.723
2136-07-06 12:00:00,18.866,18.6605,18.261000000000003,17.896,17.863,17.723
2136-07-06 12:15:00,19.054,18.755,18.292,17.959,17.863,17.723
2136-07-06 12:30:00,19.179000000000002,18.9115,18.386499999999998,17.959,17.863,17.723
2136-07-06 12:45:00,19.367,19.005,18.418,17.959,17.926,17.723
2136-07-06 13:00:00,19.5545,19.1305,18.511499999999998,18.021,17.926,17.723
2136-07-06 13:15:00,19.742,19.256,18.605,18.084,17.926,17.723
2136-07-06 13:30:00,19.93,19.3805,18.698999999999998,18.115499999999997,17.989,17.723
2136-07-06 13:45:00,20.118,19.506,18.793,18.209,17.989,17.786
2136-07-06 14:00:00,20.3055,19.6315,18.887,18.240499999999997,18.02,17.786
2136-07-06 14:15:00,20.493,19.757,18.981,18.272,18.051,17.786
2136-07-06 14:30:00,20.6185,19.8815,19.012,18.365499999999997,18.0825,17.817
2136-07-06 14:45:00,20.744,20.007,19.106,18.397,18.114,17.848
2136-07-06 15:00:00,20.9,20.101,19.1995,18.46,18.177,17.848
2136-07-06 15:15:00,20.994,20.195,19.294,18.522,18.239,17.911
2136-07-06 15:30:00,21.0875,20.2885,19.387500000000003,18.585,18.239,17.911
2136-07-06 15:45:00,21.119,20.383,19.419,18.647,18.302,17.973
2136-07-06 16:00:00,21.182,20.414,19.512500000000003,18.6785,18.3335,17.973
2136-07-06 16:15:00,21.182,20.445,19.544,18.773,18.365,17.973
2136-07-06 16:30:00,21.182,20.508,19.606,18.804000000000002,18.427,18.036
2136-07-06 16:45:00,21.182,20.508,19.669,18.835,18.427,18.036
2136-07-06 17:00:00,21.1505,20.57,19.700499999999998,18.898,18.49,18.099
2136-07-06 17:15:00,21.119,20.57,19.732,18.898,18.552,18.099
2136-07-06 17:30:00,21.056,20.57,19.762999999999998,18.96,18.552,18.161
2136-07-06 17:45:00,20.994,20.57,19.794,19.023,18.615,18.161
2136-07-06 18:00:00,20.9625,20.57,19.794,19.023,18.615,18.224
2136-07-06 18:15:00,20.931,20.508,19.794,19.023,18.678,18.224
2136-07-06 18:30:00,20.869,20.508,19.825499999999998,19.086,18.678,18.287
2136-07-06 18:45:00,20.869,20.508,19.857,19.086,18.74,18.287
2136-07-06 19:00:00,20.806,20.508,19.857,19.086,18.74,18.317999999999998
2136-07-06 19:15:00,20.744,20.508,19.857,19.148,18.74,18.349
2136-07-06 19:30:00,20.7125,20.445,19.857,19.148,18.7715,18.349
2136-07-06 19:45:00,20.618,20.445,19.857,19.148,18.803,18.349
2136-07-06 20:00:00,20.556,20.383,19.794,19.148,18.803,18.412
2136-07-06 20:15:00,20.493,20.32,19.794,19.148,18.803,18.412
2136-07-06 20:30:00,20.3995,20.32,19.794,19.148,18.8345,18.412
2136-07-06 20:45:00,20.368,20.257,19.794,19.148,18.866,18.474
2136-07-06 21:00:00,20.2115,20.195,19.762999999999998,19.148,18.866,18.474
2136-07-06 21:15:00,20.118,20.132,19.732,19.148,18.866,18.474
2136-07-06 21:30:00,20.024,20.101,19.700499999999998,19.148,18.866,18.474
2136-07-06 21:45:00,19.93,20.007,19.669,19.148,18.866,18.474
2136-07-06 22:00:00,19.836,19.9755,19.637500000000003,19.116999999999997,18.866,18.474
2136-07-06 22:15:00,19.742,19.882,19.606,19.086,18.866,18.474
2136-07-06 22:30:00,19.6485,19.819,19.544,19.086,18.866,18.505499999999998
2136-07-06 22:45:00,19.492,19.757,19.481,19.086,18.866,18.537
2136-07-06 23:00:00,19.4295,19.694,19.450000000000003,19.023,18.866,18.537
2136-07-06 23:15:00,19.304,19.631,19.419,19.023,18.866,18.537
2136-07-06 23:30:00,19.2105,19.5375,19.356,18.991500000000002,18.803,18.537
2136-07-06 23:45:00,19.116,19.443,19.294,18.96,18.803,18.474
2136-07-07 00:00:00,18.96,19.3495,19.262500000000003,18.929000000000002,18.803,18.474
2136-07-07 00:15:00,18.866,19.318,19.231,18.898,18.803,18.474
2136-07-07 00:30:00,18.772,19.2245,19.137,18.866500000000002,18.74,18.474
2136-07-07 00:45:00,18.678,19.13,19.106,18.835,18.74,18.474
2136-07-07 01:00:00,18.552999999999997,19.0365,19.043,18.773,18.709,18.474
2136-07-07 01:15:00,18.428,19.005,18.981,18.773,18.678,18.474
2136-07-07 01:30:00,18.334,18.9115,18.918,18.71,18.678,18.412
2136-07-07 01:45:00,18.24,18.817,18.856,18.647,18.615,18.412
2136-07-07 02:00:00,18.146,18.755,18.793,18.616,18.615,18.412
2136-07-07 02:15:00,18.052,18.692,18.73,18.585,18.615,18.412
2136-07-07 02:30:00,17.99,18.598,18.698999999999998,18.522,18.552,18.349
2136-07-07 02:45:00,17.927,18.504,18.605,18.522,18.552,18.349
2136-07-07 03:00:00,17.833,18.4725,18.573999999999998,18.46,18.49,18.349
2136-07-07 03:15:00,17.739,18.379,18.543,18.397,18.49,18.287
2136-07-07 03:30:00,17.676,18.3475,18.448999999999998,18.365499999999997,18.427,18.287
2136-07-07 03:45:00,17.614,18.254,18.418,18.334,18.427,18.287
2136-07-07 04:00:00,17.52,18.2225,18.355,18.272,18.365,18.224
2136-07-07 04:15:00,17.489,18.128,18.292,18.272,18.365,18.224
2136-07-07 04:30:00,17.426,18.097,18.261000000000003,18.209,18.302,18.192500000000003
2136-07-07 04:45:00,17.363,18.066,18.23,18.147,18.302,18.161
2136-07-07 05:00:00,17.301,17.9715,18.136000000000003,18.115499999999997,18.239,18.161
2136-07-07 05:15:00,17.238,17.94,18.105,18.084,18.239,18.099
2136-07-07 05:30:00,17.175,17.8465,18.042,18.021,18.177,18.099
2136-07-07 05:45:00,17.113,17.815,17.979,18.021,18.177,18.099
2136-07-07 06:00:00,17.0815,17.752,17.979,17.959,18.114,18.036
2136-07-07 06:15:00,17.05,17.69,17.917,17.896,18.114,18.036
2136-07-07 06:30:00,16.988,17.6585,17.8855,17.896,18.051,17.973
2136-07-07 06:45:00,16.925,17.627,17.854,17.834,18.051,17.973
2136-07-07 07:00:00,16.925,17.5955,17.792,17.802500000000002,17.989,17.942
2136-07-07 07:15:00,16.862,17.564,17.729,17.771,17.989,17.911
2136-07-07 07:30:00,16.862,17.533,17.729,17.7395,17.926,17.911
2136-07-07 07:45:00,16.862,17.502,17.667,17.708,17.926,17.848
2136-07-07 08:00:00,16.862,17.4705,17.667,17.677,17.863,17.848
2136-07-07 08:15:00,16.862,17.439,17.604,17.646,17.863,17.786
2136-07-07 08:30:00,16.862,17.439,17.604,17.6145,17.801,17.786
2136-07-07 08:45:00,16.925,17.439,17.604,17.583,17.801,17.786
2136-07-07 09:00:00,16.9565,17.4705,17.572499999999998,17.583,17.7695,17.723
2136-07-07 09:15:00,17.05,17.502,17.541,17.521,17.738,17.723
2136-07-07 09:30:00,17.113,17.533,17.572499999999998,17.521,17.738,17.691499999999998
2136-07-07 09:45:00,17.175,17.564,17.604,17.521,17.675,17.66
2136-07-07 10:00:00,17.2695,17.5955,17.604,17.521,17.675,17.66
2136-07-07 10:15:00,17.426,17.627,17.604,17.521,17.675,17.66
2136-07-07 10:30:00,17.52,17.721,17.6355,17.521,17.675,17.628999999999998
2136-07-07 10:45:00,17.614,17.815,17.667,17.521,17.675,17.598
2136-07-07 11:00:00,17.7705,17.8465,17.698,17.521,17.644,17.598
2136-07-07 11:15:00,17.864,17.94,17.729,17.521,17.613,17.598
2136-07-07 11:30:00,18.0525,18.0345,17.792,17.552,17.613,17.598
2136-07-07 11:45:00,18.177,18.128,17.854,17.583,17.613,17.598
2136-07-07 12:00:00,18.334,18.2225,17.8855,17.583,17.644,17.598
2136-07-07 12:15:00,18.49,18.316,17.917,17.646,17.675,17.535
2136-07-07 12:30:00,18.6785,18.41,18.0105,17.646,17.675,17.535
2136-07-07 12:45:00,18.866,18.567,18.105,17.708,17.675,17.598
2136-07-07 13:00:00,19.0535,18.692,18.136000000000003,17.7395,17.675,17.598
2136-07-07 13:15:00,19.242,18.817,18.23,17.771,17.738,17.598
2136-07-07 13:30:00,19.491999999999997,18.9425,18.323500000000003,17.834,17.738,17.598
2136-07-07 13:45:00,19.68,19.068,18.418,17.896,17.738,17.598
2136-07-07 14:00:00,19.8675,19.2245,18.511499999999998,17.927500000000002,17.801,17.598
2136-07-07 14:15:00,20.055,19.381,18.605,18.021,17.801,17.66
2136-07-07 14:30:00,20.2115,19.506,18.698999999999998,18.052500000000002,17.863,17.66
2136-07-07 14:45:00,20.368,19.631,18.793,18.084,17.926,17.66
2136-07-07 15:00:00,20.4935,19.7565,18.887,18.177999999999997,17.926,17.691499999999998
2136-07-07 15:15:00,20.618,19.882,18.981,18.272,17.989,17.723
2136-07-07 15:30:00,20.775,19.9755,19.0745,18.302999999999997,18.02,17.723
2136-07-07 15:45:00,20.806,20.07,19.168,18.334,18.051,17.786
2136-07-07 16:00:00,20.869,20.132,19.1995,18.4285,18.114,17.786
2136-07-07 16:15:00,20.869,20.195,19.294,18.46,18.177,17.848
2136-07-07 16:30:00,20.931,20.226,19.325000000000003,18.5535,18.208,17.848
2136-07-07 16:45:00,20.931,20.257,19.419,18.585,18.239,17.911
2136-07-07 17:00:00,20.869,20.2885,19.450000000000003,18.647,18.2705,17.911
2136-07-07 17:15:00,20.869,20.32,19.481,18.71,18.302,17.973
2136-07-07 17:30:00,20.869,20.32,19.512500000000003,18.741500000000002,18.365,17.973
2136-07-07 17:45:00,20.806,20.32,19.544,18.773,18.427,18.036
2136-07-07 18:00:00,20.806,20.32,19.575000000000003,18.804000000000002,18.427,18.036
2136-07-07 18:15:00,20.806,20.383,19.606,18.835,18.49,18.099
2136-07-07 18:30:00,20.744,20.3515,19.606,18.866500000000002,18.49,18.099
2136-07-07 18:45:00,20.744,20.32,19.669,18.898,18.552,18.161
2136-07-07 19:00:00,20.681,20.32,19.669,18.898,18.552,18.161
2136-07-07 19:15:00,20.681,20.32,19.669,18.96,18.552,18.161
2136-07-07 19:30:00,20.618,20.32,19.669,18.96,18.615,18.224
2136-07-07 19:45:00,20.618,20.32,19.669,18.96,18.615,18.224
2136-07-07 20:00:00,20.556,20.32,19.669,18.991500000000002,18.6465,18.255499999999998
2136-07-07 20:15:00,20.493,20.257,19.669,19.023,18.678,18.287
2136-07-07 20:30:00,20.462,20.257,19.669,19.023,18.678,18.287
2136-07-07 20:45:00,20.368,20.195,19.669,19.023,18.678,18.287
2136-07-07 21:00:00,20.306,20.195,19.669,19.023,18.74,18.349
2136-07-07 21:15:00,20.243,20.132,19.669,19.023,18.74,18.349
2136-07-07 21:30:00,20.149,20.101,19.606,19.023,18.74,18.349
2136-07-07 21:45:00,20.055,20.07,19.606,19.023,18.74,18.349
2136-07-07 22:00:00,20.024,20.007,19.606,19.023,18.74,18.412
2136-07-07 22:15:00,19.93,19.944,19.544,19.023,18.74,18.412
2136-07-07 22:30:00,19.836,19.913,19.544,19.023,18.74,18.412
2136-07-07 22:45:00,19.805,19.882,19.481,19.023,18.74,18.412
2136-07-07 23:00:00,19.711,19.819,19.481,18.991500000000002,18.74,18.412
2136-07-07 23:15:00,19.617,19.757,19.419,18.96,18.74,18.412
2136-07-07 23:30:00,19.5235,19.694,19.419,18.96,18.74,18.412
2136-07-07 23:45:00,19.429,19.631,19.419,18.96,18.74,18.412
2136-07-08 00:00:00,19.367,19.6,19.356,18.898,18.74,18.412
2136-07-08 00:15:00,19.242,19.506,19.294,18.898,18.74,18.412
2136-07-08 00:30:00,19.2105,19.4745,19.262500000000003,18.898,18.74,18.412
2136-07-08 00:45:00,19.116,19.381,19.231,18.835,18.74,18.412
2136-07-08 01:00:00,19.0225,19.3495,19.1995,18.835,18.709,18.412
2136-07-08 01:15:00,18.929,19.256,19.168,18.835,18.678,18.412
2136-07-08 01:30:00,18.8975,19.2245,19.106,18.773,18.678,18.412
2136-07-08 01:45:00,18.803,19.193,19.043,18.773,18.678,18.412
2136-07-08 02:00:00,18.7095,19.099,19.012,18.71,18.678,18.412
2136-07-08 02:15:00,18.678,19.068,18.981,18.71,18.615,18.412
2136-07-08 02:30:00,18.5845,19.005,18.918,18.6785,18.615,18.349
2136-07-08 02:45:00,18.49,18.943,18.918,18.647,18.615,18.349
2136-07-08 03:00:00,18.459,18.88,18.856,18.616,18.5835,18.349
2136-07-08 03:15:00,18.365,18.817,18.793,18.585,18.552,18.349
2136-07-08 03:30:00,18.334,18.786,18.761499999999998,18.522,18.552,18.349
2136-07-08 03:45:00,18.303,18.755,18.73,18.522,18.49,18.287
2136-07-08 04:00:00,18.2085,18.692,18.668,18.491,18.49,18.287
2136-07-08 04:15:00,18.177,18.629,18.668,18.46,18.49,18.287
2136-07-08 04:30:00,18.115,18.598,18.605,18.4285,18.427,18.287
2136-07-08 04:45:00,18.052,18.567,18.543,18.397,18.427,18.287
2136-07-08 05:00:00,18.021,18.504,18.511499999999998,18.365499999999997,18.427,18.224
2136-07-08 05:15:00,17.99,18.441,18.48,18.334,18.365,18.224
2136-07-08 05:30:00,17.927,18.41,18.448999999999998,18.302999999999997,18.365,18.224
2136-07-08 05:45:00,17.864,18.379,18.418,18.272,18.365,18.161
2136-07-08 06:00:00,17.864,18.3475,18.386499999999998,18.240499999999997,18.302,18.161
2136-07-08 06:15:00,17.802,18.316,18.355,18.209,18.302,18.161
2136-07-08 06:30:00,17.802,18.254,18.323500000000003,18.209,18.2705,18.161
2136-07-08 06:45:00,17.739,18.254,18.292,18.147,18.239,18.099
2136-07-08 07:00:00,17.739,18.191,18.261000000000003,18.147,18.239,18.099
2136-07-08 07:15:00,17.739,18.191,18.23,18.084,18.177,18.099
2136-07-08 07:30:00,17.7075,18.191,18.198500000000003,18.084,18.177,18.067500000000003
2136-07-08 07:45:00,17.676,18.128,18.167,18.084,18.177,18.036
2136-07-08 08:00:00,17.7075,18.128,18.167,18.021,18.1455,18.036
2136-07-08 08:15:00,17.739,18.128,18.167,18.021,18.114,18.036
2136-07-08 08:30:00,17.739,18.128,18.136000000000003,18.021,18.114,18.0045
2136-07-08 08:45:00,17.802,18.128,18.105,17.959,18.051,17.973
2136-07-08 09:00:00,17.864,18.191,18.105,17.959,18.051,17.973
2136-07-08 09:15:00,17.927,18.191,18.105,17.959,18.051,17.973
2136-07-08 09:30:00,18.021,18.2225,18.105,17.959,18.051,17.942
2136-07-08 09:45:00,18.115,18.254,18.167,17.959,18.051,17.911
2136-07-08 10:00:00,18.2085,18.3475,18.167,17.959,18.02,17.911
2136-07-08 10:15:00,18.303,18.379,18.167,17.959,17.989,17.911
2136-07-08 10:30:00,18.3965,18.4725,18.23,17.959,17.989,17.911
2136-07-08 10:45:00,18.49,18.504,18.23,17.959,17.989,17.911
2136-07-08 11:00:00,18.552999999999997,18.5355,18.261000000000003,17.959,17.989,17.848
2136-07-08 11:15:00,18.678,18.629,18.292,18.021,17.989,17.848
2136-07-08 11:30:00,18.866,18.7235,18.355,18.021,17.989,17.848
2136-07-08 11:45:00,19.054,18.88,18.418,18.021,17.989,17.848
2136-07-08 12:00:00,19.2415,18.974,18.48,18.084,18.051,17.848
2136-07-08 12:15:00,19.429,19.068,18.543,18.084,18.051,17.848
2136-07-08 12:30:00,19.6175,19.2245,18.636499999999998,18.147,18.051,17.911
2136-07-08 12:45:00,19.805,19.318,18.73,18.209,18.051,17.911
2136-07-08 13:00:00,19.9925,19.4745,18.793,18.240499999999997,18.114,17.911
2136-07-08 13:15:00,20.243,19.631,18.856,18.272,18.114,17.911
2136-07-08 13:30:00,20.4305,19.7565,18.9495,18.365499999999997,18.177,17.911
2136-07-08 13:45:00,20.681,19.944,19.043,18.397,18.177,17.911
2136-07-08 14:00:00,20.8065,20.0385,19.168,18.46,18.239,17.973
2136-07-08 14:15:00,20.931,20.195,19.231,18.522,18.239,17.973
2136-07-08 14:30:00,21.025,20.2575,19.325000000000003,18.585,18.302,18.0045
2136-07-08 14:45:00,21.119,20.32,19.419,18.647,18.365,18.036
2136-07-08 15:00:00,21.1505,20.414,19.512500000000003,18.71,18.396,18.036
2136-07-08 15:15:00,21.244,20.508,19.544,18.773,18.427,18.099
2136-07-08 15:30:00,21.213,20.508,19.637500000000003,18.804000000000002,18.4585,18.099
2136-07-08 15:45:00,21.182,20.57,19.669,18.835,18.49,18.161
2136-07-08 16:00:00,21.182,20.57,19.732,18.929000000000002,18.552,18.161
2136-07-08 16:15:00,21.182,20.633,19.732,18.96,18.615,18.224
2136-07-08 16:30:00,21.244,20.633,19.794,18.991500000000002,18.615,18.224
2136-07-08 16:45:00,21.244,20.696,19.857,19.023,18.678,18.287
2136-07-08 17:00:00,21.244,20.696,19.887999999999998,19.086,18.678,18.287
2136-07-08 17:15:00,21.244,20.696,19.919,19.086,18.74,18.287
2136-07-08 17:30:00,21.244,20.758,19.919,19.148,18.74,18.349
2136-07-08 17:45:00,21.244,20.758,19.982,19.211,18.803,18.349
2136-07-08 18:00:00,21.182,20.758,19.982,19.211,18.803,18.412
2136-07-08 18:15:00,21.182,20.758,19.982,19.211,18.866,18.412
2136-07-08 18:30:00,21.119,20.758,20.012999999999998,19.273,18.866,18.474
2136-07-08 18:45:00,21.056,20.696,20.044,19.273,18.928,18.474
2136-07-08 19:00:00,21.056,20.696,20.044,19.273,18.928,18.474
2136-07-08 19:15:00,20.994,20.696,20.044,19.336,18.928,18.537
2136-07-08 19:30:00,20.9625,20.696,20.044,19.336,18.9595,18.537
2136-07-08 19:45:00,20.931,20.696,20.044,19.336,18.991,18.537
2136-07-08 20:00:00,20.9,20.633,20.044,19.336,18.991,18.6
2136-07-08 20:15:00,20.806,20.633,20.044,19.336,18.991,18.6
2136-07-08 20:30:00,20.775,20.6015,20.044,19.399,19.054,18.6
2136-07-08 20:45:00,20.744,20.57,20.044,19.399,19.054,18.662
2136-07-08 21:00:00,20.681,20.539,20.012999999999998,19.399,19.054,18.662
2136-07-08 21:15:00,20.618,20.508,19.982,19.399,19.054,18.662
2136-07-08 21:30:00,20.556,20.4765,19.982,19.399,19.054,18.662
2136-07-08 21:45:00,20.493,20.445,19.982,19.399,19.054,18.662
2136-07-08 22:00:00,20.431,20.383,19.982,19.399,19.085,18.725
2136-07-08 22:15:00,20.368,20.383,19.919,19.399,19.116,18.725
2136-07-08 22:30:00,20.306,20.32,19.919,19.336,19.116,18.725
2136-07-08 22:45:00,20.243,20.257,19.857,19.336,19.116,18.725
2136-07-08 23:00:00,20.149,20.226,19.857,19.336,19.116,18.725
2136-07-08 23:15:00,20.118,20.195,19.857,19.336,19.116,18.725
2136-07-08 23:30:00,20.024,20.132,19.794,19.336,19.085,18.725
2136-07-08 23:45:00,19.93,20.07,19.794,19.273,19.116,18.725
2136-07-09 00:00:00,19.836,20.0385,19.732,19.273,19.054,18.725
2136-07-09 00:15:00,19.805,19.944,19.669,19.273,19.054,18.725
2136-07-09 00:30:00,19.711,19.913,19.669,19.241999999999997,19.054,18.725
2136-07-09 00:45:00,19.617,19.882,19.606,19.211,19.054,18.725
2136-07-09 01:00:00,19.586,19.819,19.606,19.211,19.054,18.725
2136-07-09 01:15:00,19.492,19.757,19.544,19.211,19.054,18.725
2136-07-09 01:30:00,19.429,19.694,19.544,19.148,19.0225,18.725
2136-07-09 01:45:00,19.367,19.631,19.481,19.148,18.991,18.725
2136-07-09 02:00:00,19.273,19.6,19.450000000000003,19.116999999999997,18.991,18.725
2136-07-09 02:15:00,19.242,19.569,19.419,19.086,18.991,18.725
2136-07-09 02:30:00,19.1475,19.506,19.356,19.054499999999997,18.9595,18.725
2136-07-09 02:45:00,19.116,19.443,19.356,19.023,18.928,18.662
2136-07-09 03:00:00,19.0225,19.381,19.294,19.023,18.928,18.662
2136-07-09 03:15:00,18.991,19.318,19.231,18.96,18.928,18.662
2136-07-09 03:30:00,18.8975,19.287,19.231,18.96,18.897,18.662
2136-07-09 03:45:00,18.866,19.256,19.168,18.898,18.866,18.662
2136-07-09 04:00:00,18.772,19.193,19.137,18.898,18.866,18.631
2136-07-09 04:15:00,18.741,19.13,19.106,18.835,18.803,18.6
2136-07-09 04:30:00,18.678,19.099,19.043,18.835,18.803,18.6
2136-07-09 04:45:00,18.616,19.068,19.043,18.835,18.803,18.6
2136-07-09 05:00:00,18.5845,19.005,18.981,18.773,18.7715,18.6
2136-07-09 05:15:00,18.553,18.943,18.981,18.71,18.74,18.537
2136-07-09 05:30:00,18.459,18.9115,18.918,18.71,18.74,18.537
2136-07-09 05:45:00,18.428,18.88,18.856,18.71,18.678,18.537
2136-07-09 06:00:00,18.365,18.8485,18.856,18.647,18.678,18.505499999999998
2136-07-09 06:15:00,18.303,18.817,18.793,18.647,18.678,18.474
2136-07-09 06:30:00,18.303,18.755,18.761499999999998,18.585,18.6465,18.474
2136-07-09 06:45:00,18.24,18.755,18.73,18.585,18.615,18.474
2136-07-09 07:00:00,18.24,18.692,18.698999999999998,18.5535,18.615,18.442999999999998
2136-07-09 07:15:00,18.24,18.692,18.668,18.522,18.552,18.412
2136-07-09 07:30:00,18.177,18.629,18.668,18.491,18.552,18.412
2136-07-09 07:45:00,18.177,18.629,18.605,18.46,18.552,18.412
2136-07-09 08:00:00,18.177,18.567,18.605,18.46,18.521,18.380499999999998
2136-07-09 08:15:00,18.177,18.567,18.543,18.397,18.49,18.349
2136-07-09 08:30:00,18.177,18.567,18.543,18.397,18.49,18.349
2136-07-09 08:45:00,18.177,18.567,18.543,18.397,18.427,18.349
2136-07-09 09:00:00,18.24,18.567,18.543,18.365499999999997,18.427,18.287
2136-07-09 09:15:00,18.303,18.629,18.543,18.334,18.427,18.287
2136-07-09 09:30:00,18.3965,18.629,18.543,18.334,18.427,18.287
2136-07-09 09:45:00,18.49,18.692,18.543,18.334,18.365,18.287
2136-07-09 10:00:00,18.5845,18.7235,18.543,18.334,18.365,18.255499999999998
2136-07-09 10:15:00,18.678,18.817,18.605,18.334,18.365,18.224
2136-07-09 10:30:00,18.772,18.8485,18.605,18.334,18.365,18.224
2136-07-09 10:45:00,18.866,18.88,18.605,18.334,18.365,18.224
2136-07-09 11:00:00,18.96,18.974,18.668,18.365499999999997,18.365,18.224
2136-07-09 11:15:00,19.116,19.005,18.668,18.334,18.365,18.224
2136-07-09 11:30:00,19.2105,19.099,18.73,18.397,18.365,18.224
2136-07-09 11:45:00,19.304,19.13,18.793,18.397,18.365,18.224
2136-07-09 12:00:00,19.367,19.2245,18.793,18.4285,18.365,18.224
2136-07-09 12:15:00,19.492,19.318,18.856,18.46,18.365,18.224
2136-07-09 12:30:00,19.586,19.3495,18.887,18.46,18.396,18.224
2136-07-09 12:45:00,19.617,19.443,18.918,18.522,18.427,18.224
2136-07-09 13:00:00,19.711,19.506,18.981,18.522,18.427,18.224
2136-07-09 13:15:00,19.805,19.569,19.043,18.585,18.427,18.224
2136-07-09 13:30:00,19.9615,19.6625,19.0745,18.585,18.427,18.224
2136-07-09 13:45:00,20.055,19.757,19.168,18.585,18.49,18.224
2136-07-09 14:00:00,20.1805,19.788,19.1995,18.647,18.49,18.224
2136-07-09 14:15:00,20.368,19.944,19.231,18.71,18.49,18.287
2136-07-09 14:30:00,20.462,20.0385,19.325000000000003,18.741500000000002,18.552,18.287
2136-07-09 14:45:00,20.618,20.07,19.419,18.773,18.552,18.287
2136-07-09 15:00:00,20.681,20.1635,19.450000000000003,18.804000000000002,18.5835,18.287
2136-07-09 15:15:00,20.744,20.257,19.544,18.835,18.615,18.349
2136-07-09 15:30:00,20.806,20.2885,19.575000000000003,18.898,18.6465,18.349
2136-07-09 15:45:00,20.869,20.383,19.606,18.96,18.678,18.349
2136-07-09 16:00:00,20.9,20.414,19.669,18.96,18.678,18.380499999999998
2136-07-09 16:15:00,20.931,20.445,19.732,19.023,18.74,18.412
2136-07-09 16:30:00,20.931,20.4765,19.732,19.054499999999997,18.74,18.412
2136-07-09 16:45:00,20.931,20.508,19.794,19.086,18.803,18.412
2136-07-09 17:00:00,20.869,20.508,19.794,19.116999999999997,18.803,18.474
2136-07-09 17:15:00,20.869,20.508,19.857,19.148,18.866,18.474
2136-07-09 17:30:00,20.8375,20.508,19.857,19.148,18.866,18.505499999999998
2136-07-09 17:45:00,20.806,20.508,19.857,19.211,18.866,18.537
2136-07-09 18:00:00,20.744,20.4765,19.857,19.211,18.897,18.537
2136-07-09 18:15:00,20.681,20.445,19.857,19.211,18.928,18.537
2136-07-09 18:30:00,20.6495,20.445,19.857,19.211,18.928,18.6
2136-07-09 18:45:00,20.618,20.445,19.857,19.273,18.928,18.6
2136-07-09 19:00:00,20.556,20.383,19.857,19.273,18.991,18.6
2136-07-09 19:15:00,20.493,20.383,19.857,19.273,18.991,18.6
2136-07-09 19:30:00,20.462,20.3515,19.857,19.273,18.991,18.662
2136-07-09 19:45:00,20.431,20.32,19.857,19.273,18.991,18.662
2136-07-09 20:00:00,20.368,20.32,19.857,19.273,19.0225,18.662
2136-07-09 20:15:00,20.306,20.257,19.857,19.273,19.054,18.662
2136-07-09 20:30:00,20.2745,20.257,19.794,19.273,19.054,18.662
2136-07-09 20:45:00,20.18,20.195,19.794,19.273,19.054,18.725
2136-07-09 21:00:00,20.149,20.1635,19.794,19.273,19.054,18.725
2136-07-09 21:15:00,20.055,20.132,19.794,19.273,19.054,18.725
2136-07-09 21:30:00,19.9615,20.07,19.732,19.273,19.054,18.725
2136-07-09 21:45:00,19.93,20.007,19.732,19.273,19.054,18.725
2136-07-09 22:00:00,19.836,19.9755,19.669,19.211,19.054,18.725
2136-07-09 22:15:00,19.742,19.944,19.669,19.211,19.054,18.725
2136-07-09 22:30:00,19.711,19.882,19.637500000000003,19.211,19.054,18.725
2136-07-09 22:45:00,19.617,19.819,19.606,19.211,19.054,18.725
2136-07-09 23:00:00,19.586,19.788,19.544,19.148,19.0225,18.725
2136-07-09 23:15:00,19.492,19.757,19.544,19.148,18.991,18.725
2136-07-09 23:30:00,19.429,19.694,19.481,19.148,18.991,18.725
2136-07-09 23:45:00,19.367,19.631,19.481,19.086,18.991,18.725
2136-07-10 00:00:00,19.273,19.569,19.419,19.086,18.991,18.725
2136-07-10 00:15:00,19.179,19.506,19.356,19.086,18.991,18.725
2136-07-10 00:30:00,19.085,19.4745,19.356,19.023,18.9595,18.725
2136-07-10 00:45:00,19.054,19.381,19.294,19.023,18.928,18.662
2136-07-10 01:00:00,18.96,19.3495,19.262500000000003,18.96,18.928,18.6935
2136-07-10 01:15:00,18.866,19.256,19.231,18.96,18.928,18.662
2136-07-10 01:30:00,18.772,19.2245,19.168,18.929000000000002,18.866,18.662
2136-07-10 01:45:00,18.741,19.13,19.106,18.898,18.866,18.662
2136-07-10 02:00:00,18.647,19.099,19.0745,18.866500000000002,18.866,18.662
2136-07-10 02:15:00,18.553,19.068,19.043,18.835,18.803,18.662
2136-07-10 02:30:00,18.5215,18.974,19.012,18.804000000000002,18.803,18.6
2136-07-10 02:45:00,18.428,18.943,18.981,18.773,18.803,18.6
2136-07-10 03:00:00,18.365,18.88,18.918,18.71,18.74,18.6
2136-07-10 03:15:00,18.303,18.817,18.856,18.71,18.74,18.537
2136-07-10 03:30:00,18.24,18.755,18.8245,18.6785,18.709,18.537
2136-07-10 03:45:00,18.177,18.692,18.793,18.647,18.678,18.537
2136-07-10 04:00:00,18.115,18.6605,18.73,18.585,18.678,18.537
2136-07-10 04:15:00,18.052,18.629,18.668,18.585,18.615,18.474
2136-07-10 04:30:00,18.021,18.567,18.636499999999998,18.522,18.615,18.474
2136-07-10 04:45:00,17.99,18.504,18.605,18.522,18.615,18.474
2136-07-10 05:00:00,17.927,18.4725,18.573999999999998,18.46,18.552,18.442999999999998
2136-07-10 05:15:00,17.927,18.441,18.543,18.46,18.552,18.412
2136-07-10 05:30:00,17.864,18.41,18.511499999999998,18.397,18.49,18.412
2136-07-10 05:45:00,17.802,18.379,18.48,18.397,18.49,18.412
2136-07-10 06:00:00,17.802,18.316,18.418,18.334,18.4585,18.349
2136-07-10 06:15:00,17.739,18.316,18.418,18.334,18.427,18.349
2136-07-10 06:30:00,17.739,18.254,18.355,18.272,18.427,18.317999999999998
2136-07-10 06:45:00,17.676,18.254,18.355,18.272,18.365,18.287
2136-07-10 07:00:00,17.676,18.191,18.292,18.240499999999997,18.365,18.287
2136-07-10 07:15:00,17.676,18.191,18.292,18.209,18.365,18.224
2136-07-10 07:30:00,17.676,18.191,18.23,18.177999999999997,18.302,18.224
2136-07-10 07:45:00,17.676,18.128,18.23,18.147,18.302,18.224
2136-07-10 08:00:00,17.676,18.128,18.23,18.147,18.2705,18.224
2136-07-10 08:15:00,17.676,18.128,18.167,18.084,18.239,18.161
2136-07-10 08:30:00,17.7075,18.128,18.167,18.084,18.239,18.161
2136-07-10 08:45:00,17.739,18.191,18.167,18.084,18.239,18.161
2136-07-10 09:00:00,17.833,18.191,18.167,18.084,18.177,18.130000000000003
2136-07-10 09:15:00,17.927,18.191,18.167,18.084,18.177,18.099
2136-07-10 09:30:00,18.021,18.254,18.167,18.021,18.177,18.099
2136-07-10 09:45:00,18.115,18.316,18.23,18.021,18.177,18.099
2136-07-10 10:00:00,18.240000000000002,18.41,18.23,18.021,18.114,18.067500000000003
2136-07-10 10:15:00,18.365,18.441,18.23,18.084,18.114,18.036
2136-07-10 10:30:00,18.428,18.504,18.292,18.084,18.114,18.036
2136-07-10 10:45:00,18.49,18.567,18.292,18.084,18.114,18.036
2136-07-10 11:00:00,18.5845,18.598,18.355,18.084,18.114,18.036
2136-07-10 11:15:00,18.678,18.692,18.355,18.084,18.114,18.036
2136-07-10 11:30:00,18.8035,18.755,18.418,18.115499999999997,18.114,18.036
2136-07-10 11:45:00,18.929,18.817,18.48,18.147,18.114,18.036
2136-07-10 12:00:00,19.0535,18.9115,18.511499999999998,18.147,18.177,18.036
2136-07-10 12:15:00,19.179,19.005,18.543,18.209,18.177,18.036
2136-07-10 12:30:00,19.3355,19.099,18.636499999999998,18.209,18.177,18.036
2136-07-10 12:45:00,19.492,19.193,18.668,18.272,18.177,18.036
2136-07-10 13:00:00,19.586,19.287,18.761499999999998,18.272,18.208,18.036
2136-07-10 13:15:00,19.68,19.381,18.793,18.334,18.239,18.036
2136-07-10 13:30:00,19.7735,19.443,18.856,18.365499999999997,18.239,18.036
2136-07-10 13:45:00,19.867,19.569,18.918,18.397,18.239,18.036
2136-07-10 14:00:00,19.9615,19.6,18.981,18.4285,18.302,18.067500000000003
2136-07-10 14:15:00,20.055,19.694,19.043,18.46,18.302,18.099
2136-07-10 14:30:00,20.149,19.757,19.106,18.522,18.3335,18.099
2136-07-10 14:45:00,20.18,19.819,19.168,18.585,18.365,18.099
2136-07-10 15:00:00,20.243,19.8505,19.1995,18.585,18.396,18.130000000000003
2136-07-10 15:15:00,20.243,19.882,19.231,18.647,18.427,18.161
2136-07-10 15:30:00,20.243,19.913,19.262500000000003,18.647,18.427,18.161
2136-07-10 15:45:00,20.243,19.944,19.294,18.71,18.49,18.161
2136-07-10 16:00:00,20.243,19.944,19.325000000000003,18.71,18.49,18.224
2136-07-10 16:15:00,20.243,19.944,19.356,18.773,18.49,18.224
2136-07-10 16:30:00,20.18,19.944,19.356,18.773,18.552,18.224
2136-07-10 16:45:00,20.18,19.944,19.356,18.773,18.552,18.287
2136-07-10 17:00:00,20.18,19.944,19.419,18.804000000000002,18.552,18.287
2136-07-10 17:15:00,20.18,19.944,19.419,18.835,18.615,18.287
2136-07-10 17:30:00,20.118,19.944,19.419,18.835,18.615,18.287
2136-07-10 17:45:00,20.118,19.944,19.419,18.835,18.615,18.349
2136-07-10 18:00:00,20.118,19.944,19.419,18.866500000000002,18.6465,18.349
2136-07-10 18:15:00,20.118,19.944,19.481,18.898,18.678,18.349
2136-07-10 18:30:00,20.055,19.944,19.481,18.898,18.678,18.349
2136-07-10 18:45:00,20.055,19.944,19.481,18.898,18.678,18.412
2136-07-10 19:00:00,19.993,19.944,19.481,18.898,18.678,18.412
2136-07-10 19:15:00,19.993,19.882,19.419,18.898,18.74,18.412
2136-07-10 19:30:00,19.93,19.882,19.450000000000003,18.96,18.74,18.412
2136-07-10 19:45:00,19.867,19.882,19.419,18.96,18.74,18.412
2136-07-10 20:00:00,19.836,19.8505,19.419,18.96,18.74,18.442999999999998
2136-07-10 20:15:00,19.805,19.819,19.419,18.96,18.74,18.474
2136-07-10 20:30:00,19.7735,19.819,19.419,18.96,18.74,18.474
2136-07-10 20:45:00,19.742,19.757,19.419,18.96,18.74,18.474
2136-07-10 21:00:00,19.711,19.757,19.419,18.96,18.74,18.474
2136-07-10 21:15:00,19.68,19.757,19.356,18.898,18.74,18.474
2136-07-10 21:30:00,19.6485,19.694,19.356,18.898,18.74,18.474
2136-07-10 21:45:00,19.617,19.694,19.356,18.898,18.74,18.474
2136-07-10 22:00:00,19.555,19.631,19.356,18.898,18.74,18.474
2136-07-10 22:15:00,19.492,19.631,19.294,18.898,18.74,18.474
2136-07-10 22:30:00,19.4605,19.569,19.294,18.898,18.74,18.474
2136-07-10 22:45:00,19.429,19.569,19.294,18.898,18.74,18.474
2136-07-10 23:00:00,19.367,19.506,19.262500000000003,18.898,18.74,18.474
2136-07-10 23:15:00,19.304,19.506,19.231,18.835,18.74,18.474
2136-07-10 23:30:00,19.273,19.443,19.231,18.835,18.74,18.474
2136-07-10 23:45:00,19.242,19.443,19.231,18.835,18.74,18.474
2136-07-11 00:00:00,19.179,19.381,19.168,18.835,18.74,18.474
2136-07-11 00:15:00,19.116,19.381,19.168,18.835,18.74,18.474
2136-07-11 00:30:00,19.054,19.318,19.106,18.773,18.74,18.474
2136-07-11 00:45:00,18.991,19.256,19.106,18.773,18.678,18.474
2136-07-11 01:00:00,18.96,19.2245,19.0745,18.773,18.678,18.474
2136-07-11 01:15:00,18.866,19.193,19.043,18.773,18.678,18.474
2136-07-11 01:30:00,18.8345,19.13,19.012,18.71,18.678,18.474
2136-07-11 01:45:00,18.803,19.13,18.981,18.71,18.678,18.474
2136-07-11 02:00:00,18.7095,19.068,18.9495,18.71,18.678,18.442999999999998
2136-07-11 02:15:00,18.678,19.005,18.918,18.647,18.615,18.412
2136-07-11 02:30:00,18.5845,18.974,18.887,18.647,18.615,18.412
2136-07-11 02:45:00,18.553,18.943,18.856,18.585,18.615,18.412
2136-07-11 03:00:00,18.49,18.88,18.8245,18.585,18.615,18.412
2136-07-11 03:15:00,18.428,18.817,18.793,18.585,18.552,18.412
2136-07-11 03:30:00,18.365,18.786,18.761499999999998,18.5535,18.552,18.412
2136-07-11 03:45:00,18.303,18.755,18.73,18.522,18.552,18.412
2136-07-11 04:00:00,18.2715,18.692,18.668,18.491,18.552,18.349
2136-07-11 04:15:00,18.177,18.629,18.668,18.46,18.49,18.349
2136-07-11 04:30:00,18.146,18.598,18.605,18.46,18.49,18.349
2136-07-11 04:45:00,18.115,18.567,18.605,18.397,18.49,18.349
2136-07-11 05:00:00,18.052,18.5355,18.543,18.397,18.4585,18.317999999999998
2136-07-11 05:15:00,17.99,18.504,18.48,18.397,18.427,18.287
2136-07-11 05:30:00,17.927,18.441,18.48,18.334,18.427,18.287
2136-07-11 05:45:00,17.864,18.379,18.418,18.334,18.365,18.287
2136-07-11 06:00:00,17.833,18.3475,18.418,18.272,18.365,18.255499999999998
2136-07-11 06:15:00,17.739,18.316,18.355,18.272,18.365,18.224
2136-07-11 06:30:00,17.7075,18.254,18.323500000000003,18.209,18.302,18.224
2136-07-11 06:45:00,17.676,18.191,18.292,18.209,18.302,18.224
2136-07-11 07:00:00,17.614,18.1595,18.261000000000003,18.147,18.302,18.192500000000003
2136-07-11 07:15:00,17.614,18.128,18.23,18.147,18.239,18.161
2136-07-11 07:30:00,17.551,18.097,18.167,18.115499999999997,18.239,18.161
2136-07-11 07:45:00,17.551,18.066,18.167,18.084,18.239,18.161
2136-07-11 08:00:00,17.52,18.066,18.105,18.084,18.177,18.099
2136-07-11 08:15:00,17.489,18.003,18.105,18.021,18.177,18.099
2136-07-11 08:30:00,17.489,18.003,18.105,18.021,18.1455,18.099
2136-07-11 08:45:00,17.551,18.003,18.042,17.959,18.114,18.036
2136-07-11 09:00:00,17.5825,18.003,18.042,17.959,18.114,18.036
2136-07-11 09:15:00,17.614,18.003,18.042,17.959,18.114,18.036
2136-07-11 09:30:00,17.7075,18.066,18.042,17.959,18.051,18.036
2136-07-11 09:45:00,17.739,18.066,18.042,17.959,18.051,17.973
2136-07-11 10:00:00,17.833,18.128,18.042,17.959,18.051,17.973
2136-07-11 10:15:00,17.927,18.128,18.042,17.896,18.051,17.973
2136-07-11 10:30:00,18.021,18.191,18.105,17.896,18.051,17.973
2136-07-11 10:45:00,18.115,18.254,18.105,17.896,17.989,17.973
2136-07-11 11:00:00,18.2085,18.316,18.136000000000003,17.927500000000002,17.989,17.911
2136-07-11 11:15:00,18.24,18.379,18.167,17.959,17.989,17.911
2136-07-11 11:30:00,18.334,18.41,18.167,17.959,17.989,17.911
2136-07-11 11:45:00,18.49,18.441,18.23,17.959,17.989,17.911
2136-07-11 12:00:00,18.5845,18.5355,18.261000000000003,17.959,17.989,17.911
2136-07-11 12:15:00,18.741,18.629,18.292,18.021,17.989,17.911
2136-07-11 12:30:00,18.866,18.7235,18.355,18.021,18.02,17.911
2136-07-11 12:45:00,18.991,18.817,18.418,18.021,18.051,17.911
2136-07-11 13:00:00,19.179000000000002,18.9115,18.448999999999998,18.084,18.051,17.911
2136-07-11 13:15:00,19.304,19.005,18.543,18.084,18.051,17.911
2136-07-11 13:30:00,19.491999999999997,19.099,18.573999999999998,18.147,18.0825,17.911
2136-07-11 13:45:00,19.68,19.193,18.668,18.209,18.114,17.911
2136-07-11 14:00:00,19.8675,19.3495,18.761499999999998,18.240499999999997,18.114,17.942
2136-07-11 14:15:00,19.993,19.443,18.793,18.272,18.177,17.973
2136-07-11 14:30:00,20.149,19.6,18.887,18.334,18.177,17.973
2136-07-11 14:45:00,20.243,19.694,18.981,18.397,18.177,17.973
2136-07-11 15:00:00,20.3995,19.788,19.0745,18.4285,18.239,18.0045
2136-07-11 15:15:00,20.493,19.882,19.106,18.46,18.239,18.036
2136-07-11 15:30:00,20.5245,19.913,19.1995,18.5535,18.302,18.036
2136-07-11 15:45:00,20.556,20.007,19.231,18.585,18.365,18.099
2136-07-11 16:00:00,20.6495,20.07,19.325000000000003,18.647,18.365,18.099
2136-07-11 16:15:00,20.681,20.132,19.356,18.71,18.427,18.099
2136-07-11 16:30:00,20.681,20.1635,19.419,18.741500000000002,18.4585,18.161
2136-07-11 16:45:00,20.681,20.195,19.481,18.773,18.49,18.161
2136-07-11 17:00:00,20.6495,20.195,19.512500000000003,18.804000000000002,18.521,18.192500000000003
2136-07-11 17:15:00,20.618,20.195,19.544,18.835,18.552,18.224
2136-07-11 17:30:00,20.587,20.195,19.544,18.898,18.5835,18.255499999999998
2136-07-11 17:45:00,20.556,20.195,19.606,18.898,18.615,18.287
2136-07-11 18:00:00,20.493,20.195,19.606,18.929000000000002,18.6465,18.287
2136-07-11 18:15:00,20.493,20.195,19.606,18.96,18.678,18.349
2136-07-11 18:30:00,20.431,20.195,19.606,18.96,18.678,18.349
2136-07-11 18:45:00,20.368,20.195,19.606,19.023,18.74,18.349
2136-07-11 19:00:00,20.368,20.195,19.606,19.023,18.74,18.412
2136-07-11 19:15:00,20.306,20.195,19.606,19.023,18.74,18.412
2136-07-11 19:30:00,20.2745,20.132,19.606,19.023,18.7715,18.412
2136-07-11 19:45:00,20.243,20.132,19.606,19.023,18.803,18.412
2136-07-11 20:00:00,20.18,20.101,19.606,19.054499999999997,18.803,18.474
2136-07-11 20:15:00,20.118,20.07,19.606,19.086,18.803,18.474
2136-07-11 20:30:00,20.0865,20.0385,19.606,19.086,18.803,18.474
2136-07-11 20:45:00,19.993,20.007,19.606,19.086,18.803,18.474
2136-07-11 21:00:00,19.9615,19.9755,19.575000000000003,19.086,18.866,18.537
2136-07-11 21:15:00,19.867,19.944,19.544,19.086,18.866,18.537
2136-07-11 21:30:00,19.805,19.882,19.544,19.054499999999997,18.866,18.537
2136-07-11 21:45:00,19.742,19.819,19.481,19.023,18.866,18.537
2136-07-11 22:00:00,19.6485,19.788,19.481,19.023,18.866,18.537
2136-07-11 22:15:00,19.555,19.757,19.481,19.023,18.866,18.537
2136-07-11 22:30:00,19.4605,19.6625,19.419,19.023,18.866,18.537
2136-07-11 22:45:00,19.367,19.631,19.356,18.96,18.866,18.537
2136-07-11 23:00:00,19.273,19.569,19.356,18.96,18.8345,18.537
2136-07-11 23:15:00,19.242,19.506,19.294,18.96,18.803,18.537
2136-07-11 23:30:00,19.1475,19.443,19.262500000000003,18.929000000000002,18.803,18.537
2136-07-11 23:45:00,19.054,19.381,19.231,18.898,18.803,18.537
2136-07-12 00:00:00,18.96,19.287,19.1995,18.898,18.803,18.537
2136-07-12 00:15:00,18.866,19.256,19.168,18.835,18.803,18.537
2136-07-12 00:30:00,18.772,19.1615,19.106,18.835,18.7715,18.537
2136-07-12 00:45:00,18.678,19.13,19.043,18.773,18.74,18.537
2136-07-12 01:00:00,18.5845,19.0365,19.012,18.773,18.74,18.537
2136-07-12 01:15:00,18.49,18.943,18.981,18.71,18.74,18.537
2136-07-12 01:30:00,18.3965,18.9115,18.918,18.71,18.678,18.474
2136-07-12 01:45:00,18.303,18.817,18.856,18.647,18.678,18.474
2136-07-12 02:00:00,18.2715,18.786,18.8245,18.647,18.6465,18.474
2136-07-12 02:15:00,18.177,18.692,18.793,18.585,18.615,18.474
2136-07-12 02:30:00,18.115,18.6605,18.73,18.5535,18.615,18.412
2136-07-12 02:45:00,18.052,18.629,18.668,18.522,18.615,18.412
2136-07-12 03:00:00,17.9585,18.5355,18.636499999999998,18.491,18.552,18.412
2136-07-12 03:15:00,17.927,18.504,18.605,18.46,18.552,18.412
2136-07-12 03:30:00,17.833,18.441,18.543,18.4285,18.49,18.380499999999998
2136-07-12 03:45:00,17.802,18.379,18.48,18.397,18.49,18.349
2136-07-12 04:00:00,17.739,18.316,18.448999999999998,18.365499999999997,18.4585,18.349
2136-07-12 04:15:00,17.676,18.254,18.418,18.334,18.427,18.287
2136-07-12 04:30:00,17.614,18.2225,18.355,18.302999999999997,18.396,18.287
2136-07-12 04:45:00,17.551,18.191,18.292,18.272,18.365,18.287
2136-07-12 05:00:00,17.52,18.128,18.292,18.209,18.3335,18.255499999999998
2136-07-12 05:15:00,17.489,18.066,18.23,18.209,18.302,18.224
2136-07-12 05:30:00,17.426,18.0345,18.198500000000003,18.147,18.302,18.224
2136-07-12 05:45:00,17.363,18.003,18.167,18.147,18.302,18.224
2136-07-12 06:00:00,17.332,17.94,18.105,18.084,18.239,18.161
2136-07-12 06:15:00,17.238,17.878,18.042,18.021,18.239,18.161
2136-07-12 06:30:00,17.2065,17.8465,18.042,18.021,18.177,18.130000000000003
2136-07-12 06:45:00,17.175,17.815,17.979,17.959,18.177,18.099
2136-07-12 07:00:00,17.144,17.7835,17.948,17.959,18.114,18.099
2136-07-12 07:15:00,17.113,17.752,17.917,17.896,18.114,18.036
2136-07-12 07:30:00,17.0815,17.721,17.8855,17.896,18.0825,18.036
2136-07-12 07:45:00,17.05,17.69,17.854,17.834,18.051,18.036
2136-07-12 08:00:00,17.0815,17.69,17.823,17.834,18.02,17.973
2136-07-12 08:15:00,17.113,17.69,17.792,17.771,17.989,17.973
2136-07-12 08:30:00,17.113,17.69,17.792,17.771,17.989,17.942
2136-07-12 08:45:00,17.175,17.69,17.792,17.771,17.926,17.911
2136-07-12 09:00:00,17.2065,17.69,17.792,17.708,17.926,17.911
2136-07-12 09:15:00,17.301,17.69,17.792,17.708,17.926,17.911
2136-07-12 09:30:00,17.3945,17.752,17.792,17.708,17.8945,17.848
2136-07-12 09:45:00,17.489,17.815,17.792,17.708,17.863,17.848
2136-07-12 10:00:00,17.489,17.815,17.792,17.708,17.863,17.848
2136-07-12 10:15:00,17.551,17.878,17.792,17.708,17.863,17.848
2136-07-12 10:30:00,17.645,17.909,17.823,17.708,17.832,17.786
2136-07-12 10:45:00,17.802,17.94,17.854,17.708,17.801,17.786
2136-07-12 11:00:00,17.927,18.0345,17.8855,17.708,17.801,17.786
2136-07-12 11:15:00,18.115,18.128,17.917,17.708,17.801,17.786
2136-07-12 11:30:00,18.240000000000002,18.2225,17.979,17.7395,17.801,17.786
2136-07-12 11:45:00,18.428,18.316,18.042,17.771,17.801,17.786
2136-07-12 12:00:00,18.552999999999997,18.41,18.073500000000003,17.771,17.832,17.7545
2136-07-12 12:15:00,18.678,18.504,18.105,17.834,17.863,17.786
2136-07-12 12:30:00,18.866,18.6295,18.198500000000003,17.834,17.863,17.7545
2136-07-12 12:45:00,19.054,18.755,18.292,17.896,17.863,17.786
2136-07-12 13:00:00,19.273,18.880000000000003,18.323500000000003,17.927500000000002,17.8945,17.786
2136-07-12 13:15:00,19.492,19.068,18.418,17.959,17.926,17.786
2136-07-12 13:30:00,19.6795,19.1615,18.511499999999998,18.021,17.926,17.786
2136-07-12 13:45:00,19.867,19.318,18.605,18.084,17.989,17.786
2136-07-12 14:00:00,20.0865,19.4435,18.698999999999998,18.115499999999997,17.989,17.817
2136-07-12 14:15:00,20.306,19.631,18.793,18.209,18.051,17.848
2136-07-12 14:30:00,20.4935,19.7565,18.887,18.240499999999997,18.051,17.848
2136-07-12 14:45:00,20.681,19.882,19.043,18.334,18.114,17.848
2136-07-12 15:00:00,20.8375,20.006999999999998,19.137,18.365499999999997,18.1455,17.911
2136-07-12 15:15:00,20.931,20.132,19.231,18.46,18.177,17.911
2136-07-12 15:30:00,21.0565,20.226,19.325000000000003,18.522,18.239,17.942
2136-07-12 15:45:00,21.182,20.32,19.356,18.585,18.302,17.973
2136-07-12 16:00:00,21.244,20.414,19.450000000000003,18.6785,18.3335,18.0045
2136-07-12 16:15:00,21.244,20.508,19.544,18.71,18.365,18.036
2136-07-12 16:30:00,21.307,20.539,19.606,18.773,18.427,18.099
2136-07-12 16:45:00,21.307,20.57,19.669,18.835,18.49,18.099
2136-07-12 17:00:00,21.2755,20.6015,19.700499999999998,18.898,18.521,18.161
2136-07-12 17:15:00,21.244,20.633,19.732,18.96,18.552,18.161
2136-07-12 17:30:00,21.244,20.633,19.794,18.96,18.5835,18.224
2136-07-12 17:45:00,21.182,20.633,19.857,19.023,18.615,18.224
2136-07-12 18:00:00,21.182,20.696,19.857,19.054499999999997,18.678,18.287
2136-07-12 18:15:00,21.182,20.696,19.919,19.086,18.678,18.287
2136-07-12 18:30:00,21.182,20.696,19.919,19.116999999999997,18.74,18.349
2136-07-12 18:45:00,21.182,20.696,19.919,19.148,18.803,18.349
2136-07-12 19:00:00,21.182,20.696,19.950499999999998,19.179499999999997,18.803,18.412
2136-07-12 19:15:00,21.182,20.696,19.982,19.211,18.803,18.412
2136-07-12 19:30:00,21.119,20.727,19.982,19.241999999999997,18.866,18.442999999999998
2136-07-12 19:45:00,21.119,20.758,19.982,19.273,18.866,18.474
2136-07-12 20:00:00,21.0875,20.727,20.044,19.273,18.928,18.505499999999998
2136-07-12 20:15:00,21.056,20.696,20.044,19.336,18.928,18.537
2136-07-12 20:30:00,21.025,20.696,20.044,19.336,18.9595,18.537
2136-07-12 20:45:00,20.994,20.696,20.044,19.336,18.991,18.6
2136-07-12 21:00:00,20.931,20.696,20.044,19.336,18.991,18.6
2136-07-12 21:15:00,20.869,20.633,20.044,19.399,18.991,18.6
2136-07-12 21:30:00,20.8375,20.633,20.044,19.399,19.054,18.631
2136-07-12 21:45:00,20.806,20.633,20.044,19.399,19.054,18.662
2136-07-12 22:00:00,20.744,20.57,20.044,19.399,19.054,18.662
2136-07-12 22:15:00,20.681,20.57,20.044,19.399,19.054,18.662
2136-07-12 22:30:00,20.618,20.508,20.012999999999998,19.399,19.116,18.725
2136-07-12 22:45:00,20.556,20.508,19.982,19.399,19.116,18.725
2136-07-12 23:00:00,20.462,20.445,19.982,19.399,19.116,18.725
2136-07-12 23:15:00,20.431,20.383,19.982,19.399,19.116,18.725
2136-07-12 23:30:00,20.337,20.3515,19.919,19.399,19.116,18.725
2136-07-12 23:45:00,20.243,20.32,19.919,19.399,19.116,18.725
2136-07-13 00:00:00,20.18,20.257,19.887999999999998,19.336,19.116,18.756
2136-07-13 00:15:00,20.118,20.195,19.857,19.336,19.116,18.787
2136-07-13 00:30:00,20.024,20.1635,19.825499999999998,19.336,19.116,18.787
2136-07-13 00:45:00,19.93,20.07,19.794,19.336,19.116,18.787
2136-07-13 01:00:00,19.8985,20.0385,19.762999999999998,19.304499999999997,19.116,18.787
2136-07-13 01:15:00,19.805,20.007,19.732,19.273,19.116,18.787
2136-07-13 01:30:00,19.711,19.944,19.700499999999998,19.273,19.116,18.787
2136-07-13 01:45:00,19.68,19.882,19.669,19.273,19.054,18.787
2136-07-13 02:00:00,19.586,19.819,19.606,19.211,19.054,18.787
2136-07-13 02:15:00,19.492,19.757,19.544,19.211,19.054,18.787
2136-07-13 02:30:00,19.429,19.7255,19.544,19.179499999999997,19.054,18.787
2136-07-13 02:45:00,19.367,19.631,19.481,19.148,19.054,18.787
2136-07-13 03:00:00,19.273,19.6,19.481,19.148,19.054,18.756
2136-07-13 03:15:00,19.242,19.569,19.419,19.086,18.991,18.725
2136-07-13 03:30:00,19.1475,19.506,19.387500000000003,19.086,18.991,18.725
2136-07-13 03:45:00,19.116,19.443,19.356,19.086,18.991,18.725
2136-07-13 04:00:00,19.0225,19.381,19.294,19.023,18.9595,18.725
2136-07-13 04:15:00,18.929,19.318,19.294,19.023,18.928,18.725
2136-07-13 04:30:00,18.8975,19.287,19.231,18.96,18.928,18.725
2136-07-13 04:45:00,18.866,19.256,19.168,18.96,18.928,18.725
2136-07-13 05:00:00,18.772,19.193,19.137,18.898,18.897,18.662
2136-07-13 05:15:00,18.741,19.13,19.106,18.898,18.866,18.662
2136-07-13 05:30:00,18.678,19.099,19.0745,18.866500000000002,18.866,18.662
2136-07-13 05:45:00,18.616,19.068,19.043,18.835,18.803,18.662
2136-07-13 06:00:00,18.553,19.005,19.012,18.804000000000002,18.803,18.6
2136-07-13 06:15:00,18.49,18.943,18.981,18.773,18.803,18.6
2136-07-13 06:30:00,18.49,18.943,18.918,18.741500000000002,18.7715,18.6
2136-07-13 06:45:00,18.49,18.88,18.918,18.71,18.74,18.6
2136-07-13 07:00:00,18.428,18.88,18.856,18.71,18.74,18.537
2136-07-13 07:15:00,18.428,18.88,18.856,18.647,18.74,18.537
2136-07-13 07:30:00,18.428,18.817,18.8245,18.647,18.678,18.537
2136-07-13 07:45:00,18.428,18.817,18.793,18.647,18.678,18.537
2136-07-13 08:00:00,18.428,18.817,18.793,18.585,18.6465,18.505499999999998
2136-07-13 08:15:00,18.428,18.817,18.73,18.585,18.615,18.474
2136-07-13 08:30:00,18.459,18.817,18.73,18.585,18.615,18.474
2136-07-13 08:45:00,18.49,18.817,18.73,18.522,18.615,18.474
2136-07-13 09:00:00,18.553,18.817,18.73,18.522,18.5835,18.474
2136-07-13 09:15:00,18.616,18.88,18.73,18.522,18.552,18.412
2136-07-13 09:30:00,18.647,18.88,18.73,18.522,18.552,18.412
2136-07-13 09:45:00,18.803,18.943,18.73,18.522,18.552,18.412
2136-07-13 10:00:00,18.9285,19.0365,18.793,18.522,18.552,18.412
2136-07-13 10:15:00,19.054,19.068,18.793,18.522,18.552,18.412
2136-07-13 10:30:00,19.2415,19.1615,18.856,18.522,18.552,18.412
2136-07-13 10:45:00,19.367,19.256,18.918,18.585,18.552,18.412
2136-07-13 11:00:00,19.491999999999997,19.3495,18.9495,18.585,18.552,18.349
2136-07-13 11:15:00,19.617,19.443,18.981,18.585,18.552,18.349
2136-07-13 11:30:00,19.711,19.5375,19.043,18.616,18.552,18.349
2136-07-13 11:45:00,19.867,19.569,19.106,18.647,18.552,18.349
2136-07-13 12:00:00,19.9615,19.6625,19.137,18.6785,18.552,18.380499999999998
2136-07-13 12:15:00,20.055,19.757,19.168,18.71,18.615,18.412
2136-07-13 12:30:00,20.1805,19.8505,19.262500000000003,18.741500000000002,18.615,18.412
2136-07-13 12:45:00,20.431,19.944,19.356,18.773,18.615,18.412
2136-07-13 13:00:00,20.6185,20.101,19.387500000000003,18.835,18.6465,18.412
2136-07-13 13:15:00,20.744,20.195,19.481,18.835,18.678,18.412
2136-07-13 13:30:00,20.8375,20.2885,19.544,18.929000000000002,18.678,18.412
2136-07-13 13:45:00,20.994,20.383,19.606,18.96,18.74,18.474
2136-07-13 14:00:00,21.1505,20.539,19.700499999999998,19.023,18.74,18.474
2136-07-13 14:15:00,21.307,20.633,19.794,19.086,18.803,18.474
2136-07-13 14:30:00,21.4315,20.727,19.825499999999998,19.116999999999997,18.803,18.505499999999998
2136-07-13 14:45:00,21.619,20.883,19.919,19.148,18.866,18.537
2136-07-13 15:00:00,21.7445,20.9775,20.012999999999998,19.241999999999997,18.897,18.537
2136-07-13 15:15:00,21.87,21.071,20.107,19.273,18.928,18.6
2136-07-13 15:30:00,22.026,21.1965,20.200499999999998,19.336,18.9595,18.6
2136-07-13 15:45:00,22.12,21.321,20.295,19.399,18.991,18.6
2136-07-13 16:00:00,22.2135,21.3525,20.326,19.461,19.054,18.662
2136-07-13 16:15:00,22.245,21.447,20.42,19.524,19.116,18.662
2136-07-13 16:30:00,22.307,21.509,20.482,19.586,19.1475,18.725
2136-07-13 16:45:00,22.307,21.572,20.545,19.649,19.179,18.725
2136-07-13 17:00:00,22.307,21.572,20.576,19.68,19.242,18.787
2136-07-13 17:15:00,22.307,21.572,20.607,19.711,19.242,18.85
2136-07-13 17:30:00,22.245,21.603,20.67,19.774,19.304,18.85
2136-07-13 17:45:00,22.245,21.634,20.67,19.774,19.367,18.85
2136-07-13 18:00:00,22.182,21.634,20.732,19.837,19.367,18.913
2136-07-13 18:15:00,22.182,21.634,20.732,19.837,19.429,18.975
2136-07-13 18:30:00,22.12,21.634,20.7635,19.899,19.429,18.975
2136-07-13 18:45:00,22.12,21.634,20.795,19.899,19.492,18.975
2136-07-13 19:00:00,22.12,21.634,20.795,19.962,19.492,19.038
2136-07-13 19:15:00,22.057,21.634,20.795,19.962,19.555,19.038
2136-07-13 19:30:00,22.057,21.634,20.826500000000003,20.024,19.555,19.1
2136-07-13 19:45:00,22.057,21.634,20.858,20.024,19.555,19.1
2136-07-13 20:00:00,21.9945,21.603,20.858,20.024,19.617,19.131500000000003
2136-07-13 20:15:00,21.932,21.509,20.858,20.024,19.617,19.163
2136-07-13 20:30:00,21.87,21.509,20.826500000000003,20.087,19.6485,19.163
2136-07-13 20:45:00,21.807,21.509,20.858,20.087,19.68,19.226
2136-07-13 21:00:00,21.776,21.478,20.795,20.087,19.68,19.226
2136-07-13 21:15:00,21.745,21.447,20.795,20.087,19.68,19.226
2136-07-13 21:30:00,21.682,21.447,20.795,20.087,19.68,19.226
2136-07-13 21:45:00,21.619,21.384,20.795,20.087,19.743,19.288
2136-07-13 22:00:00,21.588,21.384,20.795,20.087,19.743,19.288
2136-07-13 22:15:00,21.557,21.321,20.795,20.087,19.743,19.288
2136-07-13 22:30:00,21.494,21.321,20.7635,20.087,19.743,19.288
2136-07-13 22:45:00,21.432,21.259,20.732,20.087,19.743,19.351
2136-07-13 23:00:00,21.4005,21.259,20.732,20.087,19.743,19.351
2136-07-13 23:15:00,21.369,21.259,20.732,20.087,19.743,19.351
2136-07-13 23:30:00,21.307,21.196,20.732,20.087,19.774,19.351
2136-07-13 23:45:00,21.244,21.196,20.67,20.087,19.805,19.351
2136-07-14 00:00:00,21.182,21.134,20.67,20.087,19.805,19.351
2136-07-14 00:15:00,21.119,21.134,20.67,20.087,19.805,19.351
2136-07-14 00:30:00,21.0875,21.071,20.607,20.087,19.805,19.351
2136-07-14 00:45:00,20.994,21.009,20.607,20.024,19.805,19.351
2136-07-14 01:00:00,20.9625,21.009,20.607,20.024,19.774,19.413
2136-07-14 01:15:00,20.931,20.946,20.545,20.024,19.743,19.413
2136-07-14 01:30:00,20.869,20.9145,20.545,20.024,19.743,19.413
2136-07-14 01:45:00,20.806,20.883,20.545,20.024,19.743,19.413
2136-07-14 02:00:00,20.744,20.821,20.482,19.993000000000002,19.743,19.413
2136-07-14 02:15:00,20.744,20.821,20.482,19.962,19.743,19.413
2136-07-14 02:30:00,20.681,20.758,20.42,19.962,19.743,19.413
2136-07-14 02:45:00,20.618,20.758,20.42,19.962,19.743,19.413
2136-07-14 03:00:00,20.587,20.696,20.3885,19.930500000000002,19.743,19.413
2136-07-14 03:15:00,20.556,20.696,20.357,19.899,19.743,19.413
2136-07-14 03:30:00,20.493,20.633,20.357,19.899,19.743,19.413
2136-07-14 03:45:00,20.493,20.57,20.295,19.899,19.743,19.351
2136-07-14 04:00:00,20.431,20.57,20.295,19.868000000000002,19.68,19.351
2136-07-14 04:15:00,20.368,20.57,20.295,19.837,19.68,19.351
2136-07-14 04:30:00,20.368,20.508,20.232,19.837,19.68,19.351
2136-07-14 04:45:00,20.306,20.508,20.232,19.837,19.68,19.351
2136-07-14 05:00:00,20.243,20.445,20.200499999999998,19.805500000000002,19.68,19.351
2136-07-14 05:15:00,20.243,20.383,20.169,19.774,19.68,19.351
2136-07-14 05:30:00,20.18,20.383,20.169,19.774,19.617,19.351
2136-07-14 05:45:00,20.118,20.32,20.107,19.774,19.617,19.351
2136-07-14 06:00:00,20.0865,20.32,20.107,19.711,19.617,19.351
2136-07-14 06:15:00,20.055,20.257,20.044,19.711,19.617,19.288
2136-07-14 06:30:00,20.055,20.257,20.044,19.711,19.586,19.288
2136-07-14 06:45:00,19.993,20.257,20.044,19.649,19.555,19.288
2136-07-14 07:00:00,19.993,20.195,20.012999999999998,19.649,19.555,19.288
2136-07-14 07:15:00,19.993,20.195,19.982,19.649,19.555,19.288
2136-07-14 07:30:00,19.993,20.195,19.982,19.649,19.555,19.288
2136-07-14 07:45:00,19.993,20.195,19.982,19.586,19.492,19.288
2136-07-14 08:00:00,19.993,20.195,19.950499999999998,19.586,19.492,19.256999999999998
2136-07-14 08:15:00,19.993,20.195,19.919,19.586,19.492,19.226
2136-07-14 08:30:00,19.993,20.1635,19.919,19.586,19.492,19.226
2136-07-14 08:45:00,20.055,20.195,19.919,19.586,19.492,19.226
2136-07-14 09:00:00,20.055,20.132,19.919,19.586,19.492,19.226
2136-07-14 09:15:00,20.055,20.195,19.919,19.524,19.492,19.226
2136-07-14 09:30:00,20.055,20.132,19.919,19.524,19.429,19.226
2136-07-14 09:45:00,20.055,20.132,19.919,19.524,19.429,19.226
2136-07-14 10:00:00,20.055,20.1635,19.919,19.524,19.429,19.226
2136-07-14 10:15:00,20.118,20.195,19.919,19.524,19.429,19.163
2136-07-14 10:30:00,20.149,20.195,19.919,19.524,19.429,19.163
2136-07-14 10:45:00,20.18,20.195,19.919,19.524,19.429,19.163
2136-07-14 11:00:00,20.2745,20.257,19.919,19.524,19.429,19.163
2136-07-14 11:15:00,20.368,20.32,19.919,19.524,19.429,19.163
2136-07-14 11:30:00,20.5245,20.383,19.982,19.524,19.429,19.163
2136-07-14 11:45:00,20.618,20.445,19.982,19.524,19.429,19.163
2136-07-14 12:00:00,20.7435,20.539,20.044,19.586,19.429,19.163
2136-07-14 12:15:00,20.869,20.57,20.044,19.586,19.429,19.163
2136-07-14 12:30:00,20.9625,20.6645,20.107,19.586,19.429,19.163
2136-07-14 12:45:00,21.119,20.758,20.169,19.649,19.429,19.163
2136-07-14 13:00:00,21.213,20.821,20.200499999999998,19.649,19.4605,19.163
2136-07-14 13:15:00,21.307,20.883,20.232,19.711,19.492,19.163
2136-07-14 13:30:00,21.4315,20.9775,20.326,19.711,19.492,19.163
2136-07-14 13:45:00,21.619,21.071,20.357,19.774,19.492,19.226
2136-07-14 14:00:00,21.7445,21.1965,20.451,19.774,19.555,19.226
2136-07-14 14:15:00,21.932,21.321,20.545,19.837,19.555,19.226
2136-07-14 14:30:00,22.1195,21.4155,20.576,19.868000000000002,19.586,19.226
2136-07-14 14:45:00,22.245,21.509,20.67,19.899,19.617,19.288
2136-07-14 15:00:00,22.369999999999997,21.603,20.732,19.962,19.6485,19.288
2136-07-14 15:15:00,22.433,21.697,20.795,20.024,19.68,19.288
2136-07-14 15:30:00,22.495,21.76,20.889000000000003,20.055500000000002,19.68,19.319499999999998
2136-07-14 15:45:00,22.558,21.822,20.92,20.087,19.743,19.351
2136-07-14 16:00:00,22.558,21.885,20.983,20.149,19.774,19.351
2136-07-14 16:15:00,22.558,21.885,21.045,20.212,19.805,19.413
2136-07-14 16:30:00,22.558,21.947,21.045,20.243499999999997,19.8365,19.413
2136-07-14 16:45:00,22.558,21.947,21.108,20.275,19.868,19.413
2136-07-14 17:00:00,22.495,21.947,21.108,20.305999999999997,19.899,19.476
2136-07-14 17:15:00,22.495,21.947,21.17,20.337,19.93,19.476
2136-07-14 17:30:00,22.433,21.947,21.17,20.337,19.93,19.5075
2136-07-14 17:45:00,22.37,21.947,21.17,20.4,19.993,19.539
2136-07-14 18:00:00,22.3385,21.947,21.17,20.4,19.993,19.539
2136-07-14 18:15:00,22.307,21.947,21.233,20.4,20.056,19.601
2136-07-14 18:30:00,22.245,21.885,21.233,20.462,20.056,19.601
2136-07-14 18:45:00,22.182,21.885,21.233,20.462,20.056,19.601
2136-07-14 19:00:00,22.12,21.822,21.17,20.462,20.087,19.6325
2136-07-14 19:15:00,22.057,21.822,21.17,20.462,20.118,19.664
2136-07-14 19:30:00,21.995,21.791,21.17,20.462,20.118,19.664
2136-07-14 19:45:00,21.932,21.76,21.17,20.462,20.118,19.664
2136-07-14 20:00:00,21.87,21.697,21.17,20.462,20.118,19.695
2136-07-14 20:15:00,21.807,21.697,21.17,20.462,20.118,19.726
2136-07-14 20:30:00,21.776,21.634,21.108,20.462,20.1495,19.726
2136-07-14 20:45:00,21.682,21.572,21.108,20.462,20.181,19.726
2136-07-14 21:00:00,21.619,21.572,21.108,20.462,20.181,19.726
2136-07-14 21:15:00,21.557,21.509,21.045,20.462,20.181,19.726
2136-07-14 21:30:00,21.463,21.478,21.045,20.462,20.181,19.789
2136-07-14 21:45:00,21.432,21.447,21.045,20.462,20.181,19.789
2136-07-14 22:00:00,21.338,21.384,20.983,20.462,20.181,19.789
2136-07-14 22:15:00,21.244,21.321,20.983,20.4,20.181,19.789
2136-07-14 22:30:00,21.182,21.29,20.92,20.4,20.181,19.789
2136-07-14 22:45:00,21.119,21.196,20.92,20.4,20.181,19.789
2136-07-14 23:00:00,21.025,21.165,20.858,20.4,20.1495,19.789
2136-07-14 23:15:00,20.931,21.134,20.858,20.337,20.118,19.789
2136-07-14 23:30:00,20.9,21.071,20.795,20.337,20.118,19.789
2136-07-14 23:45:00,20.806,21.009,20.732,20.337,20.118,19.789
2136-07-15 00:00:00,20.744,20.9775,20.732,20.275,20.118,19.789
2136-07-15 00:15:00,20.681,20.883,20.67,20.275,20.118,19.789
2136-07-15 00:30:00,20.587,20.852,20.6385,20.243499999999997,20.056,19.726
2136-07-15 00:45:00,20.556,20.821,20.607,20.212,20.056,19.726
2136-07-15 01:00:00,20.493,20.758,20.576,20.212,20.056,19.726
2136-07-15 01:15:00,20.431,20.696,20.545,20.149,20.056,19.726
2136-07-15 01:30:00,20.368,20.6645,20.482,20.149,20.0245,19.726
2136-07-15 01:45:00,20.306,20.633,20.482,20.149,19.993,19.726
2136-07-15 02:00:00,20.2745,20.57,20.42,20.087,19.993,19.726
2136-07-15 02:15:00,20.18,20.508,20.42,20.087,19.993,19.726
2136-07-15 02:30:00,20.149,20.4765,20.357,20.024,19.93,19.664
2136-07-15 02:45:00,20.118,20.445,20.295,20.024,19.93,19.664
2136-07-15 03:00:00,20.024,20.383,20.295,19.993000000000002,19.93,19.664
2136-07-15 03:15:00,19.993,20.32,20.232,19.962,19.93,19.664
2136-07-15 03:30:00,19.8985,20.2885,20.200499999999998,19.930500000000002,19.868,19.6325
2136-07-15 03:45:00,19.867,20.257,20.169,19.899,19.868,19.601
2136-07-15 04:00:00,19.7735,20.195,20.137999999999998,19.868000000000002,19.805,19.601
2136-07-15 04:15:00,19.742,20.132,20.107,19.837,19.805,19.601
2136-07-15 04:30:00,19.6485,20.101,20.044,19.837,19.805,19.57
2136-07-15 04:45:00,19.617,20.07,20.044,19.774,19.743,19.539
2136-07-15 05:00:00,19.5235,20.007,19.982,19.774,19.743,19.539
2136-07-15 05:15:00,19.492,19.944,19.919,19.711,19.743,19.539
2136-07-15 05:30:00,19.429,19.913,19.887999999999998,19.711,19.68,19.5075
2136-07-15 05:45:00,19.367,19.819,19.857,19.649,19.68,19.476
2136-07-15 06:00:00,19.304,19.788,19.794,19.649,19.6485,19.476
2136-07-15 06:15:00,19.242,19.757,19.794,19.586,19.617,19.476
2136-07-15 06:30:00,19.2105,19.694,19.732,19.586,19.617,19.444499999999998
2136-07-15 06:45:00,19.179,19.694,19.669,19.524,19.555,19.413
2136-07-15 07:00:00,19.116,19.631,19.669,19.524,19.555,19.413
2136-07-15 07:15:00,19.054,19.569,19.606,19.461,19.555,19.351
2136-07-15 07:30:00,19.054,19.5375,19.575000000000003,19.461,19.492,19.351
2136-07-15 07:45:00,18.991,19.506,19.544,19.399,19.492,19.351
2136-07-15 08:00:00,18.991,19.4745,19.512500000000003,19.399,19.4605,19.319499999999998
2136-07-15 08:15:00,18.991,19.443,19.481,19.336,19.429,19.288
2136-07-15 08:30:00,18.991,19.443,19.481,19.336,19.429,19.288
2136-07-15 08:45:00,18.991,19.443,19.419,19.336,19.367,19.288
2136-07-15 09:00:00,19.0225,19.443,19.419,19.273,19.367,19.226
2136-07-15 09:15:00,19.054,19.443,19.419,19.273,19.367,19.226
2136-07-15 09:30:00,19.1475,19.443,19.419,19.241999999999997,19.304,19.226
2136-07-15 09:45:00,19.179,19.506,19.419,19.273,19.304,19.163
2136-07-15 10:00:00,19.242,19.506,19.419,19.211,19.304,19.163
2136-07-15 10:15:00,19.179,19.506,19.419,19.211,19.242,19.163
2136-07-15 10:30:00,19.242,19.506,19.419,19.211,19.242,19.131500000000003
2136-07-15 10:45:00,19.242,19.506,19.419,19.211,19.242,19.1
2136-07-15 11:00:00,19.3355,19.5375,19.419,19.211,19.242,19.1
2136-07-15 11:15:00,19.367,19.569,19.419,19.211,19.242,19.1
2136-07-15 11:30:00,19.398,19.569,19.419,19.179499999999997,19.242,19.1
2136-07-15 11:45:00,19.429,19.569,19.419,19.148,19.179,19.1
2136-07-15 12:00:00,19.398,19.569,19.419,19.148,19.179,19.038
2136-07-15 12:15:00,19.429,19.631,19.419,19.148,19.179,19.038
2136-07-15 12:30:00,19.5235,19.6625,19.419,19.148,19.179,19.038
2136-07-15 12:45:00,19.617,19.694,19.481,19.148,19.179,19.038
2136-07-15 13:00:00,19.711,19.757,19.481,19.211,19.179,19.038
2136-07-15 13:15:00,19.805,19.819,19.481,19.211,19.179,19.038
2136-07-15 13:30:00,19.836,19.819,19.544,19.211,19.179,19.038
2136-07-15 13:45:00,19.93,19.882,19.544,19.211,19.179,19.038
2136-07-15 14:00:00,20.024,19.913,19.575000000000003,19.211,19.179,19.038
2136-07-15 14:15:00,20.118,20.007,19.606,19.211,19.179,19.038
2136-07-15 14:30:00,20.2745,20.07,19.669,19.273,19.179,19.038
2136-07-15 14:45:00,20.368,20.132,19.732,19.273,19.179,19.038
2136-07-15 15:00:00,20.462,20.226,19.762999999999998,19.304499999999997,19.2105,19.038
2136-07-15 15:15:00,20.493,20.257,19.794,19.336,19.242,19.038
2136-07-15 15:30:00,20.493,20.2885,19.794,19.336,19.242,19.038
2136-07-15 15:45:00,20.493,20.32,19.857,19.399,19.242,19.038
2136-07-15 16:00:00,20.493,20.32,19.857,19.399,19.273,19.038
2136-07-15 16:15:00,20.431,20.32,19.919,19.399,19.304,19.038
2136-07-15 16:30:00,20.3995,20.32,19.887999999999998,19.43,19.304,19.038
2136-07-15 16:45:00,20.368,20.32,19.919,19.461,19.304,19.038
2136-07-15 17:00:00,20.337,20.32,19.919,19.461,19.304,19.1
2136-07-15 17:15:00,20.306,20.257,19.919,19.461,19.304,19.1
2136-07-15 17:30:00,20.2745,20.257,19.919,19.461,19.304,19.1
2136-07-15 17:45:00,20.243,20.257,19.919,19.461,19.367,19.1
2136-07-15 18:00:00,20.2115,20.257,19.919,19.461,19.367,19.1
2136-07-15 18:15:00,20.18,20.195,19.919,19.461,19.367,19.1
2136-07-15 18:30:00,20.18,20.195,19.919,19.461,19.367,19.1
