fecha,temp_1,temp_2,temp_3,temp_4,temp_5,temp_6,temp_7,temp_8,temp_9
2025-12-18 17:00:00,,,,34.205,35.109,35.942,,,
2025-12-18 17:30:00,,,,34.392,35.109,36.316,,,
2025-12-18 18:00:00,,,,35.078,35.919,35.879,,,
2025-12-18 18:30:00,,,,35.39,36.48,36.441,,,
2025-12-18 19:00:00,,,,23.839,23.994,30.449,,,
2025-12-18 19:30:00,,,,27.902,27.431,29.575,,,
2025-12-18 20:00:00,,,,22.4,20.678,20.635,,,
2025-12-18 20:30:00,,,,26.402,25.932,24.576,,,
2025-12-18 21:00:00,,,,27.902,27.744,27.389,,,
2025-12-18 21:30:00,,,,27.527,27.494,27.389,,,
2025-12-18 22:00:00,,,,26.84,26.869,26.826,,,
2025-12-18 22:30:00,,,,26.215,26.182,26.139,,,
2025-12-18 23:00:00,,,,26.152,25.744,25.639,,,
2025-12-18 23:30:00,,,,25.652,25.244,25.139,,,
2025-12-19 00:00:00,,,,25.09,24.681,24.576,,,
2025-12-19 00:30:00,,,,24.589,24.181,24.076,,,
2025-12-19 01:00:00,,,,24.152,23.743,23.638,,,
2025-12-19 01:30:00,,,,23.714,23.306,23.2,,,
2025-12-19 02:00:00,,,,23.339,22.868,22.762,,,
2025-12-19 02:30:00,,,,22.963,22.492,22.387,,,
2025-12-19 03:00:00,,,,22.588,22.117,21.949,,,
2025-12-19 03:30:00,,,,22.275,21.742,21.574,,,
2025-12-19 04:00:00,,,,21.9,21.429,21.261,,,
2025-12-19 04:30:00,,,,21.649,21.116,20.948,,,
2025-12-19 05:00:00,,,,21.336,20.803,20.635,,,
2025-12-19 05:30:00,,,,21.086,20.49,20.323,,,
2025-12-19 06:00:00,,,,20.836,20.177,20.072,,,
2025-12-19 06:30:00,,,,20.585,19.927,19.759,,,
2025-12-19 07:00:00,,,,20.397,19.739,19.572,,,
2025-12-19 07:30:00,,,,20.46,20.052,20.072,,,
2025-12-19 08:00:00,,,,20.585,20.24,20.385,,,
2025-12-19 08:30:00,,,,20.71,20.49,20.573,,,
2025-12-19 09:00:00,,,,17.642,18.173,20.072,,,
2025-12-19 09:30:00,,,,19.521,20.114,22.45,,,
2025-12-19 10:00:00,,,,23.651,22.68,23.951,,,
2025-12-19 10:30:00,,,,23.589,22.93,24.888,,,
2025-12-19 11:00:00,,,,19.771,20.052,20.698,,,
2025-12-19 11:30:00,,,,19.145,20.114,20.823,,,
2025-12-19 12:00:00,,,,19.02,20.365,22.074,,,
2025-12-19 12:30:00,,,,19.02,20.803,22.825,,,
2025-12-19 13:00:00,,,,19.082,21.366,23.513,,,
2025-12-19 13:30:00,,,,19.208,21.867,24.201,,,
2025-12-19 14:00:00,,,,19.333,22.43,24.763,,,
2025-12-19 14:30:00,,,,19.646,22.93,25.139,,,
2025-12-19 15:00:00,,,,20.022,23.306,25.389,,,
2025-12-19 15:30:00,,,,20.147,23.556,25.326,,,
2025-12-19 16:00:00,,32.621,,20.147,23.681,25.264,,33.235,34.374
2025-12-19 16:30:00,,28.562,,20.084,23.618,24.826,,29.242,28.385
2025-12-19 17:00:00,,26.375,,20.084,23.493,24.326,,26.619,25.012
2025-12-19 17:30:00,,27.312,,20.147,23.306,23.701,,25.619,29.259
2025-12-19 18:00:00,,26.375,,20.21,23.118,22.888,,24.744,29.571
2025-12-19 18:30:00,,25.0,,20.272,22.868,22.074,,24.994,24.887
2025-12-19 19:00:00,,24.312,,20.335,22.492,21.261,,24.807,24.199
2025-12-19 19:30:00,,23.625,,20.397,22.117,20.573,,24.244,23.636
2025-12-19 20:00:00,,23.0,,20.397,21.742,20.01,,23.619,22.949
2025-12-19 20:30:00,,22.312,,20.46,21.366,19.509,,22.994,22.261
2025-12-19 21:00:00,,21.749,,20.46,20.991,19.071,,22.431,21.572
2025-12-19 21:30:00,,21.124,,20.46,20.678,18.695,,21.868,20.884
2025-12-19 22:00:00,,20.561,,20.397,20.365,18.445,,21.305,20.321
2025-12-19 22:30:00,,19.998,,20.397,20.052,18.195,,20.742,19.82
2025-12-19 23:00:00,,19.56,,20.335,19.801,18.069,,20.242,19.382
2025-12-19 23:30:00,,19.122,,20.272,19.676,18.257,,19.804,18.881
2025-12-20 00:00:00,,18.684,,20.272,19.551,18.132,,19.366,18.505
2025-12-20 00:30:00,,18.309,,20.21,19.363,17.882,,18.99,18.13
2025-12-20 01:00:00,,17.934,,20.21,19.238,17.631,,18.615,17.691
2025-12-20 01:30:00,,17.621,,20.147,19.113,17.381,,18.239,17.441
2025-12-20 02:00:00,,17.496,,20.147,18.988,17.193,,17.989,17.315
2025-12-20 02:30:00,,17.308,,20.084,18.862,17.005,,17.801,17.127
2025-12-20 03:00:00,,17.12,,20.084,18.674,16.817,,17.613,16.877
2025-12-20 03:30:00,,16.87,,20.022,18.549,16.629,,17.363,16.689
2025-12-20 04:00:00,,16.682,,19.959,18.424,16.504,,17.175,16.438
2025-12-20 04:30:00,,16.495,,19.959,18.299,16.379,,16.987,16.313
2025-12-20 05:00:00,,16.369,,19.896,18.173,16.191,,16.799,16.125
2025-12-20 05:30:00,,16.244,,19.834,18.048,16.066,,16.612,16.0
2025-12-20 06:00:00,,16.182,,19.771,17.923,16.003,,16.549,16.0
2025-12-20 06:30:00,,16.119,,19.709,17.798,15.94,,16.424,15.937
2025-12-20 07:00:00,,16.056,,19.709,17.672,15.878,,16.361,15.937
2025-12-20 07:30:00,,15.931,,19.646,17.61,15.753,,16.298,15.812
2025-12-20 08:00:00,,15.869,,19.583,17.484,15.69,,16.173,15.686
2025-12-20 08:30:00,,15.744,,19.521,17.359,15.69,,16.048,15.561
2025-12-20 09:00:00,,15.681,,19.458,17.297,15.878,,15.985,15.561
2025-12-20 09:30:00,20.765,15.744,,19.396,17.297,16.191,23.258,15.985,15.874
2025-12-20 10:00:00,19.889,15.994,,19.333,17.297,16.567,19.317,16.048,16.313
2025-12-20 10:30:00,18.889,16.307,,19.333,17.359,17.068,19.255,16.298,16.814
2025-12-20 11:00:00,20.702,16.807,,19.27,17.484,17.569,20.568,16.612,17.315
2025-12-20 11:30:00,25.328,17.433,,19.27,17.61,18.195,23.695,17.05,18.004
2025-12-20 12:00:00,21.077,18.184,,19.208,17.798,18.821,20.068,17.676,18.693
2025-12-20 12:30:00,18.513,18.997,,19.208,18.048,19.447,18.128,18.302,19.507
2025-12-20 13:00:00,18.076,19.873,,19.208,18.299,20.072,17.815,19.116,20.384
2025-12-20 13:30:00,18.013,20.749,,19.208,18.612,20.698,17.753,19.929,21.26
2025-12-20 14:00:00,17.951,21.624,,19.208,18.925,21.199,17.753,20.742,22.135
2025-12-20 14:30:00,17.888,22.437,18.929,19.208,19.238,21.699,17.753,21.556,22.949
2025-12-20 15:00:00,17.888,23.0,18.992,19.27,19.488,21.637,17.69,22.243,23.511
2025-12-20 15:30:00,17.888,23.25,19.117,19.27,19.676,21.073,17.69,22.744,23.511
2025-12-20 16:00:00,17.825,22.937,19.305,19.333,19.739,20.635,17.69,22.806,23.136
2025-12-20 16:30:00,17.825,22.812,19.618,19.333,19.739,20.26,17.69,22.681,23.199
2025-12-20 17:00:00,17.763,22.75,19.681,19.396,19.739,19.947,17.69,22.681,23.011
2025-12-20 17:30:00,17.763,22.312,19.618,19.458,19.676,19.634,17.69,22.431,22.636
2025-12-20 18:00:00,17.763,21.812,19.555,19.458,19.676,19.196,17.69,22.056,22.01
2025-12-20 18:30:00,17.7,21.061,19.367,19.458,19.551,18.695,17.69,21.556,21.322
2025-12-20 19:00:00,17.7,20.311,19.18,19.458,19.363,18.195,17.753,20.867,20.446
2025-12-20 19:30:00,17.638,19.623,18.992,19.458,19.175,17.694,17.753,20.242,19.695
2025-12-20 20:00:00,17.638,19.06,18.741,19.458,18.988,17.193,17.815,19.616,19.069
2025-12-20 20:30:00,17.638,18.622,18.428,19.396,18.737,16.817,17.815,19.116,18.505
2025-12-20 21:00:00,17.575,18.184,18.115,19.396,18.549,16.504,17.878,18.677,18.004
2025-12-20 21:30:00,17.575,17.683,17.739,19.333,18.361,16.254,17.878,18.239,17.503
2025-12-20 22:00:00,17.575,17.245,17.489,19.27,18.173,16.128,17.94,17.801,17.065
2025-12-20 22:30:00,17.513,16.933,17.238,19.27,17.986,16.003,18.003,17.425,16.752
2025-12-20 23:00:00,17.513,16.557,17.05,19.208,17.798,15.878,18.003,17.112,16.376
2025-12-20 23:30:00,17.513,16.307,16.8,19.145,17.672,15.815,18.003,16.799,16.062
2025-12-21 00:00:00,17.513,16.056,16.612,19.082,17.547,15.69,18.066,16.486,15.749
2025-12-21 00:30:00,17.513,15.806,16.424,19.02,17.422,15.502,18.066,16.236,15.498
2025-12-21 01:00:00,17.513,15.556,16.236,18.957,17.297,15.314,18.066,15.985,15.185
2025-12-21 01:30:00,17.513,15.368,16.048,18.957,17.171,15.064,18.066,15.797,14.934
2025-12-21 02:00:00,17.513,15.18,15.86,18.894,16.983,14.938,18.003,15.61,14.809
2025-12-21 02:30:00,17.513,14.992,15.672,18.832,16.921,14.688,18.003,15.422,14.558
2025-12-21 03:00:00,17.513,14.742,15.484,18.769,16.733,14.562,18.003,15.234,14.37
2025-12-21 03:30:00,17.513,14.617,15.296,18.769,16.67,14.374,17.94,15.046,14.182
2025-12-21 04:00:00,17.513,14.367,15.171,18.707,16.545,14.249,17.94,14.795,13.931
2025-12-21 04:30:00,17.513,14.179,14.983,18.644,16.419,14.124,17.878,14.607,13.68
2025-12-21 05:00:00,17.575,13.991,14.857,18.581,16.294,13.999,17.815,14.419,13.555
2025-12-21 05:30:00,17.575,13.803,14.732,18.519,16.169,13.936,17.815,14.231,13.429
2025-12-21 06:00:00,17.575,13.741,14.607,18.456,16.043,13.873,17.753,14.106,13.366
2025-12-21 06:30:00,17.575,13.615,14.544,18.456,15.981,13.873,17.69,13.981,13.241
2025-12-21 07:00:00,17.638,13.49,14.481,18.393,15.855,13.873,17.628,13.855,13.178
2025-12-21 07:30:00,17.638,13.49,14.419,18.331,15.793,13.873,17.565,13.793,13.304
2025-12-21 08:00:00,17.638,13.49,14.419,18.268,15.73,13.936,17.502,13.73,13.304
2025-12-21 08:30:00,17.638,13.49,14.481,18.268,15.667,14.249,17.44,13.73,13.429
2025-12-21 09:00:00,17.638,13.615,14.607,18.205,15.667,14.562,17.377,13.793,13.68
2025-12-21 09:30:00,17.638,13.866,14.732,18.143,15.667,14.938,17.315,13.918,14.37
2025-12-21 10:00:00,17.638,14.241,14.983,18.08,15.667,15.439,17.252,14.169,15.059
2025-12-21 10:30:00,17.638,14.742,15.422,18.08,15.793,16.128,17.189,14.482,15.874
2025-12-21 11:00:00,17.638,15.431,15.797,18.017,15.918,16.817,17.127,14.983,16.689
2025-12-21 11:30:00,17.638,16.182,16.173,18.017,16.106,17.569,17.064,15.61,17.378
2025-12-21 12:00:00,17.638,16.933,16.612,18.017,16.357,18.32,17.002,16.298,18.067
2025-12-21 12:30:00,17.575,17.809,17.05,17.955,16.607,19.134,16.939,17.05,18.944
2025-12-21 13:00:00,17.575,18.622,17.489,17.955,16.858,19.572,16.876,17.801,19.632
2025-12-21 13:30:00,17.575,19.31,17.927,17.892,17.109,20.01,16.814,18.552,20.196
2025-12-21 14:00:00,17.513,19.873,18.24,17.892,17.359,19.947,16.814,19.116,20.696
2025-12-21 14:30:00,17.513,20.123,18.428,17.892,17.547,19.759,16.751,19.616,20.822
2025-12-21 15:00:00,17.45,20.248,18.554,17.892,17.735,19.572,16.751,19.866,20.884
2025-12-21 15:30:00,17.45,20.311,18.616,17.892,17.86,19.196,16.751,19.992,20.822
2025-12-21 16:00:00,17.388,20.248,18.616,17.892,17.923,18.883,16.689,20.054,20.822
2025-12-21 16:30:00,17.325,20.186,18.554,17.892,17.923,18.57,16.689,20.054,20.634
2025-12-21 17:00:00,17.325,19.998,18.428,17.892,17.923,18.382,16.689,19.992,20.509
2025-12-21 17:30:00,17.262,19.81,18.366,17.892,17.923,18.132,16.751,19.866,20.258
2025-12-21 18:00:00,17.2,19.56,18.303,17.892,17.923,17.882,16.751,19.679,19.945
2025-12-21 18:30:00,17.137,19.247,18.178,17.892,17.86,17.569,16.751,19.428,19.57
2025-12-21 19:00:00,17.137,18.872,18.115,17.892,17.798,17.256,16.814,19.116,19.132
2025-12-21 19:30:00,17.075,18.497,17.99,17.83,17.672,16.88,16.876,18.803,18.756
2025-12-21 20:00:00,17.012,18.184,17.927,17.83,17.547,16.567,16.876,18.49,18.38
2025-12-21 20:30:00,17.012,17.809,17.865,17.83,17.422,16.254,16.939,18.177,17.942
2025-12-21 21:00:00,16.95,17.371,17.677,17.83,17.297,16.003,16.939,17.801,17.503
2025-12-21 21:30:00,16.887,16.995,17.552,17.83,17.234,15.753,17.002,17.425,17.065
2025-12-21 22:00:00,16.887,16.62,17.426,17.767,17.109,15.565,17.002,17.05,16.626
2025-12-21 22:30:00,16.825,16.307,17.238,17.767,16.983,15.439,17.064,16.737,16.25
2025-12-21 23:00:00,16.825,15.994,17.05,17.767,16.858,15.252,17.064,16.424,15.812
2025-12-21 23:30:00,16.825,15.681,16.8,17.704,16.733,15.126,17.127,16.173,15.498
2025-12-22 00:00:00,16.762,15.368,16.549,17.704,16.67,14.938,17.127,15.86,15.185
2025-12-22 00:30:00,16.762,15.118,16.361,17.704,16.545,14.75,17.127,15.547,14.871
2025-12-22 01:00:00,16.762,14.867,16.111,17.704,16.419,14.625,17.127,15.296,14.621
2025-12-22 01:30:00,16.762,14.742,15.923,17.642,16.357,14.5,17.189,15.108,14.495
2025-12-22 02:00:00,16.762,14.554,15.735,17.642,16.231,14.374,17.189,14.92,14.37
2025-12-22 02:30:00,16.762,14.429,15.547,17.642,16.106,14.249,17.189,14.795,14.244
2025-12-22 03:00:00,16.762,14.304,15.422,17.579,16.043,14.124,17.189,14.67,14.119
2025-12-22 03:30:00,16.762,14.179,15.234,17.579,15.918,13.999,17.189,14.482,13.994
2025-12-22 04:00:00,16.762,14.054,15.108,17.516,15.855,13.873,17.189,14.357,13.868
2025-12-22 04:30:00,16.762,13.866,15.046,17.516,15.73,13.811,17.127,14.231,13.68
2025-12-22 05:00:00,16.825,13.741,14.92,17.516,15.667,13.748,17.127,14.106,13.555
2025-12-22 05:30:00,16.825,13.615,14.795,17.454,15.542,13.56,17.127,13.981,13.366
2025-12-22 06:00:00,16.825,13.49,14.669,17.454,15.479,13.435,17.064,13.855,13.241
2025-12-22 06:30:00,16.825,13.365,14.544,17.391,15.354,13.372,17.064,13.667,13.116
2025-12-22 07:00:00,16.825,13.24,14.419,17.391,15.291,13.247,17.064,13.542,12.99
2025-12-22 07:30:00,16.887,13.114,14.356,17.328,15.229,13.184,17.002,13.479,12.927
2025-12-22 08:00:00,16.887,13.052,14.231,17.328,15.103,13.184,16.939,13.354,12.802
2025-12-22 08:30:00,16.887,12.989,14.231,17.328,15.041,13.372,16.939,13.229,12.802
2025-12-22 09:00:00,16.887,12.927,14.293,17.266,15.041,13.623,16.876,13.166,12.927
2025-12-22 09:30:00,16.887,13.114,14.481,17.266,14.978,13.999,16.814,13.229,13.68
2025-12-22 10:00:00,16.95,13.49,14.669,17.203,14.978,14.562,16.814,13.479,14.37
2025-12-22 10:30:00,16.95,14.054,14.983,17.203,15.041,15.126,16.751,13.855,14.997
2025-12-22 11:00:00,16.95,14.742,15.296,17.203,15.166,15.878,16.689,14.357,15.812
2025-12-22 11:30:00,16.95,15.493,15.672,17.203,15.291,16.692,16.626,14.983,16.501
2025-12-22 12:00:00,16.95,16.369,16.236,17.203,15.417,17.443,16.626,15.735,17.378
2025-12-22 12:30:00,16.95,17.308,16.8,17.14,15.667,18.132,16.563,16.549,18.255
2025-12-22 13:00:00,16.95,18.309,17.426,17.14,15.855,18.821,16.501,17.425,19.194
2025-12-22 13:30:00,16.887,19.31,17.99,17.14,16.106,19.509,16.501,18.302,20.196
2025-12-22 14:00:00,16.887,20.311,18.554,17.078,16.357,20.072,16.438,19.303,21.134
2025-12-22 14:30:00,16.887,21.186,19.054,17.078,16.607,20.448,16.438,20.179,21.885
2025-12-22 15:00:00,16.887,21.812,19.367,17.078,16.921,20.635,16.376,20.993,22.511
2025-12-22 15:30:00,16.887,22.249,19.681,17.078,17.171,20.573,16.376,21.556,22.886
2025-12-22 16:00:00,16.825,22.499,19.993,17.078,17.422,20.448,16.376,21.931,23.136
2025-12-22 16:30:00,16.825,22.562,20.369,17.078,17.61,20.323,16.376,22.181,23.199
2025-12-22 17:00:00,16.762,22.499,20.244,17.078,17.798,20.01,16.376,22.243,23.011
2025-12-22 17:30:00,16.762,22.187,19.993,17.078,17.923,19.447,16.376,22.118,22.698
2025-12-22 18:00:00,16.699,21.687,19.806,17.078,17.986,18.758,16.438,21.806,22.135
2025-12-22 18:30:00,16.699,20.999,19.555,17.14,17.986,18.007,16.501,21.305,21.51
2025-12-22 19:00:00,16.637,20.311,19.305,17.14,17.923,17.381,16.501,20.742,20.759
2025-12-22 19:30:00,16.637,19.623,18.992,17.14,17.798,16.88,16.563,20.117,20.071
2025-12-22 20:00:00,16.574,19.06,18.679,17.14,17.672,16.379,16.689,19.491,19.445
2025-12-22 20:30:00,16.574,18.497,18.428,17.14,17.547,16.066,16.751,18.99,18.818
2025-12-22 21:00:00,16.512,17.934,18.178,17.14,17.422,15.815,16.814,18.427,18.13
2025-12-22 21:30:00,16.512,17.371,17.927,17.14,17.234,15.565,16.876,17.926,17.629
2025-12-22 22:00:00,16.449,16.933,17.614,17.14,17.109,15.377,16.939,17.425,17.127
2025-12-22 22:30:00,16.449,16.495,17.364,17.14,16.983,15.189,17.002,16.987,16.626
2025-12-22 23:00:00,16.449,16.056,17.113,17.14,16.795,15.001,17.064,16.612,16.125
2025-12-22 23:30:00,16.449,15.744,16.863,17.14,16.67,14.813,17.127,16.236,15.561
2025-12-23 00:00:00,16.449,15.368,16.612,17.14,16.545,14.688,17.127,15.86,15.185
2025-12-23 00:30:00,16.449,15.055,16.361,17.14,16.419,14.625,17.189,15.547,14.934
2025-12-23 01:00:00,16.449,14.805,16.111,17.14,16.294,14.5,17.189,15.234,14.621
2025-12-23 01:30:00,16.449,14.554,15.86,17.078,16.231,14.437,17.252,14.983,14.37
2025-12-23 02:00:00,16.449,14.367,15.672,17.078,16.106,14.312,17.252,14.795,14.119
2025-12-23 02:30:00,16.449,14.241,15.484,17.078,15.981,14.124,17.252,14.607,13.994
2025-12-23 03:00:00,16.512,14.116,15.359,17.078,15.855,13.936,17.252,14.419,13.868
2025-12-23 03:30:00,16.512,13.991,15.171,17.078,15.793,13.811,17.315,14.294,13.805
2025-12-23 04:00:00,16.574,13.866,15.046,17.015,15.667,13.748,17.252,14.169,13.68
2025-12-23 04:30:00,16.574,13.678,14.92,17.015,15.542,13.685,17.252,14.043,13.429
2025-12-23 05:00:00,16.637,13.553,14.795,17.015,15.479,13.56,17.252,13.855,13.304
2025-12-23 05:30:00,16.699,13.427,14.669,17.015,15.354,13.497,17.252,13.73,13.241
2025-12-23 06:00:00,16.699,13.302,14.607,16.952,15.291,13.372,17.189,13.605,13.116
2025-12-23 06:30:00,16.762,13.24,14.481,16.952,15.166,13.247,17.189,13.479,13.053
2025-12-23 07:00:00,16.762,13.114,14.356,16.952,15.103,13.247,17.127,13.417,12.927
2025-12-23 07:30:00,16.825,13.052,14.293,16.89,14.978,13.121,17.127,13.354,12.865
2025-12-23 08:00:00,16.825,12.989,14.231,16.89,14.915,13.121,17.064,13.229,12.802
2025-12-23 08:30:00,16.887,12.927,14.231,16.89,14.853,13.247,17.002,13.166,12.802
2025-12-23 09:00:00,16.887,12.927,14.293,16.827,14.79,13.623,17.002,13.103,12.99
2025-12-23 09:30:00,16.95,13.114,14.481,16.827,14.727,14.124,16.939,13.229,13.931
2025-12-23 10:00:00,16.95,13.49,14.732,16.827,14.727,14.75,16.876,13.479,14.871
2025-12-23 10:30:00,16.95,14.116,15.108,16.764,14.79,15.377,16.814,13.855,15.561
2025-12-23 11:00:00,17.012,14.805,15.422,16.764,14.853,16.191,16.814,14.419,16.438
2025-12-23 11:30:00,17.012,15.618,15.86,16.764,14.978,17.005,16.751,15.108,17.253
2025-12-23 12:00:00,17.012,16.62,16.424,16.764,15.103,17.756,16.689,15.923,18.192
2025-12-23 12:30:00,17.012,17.683,16.988,16.764,15.291,18.57,16.626,16.862,19.194
2025-12-23 13:00:00,17.012,18.81,17.614,16.764,15.479,19.384,16.563,17.864,20.196
2025-12-23 13:30:00,17.012,19.873,18.303,16.702,15.667,20.135,16.563,18.928,21.134
2025-12-23 14:00:00,17.012,20.811,18.804,16.702,15.981,20.761,16.501,19.866,22.01
2025-12-23 14:30:00,17.012,21.687,19.117,16.702,16.231,21.136,16.501,20.805,22.824
2025-12-23 15:00:00,17.012,22.374,19.305,16.702,16.545,21.386,16.438,21.618,23.449
2025-12-23 15:30:00,16.95,22.875,19.555,16.702,16.858,21.386,16.438,22.243,23.887
2025-12-23 16:00:00,16.95,23.125,19.868,16.702,17.171,21.199,16.438,22.619,24.074
2025-12-23 16:30:00,16.95,23.187,20.056,16.702,17.422,20.823,16.438,22.869,24.074
2025-12-23 17:00:00,16.887,23.062,20.056,16.702,17.61,20.323,16.438,22.869,23.824
2025-12-23 17:30:00,16.887,22.687,19.931,16.702,17.798,19.697,16.501,22.744,23.449
2025-12-23 18:00:00,16.825,22.187,19.806,16.702,17.923,18.946,16.501,22.306,22.949
2025-12-23 18:30:00,16.825,21.499,19.618,16.764,17.986,18.257,16.563,21.806,22.323
2025-12-23 19:00:00,16.762,20.811,19.43,16.764,17.923,17.756,16.626,21.18,21.572
2025-12-23 19:30:00,16.762,20.061,19.305,16.764,17.923,17.381,16.626,20.555,20.822
2025-12-23 20:00:00,16.699,19.435,19.305,16.764,17.798,17.068,16.689,19.866,20.071
2025-12-23 20:30:00,16.699,18.81,19.242,16.764,17.735,16.755,16.751,19.303,19.319
2025-12-23 21:00:00,16.637,18.247,19.117,16.827,17.61,16.504,16.814,18.74,18.693
2025-12-23 21:30:00,16.637,17.683,18.867,16.827,17.484,16.316,16.876,18.177,17.942
2025-12-23 22:00:00,16.574,17.245,18.616,16.827,17.422,16.191,16.939,17.676,17.378
2025-12-23 22:30:00,16.574,16.87,18.366,16.827,17.297,16.003,17.002,17.3,16.939
2025-12-23 23:00:00,16.574,16.557,17.927,16.827,17.171,15.815,17.064,16.987,16.626
2025-12-23 23:30:00,16.512,16.307,17.614,16.89,17.046,15.69,17.127,16.674,16.25
2025-12-24 00:00:00,16.512,16.056,17.238,16.89,16.983,15.565,17.189,16.424,15.937
2025-12-24 00:30:00,16.512,15.806,16.988,16.89,16.858,15.377,17.252,16.173,15.749
2025-12-24 01:00:00,16.512,15.556,16.675,16.89,16.733,15.189,17.315,15.923,15.498
2025-12-24 01:30:00,16.512,15.431,16.424,16.89,16.67,15.001,17.315,15.735,15.31
2025-12-24 02:00:00,16.512,15.243,16.236,16.89,16.545,14.813,17.377,15.547,15.185
2025-12-24 02:30:00,16.574,15.055,16.048,16.89,16.482,14.688,17.377,15.359,14.997
2025-12-24 03:00:00,16.574,14.867,15.86,16.89,16.357,14.562,17.44,15.171,14.809
2025-12-24 03:30:00,16.574,14.742,15.672,16.89,16.294,14.437,17.44,15.046,14.621
2025-12-24 04:00:00,16.637,14.554,15.484,16.89,16.231,14.249,17.44,14.858,14.432
2025-12-24 04:30:00,16.637,14.367,15.296,16.89,16.106,14.061,17.44,14.67,14.244
2025-12-24 05:00:00,16.699,14.241,15.171,16.89,16.043,13.936,17.44,14.545,14.119
2025-12-24 05:30:00,16.699,14.054,14.983,16.89,15.981,13.811,17.44,14.357,13.994
2025-12-24 06:00:00,16.762,13.866,14.857,16.89,15.855,13.685,17.377,14.169,13.805
2025-12-24 06:30:00,16.825,13.741,14.732,16.89,15.793,13.56,17.377,14.043,13.68
2025-12-24 07:00:00,16.825,13.615,14.607,16.89,15.73,13.497,17.315,13.855,13.555
2025-12-24 07:30:00,16.887,13.49,14.481,16.89,15.667,13.497,17.315,13.73,13.492
2025-12-24 08:00:00,16.95,13.427,14.419,16.89,15.542,13.497,17.252,13.667,13.429
2025-12-24 08:30:00,16.95,13.427,14.356,16.89,15.479,13.56,17.252,13.605,13.492
2025-12-24 09:00:00,17.012,13.427,14.356,16.89,15.479,13.811,17.189,13.605,13.555
2025-12-24 09:30:00,17.012,13.678,14.419,16.89,15.417,14.124,17.127,13.73,13.994
2025-12-24 10:00:00,17.075,14.054,14.607,16.89,15.417,14.5,17.064,13.981,14.621
2025-12-24 10:30:00,17.075,14.554,14.857,16.89,15.354,14.938,17.064,14.419,15.185
2025-12-24 11:00:00,17.137,15.18,15.234,16.89,15.417,15.439,17.002,14.92,15.749
2025-12-24 11:30:00,17.137,15.806,15.735,16.952,15.479,15.94,16.939,15.547,16.501
2025-12-24 12:00:00,17.137,16.557,16.361,16.952,15.542,16.504,16.876,16.173,17.253
2025-12-24 12:30:00,17.2,17.371,16.925,16.952,15.605,17.068,16.814,16.925,18.067
2025-12-24 13:00:00,17.2,18.121,17.552,16.952,15.667,17.756,16.751,17.676,18.756
2025-12-24 13:30:00,17.2,18.872,18.178,16.952,15.793,18.883,16.751,18.427,19.507
2025-12-24 14:00:00,17.137,19.498,18.741,16.952,15.981,20.01,16.689,19.053,20.133
2025-12-24 14:30:00,17.137,20.186,19.242,16.952,16.169,20.823,16.689,19.741,21.009
2025-12-24 15:00:00,17.137,20.999,19.681,16.952,16.419,21.386,16.626,20.43,21.948
2025-12-24 15:30:00,17.137,21.687,19.931,16.952,16.67,21.574,16.626,21.18,22.636
2025-12-24 16:00:00,17.075,22.187,20.119,16.952,16.983,21.574,16.626,21.743,23.136
2025-12-24 16:30:00,17.012,22.499,20.244,16.952,17.297,21.324,16.626,22.181,23.449
2025-12-24 17:00:00,17.012,22.625,20.181,16.952,17.547,20.886,16.626,22.431,23.511
2025-12-24 17:30:00,16.95,22.562,19.993,16.952,17.798,20.385,16.626,22.431,23.324
2025-12-24 18:00:00,16.95,22.249,19.868,16.952,18.048,19.759,16.689,22.243,22.949
2025-12-24 18:30:00,16.887,21.749,19.681,16.952,18.173,19.196,16.689,21.868,22.448
2025-12-24 19:00:00,16.825,21.186,19.43,16.952,18.236,18.633,16.751,21.43,21.948
2025-12-24 19:30:00,16.825,20.624,19.242,17.015,18.236,18.195,16.814,20.93,21.322
2025-12-24 20:00:00,16.762,20.123,18.992,17.015,18.236,17.756,16.876,20.43,20.634
2025-12-24 20:30:00,16.762,19.623,18.741,17.015,18.173,17.443,16.939,19.929,20.008
2025-12-24 21:00:00,16.699,19.185,18.554,17.015,18.111,17.068,17.002,19.491,19.445
2025-12-24 21:30:00,16.699,18.684,18.303,17.078,17.986,16.817,17.064,19.053,18.944
2025-12-24 22:00:00,16.637,18.309,18.115,17.078,17.86,16.441,17.127,18.615,18.505
2025-12-24 22:30:00,16.637,17.934,17.99,17.078,17.735,16.191,17.127,18.302,17.942
2025-12-24 23:00:00,16.637,17.558,17.802,17.14,17.61,16.003,17.189,17.926,17.441
2025-12-24 23:30:00,16.637,17.183,17.614,17.14,17.484,15.815,17.252,17.551,16.877
2025-12-25 00:00:00,16.574,16.807,17.426,17.14,17.422,15.627,17.252,17.175,16.438
2025-12-25 00:30:00,16.574,16.432,17.238,17.14,17.234,15.502,17.315,16.799,16.0
2025-12-25 01:00:00,16.574,16.119,17.05,17.203,17.171,15.314,17.377,16.486,15.686
2025-12-25 01:30:00,16.574,15.806,16.863,17.203,17.046,15.126,17.377,16.173,15.373
2025-12-25 02:00:00,16.574,15.493,16.737,17.203,16.921,14.938,17.377,15.86,15.122
2025-12-25 02:30:00,16.637,15.305,16.549,17.203,16.795,14.813,17.44,15.61,14.997
2025-12-25 03:00:00,16.637,15.118,16.424,17.203,16.67,14.625,17.44,15.422,14.809
2025-12-25 03:30:00,16.637,14.93,16.299,17.203,16.545,14.5,17.44,15.234,14.746
2025-12-25 04:00:00,16.699,14.805,16.236,17.203,16.482,14.374,17.44,15.108,14.621
2025-12-25 04:30:00,16.699,14.617,16.111,17.203,16.357,14.312,17.44,14.92,14.432
2025-12-25 05:00:00,16.762,14.492,15.923,17.203,16.231,14.374,17.44,14.795,14.37
2025-12-25 05:30:00,16.825,14.367,15.797,17.203,16.169,14.187,17.44,14.607,14.182
2025-12-25 06:00:00,16.825,14.241,15.672,17.14,16.043,13.999,17.44,14.482,14.119
2025-12-25 06:30:00,16.887,14.116,15.547,17.14,15.918,13.873,17.44,14.357,14.056
2025-12-25 07:00:00,16.95,14.054,15.484,17.14,15.855,13.811,17.44,14.294,13.931
2025-12-25 07:30:00,16.95,13.928,15.359,17.14,15.73,13.811,17.377,14.231,13.868
2025-12-25 08:00:00,17.012,13.866,15.296,17.078,15.667,13.811,17.377,14.106,13.868
2025-12-25 08:30:00,17.012,13.803,15.234,17.078,15.605,13.999,17.377,14.043,13.805
2025-12-25 09:00:00,17.075,13.803,15.296,17.078,15.542,14.312,17.315,13.981,13.931
2025-12-25 09:30:00,17.075,13.991,15.422,17.078,15.479,14.75,17.315,14.106,14.746
2025-12-25 10:00:00,17.137,14.429,15.61,17.015,15.417,15.314,17.252,14.357,15.624
2025-12-25 10:30:00,17.137,14.992,15.985,17.015,15.417,15.94,17.252,14.795,16.376
2025-12-25 11:00:00,17.2,15.681,16.424,17.015,15.479,16.629,17.189,15.422,17.065
2025-12-25 11:30:00,17.2,16.495,16.863,17.015,15.542,17.381,17.189,16.111,17.879
2025-12-25 12:00:00,17.2,17.433,17.489,17.015,15.605,18.132,17.127,16.925,18.818
2025-12-25 12:30:00,17.262,18.434,18.115,17.015,15.73,18.946,17.127,17.864,19.758
2025-12-25 13:00:00,17.262,19.498,18.867,16.952,15.855,19.759,17.064,18.865,20.759
2025-12-25 13:30:00,17.262,20.561,19.618,16.952,16.043,20.573,17.064,19.866,21.698
2025-12-25 14:00:00,17.262,21.562,20.244,16.952,16.294,21.261,17.064,20.867,22.698
2025-12-25 14:30:00,17.262,22.437,20.745,16.952,16.607,21.762,17.002,21.806,23.511
2025-12-25 15:00:00,17.262,23.125,21.12,16.89,16.858,22.2,17.002,22.556,24.199
2025-12-25 15:30:00,17.262,23.625,21.37,16.89,17.234,22.387,17.002,23.181,24.637
2025-12-25 16:00:00,17.262,24.0,21.621,16.89,17.547,22.387,17.002,23.619,24.887
2025-12-25 16:30:00,17.262,24.125,21.871,16.89,17.86,22.2,17.002,23.869,25.012
2025-12-25 17:00:00,17.262,24.125,21.746,16.89,18.173,21.824,17.064,23.994,24.949
2025-12-25 17:30:00,17.2,23.875,21.558,16.89,18.424,21.324,17.127,23.869,24.699
2025-12-25 18:00:00,17.2,23.437,21.37,16.89,18.612,20.698,17.127,23.556,24.199
2025-12-25 18:30:00,17.2,22.875,21.12,16.89,18.8,20.072,17.189,23.056,23.574
2025-12-25 19:00:00,17.137,22.312,20.87,16.89,18.862,19.447,17.252,22.556,22.886
2025-12-25 19:30:00,17.137,21.687,20.557,16.952,18.925,18.946,17.315,21.993,22.198
2025-12-25 20:00:00,17.137,21.124,20.244,16.952,18.862,18.445,17.377,21.43,21.51
2025-12-25 20:30:00,17.137,20.561,19.931,16.952,18.8,18.007,17.44,20.93,20.884
2025-12-25 21:00:00,17.075,20.123,19.618,17.015,18.737,17.631,17.565,20.43,20.321
2025-12-25 21:30:00,17.075,19.623,19.305,17.015,18.612,17.318,17.628,19.992,19.82
2025-12-25 22:00:00,17.075,19.185,19.054,17.078,18.487,17.005,17.69,19.554,19.257
2025-12-25 22:30:00,17.075,18.81,18.679,17.078,18.361,16.755,17.753,19.116,18.756
2025-12-25 23:00:00,17.075,18.372,18.178,17.14,18.236,16.504,17.815,18.74,18.318
2025-12-25 23:30:00,17.075,18.059,17.802,17.14,18.111,16.379,17.878,18.364,17.816
2025-12-26 00:00:00,17.075,17.683,17.552,17.203,17.923,16.254,17.94,18.051,17.378
2025-12-26 00:30:00,17.075,17.308,17.301,17.203,17.798,16.066,18.003,17.676,16.939
2025-12-26 01:00:00,17.075,16.933,17.05,17.266,17.672,15.94,18.003,17.3,16.626
2025-12-26 01:30:00,17.075,16.62,16.925,17.266,17.547,15.753,18.066,16.987,16.376
2025-12-26 02:00:00,17.075,16.307,16.737,17.328,17.422,15.565,18.066,16.674,16.0
2025-12-26 02:30:00,17.137,16.119,16.549,17.328,17.359,15.377,18.128,16.424,15.749
2025-12-26 03:00:00,17.137,15.869,16.424,17.328,17.234,15.189,18.128,16.173,15.561
2025-12-26 03:30:00,17.2,15.681,16.236,17.328,17.109,15.001,18.128,15.985,15.31
2025-12-26 04:00:00,17.262,15.493,16.111,17.391,16.983,14.813,18.128,15.797,15.122
2025-12-26 04:30:00,17.262,15.243,15.985,17.391,16.858,14.688,18.128,15.547,14.934
2025-12-26 05:00:00,17.325,15.055,15.797,17.391,16.733,14.5,18.066,15.359,14.683
2025-12-26 05:30:00,17.388,14.867,15.735,17.391,16.607,14.374,18.066,15.171,14.558
2025-12-26 06:00:00,17.388,14.68,15.735,17.391,16.482,14.249,18.066,14.983,14.432
2025-12-26 06:30:00,17.45,14.492,15.735,17.391,16.419,14.187,18.003,14.795,14.244
2025-12-26 07:00:00,17.513,14.304,15.672,17.391,16.294,14.124,18.003,14.607,14.119
2025-12-26 07:30:00,17.575,14.241,15.484,17.391,16.169,14.187,17.94,14.482,14.119
2025-12-26 08:00:00,17.575,14.179,15.422,17.391,16.106,14.187,17.94,14.419,14.182
2025-12-26 08:30:00,17.638,14.179,15.422,17.328,16.043,14.374,17.878,14.357,14.244
2025-12-26 09:00:00,17.7,14.241,15.422,17.328,15.918,14.625,17.878,14.357,14.37
2025-12-26 09:30:00,17.7,14.429,15.61,17.328,15.855,15.001,17.815,14.482,15.059
2025-12-26 10:00:00,17.763,14.742,15.86,17.328,15.855,15.502,17.753,14.733,15.749
2025-12-26 10:30:00,17.763,15.243,16.236,17.328,15.855,16.128,17.753,15.171,16.438
2025-12-26 11:00:00,17.825,15.931,16.549,17.328,15.855,16.817,17.69,15.735,17.127
2025-12-26 11:30:00,17.825,16.682,16.863,17.328,15.918,17.569,17.628,16.361,17.879
2025-12-26 12:00:00,17.825,17.558,16.925,17.266,15.981,18.32,17.628,17.175,18.756
2025-12-26 12:30:00,17.888,18.559,17.238,17.266,16.043,19.071,17.565,18.051,19.695
2025-12-26 13:00:00,17.888,19.623,17.677,17.266,16.231,19.885,17.502,19.053,20.634
2025-12-26 13:30:00,17.888,20.624,18.115,17.266,16.419,20.698,17.502,20.054,21.635
2025-12-26 14:00:00,17.888,21.562,18.554,17.266,16.607,21.386,17.44,20.993,22.511
2025-12-26 14:30:00,17.825,22.374,18.929,17.203,16.858,21.887,17.44,21.868,23.261
2025-12-26 15:00:00,17.825,23.062,19.242,17.203,17.171,22.2,17.377,22.556,23.949
2025-12-26 15:30:00,17.825,23.625,19.555,17.203,17.484,22.387,17.377,23.181,24.324
2025-12-26 16:00:00,17.763,23.937,19.743,17.203,17.798,22.325,17.377,23.619,24.637
2025-12-26 16:30:00,17.763,24.062,19.868,17.203,18.111,22.012,17.377,23.807,24.574
2025-12-26 17:00:00,17.7,23.937,19.806,17.203,18.361,21.574,17.377,23.807,24.449
2025-12-26 17:30:00,17.7,23.625,19.681,17.203,18.612,21.073,17.377,23.619,24.137
2025-12-26 18:00:00,17.638,23.187,19.493,17.203,18.8,20.385,17.377,23.306,23.699
2025-12-26 18:30:00,17.575,22.687,19.493,17.203,18.988,19.759,17.44,22.869,23.199
2025-12-26 19:00:00,17.513,22.124,19.681,17.203,19.05,19.196,17.44,22.369,22.573
2025-12-26 19:30:00,17.513,21.437,19.743,17.203,19.05,18.695,17.502,21.806,21.823
2025-12-26 20:00:00,17.45,20.874,19.618,17.266,18.988,18.257,17.502,21.18,21.134
2025-12-26 20:30:00,17.45,20.311,19.43,17.266,18.925,17.882,17.565,20.68,20.509
2025-12-26 21:00:00,17.388,19.81,19.18,17.328,18.8,17.506,17.628,20.179,19.945
2025-12-26 21:30:00,17.388,19.373,18.992,17.328,18.674,17.193,17.628,19.679,19.445
2025-12-26 22:00:00,17.325,18.872,18.428,17.328,18.549,16.942,17.69,19.241,18.944
2025-12-26 22:30:00,17.325,18.497,17.99,17.391,18.424,16.692,17.69,18.865,18.505
2025-12-26 23:00:00,17.325,18.121,17.677,17.391,18.299,16.504,17.753,18.49,17.942
2025-12-26 23:30:00,17.262,17.746,17.426,17.454,18.173,16.316,17.815,18.114,17.441
2025-12-27 00:00:00,17.262,17.371,17.176,17.454,17.986,16.191,17.815,17.739,17.065
2025-12-27 00:30:00,17.262,16.995,16.988,17.454,17.86,16.066,17.878,17.363,16.814
2025-12-27 01:00:00,17.262,16.682,16.8,17.516,17.735,15.94,17.878,17.05,16.438
2025-12-27 01:30:00,17.262,16.432,16.675,17.516,17.61,15.753,17.878,16.737,16.125
2025-12-27 02:00:00,17.262,16.182,16.487,17.516,17.547,15.565,17.878,16.486,15.812
2025-12-27 02:30:00,17.262,15.931,16.361,17.579,17.422,15.377,17.94,16.236,15.686
2025-12-27 03:00:00,17.262,15.744,16.236,17.579,17.297,15.252,17.878,16.048,15.498
2025-12-27 03:30:00,17.325,15.618,16.048,17.579,17.171,15.189,17.878,15.86,15.31
2025-12-27 04:00:00,17.325,15.431,15.985,17.579,17.046,15.064,17.878,15.735,15.185
2025-12-27 04:30:00,17.325,15.243,15.86,17.579,16.983,14.938,17.878,15.547,15.059
2025-12-27 05:00:00,17.325,15.118,15.797,17.579,16.858,14.813,17.878,15.359,14.871
2025-12-27 05:30:00,17.388,14.93,15.672,17.579,16.733,14.688,17.815,15.234,14.683
2025-12-27 06:00:00,17.388,14.805,15.547,17.579,16.67,14.5,17.815,15.046,14.558
2025-12-27 06:30:00,17.388,14.68,15.422,17.579,16.545,14.374,17.815,14.92,14.432
2025-12-27 07:00:00,17.388,14.554,15.296,17.579,16.419,14.249,17.753,14.795,14.307
2025-12-27 07:30:00,17.45,14.429,15.171,17.579,16.357,14.187,17.69,14.67,14.307
2025-12-27 08:00:00,17.45,14.367,15.108,17.516,16.231,14.187,17.69,14.607,14.244
2025-12-27 08:30:00,17.45,14.304,15.046,17.516,16.169,14.374,17.628,14.545,14.244
2025-12-27 09:00:00,17.513,14.241,15.108,17.516,16.106,14.625,17.565,14.482,14.307
2025-12-27 09:30:00,17.513,14.429,15.234,17.516,16.043,15.001,17.565,14.545,15.059
2025-12-27 10:00:00,17.513,14.742,15.484,17.454,15.981,15.502,17.502,14.795,15.749
2025-12-27 10:30:00,17.513,15.305,15.985,17.454,15.981,16.066,17.44,15.171,16.501
2025-12-27 11:00:00,17.575,15.931,16.424,17.454,15.981,16.817,17.44,15.735,17.253
2025-12-27 11:30:00,17.575,16.745,16.925,17.454,15.981,17.569,17.377,16.424,18.004
2025-12-27 12:00:00,17.575,17.621,17.552,17.454,16.043,18.382,17.315,17.238,18.881
2025-12-27 12:30:00,17.575,18.622,18.24,17.454,16.169,19.134,17.315,18.114,19.883
2025-12-27 13:00:00,17.575,19.685,18.867,17.454,16.294,19.947,17.252,19.116,20.822
2025-12-27 13:30:00,17.575,20.686,19.242,17.391,16.419,20.698,17.252,20.117,21.76
2025-12-27 14:00:00,17.575,21.624,19.43,17.391,16.67,21.386,17.189,21.055,22.636
2025-12-27 14:30:00,17.575,22.437,19.743,17.391,16.921,21.824,17.189,21.868,23.449
2025-12-27 15:00:00,17.575,23.062,19.993,17.391,17.171,22.137,17.127,22.619,24.012
2025-12-27 15:30:00,17.575,23.625,20.369,17.328,17.484,22.325,17.127,23.181,24.449
2025-12-27 16:00:00,17.513,23.937,20.745,17.328,17.798,22.262,17.127,23.619,24.762
2025-12-27 16:30:00,17.513,24.062,21.12,17.328,18.048,22.074,17.189,23.869,24.824
2025-12-27 17:00:00,17.513,24.0,21.12,17.328,18.361,21.699,17.189,23.869,24.699
2025-12-27 17:30:00,17.513,23.75,20.995,17.328,18.612,21.261,17.189,23.744,24.387
2025-12-27 18:00:00,17.45,23.312,20.87,17.328,18.8,20.698,17.252,23.431,23.949
2025-12-27 18:30:00,17.45,22.75,20.682,17.328,18.988,20.072,17.315,22.931,23.386
2025-12-27 19:00:00,17.45,22.187,20.369,17.328,19.05,19.509,17.377,22.431,22.824
2025-12-27 19:30:00,17.388,21.624,20.119,17.391,19.113,19.071,17.377,21.868,22.135
2025-12-27 20:00:00,17.388,21.061,19.806,17.391,19.113,18.633,17.502,21.368,21.572
2025-12-27 20:30:00,17.388,20.624,19.555,17.391,19.05,18.257,17.502,20.93,20.947
2025-12-27 21:00:00,17.325,20.186,19.367,17.391,18.988,17.944,17.628,20.492,20.384
2025-12-27 21:30:00,17.325,19.748,19.18,17.454,18.862,17.631,17.628,20.054,19.945
2025-12-27 22:00:00,17.325,19.31,18.992,17.454,18.737,17.381,17.753,19.616,19.507
2025-12-27 22:30:00,17.325,18.935,18.741,17.516,18.612,17.068,17.753,19.303,19.132
2025-12-27 23:00:00,17.262,18.622,18.428,17.516,18.487,16.817,17.815,18.928,18.693
2025-12-27 23:30:00,17.262,18.247,18.115,17.579,18.361,16.567,17.878,18.615,18.255
2025-12-28 00:00:00,17.262,17.934,17.865,17.579,18.236,16.379,17.94,18.302,17.691
2025-12-28 00:30:00,17.262,17.621,17.677,17.579,18.111,16.254,18.003,17.989,17.253
2025-12-28 01:00:00,17.262,17.245,17.489,17.642,17.986,16.066,18.003,17.613,16.814
2025-12-28 01:30:00,17.262,16.933,17.238,17.642,17.86,15.94,18.003,17.3,16.501
2025-12-28 02:00:00,17.262,16.557,17.05,17.642,17.735,15.753,18.066,16.925,16.188
2025-12-28 02:30:00,17.262,16.307,16.863,17.704,17.61,15.565,18.066,16.674,15.937
2025-12-28 03:00:00,17.325,16.056,16.737,17.704,17.484,15.439,18.066,16.424,15.686
2025-12-28 03:30:00,17.325,15.869,16.612,17.704,17.359,15.252,18.128,16.173,15.498
2025-12-28 04:00:00,17.325,15.681,16.487,17.704,17.297,15.126,18.128,15.985,15.373
2025-12-28 04:30:00,17.325,15.493,16.299,17.704,17.171,14.938,18.128,15.797,15.185
2025-12-28 05:00:00,17.388,15.305,16.173,17.704,17.046,14.813,18.066,15.61,14.997
2025-12-28 05:30:00,17.388,15.118,16.048,17.704,16.921,14.688,18.066,15.422,14.871
2025-12-28 06:00:00,17.388,14.992,15.923,17.704,16.795,14.562,18.066,15.234,14.746
2025-12-28 06:30:00,17.45,14.867,15.797,17.704,16.733,14.5,18.066,15.108,14.621
2025-12-28 07:00:00,17.45,14.68,15.735,17.704,16.607,14.437,18.003,14.983,14.558
2025-12-28 07:30:00,17.513,14.617,15.672,17.704,16.545,14.437,18.003,14.858,14.558
2025-12-28 08:00:00,17.513,14.554,15.61,17.642,16.419,14.437,18.003,14.795,14.495
2025-12-28 08:30:00,17.575,14.554,15.672,17.642,16.357,14.688,17.94,14.733,14.558
2025-12-28 09:00:00,17.575,14.554,15.797,17.642,16.231,15.001,17.94,14.733,14.683
2025-12-28 09:30:00,17.575,14.742,15.985,17.642,16.231,15.377,17.878,14.858,15.435
2025-12-28 10:00:00,17.638,15.118,16.173,17.642,16.169,15.94,17.878,15.108,16.313
2025-12-28 10:30:00,17.638,15.618,16.487,17.579,16.106,16.567,17.815,15.547,17.065
2025-12-28 11:00:00,17.7,16.307,16.863,17.579,16.169,17.256,17.753,16.111,17.754
2025-12-28 11:30:00,17.7,17.12,17.301,17.579,16.169,18.007,17.753,16.799,18.568
2025-12-28 12:00:00,17.7,18.059,17.927,17.579,16.231,18.695,17.69,17.613,19.382
2025-12-28 12:30:00,17.7,18.997,18.491,17.579,16.357,19.321,17.69,18.49,20.133
2025-12-28 13:00:00,17.7,19.81,19.117,17.516,16.482,20.072,17.628,19.366,20.947
2025-12-28 13:30:00,17.763,20.749,19.743,17.516,16.607,20.761,17.628,20.242,21.823
2025-12-28 14:00:00,17.763,21.562,20.244,17.516,16.858,21.449,17.565,21.055,22.573
2025-12-28 14:30:00,17.763,22.312,20.682,17.454,17.046,21.824,17.565,21.806,23.261
2025-12-28 15:00:00,17.763,22.875,20.995,17.454,17.297,22.012,17.565,22.431,23.761
2025-12-28 15:30:00,17.763,23.187,21.245,17.454,17.61,22.074,17.565,22.869,24.074
2025-12-28 16:00:00,17.763,23.437,21.433,17.454,17.86,22.012,17.565,23.181,24.324
2025-12-28 16:30:00,17.763,23.625,21.683,17.454,18.173,21.887,17.565,23.369,24.449
2025-12-28 17:00:00,17.763,23.625,21.621,17.454,18.424,21.574,17.565,23.494,24.449
2025-12-28 17:30:00,17.763,23.437,21.37,17.454,18.612,21.136,17.628,23.369,24.199
2025-12-28 18:00:00,17.763,23.0,21.183,17.454,18.8,20.573,17.628,23.119,23.761
2025-12-28 18:30:00,17.7,22.499,20.995,17.454,18.988,19.947,17.69,22.681,23.261
2025-12-28 19:00:00,17.7,21.937,20.745,17.454,19.05,19.321,17.753,22.181,22.698
2025-12-28 19:30:00,17.7,21.437,20.494,17.454,19.05,18.758,17.815,21.681,22.073
2025-12-28 20:00:00,17.7,20.936,20.244,17.454,19.05,18.32,17.878,21.18,21.572
2025-12-28 20:30:00,17.7,20.498,19.993,17.516,18.988,18.007,17.94,20.742,21.009
2025-12-28 21:00:00,17.638,20.061,19.681,17.516,18.925,17.694,18.003,20.367,20.509
2025-12-28 21:30:00,17.638,19.623,19.493,17.579,18.8,17.506,18.066,19.992,20.008
2025-12-28 22:00:00,17.638,19.247,19.242,17.579,18.674,17.193,18.128,19.554,19.632
2025-12-28 22:30:00,17.638,18.872,18.867,17.579,18.549,16.88,18.191,19.178,19.132
2025-12-28 23:00:00,17.638,18.497,18.491,17.642,18.424,16.629,18.253,18.803,18.443
2025-12-28 23:30:00,17.638,18.121,18.24,17.642,18.299,16.441,18.316,18.427,17.816
2025-12-29 00:00:00,17.575,17.746,17.927,17.704,18.173,16.254,18.316,18.051,17.378
2025-12-29 00:30:00,17.638,17.308,17.614,17.704,18.048,16.128,18.379,17.676,17.002
2025-12-29 01:00:00,17.638,16.995,17.364,17.704,17.923,15.94,18.379,17.363,16.626
2025-12-29 01:30:00,17.638,16.62,17.176,17.767,17.798,15.815,18.441,16.987,16.376
2025-12-29 02:00:00,17.638,16.369,16.925,17.767,17.672,15.69,18.441,16.674,16.062
2025-12-29 02:30:00,17.638,16.119,16.737,17.767,17.547,15.502,18.441,16.424,15.874
2025-12-29 03:00:00,17.638,15.869,16.675,17.767,17.422,15.377,18.504,16.236,15.686
2025-12-29 03:30:00,17.7,15.744,16.612,17.767,17.359,15.314,18.504,16.048,15.498
2025-12-29 04:00:00,17.7,15.556,16.612,17.83,17.234,15.252,18.504,15.86,15.435
2025-12-29 04:30:00,17.7,15.431,16.549,17.767,17.171,15.252,18.504,15.672,15.31
2025-12-29 05:00:00,17.7,15.305,16.487,17.83,17.046,15.126,18.441,15.547,15.122
2025-12-29 05:30:00,17.763,15.18,16.361,17.83,16.921,14.938,18.441,15.422,14.997
2025-12-29 06:00:00,17.763,15.055,16.236,17.767,16.858,14.75,18.441,15.296,14.934
2025-12-29 06:30:00,17.825,14.93,16.111,17.767,16.733,14.688,18.441,15.171,14.809
2025-12-29 07:00:00,17.825,14.867,15.985,17.767,16.67,14.625,18.379,15.108,14.746
2025-12-29 07:30:00,17.888,14.742,15.923,17.767,16.545,14.625,18.379,14.983,14.683
2025-12-29 08:00:00,17.888,14.68,15.86,17.767,16.482,14.562,18.316,14.92,14.683
2025-12-29 08:30:00,17.888,14.68,15.797,17.704,16.419,14.75,18.316,14.858,14.683
2025-12-29 09:00:00,17.951,14.68,15.86,17.704,16.294,15.001,18.253,14.795,14.746
2025-12-29 09:30:00,17.951,14.867,15.985,17.704,16.231,15.439,18.253,14.92,15.498
2025-12-29 10:00:00,17.951,15.18,16.236,17.704,16.169,15.94,18.191,15.171,16.438
2025-12-29 10:30:00,18.013,15.681,16.549,17.642,16.169,16.567,18.191,15.547,17.19
2025-12-29 11:00:00,18.013,16.369,16.863,17.642,16.169,17.256,18.128,16.111,17.879
2025-12-29 11:30:00,18.013,17.12,17.364,17.642,16.231,18.007,18.066,16.799,18.631
2025-12-29 12:00:00,18.076,18.059,17.99,17.579,16.294,18.821,18.066,17.613,19.507
2025-12-29 12:30:00,18.076,19.06,18.679,17.579,16.357,19.572,18.003,18.552,20.446
2025-12-29 13:00:00,18.076,20.061,19.305,17.579,16.482,20.323,18.003,19.491,21.447
2025-12-29 13:30:00,18.076,21.061,20.056,17.579,16.67,21.199,17.94,20.492,22.323
2025-12-29 14:00:00,18.076,21.999,20.619,17.516,16.921,21.824,17.878,21.368,23.199
2025-12-29 14:30:00,18.076,22.812,21.183,17.516,17.171,22.2,17.878,22.243,23.949
2025-12-29 15:00:00,18.138,23.437,21.558,17.516,17.422,22.512,17.878,22.994,24.574
2025-12-29 15:30:00,18.138,23.875,21.808,17.454,17.735,22.637,17.878,23.494,24.949
2025-12-29 16:00:00,18.138,24.187,22.059,17.454,17.986,22.512,17.878,23.869,25.199
2025-12-29 16:30:00,18.076,24.312,22.309,17.454,18.299,22.325,17.878,24.119,25.262
2025-12-29 17:00:00,18.076,24.25,22.121,17.454,18.612,21.949,17.878,24.119,25.199
2025-12-29 17:30:00,18.076,24.062,21.808,17.454,18.8,21.511,17.94,23.994,24.949
2025-12-29 18:00:00,18.076,23.625,21.558,17.454,18.988,20.948,17.94,23.682,24.512
2025-12-29 18:30:00,18.076,23.062,21.308,17.454,19.175,20.385,18.003,23.244,23.949
2025-12-29 19:00:00,18.076,22.499,21.057,17.454,19.238,19.759,18.066,22.744,23.324
2025-12-29 19:30:00,18.013,21.874,20.745,17.454,19.301,19.259,18.128,22.181,22.698
2025-12-29 20:00:00,18.013,21.311,20.432,17.516,19.301,18.758,18.128,21.618,22.073
2025-12-29 20:30:00,18.013,20.874,20.119,17.516,19.238,18.445,18.253,21.18,21.51
2025-12-29 21:00:00,18.013,20.498,19.868,17.579,19.175,18.069,18.253,20.742,20.947
2025-12-29 21:30:00,17.951,20.061,19.555,17.579,19.05,17.819,18.379,20.367,20.509
2025-12-29 22:00:00,17.951,19.685,19.305,17.642,18.925,17.506,18.379,19.992,20.008
2025-12-29 22:30:00,17.951,19.31,18.929,17.642,18.8,17.193,18.441,19.616,19.57
2025-12-29 23:00:00,17.951,18.935,18.616,17.704,18.674,16.88,18.504,19.241,19.006
2025-12-29 23:30:00,17.951,18.559,18.366,17.704,18.549,16.629,18.566,18.865,18.255
2025-12-30 00:00:00,17.888,18.184,18.115,17.767,18.361,16.441,18.629,18.49,17.754
2025-12-30 00:30:00,17.951,17.746,17.865,17.767,18.236,16.316,18.629,18.114,17.315
2025-12-30 01:00:00,17.888,17.371,17.614,17.83,18.111,16.191,18.691,17.739,16.939
2025-12-30 01:30:00,17.951,17.058,17.426,17.83,17.986,16.003,18.691,17.425,16.564
2025-12-30 02:00:00,17.951,16.682,17.238,17.83,17.86,15.815,18.691,17.05,16.25
2025-12-30 02:30:00,17.951,16.432,17.113,17.892,17.735,15.69,18.754,16.737,16.125
2025-12-30 03:00:00,17.951,16.182,16.988,17.892,17.672,15.565,18.754,16.486,15.937
2025-12-30 03:30:00,17.951,15.994,16.925,17.892,17.547,15.377,18.754,16.298,15.749
2025-12-30 04:00:00,18.013,15.806,16.863,17.892,17.422,15.314,18.754,16.111,15.686
2025-12-30 04:30:00,18.013,15.681,16.8,17.892,17.297,15.377,18.754,15.923,15.561
2025-12-30 05:00:00,18.013,15.493,16.675,17.892,17.171,15.314,18.754,15.797,15.373
2025-12-30 05:30:00,18.076,15.368,16.549,17.892,17.109,15.126,18.691,15.672,15.247
2025-12-30 06:00:00,18.076,15.243,16.487,17.892,16.983,15.064,18.691,15.547,15.185
2025-12-30 06:30:00,18.076,15.18,16.361,17.892,16.921,15.001,18.691,15.422,15.185
2025-12-30 07:00:00,18.138,15.118,16.299,17.892,16.795,14.938,18.629,15.359,15.122
2025-12-30 07:30:00,18.138,15.055,16.236,17.892,16.733,14.876,18.629,15.296,15.059
2025-12-30 08:00:00,18.138,15.055,16.111,17.892,16.607,14.813,18.566,15.234,14.997
2025-12-30 08:30:00,18.201,14.992,16.111,17.83,16.545,14.938,18.566,15.171,15.059
2025-12-30 09:00:00,18.201,14.992,16.111,17.83,16.419,15.189,18.504,15.171,15.122
2025-12-30 09:30:00,18.263,15.18,16.299,17.83,16.357,15.627,18.504,15.234,15.874
2025-12-30 10:00:00,18.263,15.493,16.487,17.83,16.357,16.191,18.441,15.484,16.877
2025-12-30 10:30:00,18.263,15.931,16.8,17.767,16.294,16.755,18.441,15.86,17.566
2025-12-30 11:00:00,18.326,16.62,17.176,17.767,16.357,17.443,18.379,16.361,18.192
2025-12-30 11:30:00,18.326,17.371,17.677,17.767,16.357,18.257,18.316,17.05,18.881
2025-12-30 12:00:00,18.326,18.247,18.303,17.704,16.419,19.071,18.316,17.864,19.82
2025-12-30 12:30:00,18.326,19.247,18.929,17.704,16.545,19.885,18.253,18.74,20.822
2025-12-30 13:00:00,18.326,20.248,19.555,17.704,16.67,20.635,18.253,19.741,21.76
2025-12-30 13:30:00,18.326,21.249,20.306,17.704,16.858,21.449,18.191,20.68,22.698
2025-12-30 14:00:00,18.388,22.187,20.932,17.642,17.046,22.137,18.191,21.618,23.574
2025-12-30 14:30:00,18.326,23.125,21.433,17.642,17.297,22.512,18.128,22.494,24.387
2025-12-30 15:00:00,18.388,23.812,21.808,17.579,17.547,22.825,18.128,23.306,25.012
2025-12-30 15:30:00,18.326,24.312,22.059,17.579,17.86,23.013,18.128,23.869,25.449
2025-12-30 16:00:00,18.326,24.687,22.371,17.579,18.173,23.013,18.128,24.307,25.762
2025-12-30 16:30:00,18.326,24.812,22.622,17.579,18.487,22.825,18.128,24.557,25.887
2025-12-30 17:00:00,18.326,24.75,22.496,17.516,18.737,22.512,18.128,24.619,25.887
2025-12-30 17:30:00,18.326,24.562,22.059,17.579,18.988,22.012,18.128,24.494,25.637
2025-12-30 18:00:00,18.326,24.187,21.746,17.579,19.175,21.449,18.191,24.244,25.199
2025-12-30 18:30:00,18.326,23.625,21.495,17.579,19.363,20.761,18.253,23.744,24.699
2025-12-30 19:00:00,18.263,23.062,21.183,17.579,19.488,20.072,18.316,23.244,24.074
2025-12-30 19:30:00,18.263,22.437,20.932,17.579,19.551,19.509,18.379,22.681,23.449
2025-12-30 20:00:00,18.263,21.937,20.619,17.642,19.488,19.071,18.441,22.181,22.761
2025-12-30 20:30:00,18.263,21.437,20.306,17.642,19.488,18.758,18.504,21.681,22.135
2025-12-30 21:00:00,18.201,20.936,20.119,17.704,19.426,18.445,18.504,21.243,21.51
2025-12-30 21:30:00,18.201,20.436,19.993,17.704,19.301,18.195,18.566,20.805,20.947
2025-12-30 22:00:00,18.201,19.998,19.806,17.767,19.175,17.882,18.691,20.367,20.446
2025-12-30 22:30:00,18.201,19.623,19.43,17.767,19.113,17.569,18.691,19.929,19.883
2025-12-30 23:00:00,18.138,19.247,19.054,17.83,18.925,17.193,18.754,19.616,19.132
2025-12-30 23:30:00,18.138,18.935,18.679,17.83,18.8,16.942,18.817,19.241,18.443
2025-12-31 00:00:00,18.138,18.497,18.366,17.892,18.674,16.692,18.879,18.865,17.942
2025-12-31 00:30:00,18.138,18.121,18.115,17.955,18.549,16.504,18.879,18.49,17.566
2025-12-31 01:00:00,18.138,17.746,17.865,17.955,18.424,16.379,18.942,18.114,17.253
2025-12-31 01:30:00,18.138,17.371,17.614,18.017,18.299,16.191,18.942,17.739,16.877
2025-12-31 02:00:00,18.138,17.058,17.426,18.017,18.173,16.066,19.004,17.425,16.501
2025-12-31 02:30:00,18.201,16.745,17.238,18.017,18.048,15.94,19.004,17.112,16.313
2025-12-31 03:00:00,18.201,16.495,17.113,18.08,17.923,15.753,19.004,16.862,16.062
2025-12-31 03:30:00,18.201,16.244,16.925,18.08,17.798,15.565,19.004,16.549,15.874
2025-12-31 04:00:00,18.201,15.994,16.8,18.08,17.672,15.377,19.004,16.361,15.686
2025-12-31 04:30:00,18.263,15.806,16.675,18.08,17.547,15.252,19.004,16.173,15.561
2025-12-31 05:00:00,18.263,15.618,16.549,18.08,17.422,15.189,19.004,15.985,15.435
2025-12-31 05:30:00,18.263,15.493,16.487,18.08,17.359,15.064,18.942,15.797,15.185
2025-12-31 06:00:00,18.326,15.305,16.299,18.08,17.234,15.001,18.942,15.61,14.997
2025-12-31 06:30:00,18.326,15.118,16.236,18.08,17.109,15.001,18.942,15.422,14.871
2025-12-31 07:00:00,18.388,14.93,16.111,18.08,16.983,14.75,18.879,15.234,14.683
2025-12-31 07:30:00,18.388,14.805,15.985,18.08,16.921,14.625,18.879,15.108,14.683
2025-12-31 08:00:00,18.451,14.742,15.923,18.017,16.795,14.625,18.817,14.983,14.683
2025-12-31 08:30:00,18.451,14.68,15.86,18.017,16.67,14.813,18.817,14.92,14.621
2025-12-31 09:00:00,18.451,14.68,15.86,18.017,16.607,15.064,18.754,14.858,14.683
2025-12-31 09:30:00,18.513,14.805,16.048,17.955,16.545,15.502,18.691,14.92,15.498
2025-12-31 10:00:00,18.513,15.118,16.299,17.955,16.482,16.066,18.691,15.171,16.626
2025-12-31 10:30:00,18.513,15.618,16.737,17.955,16.419,16.692,18.629,15.547,17.441
2025-12-31 11:00:00,18.513,16.307,17.05,17.892,16.419,17.381,18.566,16.111,18.192
2025-12-31 11:30:00,18.576,17.12,17.552,17.892,16.419,18.195,18.566,16.799,18.881
2025-12-31 12:00:00,18.576,18.059,18.178,17.892,16.482,19.071,18.504,17.676,19.82
2025-12-31 12:30:00,18.576,19.06,18.804,17.83,16.545,19.885,18.441,18.615,20.822
2025-12-31 13:00:00,18.576,20.186,19.43,17.83,16.67,20.635,18.379,19.616,21.823
2025-12-31 13:30:00,18.576,21.249,20.119,17.83,16.858,21.511,18.379,20.617,22.824
2025-12-31 14:00:00,18.576,22.249,20.745,17.767,17.046,22.262,18.316,21.618,23.699
2025-12-31 14:30:00,18.576,23.125,21.245,17.767,17.297,22.637,18.316,22.556,24.512
2025-12-31 15:00:00,18.576,23.875,21.621,17.704,17.547,22.95,18.253,23.306,25.137
2025-12-31 15:30:00,18.576,24.375,21.871,17.704,17.86,23.2,18.253,23.932,25.574
2025-12-31 16:00:00,18.576,24.687,22.121,17.704,18.173,23.138,18.253,24.369,25.824
2025-12-31 16:30:00,18.576,24.812,22.309,17.704,18.487,22.888,18.253,24.557,25.949
2025-12-31 17:00:00,18.576,24.75,22.121,17.642,18.737,22.512,18.253,24.557,25.887
2025-12-31 17:30:00,18.513,24.437,21.746,17.642,19.05,22.012,18.253,24.369,25.637
2025-12-31 18:00:00,18.513,24.062,21.495,17.642,19.238,21.386,18.316,24.119,25.262
2025-12-31 18:30:00,18.513,23.625,21.183,17.704,19.426,20.761,18.316,23.744,24.762
2025-12-31 19:00:00,18.451,23.125,20.932,17.704,19.551,20.135,18.379,23.244,24.137
2025-12-31 19:30:00,18.451,22.562,20.619,17.704,19.614,19.634,18.441,22.806,23.386
2025-12-31 20:00:00,18.451,21.999,20.369,17.704,19.614,19.134,18.504,22.243,22.698
2025-12-31 20:30:00,18.388,21.499,20.181,17.767,19.614,18.758,18.504,21.806,21.948
2025-12-31 21:00:00,18.388,21.124,19.868,17.767,19.488,18.32,18.566,21.368,21.322
2025-12-31 21:30:00,18.388,20.749,19.555,17.83,19.426,18.007,18.629,20.993,20.822
2025-12-31 22:00:00,18.326,20.373,19.242,17.892,19.301,17.631,18.691,20.617,20.384
2025-12-31 22:30:00,18.326,19.998,18.929,17.892,19.175,17.256,18.754,20.304,19.883
2025-12-31 23:00:00,18.326,19.623,18.616,17.955,19.05,16.942,18.754,19.929,19.194
2025-12-31 23:30:00,18.326,19.185,18.303,18.017,18.862,16.755,18.817,19.491,18.505
2026-01-01 00:00:00,18.263,18.747,17.99,18.017,18.737,16.567,18.879,19.116,18.004
2026-01-01 00:30:00,18.263,18.309,17.677,18.08,18.612,16.441,18.879,18.677,17.754
2026-01-01 01:00:00,18.263,17.934,17.426,18.08,18.424,16.316,18.879,18.302,17.378
2026-01-01 01:30:00,18.263,17.558,17.238,18.143,18.299,16.191,18.942,17.926,17.065
2026-01-01 02:00:00,18.263,17.245,17.05,18.143,18.173,16.128,18.942,17.613,16.752
2026-01-01 02:30:00,18.263,16.933,16.863,18.143,18.048,16.128,18.942,17.238,16.501
2026-01-01 03:00:00,18.263,16.62,16.737,18.143,17.923,15.94,18.942,16.987,16.25
2026-01-01 03:30:00,18.326,16.369,16.549,18.205,17.798,15.627,18.942,16.737,16.0
2026-01-01 04:00:00,18.326,16.182,16.424,18.205,17.672,15.439,18.942,16.486,15.874
2026-01-01 04:30:00,18.326,15.994,16.424,18.205,17.61,15.439,18.942,16.298,15.749
2026-01-01 05:00:00,18.326,15.806,16.424,18.205,17.484,15.314,18.942,16.111,15.561
2026-01-01 05:30:00,18.326,15.618,16.361,18.205,17.359,15.126,18.879,15.923,15.435
2026-01-01 06:00:00,18.388,15.493,16.361,18.205,17.234,15.001,18.879,15.735,15.31
2026-01-01 06:30:00,18.388,15.305,16.361,18.143,17.109,15.001,18.879,15.61,15.247
2026-01-01 07:00:00,18.388,15.18,16.424,18.143,17.046,14.938,18.817,15.422,15.185
2026-01-01 07:30:00,18.451,15.055,16.361,18.143,16.921,14.75,18.817,15.296,14.997
2026-01-01 08:00:00,18.451,14.992,16.236,18.143,16.795,14.688,18.754,15.234,14.934
2026-01-01 08:30:00,18.451,14.93,16.173,18.08,16.733,14.813,18.754,15.171,14.871
2026-01-01 09:00:00,18.513,14.867,16.236,18.08,16.607,15.064,18.691,15.108,14.934
2026-01-01 09:30:00,18.513,14.992,16.361,18.017,16.545,15.502,18.629,15.171,15.749
2026-01-01 10:00:00,18.513,15.243,16.612,18.017,16.482,15.878,18.629,15.359,16.626
2026-01-01 10:30:00,18.513,15.681,16.925,18.017,16.419,16.441,18.566,15.672,17.127
2026-01-01 11:00:00,18.513,16.307,17.301,17.955,16.419,17.193,18.566,16.173,17.879
2026-01-01 11:30:00,18.576,17.058,17.739,17.955,16.419,17.944,18.504,16.799,18.568
2026-01-01 12:00:00,18.576,17.934,18.303,17.955,16.482,18.695,18.441,17.613,19.445
2026-01-01 12:30:00,18.576,18.935,18.867,17.892,16.545,19.447,18.441,18.49,20.384
2026-01-01 13:00:00,18.576,19.873,19.555,17.892,16.607,20.197,18.379,19.428,21.26
2026-01-01 13:30:00,18.576,20.936,20.306,17.83,16.795,21.073,18.379,20.367,22.261
2026-01-01 14:00:00,18.576,21.937,20.932,17.83,16.983,21.887,18.316,21.368,23.261
2026-01-01 14:30:00,18.576,22.812,21.433,17.767,17.171,22.387,18.316,22.243,24.074
2026-01-01 15:00:00,18.576,23.562,21.871,17.767,17.422,22.762,18.253,22.994,24.762
2026-01-01 15:30:00,18.576,24.125,22.121,17.767,17.672,23.013,18.253,23.619,25.199
2026-01-01 16:00:00,18.576,24.437,22.434,17.704,17.986,22.95,18.253,24.057,25.512
2026-01-01 16:30:00,18.576,24.625,22.684,17.704,18.236,22.7,18.253,24.369,25.637
2026-01-01 17:00:00,18.576,24.625,22.496,17.704,18.549,22.325,18.253,24.432,25.574
2026-01-01 17:30:00,18.513,24.375,22.184,17.704,18.8,21.824,18.316,24.307,25.324
2026-01-01 18:00:00,18.513,23.937,21.933,17.704,18.988,21.136,18.316,23.994,24.887
2026-01-01 18:30:00,18.513,23.437,21.683,17.704,19.175,20.51,18.379,23.556,24.387
2026-01-01 19:00:00,18.513,22.812,21.37,17.704,19.301,19.885,18.441,22.994,23.761
2026-01-01 19:30:00,18.451,22.187,21.057,17.704,19.363,19.384,18.504,22.431,23.074
2026-01-01 20:00:00,18.451,21.624,20.745,17.704,19.426,18.946,18.566,21.931,22.386
2026-01-01 20:30:00,18.451,21.124,20.494,17.767,19.363,18.508,18.629,21.43,21.76
2026-01-01 21:00:00,18.388,20.686,20.181,17.767,19.301,18.132,18.629,20.93,21.197
2026-01-01 21:30:00,18.388,20.248,19.868,17.83,19.238,17.819,18.754,20.555,20.696
2026-01-01 22:00:00,18.388,19.81,19.493,17.83,19.113,17.506,18.754,20.117,20.196
2026-01-01 22:30:00,18.388,19.435,19.242,17.892,18.988,17.193,18.817,19.741,19.57
2026-01-01 23:00:00,18.388,18.997,19.054,17.892,18.862,16.942,18.879,19.366,18.756
2026-01-01 23:30:00,18.326,18.622,18.616,17.955,18.737,16.692,18.942,18.928,18.255
2026-01-02 00:00:00,18.326,18.184,18.303,17.955,18.612,16.567,18.942,18.552,17.754
2026-01-02 00:30:00,18.326,17.746,17.99,18.017,18.424,16.441,19.004,18.114,17.253
2026-01-02 01:00:00,18.326,17.371,17.739,18.017,18.299,16.254,19.004,17.739,16.814
2026-01-02 01:30:00,18.326,16.995,17.489,18.08,18.173,16.066,19.067,17.363,16.438
2026-01-02 02:00:00,18.326,16.682,17.301,18.08,18.048,15.878,19.067,17.05,16.313
2026-01-02 02:30:00,18.388,16.432,17.113,18.08,17.986,15.753,19.067,16.799,16.125
2026-01-02 03:00:00,18.388,16.182,16.988,18.08,17.86,15.565,19.067,16.549,15.874
2026-01-02 03:30:00,18.388,15.994,16.8,18.08,17.735,15.439,19.067,16.361,15.686
2026-01-02 04:00:00,18.388,15.806,16.675,18.08,17.61,15.314,19.067,16.111,15.498
2026-01-02 04:30:00,18.451,15.618,16.549,18.08,17.484,15.126,19.067,15.923,15.31
2026-01-02 05:00:00,18.451,15.431,16.361,18.08,17.359,15.064,19.067,15.735,15.185
2026-01-02 05:30:00,18.451,15.243,16.361,18.08,17.297,15.064,19.067,15.547,14.997
2026-01-02 06:00:00,18.513,15.055,16.299,18.08,17.171,14.876,19.004,15.422,14.871
2026-01-02 06:30:00,18.513,14.93,16.173,18.08,17.046,14.688,19.004,15.234,14.683
2026-01-02 07:00:00,18.513,14.805,16.048,18.08,16.921,14.562,18.942,15.046,14.495
2026-01-02 07:30:00,18.576,14.68,15.923,18.08,16.858,14.437,18.942,14.92,14.432
2026-01-02 08:00:00,18.576,14.554,15.797,18.017,16.733,14.249,18.879,14.858,14.37
2026-01-02 08:30:00,18.639,14.429,15.672,18.017,16.607,14.374,18.879,14.733,14.307
2026-01-02 09:00:00,18.639,14.367,15.672,18.017,16.545,14.625,18.817,14.607,14.37
2026-01-02 09:30:00,18.639,14.492,15.86,17.955,16.419,15.001,18.817,14.67,14.997
2026-01-02 10:00:00,18.701,14.742,16.048,17.955,16.357,15.439,18.754,14.795,15.874
2026-01-02 10:30:00,18.701,15.18,16.361,17.892,16.294,16.066,18.691,15.171,16.564
2026-01-02 11:00:00,18.701,15.869,16.675,17.892,16.294,16.817,18.629,15.735,17.378
2026-01-02 11:30:00,18.701,16.62,17.176,17.892,16.294,17.631,18.629,16.361,17.942
2026-01-02 12:00:00,18.701,17.496,17.802,17.83,16.294,18.445,18.566,17.175,18.881
2026-01-02 12:30:00,18.764,18.497,18.491,17.83,16.357,19.259,18.504,18.051,19.945
2026-01-02 13:00:00,18.764,19.56,19.18,17.83,16.482,20.072,18.504,19.053,20.884
2026-01-02 13:30:00,18.764,20.561,19.868,17.767,16.607,20.823,18.441,20.054,21.823
2026-01-02 14:00:00,18.764,21.562,20.494,17.767,16.795,21.511,18.379,20.993,22.698
2026-01-02 14:30:00,18.764,22.437,21.057,17.704,16.983,21.887,18.379,21.868,23.511
2026-01-02 15:00:00,18.764,23.187,21.433,17.704,17.234,22.2,18.316,22.681,24.199
2026-01-02 15:30:00,18.764,23.75,21.683,17.642,17.484,22.45,18.316,23.306,24.637
2026-01-02 16:00:00,18.701,24.125,21.933,17.642,17.798,22.387,18.316,23.744,24.887
2026-01-02 16:30:00,18.701,24.25,21.808,17.642,18.048,22.2,18.253,23.994,25.012
2026-01-02 17:00:00,18.701,24.187,21.495,17.579,18.299,21.887,18.316,23.994,24.887
2026-01-02 17:30:00,18.639,23.875,21.433,17.579,18.549,21.386,18.316,23.807,24.699
2026-01-02 18:00:00,18.639,23.5,21.37,17.579,18.8,20.823,18.316,23.494,24.199
2026-01-02 18:30:00,18.639,22.937,21.245,17.579,18.925,20.197,18.379,23.056,23.636
2026-01-02 19:00:00,18.639,22.312,21.057,17.642,19.05,19.572,18.379,22.494,22.949
2026-01-02 19:30:00,18.576,21.687,20.745,17.642,19.113,19.071,18.441,21.931,22.261
2026-01-02 20:00:00,18.576,21.124,20.432,17.642,19.175,18.633,18.504,21.43,21.635
2026-01-02 20:30:00,18.513,20.686,20.119,17.704,19.113,18.195,18.504,20.93,21.009
2026-01-02 21:00:00,18.513,20.311,19.743,17.704,19.05,17.882,18.566,20.555,20.384
2026-01-02 21:30:00,18.513,19.873,19.43,17.704,18.988,17.506,18.629,20.179,19.883
2026-01-02 22:00:00,18.451,19.498,19.054,17.767,18.862,17.193,18.691,19.804,19.319
2026-01-02 22:30:00,18.451,19.06,18.554,17.767,18.8,16.88,18.691,19.428,18.756
2026-01-02 23:00:00,18.388,18.684,18.115,17.83,18.674,16.692,18.754,18.99,18.067
2026-01-02 23:30:00,18.388,18.247,17.802,17.83,18.549,16.504,18.817,18.615,17.566
2026-01-03 00:00:00,18.388,17.809,17.552,17.892,18.424,16.379,18.817,18.177,17.19
2026-01-03 00:30:00,18.388,17.433,17.364,17.892,18.299,16.191,18.879,17.801,16.689
2026-01-03 01:00:00,18.388,17.058,17.176,17.955,18.173,16.003,18.879,17.425,16.376
2026-01-03 01:30:00,18.388,16.745,16.988,17.955,18.048,15.878,18.879,17.112,16.125
2026-01-03 02:00:00,18.388,16.432,16.8,17.955,17.923,15.753,18.879,16.799,15.874
2026-01-03 02:30:00,18.388,16.182,16.675,17.955,17.798,15.565,18.879,16.549,15.686
2026-01-03 03:00:00,18.388,15.994,16.487,17.955,17.735,15.439,18.879,16.298,15.561
2026-01-03 03:30:00,18.388,15.806,16.361,18.017,17.61,15.252,18.879,16.111,15.435
2026-01-03 04:00:00,18.388,15.618,16.236,18.017,17.484,15.126,18.879,15.923,15.247
2026-01-03 04:30:00,18.388,15.431,16.111,18.017,17.359,14.938,18.879,15.735,15.059
2026-01-03 05:00:00,18.388,15.243,15.985,17.955,17.297,14.75,18.817,15.547,14.871
2026-01-03 05:30:00,18.451,15.055,15.86,17.955,17.171,14.625,18.817,15.359,14.683
2026-01-03 06:00:00,18.451,14.867,15.672,17.955,17.046,14.437,18.754,15.171,14.495
2026-01-03 06:30:00,18.451,14.68,15.547,17.955,16.983,14.312,18.754,14.983,14.432
2026-01-03 07:00:00,18.451,14.554,15.422,17.955,16.858,14.249,18.691,14.858,14.37
2026-01-03 07:30:00,18.513,14.429,15.359,17.892,16.733,14.187,18.691,14.733,14.182
2026-01-03 08:00:00,18.513,14.304,15.234,17.892,16.607,14.124,18.629,14.607,14.119
2026-01-03 08:30:00,18.513,14.241,15.171,17.892,16.545,14.249,18.566,14.482,14.119
2026-01-03 09:00:00,18.513,14.179,15.234,17.83,16.419,14.625,18.504,14.419,14.119
2026-01-03 09:30:00,18.576,14.304,15.296,17.83,16.357,15.001,18.441,14.482,14.809
2026-01-03 10:00:00,18.576,14.617,15.484,17.83,16.294,15.439,18.441,14.67,15.686
2026-01-03 10:30:00,18.576,15.118,15.923,17.767,16.231,16.003,18.379,15.046,16.313
2026-01-03 11:00:00,18.576,15.744,16.424,17.767,16.169,16.692,18.316,15.61,17.065
2026-01-03 11:30:00,18.576,16.495,16.925,17.767,16.169,17.506,18.253,16.236,17.691
2026-01-03 12:00:00,18.576,17.371,17.552,17.704,16.231,18.32,18.253,17.05,18.631
2026-01-03 12:30:00,18.576,18.434,18.24,17.704,16.294,19.196,18.191,17.989,19.758
2026-01-03 13:00:00,18.576,19.498,18.867,17.704,16.419,20.01,18.128,18.99,20.759
2026-01-03 13:30:00,18.576,20.561,19.555,17.642,16.545,20.886,18.066,19.992,21.76
2026-01-03 14:00:00,18.576,21.624,19.868,17.642,16.733,21.699,18.003,21.055,22.761
2026-01-03 14:30:00,18.576,22.562,20.181,17.579,16.921,22.137,18.003,21.993,23.636
2026-01-03 15:00:00,18.513,23.375,20.494,17.579,17.171,22.512,17.94,22.806,24.387
2026-01-03 15:30:00,18.513,24.062,20.807,17.516,17.484,22.762,17.94,23.494,24.949
2026-01-03 16:00:00,18.513,24.5,21.245,17.516,17.735,22.762,17.94,24.057,25.324
2026-01-03 16:30:00,18.451,24.75,21.808,17.516,18.048,22.637,17.94,24.369,25.512
2026-01-03 17:00:00,18.451,24.75,21.933,17.516,18.361,22.325,17.94,24.494,25.449
2026-01-03 17:30:00,18.451,24.625,21.746,17.516,18.612,21.824,17.94,24.432,25.324
2026-01-03 18:00:00,18.388,24.25,21.558,17.516,18.862,21.261,18.003,24.182,24.887
2026-01-03 18:30:00,18.388,23.75,21.37,17.516,19.05,20.698,18.003,23.807,24.387
2026-01-03 19:00:00,18.326,23.125,21.12,17.516,19.175,20.072,18.066,23.306,23.699
2026-01-03 19:30:00,18.326,22.562,20.87,17.516,19.301,19.572,18.066,22.744,23.011
2026-01-03 20:00:00,18.263,21.937,20.619,17.579,19.363,19.134,18.128,22.181,22.323
2026-01-03 20:30:00,18.263,21.374,20.369,17.579,19.363,18.695,18.191,21.681,21.635
2026-01-03 21:00:00,18.201,20.936,20.056,17.642,19.301,18.32,18.253,21.18,20.947
2026-01-03 21:30:00,18.201,20.498,19.743,17.642,19.301,17.882,18.316,20.805,20.384
2026-01-03 22:00:00,18.138,20.061,19.367,17.704,19.175,17.506,18.316,20.367,19.632
2026-01-03 22:30:00,18.138,19.623,18.992,17.767,19.05,17.256,18.379,19.929,19.069
2026-01-03 23:00:00,18.138,19.185,18.616,17.767,18.925,17.005,18.441,19.491,18.443
2026-01-03 23:30:00,18.076,18.747,18.24,17.83,18.862,16.817,18.504,19.116,17.942
2026-01-04 00:00:00,18.076,18.309,17.99,17.83,18.737,16.629,18.504,18.677,17.441
2026-01-04 00:30:00,18.076,17.871,17.802,17.892,18.612,16.441,18.566,18.239,17.065
2026-01-04 01:00:00,18.076,17.433,17.552,17.892,18.487,16.254,18.629,17.801,16.689
2026-01-04 01:30:00,18.013,17.12,17.364,17.955,18.361,16.128,18.629,17.488,16.438
2026-01-04 02:00:00,18.013,16.807,17.238,17.955,18.236,15.94,18.629,17.175,16.188
2026-01-04 02:30:00,18.013,16.557,17.05,18.017,18.111,15.815,18.691,16.925,16.0
2026-01-04 03:00:00,18.013,16.307,16.925,18.017,17.986,15.69,18.691,16.674,15.874
2026-01-04 03:30:00,18.076,16.119,16.8,18.017,17.86,15.502,18.691,16.424,15.686
2026-01-04 04:00:00,18.076,15.931,16.737,18.017,17.735,15.377,18.691,16.236,15.561
2026-01-04 04:30:00,18.076,15.744,16.612,18.017,17.672,15.189,18.691,16.048,15.373
2026-01-04 05:00:00,18.076,15.556,16.487,18.017,17.547,15.064,18.691,15.86,15.185
2026-01-04 05:30:00,18.076,15.368,16.299,18.017,17.422,14.938,18.629,15.672,14.997
2026-01-04 06:00:00,18.076,15.243,16.173,18.017,17.297,14.813,18.629,15.547,14.871
2026-01-04 06:30:00,18.138,15.055,16.048,18.017,17.171,14.688,18.629,15.359,14.809
2026-01-04 07:00:00,18.138,14.93,15.923,18.017,17.109,14.625,18.566,15.234,14.746
2026-01-04 07:30:00,18.138,14.805,15.86,18.017,16.983,14.625,18.566,15.108,14.621
2026-01-04 08:00:00,18.201,14.742,15.797,17.955,16.858,14.625,18.504,14.983,14.621
2026-01-04 08:30:00,18.201,14.68,15.735,17.955,16.795,14.688,18.504,14.92,14.621
2026-01-04 09:00:00,18.201,14.617,15.797,17.955,16.67,14.876,18.441,14.858,14.683
2026-01-04 09:30:00,18.201,14.742,15.923,17.892,16.607,15.252,18.441,14.92,15.247
2026-01-04 10:00:00,18.263,15.055,16.111,17.892,16.545,15.69,18.379,15.108,16.062
2026-01-04 10:30:00,18.263,15.493,16.361,17.892,16.482,16.254,18.379,15.484,16.626
2026-01-04 11:00:00,18.263,16.056,16.675,17.83,16.419,16.88,18.316,15.985,17.315
2026-01-04 11:30:00,18.263,16.807,17.176,17.83,16.419,17.631,18.253,16.549,17.816
2026-01-04 12:00:00,18.326,17.621,17.739,17.83,16.482,18.445,18.253,17.3,18.756
2026-01-04 12:30:00,18.326,18.559,18.428,17.83,16.545,19.196,18.191,18.177,19.758
2026-01-04 13:00:00,18.326,19.56,19.054,17.767,16.607,20.01,18.128,19.116,20.759
2026-01-04 13:30:00,18.326,20.624,19.806,17.767,16.733,20.886,18.128,20.117,21.76
2026-01-04 14:00:00,18.326,21.687,20.494,17.704,16.921,21.699,18.066,21.118,22.761
2026-01-04 14:30:00,18.326,22.625,21.057,17.704,17.109,22.074,18.066,22.056,23.574
2026-01-04 15:00:00,18.326,23.375,21.433,17.704,17.297,22.45,18.066,22.869,24.262
2026-01-04 15:30:00,18.326,24.0,21.746,17.642,17.61,22.7,18.003,23.556,24.762
2026-01-04 16:00:00,18.326,24.5,22.059,17.642,17.86,22.7,18.003,24.057,25.137
2026-01-04 16:30:00,18.326,24.687,22.371,17.642,18.173,22.575,18.003,24.369,25.324
2026-01-04 17:00:00,18.263,24.75,22.309,17.642,18.424,22.262,18.003,24.494,25.324
2026-01-04 17:30:00,18.263,24.562,22.121,17.642,18.674,21.824,18.066,24.432,25.137
2026-01-04 18:00:00,18.263,24.187,21.996,17.642,18.925,21.261,18.066,24.182,24.762
2026-01-04 18:30:00,18.263,23.75,21.746,17.642,19.113,20.698,18.128,23.807,24.199
2026-01-04 19:00:00,18.263,23.125,21.495,17.642,19.301,20.072,18.128,23.306,23.574
2026-01-04 19:30:00,18.201,22.562,21.245,17.642,19.363,19.634,18.191,22.744,22.886
2026-01-04 20:00:00,18.201,21.937,20.995,17.704,19.426,19.196,18.253,22.181,22.198
2026-01-04 20:30:00,18.201,21.437,20.682,17.704,19.488,18.758,18.316,21.681,21.572
2026-01-04 21:00:00,18.138,20.936,20.306,17.704,19.426,18.382,18.379,21.243,20.884
2026-01-04 21:30:00,18.138,20.498,19.993,17.767,19.363,18.007,18.441,20.805,20.321
2026-01-04 22:00:00,18.138,20.061,19.618,17.83,19.301,17.694,18.504,20.367,19.82
2026-01-04 22:30:00,18.138,19.623,19.242,17.83,19.175,17.381,18.566,19.992,19.069
2026-01-04 23:00:00,18.076,19.185,18.804,17.892,19.113,17.193,18.629,19.554,18.631
2026-01-04 23:30:00,18.076,18.81,18.491,17.892,18.988,17.005,18.629,19.116,18.192
2026-01-05 00:00:00,18.076,18.372,18.115,17.955,18.862,16.817,18.691,18.74,17.691
2026-01-05 00:30:00,18.076,17.996,17.865,18.017,18.737,16.629,18.754,18.364,17.253
2026-01-05 01:00:00,18.076,17.621,17.552,18.017,18.612,16.441,18.754,17.989,16.939
2026-01-05 01:30:00,18.076,17.308,17.364,18.08,18.487,16.254,18.817,17.676,16.626
2026-01-05 02:00:00,18.076,16.995,17.176,18.08,18.361,16.128,18.817,17.363,16.501
2026-01-05 02:30:00,18.076,16.745,16.988,18.08,18.236,16.003,18.879,17.112,16.313
2026-01-05 03:00:00,18.076,16.557,16.863,18.143,18.173,15.815,18.879,16.862,16.125
2026-01-05 03:30:00,18.138,16.369,16.737,18.143,18.048,15.69,18.879,16.674,15.874
2026-01-05 04:00:00,18.138,16.119,16.612,18.143,17.923,15.565,18.879,16.486,15.812
2026-01-05 04:30:00,18.138,15.931,16.549,18.143,17.798,15.439,18.879,16.298,15.686
2026-01-05 05:00:00,18.138,15.806,16.487,18.143,17.672,15.314,18.879,16.111,15.498
2026-01-05 05:30:00,18.201,15.618,16.424,18.143,17.61,15.189,18.817,15.923,15.373
2026-01-05 06:00:00,18.201,15.493,16.361,18.143,17.484,15.064,18.817,15.797,15.185
2026-01-05 06:30:00,18.201,15.305,16.299,18.143,17.359,15.001,18.817,15.61,15.059
2026-01-05 07:00:00,18.263,15.18,16.236,18.143,17.297,14.938,18.817,15.484,15.059
2026-01-05 07:30:00,18.263,15.18,16.236,18.08,17.171,14.876,18.754,15.422,15.059
2026-01-05 08:00:00,18.326,15.18,16.236,18.08,17.046,14.75,18.754,15.359,15.059
2026-01-05 08:30:00,18.326,15.118,16.236,18.08,16.983,14.813,18.691,15.359,14.997
2026-01-05 09:00:00,18.326,15.055,16.236,18.08,16.858,14.938,18.691,15.296,14.934
2026-01-05 09:30:00,18.326,15.118,16.299,18.017,16.795,15.252,18.629,15.296,15.435
2026-01-05 10:00:00,18.388,15.305,16.424,18.017,16.733,15.627,18.629,15.422,15.874
2026-01-05 10:30:00,18.388,15.618,16.549,18.017,16.67,16.128,18.566,15.61,16.25
2026-01-05 11:00:00,18.388,15.994,16.8,17.955,16.607,16.817,18.504,15.985,16.939
2026-01-05 11:30:00,18.451,16.62,17.113,17.955,16.607,17.443,18.504,16.486,17.378
2026-01-05 12:00:00,18.451,17.371,17.677,17.955,16.607,18.195,18.441,17.112,18.192
2026-01-05 12:30:00,18.451,18.309,18.24,17.892,16.67,19.008,18.441,17.926,19.194
2026-01-05 13:00:00,18.451,19.31,18.867,17.892,16.733,19.759,18.379,18.865,20.133
2026-01-05 13:30:00,18.451,20.373,19.555,17.892,16.858,20.573,18.316,19.866,21.197
2026-01-05 14:00:00,18.451,21.374,20.244,17.83,16.983,21.324,18.316,20.805,22.135
2026-01-05 14:30:00,18.451,22.312,20.745,17.83,17.171,21.762,18.316,21.743,23.011
2026-01-05 15:00:00,18.451,23.062,21.183,17.83,17.422,22.137,18.253,22.494,23.699
2026-01-05 15:30:00,18.513,23.625,21.495,17.767,17.61,22.325,18.253,23.181,24.199
2026-01-05 16:00:00,18.451,24.062,21.808,17.767,17.923,22.387,18.253,23.619,24.449
2026-01-05 16:30:00,18.451,24.187,22.184,17.767,18.173,22.2,18.253,23.869,24.574
2026-01-05 17:00:00,18.451,24.125,22.121,17.767,18.424,21.949,18.253,23.932,24.512
2026-01-05 17:30:00,18.451,23.937,21.871,17.704,18.674,21.449,18.253,23.807,24.324
2026-01-05 18:00:00,18.451,23.5,21.683,17.704,18.925,20.886,18.316,23.494,23.887
2026-01-05 18:30:00,18.451,22.937,21.433,17.767,19.113,20.197,18.316,23.056,23.261
2026-01-05 19:00:00,18.451,22.312,21.183,17.767,19.238,19.572,18.316,22.556,22.573
2026-01-05 19:30:00,18.388,21.687,20.87,17.767,19.363,19.008,18.379,21.931,21.885
2026-01-05 20:00:00,18.388,21.124,20.557,17.767,19.363,18.57,18.441,21.43,21.197
2026-01-05 20:30:00,18.388,20.686,20.181,17.83,19.363,18.195,18.504,20.93,20.634
2026-01-05 21:00:00,18.388,20.248,19.806,17.83,19.301,17.819,18.504,20.492,20.008
2026-01-05 21:30:00,18.388,19.81,19.43,17.892,19.238,17.443,18.566,20.117,19.445
2026-01-05 22:00:00,18.326,19.373,19.054,17.892,19.113,17.193,18.629,19.679,18.818
2026-01-05 22:30:00,18.326,18.935,18.741,17.955,19.05,16.88,18.691,19.241,18.38
2026-01-05 23:00:00,18.326,18.559,18.428,17.955,18.925,16.629,18.754,18.865,17.879
2026-01-05 23:30:00,18.326,18.184,18.115,18.017,18.8,16.441,18.754,18.552,17.503
2026-01-06 00:00:00,18.326,17.809,17.739,18.017,18.612,16.254,18.817,18.177,17.065
2026-01-06 00:30:00,18.326,17.433,17.489,18.08,18.487,16.066,18.817,17.801,16.689
2026-01-06 01:00:00,18.263,17.058,17.238,18.08,18.361,15.878,18.817,17.488,16.376
2026-01-06 01:30:00,18.326,16.745,16.988,18.08,18.236,15.753,18.879,17.112,16.125
2026-01-06 02:00:00,18.326,16.495,16.863,18.143,18.111,15.565,18.879,16.862,15.812
2026-01-06 02:30:00,18.326,16.182,16.737,18.143,17.986,15.377,18.879,16.549,15.624
2026-01-06 03:00:00,18.326,15.931,16.612,18.143,17.86,15.189,18.879,16.298,15.373
2026-01-06 03:30:00,18.326,15.681,16.424,18.143,17.735,15.064,18.879,16.048,15.185
2026-01-06 04:00:00,18.326,15.493,16.299,18.143,17.61,14.876,18.879,15.86,14.997
2026-01-06 04:30:00,18.326,15.243,16.236,18.143,17.484,14.813,18.879,15.61,14.809
2026-01-06 05:00:00,18.326,15.118,16.236,18.08,17.359,14.75,18.817,15.422,14.871
2026-01-06 05:30:00,18.388,14.992,16.236,18.08,17.234,14.625,18.817,15.296,14.746
2026-01-06 06:00:00,18.388,14.867,16.236,18.08,17.109,14.437,18.817,15.171,14.621
2026-01-06 06:30:00,18.388,14.742,16.173,18.08,16.983,14.249,18.817,15.046,14.621
2026-01-06 07:00:00,18.388,14.68,16.111,18.017,16.921,14.249,18.754,14.983,14.495
2026-01-06 07:30:00,18.451,14.617,16.048,18.017,16.795,14.249,18.754,14.92,14.495
2026-01-06 08:00:00,18.451,14.554,15.985,18.017,16.67,14.312,18.691,14.795,14.495
2026-01-06 08:30:00,18.451,14.492,15.923,17.955,16.607,14.374,18.629,14.733,14.495
2026-01-06 09:00:00,18.451,14.492,15.923,17.955,16.482,14.437,18.629,14.733,14.495
2026-01-06 09:30:00,18.513,14.554,15.86,17.955,16.419,14.562,18.566,14.733,14.621
2026-01-06 10:00:00,18.513,14.68,15.86,17.892,16.357,14.75,18.566,14.795,14.746
2026-01-06 10:30:00,18.513,14.805,15.923,17.892,16.294,15.001,18.504,14.92,14.934
2026-01-06 11:00:00,18.513,14.992,16.048,17.83,16.231,15.314,18.441,15.046,15.31
2026-01-06 11:30:00,18.513,15.305,16.299,17.83,16.169,15.94,18.441,15.296,15.812
2026-01-06 12:00:00,18.513,15.931,16.737,17.767,16.169,16.817,18.379,15.797,16.689
2026-01-06 12:30:00,18.513,16.87,17.301,17.767,16.169,17.882,18.316,16.549,17.879
2026-01-06 13:00:00,18.513,17.996,17.99,17.704,16.231,18.946,18.253,17.551,18.944
2026-01-06 13:30:00,18.513,19.06,18.804,17.704,16.294,19.947,18.253,18.552,20.071
2026-01-06 14:00:00,18.513,20.123,19.555,17.704,16.419,20.823,18.191,19.554,21.134
2026-01-06 14:30:00,18.513,21.061,20.119,17.642,16.607,21.261,18.191,20.492,22.01
2026-01-06 15:00:00,18.513,21.874,20.619,17.642,16.795,21.574,18.128,21.305,22.824
2026-01-06 15:30:00,18.513,22.562,20.995,17.579,16.983,21.762,18.128,22.056,23.386
2026-01-06 16:00:00,18.513,23.062,21.308,17.579,17.297,21.762,18.066,22.619,23.824
2026-01-06 16:30:00,18.513,23.312,21.621,17.579,17.547,21.637,18.066,22.931,24.012
2026-01-06 17:00:00,18.513,23.312,21.558,17.516,17.798,21.324,18.066,23.056,23.949
2026-01-06 17:30:00,18.513,23.125,21.308,17.516,18.048,20.886,18.066,22.994,23.699
2026-01-06 18:00:00,18.451,22.687,21.12,17.516,18.299,20.26,18.066,22.681,23.324
2026-01-06 18:30:00,18.451,22.187,20.932,17.516,18.487,19.634,18.128,22.243,22.886
2026-01-06 19:00:00,18.388,21.624,20.745,17.516,18.612,19.008,18.128,21.806,22.261
2026-01-06 19:30:00,18.388,21.061,20.494,17.516,18.674,18.57,18.191,21.305,21.572
2026-01-06 20:00:00,18.388,20.561,20.244,17.516,18.737,18.132,18.191,20.805,21.009
2026-01-06 20:30:00,18.326,20.123,19.993,17.579,18.737,17.756,18.253,20.367,20.321
2026-01-06 21:00:00,18.326,19.685,19.681,17.579,18.737,17.443,18.253,19.929,19.82
2026-01-06 21:30:00,18.263,19.247,19.367,17.642,18.674,17.13,18.316,19.554,19.257
2026-01-06 22:00:00,18.263,18.872,19.054,17.642,18.549,16.755,18.379,19.178,18.818
2026-01-06 22:30:00,18.201,18.497,18.741,17.642,18.424,16.441,18.379,18.803,18.13
2026-01-06 23:00:00,18.201,18.059,18.366,17.704,18.361,16.191,18.441,18.427,17.441
2026-01-06 23:30:00,18.138,17.683,17.99,17.704,18.236,16.003,18.441,18.051,16.939
2026-01-07 00:00:00,18.138,17.245,17.739,17.704,18.111,15.878,18.504,17.613,16.438
2026-01-07 00:30:00,18.138,16.87,17.426,17.767,17.986,15.753,18.504,17.238,16.188
2026-01-07 01:00:00,18.138,16.495,17.176,17.767,17.86,15.565,18.566,16.862,15.874
2026-01-07 01:30:00,18.138,16.182,16.988,17.767,17.735,15.439,18.566,16.549,15.686
2026-01-07 02:00:00,18.138,15.931,16.8,17.767,17.61,15.314,18.566,16.298,15.31
2026-01-07 02:30:00,18.138,15.681,16.612,17.767,17.484,15.189,18.566,16.048,15.185
2026-01-07 03:00:00,18.138,15.431,16.487,17.767,17.359,15.126,18.566,15.797,14.997
2026-01-07 03:30:00,18.138,15.305,16.361,17.767,17.297,15.001,18.566,15.61,14.809
2026-01-07 04:00:00,18.201,15.118,16.236,17.767,17.171,14.813,18.566,15.422,14.683
2026-01-07 04:30:00,18.201,14.93,16.048,17.767,17.046,14.688,18.566,15.296,14.621
2026-01-07 05:00:00,18.201,14.805,15.923,17.767,16.921,14.562,18.566,15.108,14.432
2026-01-07 05:30:00,18.263,14.68,15.797,17.704,16.858,14.437,18.566,14.983,14.307
2026-01-07 06:00:00,18.326,14.492,15.672,17.704,16.733,14.249,18.504,14.795,14.182
2026-01-07 06:30:00,18.326,14.367,15.547,17.704,16.67,14.124,18.504,14.67,14.119
2026-01-07 07:00:00,18.326,14.241,15.422,17.704,16.545,14.124,18.504,14.545,13.994
2026-01-07 07:30:00,18.388,14.116,15.296,17.642,16.419,14.124,18.441,14.419,13.868
2026-01-07 08:00:00,18.388,14.054,15.234,17.642,16.357,14.124,18.441,14.294,13.931
2026-01-07 08:30:00,18.388,13.991,15.171,17.642,16.231,14.187,18.379,14.231,13.868
2026-01-07 09:00:00,18.388,13.928,15.108,17.579,16.169,14.437,18.379,14.169,13.931
2026-01-07 09:30:00,18.388,14.054,15.359,17.579,16.043,14.813,18.316,14.231,14.558
2026-01-07 10:00:00,18.388,14.367,15.61,17.516,15.981,15.314,18.253,14.419,15.561
2026-01-07 10:30:00,18.388,14.867,15.923,17.516,15.981,15.815,18.253,14.795,16.25
2026-01-07 11:00:00,18.388,15.493,16.299,17.454,15.918,16.504,18.191,15.296,16.939
2026-01-07 11:30:00,18.326,16.182,16.8,17.454,15.918,17.193,18.128,15.923,17.441
2026-01-07 12:00:00,18.326,16.995,17.364,17.454,15.918,17.882,18.128,16.674,18.318
2026-01-07 12:30:00,18.326,17.934,17.99,17.391,15.981,18.633,18.066,17.488,19.257
2026-01-07 13:00:00,18.263,18.935,18.616,17.391,16.043,19.447,18.003,18.427,20.258
2026-01-07 13:30:00,18.263,19.936,19.367,17.391,16.169,20.323,18.003,19.366,21.197
2026-01-07 14:00:00,18.201,20.936,19.931,17.328,16.357,21.136,17.94,20.304,22.073
2026-01-07 14:30:00,18.138,21.749,20.494,17.328,16.545,21.511,17.94,21.18,22.824
2026-01-07 15:00:00,18.138,22.437,20.87,17.266,16.733,21.824,17.878,21.868,23.386
2026-01-07 15:30:00,18.076,23.0,21.183,17.266,16.983,22.012,17.878,22.494,23.824
2026-01-07 16:00:00,18.013,23.437,21.433,17.266,17.234,21.887,17.815,22.994,24.137
2026-01-07 16:30:00,17.951,23.625,21.683,17.266,17.547,21.699,17.815,23.306,24.262
2026-01-07 17:00:00,17.888,23.625,21.621,17.203,17.798,21.324,17.815,23.369,24.074
2026-01-07 17:30:00,17.888,23.375,21.433,17.203,18.048,20.886,17.815,23.244,23.761
2026-01-07 18:00:00,17.825,23.0,21.245,17.203,18.236,20.323,17.878,22.994,23.386
2026-01-07 18:30:00,17.763,22.562,20.995,17.203,18.424,19.697,17.878,22.619,22.761
2026-01-07 19:00:00,17.763,21.937,20.745,17.266,18.549,19.071,17.94,22.118,22.01
2026-01-07 19:30:00,17.7,21.311,20.432,17.266,18.674,18.633,17.94,21.493,21.385
2026-01-07 20:00:00,17.7,20.811,20.181,17.266,18.737,18.195,18.003,21.055,20.884
2026-01-07 20:30:00,17.638,20.373,19.868,17.328,18.737,17.819,18.003,20.617,20.384
2026-01-07 21:00:00,17.575,19.936,19.618,17.328,18.737,17.506,18.066,20.179,19.82
2026-01-07 21:30:00,17.575,19.498,19.305,17.328,18.674,17.13,18.128,19.804,19.194
2026-01-07 22:00:00,17.513,18.997,18.992,17.391,18.549,16.88,18.191,19.366,18.693
2026-01-07 22:30:00,17.513,18.559,18.741,17.391,18.487,16.629,18.191,18.928,18.255
2026-01-07 23:00:00,17.513,18.184,18.491,17.454,18.361,16.379,18.253,18.552,17.816
2026-01-07 23:30:00,17.45,17.809,18.303,17.454,18.236,16.254,18.253,18.177,17.441
2026-01-08 00:00:00,17.45,17.496,18.115,17.516,18.111,16.066,18.316,17.864,17.19
2026-01-08 00:30:00,17.45,17.183,17.927,17.516,17.986,15.878,18.316,17.551,16.814
2026-01-08 01:00:00,17.45,16.933,17.677,17.579,17.923,15.753,18.379,17.238,16.564
2026-01-08 01:30:00,17.45,16.62,17.489,17.579,17.798,15.627,18.379,16.987,16.25
2026-01-08 02:00:00,17.513,16.369,17.301,17.579,17.672,15.502,18.379,16.737,16.0
2026-01-08 02:30:00,17.513,16.119,17.238,17.579,17.547,15.314,18.379,16.486,15.812
2026-01-08 03:00:00,17.513,15.931,17.113,17.579,17.422,15.189,18.441,16.236,15.624
2026-01-08 03:30:00,17.575,15.681,16.925,17.579,17.359,15.001,18.441,16.048,15.373
2026-01-08 04:00:00,17.575,15.493,16.8,17.642,17.234,14.938,18.441,15.86,15.247
2026-01-08 04:30:00,17.638,15.368,16.737,17.642,17.109,14.876,18.441,15.672,15.185
2026-01-08 05:00:00,17.638,15.305,16.675,17.642,17.046,14.876,18.441,15.61,15.185
2026-01-08 05:30:00,17.7,15.243,16.612,17.579,16.921,14.813,18.379,15.484,15.122
2026-01-08 06:00:00,17.763,15.18,16.487,17.579,16.858,14.75,18.379,15.422,15.122
2026-01-08 06:30:00,17.763,15.118,16.424,17.579,16.733,14.625,18.379,15.359,15.059
2026-01-08 07:00:00,17.825,14.992,16.299,17.579,16.67,14.625,18.379,15.296,14.934
2026-01-08 07:30:00,17.825,14.93,16.299,17.579,16.545,14.625,18.316,15.171,14.934
2026-01-08 08:00:00,17.888,14.93,16.299,17.579,16.482,14.688,18.316,15.108,15.059
2026-01-08 08:30:00,17.888,14.93,16.299,17.516,16.419,14.813,18.316,15.108,15.185
2026-01-08 09:00:00,17.951,14.992,16.236,17.516,16.357,14.813,18.253,15.171,15.122
2026-01-08 09:30:00,17.951,14.992,16.236,17.516,16.294,14.938,18.253,15.171,15.31
2026-01-08 10:00:00,18.013,15.118,16.299,17.454,16.231,15.001,18.191,15.234,15.435
2026-01-08 10:30:00,18.013,15.243,16.424,17.454,16.169,15.314,18.191,15.359,15.686
2026-01-08 11:00:00,18.013,15.493,16.549,17.454,16.169,15.565,18.128,15.547,15.937
2026-01-08 11:30:00,18.076,15.744,16.675,17.454,16.106,16.254,18.128,15.735,16.438
2026-01-08 12:00:00,18.076,16.307,17.05,17.391,16.106,16.567,18.128,16.173,16.877
2026-01-08 12:30:00,18.076,16.745,17.301,17.391,16.106,17.381,18.066,16.612,17.378
2026-01-08 13:00:00,18.076,17.245,17.677,17.391,16.169,18.132,18.066,17.05,18.255
2026-01-08 13:30:00,18.076,18.247,18.366,17.391,16.169,18.946,18.003,17.864,19.445
2026-01-08 14:00:00,18.076,19.247,18.867,17.328,16.294,18.695,18.003,18.803,19.945
2026-01-08 14:30:00,18.076,19.435,19.054,17.328,16.357,18.132,17.94,19.241,19.445
2026-01-08 15:00:00,18.076,19.122,19.054,17.328,16.482,17.381,17.94,19.116,19.006
2026-01-08 15:30:00,18.076,18.935,18.992,17.266,16.607,17.506,17.94,18.928,19.132
2026-01-08 16:00:00,18.076,19.31,19.117,17.266,16.733,18.069,17.878,19.116,20.133
2026-01-08 16:30:00,18.076,19.873,19.305,17.266,16.795,18.445,17.878,19.616,20.509
2026-01-08 17:00:00,18.076,19.936,19.43,17.266,16.921,18.445,17.878,19.804,20.196
2026-01-08 17:30:00,18.076,19.56,19.555,17.266,16.983,18.069,17.878,19.616,19.758
2026-01-08 18:00:00,18.076,19.247,19.618,17.203,17.046,17.631,17.878,19.303,19.57
2026-01-08 18:30:00,18.076,18.997,19.555,17.203,17.109,17.381,17.878,19.116,19.445
2026-01-08 19:00:00,18.013,18.81,19.367,17.203,17.171,17.13,17.878,18.928,19.319
2026-01-08 19:30:00,18.013,18.559,19.242,17.203,17.234,16.88,17.878,18.677,18.881
2026-01-08 20:00:00,18.013,18.184,19.054,17.203,17.234,16.629,17.94,18.364,18.443
2026-01-08 20:30:00,18.013,17.809,18.867,17.203,17.234,16.441,17.94,18.051,18.004
2026-01-08 21:00:00,18.013,17.496,18.679,17.203,17.234,16.254,18.003,17.739,17.629
2026-01-08 21:30:00,17.951,17.183,18.491,17.203,17.234,16.066,18.003,17.425,17.253
2026-01-08 22:00:00,17.951,16.87,18.115,17.203,17.171,15.815,18.003,17.175,17.002
2026-01-08 22:30:00,17.951,16.62,17.739,17.203,17.109,15.565,18.003,16.925,16.626
2026-01-08 23:00:00,17.951,16.432,17.426,17.203,17.046,15.377,18.066,16.674,16.188
2026-01-08 23:30:00,17.888,16.119,17.113,17.203,16.983,15.252,18.066,16.424,15.874
2026-01-09 00:00:00,17.888,15.869,16.863,17.203,16.921,15.064,18.066,16.173,15.624
2026-01-09 00:30:00,17.888,15.618,16.675,17.203,16.795,15.001,18.128,15.923,15.373
2026-01-09 01:00:00,17.888,15.368,16.487,17.203,16.733,14.938,18.128,15.672,15.122
2026-01-09 01:30:00,17.888,15.18,16.361,17.203,16.67,14.876,18.128,15.484,14.934
2026-01-09 02:00:00,17.888,15.055,16.236,17.203,16.607,14.688,18.128,15.296,14.809
2026-01-09 02:30:00,17.888,14.93,16.048,17.14,16.482,14.374,18.128,15.171,14.621
2026-01-09 03:00:00,17.888,14.805,15.86,17.14,16.419,14.249,18.128,15.046,14.495
2026-01-09 03:30:00,17.888,14.617,15.735,17.14,16.357,14.124,18.128,14.92,14.37
2026-01-09 04:00:00,17.888,14.429,15.547,17.14,16.231,13.999,18.066,14.733,14.182
2026-01-09 04:30:00,17.888,14.241,15.422,17.078,16.169,13.873,18.066,14.545,14.119
2026-01-09 05:00:00,17.888,14.116,15.296,17.078,16.043,13.811,18.066,14.419,13.931
2026-01-09 05:30:00,17.825,13.928,15.171,17.078,15.981,13.623,18.003,14.231,13.805
2026-01-09 06:00:00,17.888,13.803,14.983,17.078,15.855,13.56,18.003,14.106,13.68
2026-01-09 06:30:00,17.888,13.678,14.92,17.015,15.793,13.372,18.003,13.981,13.555
2026-01-09 07:00:00,17.888,13.553,14.92,17.015,15.667,13.309,17.94,13.855,13.429
2026-01-09 07:30:00,17.888,13.427,14.857,17.015,15.605,13.184,17.878,13.73,13.304
2026-01-09 08:00:00,17.888,13.302,14.795,16.952,15.479,13.059,17.878,13.605,13.178
2026-01-09 08:30:00,17.888,13.24,14.732,16.952,15.417,13.121,17.815,13.479,13.116
2026-01-09 09:00:00,17.888,13.114,14.669,16.89,15.354,13.372,17.815,13.417,13.053
2026-01-09 09:30:00,17.888,13.177,14.795,16.89,15.229,13.748,17.753,13.354,13.492
2026-01-09 10:00:00,17.888,13.365,14.983,16.827,15.166,14.249,17.69,13.479,14.307
2026-01-09 10:30:00,17.888,13.741,15.234,16.827,15.103,14.813,17.69,13.793,15.059
2026-01-09 11:00:00,17.888,14.367,15.61,16.764,15.103,15.502,17.628,14.231,15.812
2026-01-09 11:30:00,17.888,15.055,15.985,16.764,15.041,16.191,17.565,14.858,16.376
2026-01-09 12:00:00,17.888,15.869,16.549,16.764,15.103,17.005,17.502,15.547,17.253
2026-01-09 12:30:00,17.888,16.87,17.176,16.702,15.103,17.756,17.502,16.424,18.318
2026-01-09 13:00:00,17.825,17.871,17.802,16.702,15.229,18.508,17.44,17.3,19.319
2026-01-09 13:30:00,17.825,18.872,18.554,16.702,15.291,19.321,17.377,18.239,20.321
2026-01-09 14:00:00,17.825,19.936,18.929,16.702,15.417,20.072,17.377,19.241,21.26
2026-01-09 14:30:00,17.825,20.874,19.18,16.639,15.605,20.51,17.315,20.179,22.073
2026-01-09 15:00:00,17.825,21.624,19.555,16.639,15.793,20.886,17.315,20.993,22.824
2026-01-09 15:30:00,17.763,22.312,19.931,16.576,15.981,21.073,17.252,21.681,23.324
2026-01-09 16:00:00,17.763,22.75,20.306,16.576,16.231,21.136,17.252,22.181,23.699
2026-01-09 16:30:00,17.763,22.937,20.557,16.576,16.482,21.011,17.252,22.494,23.761
2026-01-09 17:00:00,17.7,22.937,20.619,16.576,16.733,20.635,17.252,22.619,23.699
2026-01-09 17:30:00,17.7,22.75,20.494,16.513,16.983,20.197,17.252,22.556,23.511
2026-01-09 18:00:00,17.7,22.374,20.369,16.513,17.234,19.634,17.252,22.306,23.074
2026-01-09 18:30:00,17.638,21.874,20.119,16.576,17.422,19.071,17.315,21.931,22.573
2026-01-09 19:00:00,17.638,21.311,19.868,16.576,17.547,18.508,17.315,21.43,22.01
2026-01-09 19:30:00,17.575,20.749,19.618,16.576,17.672,18.132,17.377,20.93,21.385
2026-01-09 20:00:00,17.575,20.186,19.367,16.576,17.735,17.756,17.377,20.43,20.822
2026-01-09 20:30:00,17.575,19.748,19.117,16.576,17.798,17.443,17.44,19.992,20.258
2026-01-09 21:00:00,17.513,19.373,18.929,16.639,17.798,17.256,17.502,19.616,19.758
2026-01-09 21:30:00,17.513,18.935,18.679,16.639,17.735,17.005,17.502,19.241,19.257
2026-01-09 22:00:00,17.45,18.559,18.491,16.702,17.672,16.755,17.565,18.865,18.818
2026-01-09 22:30:00,17.45,18.184,18.178,16.702,17.61,16.504,17.628,18.49,18.443
2026-01-09 23:00:00,17.45,17.871,17.99,16.702,17.547,16.316,17.628,18.177,18.13
2026-01-09 23:30:00,17.388,17.558,17.802,16.764,17.484,16.066,17.69,17.926,17.503
2026-01-10 00:00:00,17.388,17.308,17.552,16.764,17.359,15.878,17.753,17.613,17.065
2026-01-10 00:30:00,17.388,16.995,17.364,16.827,17.297,15.69,17.753,17.3,16.689
2026-01-10 01:00:00,17.388,16.682,17.176,16.827,17.234,15.565,17.753,17.05,16.313
2026-01-10 01:30:00,17.325,16.369,16.988,16.827,17.109,15.439,17.815,16.737,16.062
2026-01-10 02:00:00,17.325,16.056,16.8,16.827,17.046,15.314,17.815,16.424,15.749
2026-01-10 02:30:00,17.325,15.869,16.675,16.89,16.921,15.252,17.815,16.173,15.561
2026-01-10 03:00:00,17.325,15.618,16.549,16.89,16.858,15.189,17.815,15.985,15.435
2026-01-10 03:30:00,17.325,15.431,16.487,16.89,16.795,15.126,17.878,15.797,15.31
2026-01-10 04:00:00,17.325,15.305,16.361,16.89,16.67,15.001,17.878,15.61,15.122
2026-01-10 04:30:00,17.388,15.18,16.236,16.89,16.607,14.938,17.878,15.484,14.997
2026-01-10 05:00:00,17.388,15.055,16.111,16.89,16.545,14.813,17.878,15.359,14.871
2026-01-10 05:30:00,17.388,14.93,16.048,16.89,16.419,14.688,17.878,15.234,14.809
2026-01-10 06:00:00,17.388,14.867,15.86,16.89,16.357,14.5,17.815,15.108,14.746
2026-01-10 06:30:00,17.388,14.742,15.797,16.89,16.294,14.5,17.815,15.046,14.683
2026-01-10 07:00:00,17.388,14.617,15.672,16.89,16.231,14.437,17.815,14.92,14.621
2026-01-10 07:30:00,17.388,14.554,15.61,16.89,16.169,14.374,17.815,14.795,14.495
2026-01-10 08:00:00,17.45,14.492,15.484,16.89,16.043,14.312,17.753,14.733,14.495
2026-01-10 08:30:00,17.45,14.429,15.422,16.89,15.981,14.374,17.753,14.67,14.432
2026-01-10 09:00:00,17.45,14.429,15.422,16.89,15.918,14.625,17.753,14.607,14.495
2026-01-10 09:30:00,17.513,14.492,15.484,16.827,15.855,15.001,17.69,14.67,14.871
2026-01-10 10:00:00,17.513,14.68,15.672,16.827,15.793,15.439,17.69,14.795,15.624
2026-01-10 10:30:00,17.513,15.118,15.923,16.827,15.793,16.003,17.628,15.108,16.438
2026-01-10 11:00:00,17.513,15.681,16.361,16.827,15.73,16.692,17.628,15.547,17.19
2026-01-10 11:30:00,17.513,16.369,16.925,16.827,15.73,17.443,17.565,16.173,17.754
2026-01-10 12:00:00,17.513,17.245,17.614,16.827,15.793,18.195,17.565,16.862,18.631
2026-01-10 12:30:00,17.575,18.184,18.303,16.764,15.855,18.946,17.502,17.739,19.632
2026-01-10 13:00:00,17.575,19.185,18.929,16.764,15.918,19.697,17.502,18.615,20.634
2026-01-10 13:30:00,17.575,20.186,19.618,16.764,16.043,20.51,17.44,19.554,21.635
2026-01-10 14:00:00,17.575,21.186,19.931,16.764,16.169,21.324,17.44,20.492,22.511
2026-01-10 14:30:00,17.575,22.062,20.244,16.764,16.357,21.762,17.44,21.368,23.386
2026-01-10 15:00:00,17.575,22.875,20.619,16.764,16.545,22.137,17.44,22.181,24.074
2026-01-10 15:30:00,17.575,23.437,20.932,16.702,16.795,22.325,17.377,22.869,24.574
2026-01-10 16:00:00,17.575,23.875,21.245,16.702,17.046,22.325,17.377,23.369,24.824
2026-01-10 16:30:00,17.575,24.062,21.558,16.702,17.359,22.137,17.44,23.619,24.949
2026-01-10 17:00:00,17.575,24.062,21.746,16.702,17.61,21.824,17.44,23.744,24.887
2026-01-10 17:30:00,17.513,23.812,21.683,16.702,17.86,21.386,17.44,23.682,24.699
2026-01-10 18:00:00,17.513,23.5,21.558,16.702,18.111,20.823,17.502,23.431,24.262
2026-01-10 18:30:00,17.513,23.062,21.433,16.764,18.299,20.197,17.502,23.056,23.824
2026-01-10 19:00:00,17.513,22.562,21.183,16.764,18.487,19.634,17.565,22.619,23.261
2026-01-10 19:30:00,17.513,21.999,20.995,16.764,18.612,19.196,17.628,22.181,22.573
2026-01-10 20:00:00,17.513,21.499,20.745,16.827,18.674,18.758,17.69,21.681,21.948
2026-01-10 20:30:00,17.513,20.999,20.494,16.827,18.674,18.32,17.69,21.243,21.26
2026-01-10 21:00:00,17.45,20.561,20.181,16.89,18.674,18.007,17.753,20.805,20.696
2026-01-10 21:30:00,17.45,20.123,19.806,16.952,18.674,17.631,17.815,20.367,20.133
2026-01-10 22:00:00,17.45,19.685,19.555,16.952,18.612,17.381,17.878,19.992,19.632
2026-01-10 22:30:00,17.45,19.31,19.305,17.015,18.487,17.068,17.94,19.616,19.132
2026-01-10 23:00:00,17.45,18.872,18.992,17.078,18.424,16.88,18.003,19.241,18.568
2026-01-10 23:30:00,17.45,18.497,18.616,17.078,18.299,16.692,18.066,18.865,18.067
2026-01-11 00:00:00,17.45,18.121,18.303,17.14,18.236,16.504,18.128,18.49,17.629
2026-01-11 00:30:00,17.45,17.746,18.053,17.14,18.111,16.379,18.128,18.114,17.378
2026-01-11 01:00:00,17.45,17.433,17.865,17.203,17.986,16.254,18.191,17.801,17.127
2026-01-11 01:30:00,17.45,17.12,17.677,17.203,17.923,16.128,18.253,17.488,16.752
2026-01-11 02:00:00,17.45,16.87,17.489,17.266,17.798,15.94,18.253,17.238,16.564
2026-01-11 02:30:00,17.45,16.62,17.364,17.266,17.672,15.815,18.253,16.987,16.376
2026-01-11 03:00:00,17.45,16.432,17.238,17.328,17.61,15.69,18.316,16.799,16.188
2026-01-11 03:30:00,17.45,16.244,17.113,17.328,17.484,15.69,18.316,16.549,16.0
2026-01-11 04:00:00,17.513,16.056,16.988,17.328,17.422,15.69,18.316,16.424,15.874
2026-01-11 04:30:00,17.513,15.931,16.863,17.328,17.297,15.565,18.316,16.236,15.686
2026-01-11 05:00:00,17.513,15.744,16.737,17.391,17.234,15.439,18.316,16.111,15.561
2026-01-11 05:30:00,17.575,15.618,16.612,17.391,17.109,15.314,18.316,15.923,15.435
2026-01-11 06:00:00,17.575,15.493,16.424,17.391,17.046,15.189,18.316,15.797,15.31
2026-01-11 06:30:00,17.575,15.368,16.361,17.391,16.983,15.064,18.316,15.672,15.247
2026-01-11 07:00:00,17.638,15.305,16.236,17.391,16.858,15.001,18.316,15.547,15.185
2026-01-11 07:30:00,17.638,15.18,16.173,17.391,16.795,15.001,18.316,15.484,15.185
2026-01-11 08:00:00,17.7,15.118,16.111,17.391,16.733,15.064,18.253,15.359,15.185
2026-01-11 08:30:00,17.7,15.055,16.111,17.391,16.67,15.126,18.253,15.296,15.122
2026-01-11 09:00:00,17.763,15.055,16.111,17.328,16.607,15.314,18.253,15.296,15.122
2026-01-11 09:30:00,17.763,15.18,16.173,17.328,16.545,15.627,18.191,15.296,15.624
2026-01-11 10:00:00,17.763,15.431,16.361,17.328,16.482,16.003,18.191,15.484,16.25
2026-01-11 10:30:00,17.825,15.806,16.612,17.328,16.419,16.567,18.128,15.797,16.939
2026-01-11 11:00:00,17.825,16.369,16.925,17.328,16.419,17.193,18.128,16.236,17.691
2026-01-11 11:30:00,17.825,16.995,17.426,17.328,16.419,17.944,18.066,16.799,18.192
2026-01-11 12:00:00,17.888,17.809,18.053,17.328,16.419,18.695,18.066,17.425,19.006
2026-01-11 12:30:00,17.888,18.684,18.679,17.328,16.482,19.509,18.003,18.239,20.071
2026-01-11 13:00:00,17.888,19.685,19.367,17.328,16.545,20.26,18.003,19.178,21.072
2026-01-11 13:30:00,17.951,20.749,20.119,17.266,16.67,21.073,18.003,20.117,22.073
2026-01-11 14:00:00,17.951,21.749,20.745,17.266,16.795,21.887,17.94,21.055,23.011
2026-01-11 14:30:00,17.951,22.625,21.308,17.266,16.983,22.325,17.94,21.993,23.824
2026-01-11 15:00:00,17.951,23.437,21.746,17.266,17.234,22.825,17.94,22.744,24.574
2026-01-11 15:30:00,17.951,24.062,22.059,17.266,17.422,23.075,17.94,23.431,25.137
2026-01-11 16:00:00,17.951,24.5,22.309,17.266,17.735,23.138,17.94,23.994,25.512
2026-01-11 16:30:00,17.951,24.75,22.559,17.203,17.986,22.95,17.94,24.307,25.637
2026-01-11 17:00:00,17.951,24.812,22.559,17.203,18.236,22.575,17.94,24.494,25.574
2026-01-11 17:30:00,17.951,24.687,22.371,17.266,18.549,22.137,18.003,24.432,25.324
2026-01-11 18:00:00,17.951,24.312,22.184,17.266,18.737,21.511,18.003,24.244,24.887
2026-01-11 18:30:00,17.951,23.812,21.996,17.266,18.988,20.948,18.066,23.869,24.387
2026-01-11 19:00:00,17.951,23.312,21.746,17.266,19.113,20.323,18.128,23.431,23.761
2026-01-11 19:30:00,17.951,22.75,21.433,17.328,19.238,19.822,18.128,22.931,23.074
2026-01-11 20:00:00,17.951,22.187,21.12,17.328,19.301,19.384,18.191,22.431,22.448
2026-01-11 20:30:00,17.951,21.687,20.807,17.391,19.363,19.008,18.253,21.931,21.823
2026-01-11 21:00:00,17.951,21.186,20.494,17.391,19.363,18.633,18.316,21.43,21.197
2026-01-11 21:30:00,17.951,20.749,20.181,17.454,19.301,18.32,18.379,20.993,20.634
2026-01-11 22:00:00,17.951,20.311,19.868,17.454,19.238,18.007,18.441,20.617,20.133
2026-01-11 22:30:00,17.951,19.873,19.555,17.516,19.175,17.694,18.504,20.242,19.632
2026-01-11 23:00:00,17.888,19.498,19.305,17.579,19.113,17.443,18.566,19.866,19.194
2026-01-11 23:30:00,17.888,19.122,18.992,17.579,18.988,17.256,18.629,19.491,18.756
2026-01-12 00:00:00,17.951,18.81,18.804,17.642,18.862,17.13,18.629,19.178,18.443
2026-01-12 00:30:00,17.888,18.434,18.616,17.704,18.8,16.942,18.691,18.803,18.004
2026-01-12 01:00:00,17.951,18.121,18.428,17.704,18.674,16.755,18.754,18.49,17.691
2026-01-12 01:30:00,17.951,17.809,18.178,17.767,18.549,16.567,18.754,18.177,17.441
2026-01-12 02:00:00,17.951,17.558,17.99,17.767,18.424,16.441,18.817,17.926,17.19
2026-01-12 02:30:00,17.951,17.245,17.865,17.767,18.299,16.379,18.817,17.676,16.939
2026-01-12 03:00:00,17.951,17.058,17.677,17.83,18.236,16.316,18.817,17.425,16.752
2026-01-12 03:30:00,18.013,16.87,17.552,17.83,18.111,16.191,18.817,17.238,16.564
2026-01-12 04:00:00,18.013,16.682,17.426,17.83,17.986,16.066,18.879,17.05,16.313
2026-01-12 04:30:00,18.013,16.495,17.301,17.892,17.923,15.878,18.879,16.862,16.188
2026-01-12 05:00:00,18.076,16.307,17.176,17.892,17.798,15.753,18.879,16.674,16.062
2026-01-12 05:30:00,18.076,16.182,17.113,17.892,17.735,15.627,18.879,16.486,15.874
2026-01-12 06:00:00,18.076,15.994,16.988,17.892,17.61,15.439,18.879,16.361,15.749
2026-01-12 06:30:00,18.138,15.869,16.863,17.892,17.547,15.377,18.817,16.173,15.624
2026-01-12 07:00:00,18.138,15.744,16.8,17.892,17.422,15.314,18.817,16.048,15.561
2026-01-12 07:30:00,18.138,15.618,16.737,17.892,17.359,15.314,18.817,15.923,15.498
2026-01-12 08:00:00,18.201,15.556,16.675,17.892,17.297,15.377,18.817,15.797,15.498
2026-01-12 08:30:00,18.201,15.493,16.675,17.892,17.171,15.502,18.754,15.735,15.561
2026-01-12 09:00:00,18.263,15.493,16.675,17.892,17.109,15.753,18.754,15.735,15.624
2026-01-12 09:30:00,18.263,15.556,16.8,17.83,17.046,16.066,18.754,15.735,16.0
2026-01-12 10:00:00,18.263,15.806,16.925,17.83,16.983,16.504,18.691,15.923,16.752
2026-01-12 10:30:00,18.326,16.244,17.176,17.83,16.921,17.068,18.691,16.236,17.503
2026-01-12 11:00:00,18.326,16.807,17.552,17.83,16.921,17.694,18.629,16.674,18.255
2026-01-12 11:30:00,18.326,17.496,17.927,17.83,16.921,18.382,18.629,17.3,18.756
2026-01-12 12:00:00,18.388,18.309,18.491,17.83,16.921,19.071,18.566,17.989,19.507
2026-01-12 12:30:00,18.388,19.185,19.117,17.83,16.983,19.822,18.566,18.74,20.446
2026-01-12 13:00:00,18.388,20.123,19.681,17.83,17.046,20.635,18.504,19.616,21.51
2026-01-12 13:30:00,18.451,21.186,20.432,17.767,17.171,21.449,18.504,20.555,22.511
2026-01-12 14:00:00,18.451,22.124,21.057,17.767,17.297,22.262,18.504,21.493,23.386
2026-01-12 14:30:00,18.451,23.062,21.621,17.767,17.484,22.7,18.441,22.369,24.199
2026-01-12 15:00:00,18.451,23.812,21.996,17.767,17.735,23.075,18.441,23.181,24.887
2026-01-12 15:30:00,18.451,24.375,22.246,17.704,17.923,23.263,18.441,23.807,25.262
2026-01-12 16:00:00,18.451,24.812,22.434,17.704,18.236,23.263,18.441,24.307,25.512
2026-01-12 16:30:00,18.451,25.0,22.559,17.704,18.487,23.013,18.441,24.619,25.574
2026-01-12 17:00:00,18.451,25.0,22.559,17.704,18.737,22.7,18.441,24.682,25.512
2026-01-12 17:30:00,18.451,24.812,22.309,17.704,18.988,22.2,18.504,24.619,25.262
2026-01-12 18:00:00,18.451,24.437,22.059,17.704,19.238,21.511,18.504,24.369,24.824
2026-01-12 18:30:00,18.451,23.937,21.808,17.767,19.426,20.823,18.566,23.994,24.324
2026-01-12 19:00:00,18.451,23.437,21.558,17.767,19.551,20.197,18.566,23.556,23.761
2026-01-12 19:30:00,18.451,22.875,21.245,17.767,19.676,19.697,18.629,23.056,23.074
2026-01-12 20:00:00,18.451,22.312,20.995,17.83,19.739,19.259,18.691,22.556,22.448
2026-01-12 20:30:00,18.451,21.812,20.745,17.83,19.739,18.821,18.754,22.056,21.76
2026-01-12 21:00:00,18.451,21.249,20.432,17.892,19.739,18.508,18.754,21.556,21.134
2026-01-12 21:30:00,18.451,20.749,20.119,17.892,19.676,18.132,18.817,21.055,20.509
2026-01-12 22:00:00,18.451,20.248,19.806,17.955,19.551,17.819,18.879,20.617,19.945
2026-01-12 22:30:00,18.388,19.81,19.493,17.955,19.426,17.506,18.942,20.179,19.507
2026-01-12 23:00:00,18.388,19.373,19.18,18.017,19.363,17.256,19.004,19.804,18.881
2026-01-12 23:30:00,18.388,18.997,18.867,18.08,19.238,17.005,19.004,19.366,18.38
2026-01-13 00:00:00,18.388,18.622,18.616,18.08,19.05,16.88,19.067,18.99,18.13
2026-01-13 00:30:00,18.388,18.247,18.366,18.143,18.925,16.692,19.067,18.615,17.629
2026-01-13 01:00:00,18.388,17.871,18.115,18.143,18.8,16.504,19.129,18.239,17.19
2026-01-13 01:30:00,18.451,17.496,17.927,18.143,18.674,16.316,19.129,17.926,16.877
2026-01-13 02:00:00,18.451,17.183,17.739,18.205,18.549,16.191,19.129,17.613,16.626
2026-01-13 02:30:00,18.451,16.87,17.552,18.205,18.424,16.003,19.192,17.3,16.438
2026-01-13 03:00:00,18.451,16.682,17.426,18.205,18.299,15.94,19.192,17.05,16.188
2026-01-13 03:30:00,18.451,16.495,17.301,18.205,18.173,15.878,19.192,16.862,16.125
2026-01-13 04:00:00,18.451,16.244,17.176,18.205,18.048,15.815,19.192,16.674,15.937
2026-01-13 04:30:00,18.513,16.119,17.113,18.205,17.923,15.69,19.192,16.486,15.749
2026-01-13 05:00:00,18.513,15.931,16.988,18.205,17.86,15.627,19.192,16.298,15.561
2026-01-13 05:30:00,18.513,15.806,16.863,18.205,17.735,15.565,19.129,16.111,15.561
2026-01-13 06:00:00,18.513,15.681,16.737,18.205,17.672,15.439,19.129,15.985,15.498
2026-01-13 06:30:00,18.576,15.618,16.612,18.205,17.547,15.189,19.129,15.923,15.373
2026-01-13 07:00:00,18.576,15.493,16.487,18.205,17.422,15.001,19.129,15.86,15.247
2026-01-13 07:30:00,18.576,15.431,16.361,18.143,17.359,14.876,19.067,15.735,15.185
2026-01-13 08:00:00,18.639,15.305,16.299,18.143,17.234,14.876,19.067,15.61,15.185
2026-01-13 08:30:00,18.639,15.18,16.236,18.143,17.171,14.876,19.004,15.484,15.059
2026-01-13 09:00:00,18.639,15.118,16.236,18.143,17.046,15.126,19.004,15.422,14.997
2026-01-13 09:30:00,18.701,15.055,16.424,18.08,16.983,15.502,18.942,15.296,15.373
2026-01-13 10:00:00,18.701,15.243,16.612,18.08,16.921,16.003,18.942,15.422,16.125
2026-01-13 10:30:00,18.701,15.618,16.863,18.08,16.858,16.567,18.879,15.672,17.002
2026-01-13 11:00:00,18.701,16.244,17.176,18.017,16.795,17.256,18.879,16.111,17.879
2026-01-13 11:30:00,18.701,16.933,17.614,18.017,16.795,18.007,18.817,16.737,18.318
2026-01-13 12:00:00,18.764,17.746,18.24,18.017,16.795,18.758,18.754,17.425,19.194
2026-01-13 12:30:00,18.764,18.684,18.867,18.017,16.795,19.509,18.754,18.239,20.196
2026-01-13 13:00:00,18.764,19.623,19.493,18.017,16.858,20.385,18.691,19.116,21.26
2026-01-13 13:30:00,18.764,20.686,20.244,17.955,16.983,21.136,18.691,20.054,22.261
2026-01-13 14:00:00,18.764,21.624,20.807,17.955,17.109,21.887,18.629,20.993,23.136
2026-01-13 14:30:00,18.764,22.562,21.308,17.955,17.297,22.2,18.566,21.868,24.012
2026-01-13 15:00:00,18.764,23.375,21.746,17.892,17.484,22.575,18.566,22.681,24.637
2026-01-13 15:30:00,18.764,23.937,21.996,17.892,17.735,22.825,18.566,23.306,25.012
2026-01-13 16:00:00,18.764,24.312,22.246,17.892,17.986,22.95,18.566,23.807,25.324
2026-01-13 16:30:00,18.764,24.5,22.496,17.892,18.236,22.762,18.566,24.057,25.387
2026-01-13 17:00:00,18.764,24.437,22.496,17.83,18.487,22.512,18.566,24.182,25.262
2026-01-13 17:30:00,18.764,24.25,22.309,17.83,18.737,22.074,18.566,24.057,25.074
2026-01-13 18:00:00,18.764,23.937,21.996,17.83,18.988,21.449,18.566,23.869,24.762
2026-01-13 18:30:00,18.764,23.5,21.746,17.83,19.175,20.761,18.629,23.494,24.262
2026-01-13 19:00:00,18.701,23.0,21.495,17.892,19.301,20.135,18.629,23.056,23.636
2026-01-13 19:30:00,18.701,22.437,21.183,17.892,19.426,19.572,18.691,22.619,22.949
2026-01-13 20:00:00,18.701,21.937,20.87,17.892,19.488,19.071,18.754,22.118,22.323
2026-01-13 20:30:00,18.701,21.499,20.494,17.892,19.551,18.695,18.754,21.743,21.635
2026-01-13 21:00:00,18.639,21.061,20.244,17.955,19.488,18.32,18.817,21.305,21.072
2026-01-13 21:30:00,18.639,20.624,19.931,17.955,19.426,18.007,18.879,20.93,20.571
2026-01-13 22:00:00,18.639,20.186,19.618,18.017,19.363,17.694,18.942,20.492,20.071
2026-01-13 22:30:00,18.639,19.81,19.305,18.017,19.238,17.381,18.942,20.117,19.695
2026-01-13 23:00:00,18.576,19.435,19.054,18.08,19.113,17.068,19.004,19.804,19.194
2026-01-13 23:30:00,18.576,19.06,18.741,18.08,18.988,16.817,19.067,19.428,18.443
2026-01-14 00:00:00,18.576,18.622,18.428,18.143,18.862,16.629,19.067,19.053,17.879
2026-01-14 00:30:00,18.576,18.247,18.303,18.143,18.737,16.504,19.129,18.677,17.503
2026-01-14 01:00:00,18.576,17.871,18.053,18.143,18.612,16.316,19.129,18.302,17.065
2026-01-14 01:30:00,18.576,17.433,17.802,18.143,18.487,16.128,19.192,17.926,16.689
2026-01-14 02:00:00,18.576,17.12,17.614,18.205,18.361,15.94,19.192,17.551,16.438
2026-01-14 02:30:00,18.576,16.807,17.426,18.205,18.236,15.753,19.192,17.238,16.125
2026-01-14 03:00:00,18.576,16.495,17.238,18.205,18.111,15.565,19.192,16.925,15.937
2026-01-14 03:30:00,18.576,16.244,17.05,18.143,17.986,15.439,19.192,16.674,15.749
2026-01-14 04:00:00,18.576,16.056,16.925,18.143,17.86,15.314,19.192,16.486,15.561
2026-01-14 04:30:00,18.576,15.869,16.8,18.143,17.735,15.189,19.192,16.298,15.435
2026-01-14 05:00:00,18.576,15.681,16.675,18.143,17.61,15.064,19.192,16.111,15.31
2026-01-14 05:30:00,18.639,15.493,16.549,18.143,17.484,15.001,19.129,15.923,15.122
2026-01-14 06:00:00,18.639,15.368,16.424,18.143,17.422,14.876,19.129,15.735,15.059
2026-01-14 06:30:00,18.639,15.18,16.299,18.08,17.297,14.813,19.129,15.547,14.997
2026-01-14 07:00:00,18.639,15.055,16.236,18.08,17.171,14.688,19.067,15.422,14.809
2026-01-14 07:30:00,18.701,14.93,16.111,18.08,17.109,14.688,19.067,15.296,14.746
2026-01-14 08:00:00,18.701,14.805,15.985,18.08,16.983,14.625,19.004,15.171,14.683
2026-01-14 08:30:00,18.701,14.805,15.923,18.017,16.921,14.688,19.004,15.108,14.683
2026-01-14 09:00:00,18.701,14.742,15.923,18.017,16.795,14.938,18.942,15.046,14.683
2026-01-14 09:30:00,18.764,14.742,15.985,18.017,16.733,15.314,18.942,15.046,15.122
2026-01-14 10:00:00,18.764,14.992,16.111,17.955,16.67,15.815,18.879,15.171,15.874
2026-01-14 10:30:00,18.764,15.368,16.361,17.955,16.607,16.316,18.817,15.422,16.564
2026-01-14 11:00:00,18.764,15.931,16.675,17.955,16.545,16.88,18.817,15.86,17.378
2026-01-14 11:30:00,18.764,16.62,17.05,17.892,16.545,17.569,18.754,16.424,17.816
2026-01-14 12:00:00,18.764,17.371,17.552,17.892,16.545,18.257,18.691,17.05,18.568
2026-01-14 12:30:00,18.826,18.247,18.053,17.892,16.607,19.071,18.691,17.801,19.507
2026-01-14 13:00:00,18.826,19.247,18.616,17.892,16.67,19.885,18.629,18.677,20.509
2026-01-14 13:30:00,18.826,20.248,19.242,17.83,16.795,20.761,18.566,19.616,21.51
2026-01-14 14:00:00,18.826,21.249,19.806,17.83,16.921,21.637,18.566,20.555,22.448
2026-01-14 14:30:00,18.826,22.187,20.306,17.83,17.109,22.012,18.504,21.43,23.324
2026-01-14 15:00:00,18.826,23.0,20.682,17.83,17.297,22.325,18.504,22.243,24.012
2026-01-14 15:30:00,18.826,23.562,21.057,17.767,17.547,22.512,18.441,22.931,24.387
2026-01-14 16:00:00,18.764,23.937,21.308,17.767,17.798,22.45,18.441,23.369,24.574
2026-01-14 16:30:00,18.764,24.125,21.495,17.767,18.048,21.949,18.441,23.682,24.699
2026-01-14 17:00:00,18.764,24.125,21.495,17.704,18.299,21.637,18.441,23.744,24.574
2026-01-14 17:30:00,18.764,23.875,21.37,17.704,18.549,21.199,18.441,23.682,24.324
2026-01-14 18:00:00,18.764,23.562,21.12,17.704,18.8,20.635,18.441,23.431,23.949
2026-01-14 18:30:00,18.701,23.062,20.932,17.704,18.925,20.072,18.441,23.119,23.449
2026-01-14 19:00:00,18.701,22.499,20.745,17.767,19.05,19.509,18.504,22.619,22.824
2026-01-14 19:30:00,18.701,21.874,20.557,17.767,19.175,19.008,18.504,22.118,22.135
2026-01-14 20:00:00,18.639,21.249,20.432,17.767,19.175,18.508,18.566,21.556,21.447
2026-01-14 20:30:00,18.639,20.749,20.181,17.767,19.175,18.069,18.566,21.055,20.759
2026-01-14 21:00:00,18.639,20.186,19.868,17.83,19.113,17.631,18.629,20.555,20.133
2026-01-14 21:30:00,18.576,19.748,19.555,17.83,19.05,17.256,18.629,20.117,19.632
2026-01-14 22:00:00,18.576,19.31,19.305,17.892,18.925,16.942,18.691,19.679,19.132
2026-01-14 22:30:00,18.576,18.872,18.992,17.892,18.862,16.567,18.691,19.241,18.631
2026-01-14 23:00:00,18.576,18.434,18.741,17.892,18.737,16.316,18.754,18.865,18.13
2026-01-14 23:30:00,18.513,18.059,18.491,17.955,18.549,16.128,18.754,18.49,17.629
2026-01-15 00:00:00,18.513,17.621,18.178,17.955,18.424,15.94,18.817,18.114,17.065
2026-01-15 00:30:00,18.513,17.245,17.927,17.955,18.299,15.815,18.817,17.676,16.626
2026-01-15 01:00:00,18.513,16.807,17.677,17.955,18.173,15.627,18.817,17.3,16.25
2026-01-15 01:30:00,18.513,16.432,17.426,17.955,18.048,15.439,18.879,16.925,15.874
2026-01-15 02:00:00,18.451,16.119,17.301,17.955,17.86,15.314,18.879,16.612,15.561
2026-01-15 02:30:00,18.451,15.806,17.113,17.955,17.735,15.126,18.879,16.298,15.31
2026-01-15 03:00:00,18.451,15.618,16.925,17.955,17.61,14.938,18.879,16.048,15.122
2026-01-15 03:30:00,18.451,15.368,16.737,17.955,17.484,14.813,18.879,15.86,14.871
2026-01-15 04:00:00,18.451,15.18,16.612,17.955,17.359,14.688,18.879,15.61,14.746
2026-01-15 04:30:00,18.451,14.992,16.487,17.955,17.297,14.562,18.879,15.422,14.558
2026-01-15 05:00:00,18.451,14.805,16.299,17.892,17.171,14.437,18.879,15.234,14.432
2026-01-15 05:30:00,18.451,14.68,16.173,17.892,17.046,14.312,18.879,15.046,14.307
2026-01-15 06:00:00,18.451,14.492,15.985,17.892,16.921,14.187,18.817,14.92,14.182
2026-01-15 06:30:00,18.513,14.367,15.86,17.83,16.858,14.124,18.817,14.795,14.056
2026-01-15 07:00:00,18.513,14.241,15.735,17.83,16.733,14.061,18.817,14.607,13.994
2026-01-15 07:30:00,18.513,14.116,15.61,17.83,16.607,13.999,18.754,14.482,13.931
2026-01-15 08:00:00,18.513,14.054,15.547,17.83,16.545,14.061,18.754,14.419,13.931
2026-01-15 08:30:00,18.576,13.991,15.547,17.767,16.419,14.187,18.691,14.357,13.994
2026-01-15 09:00:00,18.576,13.991,15.547,17.767,16.357,14.437,18.691,14.294,13.994
2026-01-15 09:30:00,18.576,14.054,15.61,17.704,16.294,14.688,18.629,14.294,14.37
2026-01-15 10:00:00,18.576,14.304,15.797,17.704,16.169,15.126,18.566,14.482,14.934
2026-01-15 10:30:00,18.576,14.68,16.048,17.704,16.106,15.627,18.566,14.733,15.624
2026-01-15 11:00:00,18.639,15.18,16.361,17.642,16.106,16.254,18.504,15.108,16.501
2026-01-15 11:30:00,18.639,15.869,16.8,17.642,16.043,17.068,18.504,15.672,17.065
2026-01-15 12:00:00,18.639,16.682,17.364,17.642,16.106,17.882,18.441,16.361,17.879
2026-01-15 12:30:00,18.639,17.621,17.99,17.579,16.106,18.695,18.379,17.175,18.944
2026-01-15 13:00:00,18.639,18.622,18.616,17.579,16.169,19.572,18.316,18.051,20.008
2026-01-15 13:30:00,18.639,19.685,19.367,17.579,16.294,20.385,18.316,18.99,21.072
2026-01-15 14:00:00,18.639,20.749,20.056,17.516,16.419,21.199,18.253,19.992,22.01
2026-01-15 14:30:00,18.639,21.687,20.619,17.516,16.607,21.511,18.253,20.867,22.949
2026-01-15 15:00:00,18.639,22.499,21.057,17.516,16.795,21.762,18.191,21.681,23.636
2026-01-15 15:30:00,18.639,23.062,21.433,17.516,17.046,22.074,18.191,22.369,24.137
2026-01-15 16:00:00,18.576,23.562,21.683,17.454,17.297,22.074,18.128,22.869,24.449
2026-01-15 16:30:00,18.576,23.75,21.871,17.454,17.547,21.887,18.128,23.244,24.512
2026-01-15 17:00:00,18.576,23.75,21.933,17.454,17.798,21.574,18.128,23.369,24.324
2026-01-15 17:30:00,18.576,23.5,21.746,17.454,18.048,21.073,18.191,23.244,24.074
2026-01-15 18:00:00,18.576,23.125,21.558,17.454,18.299,20.448,18.191,22.994,23.636
2026-01-15 18:30:00,18.513,22.625,21.308,17.454,18.487,19.822,18.191,22.619,23.136
2026-01-15 19:00:00,18.513,21.999,21.057,17.454,18.612,19.196,18.253,22.118,22.511
2026-01-15 19:30:00,18.513,21.437,20.745,17.454,18.674,18.695,18.253,21.618,21.948
2026-01-15 20:00:00,18.451,20.874,20.432,17.454,18.737,18.195,18.316,21.118,21.385
2026-01-15 20:30:00,18.451,20.436,20.119,17.516,18.737,17.882,18.379,20.68,20.759
2026-01-15 21:00:00,18.451,19.998,19.931,17.516,18.737,17.569,18.379,20.304,20.196
2026-01-15 21:30:00,18.388,19.56,19.681,17.516,18.674,17.318,18.441,19.866,19.632
2026-01-15 22:00:00,18.388,19.122,19.367,17.579,18.612,17.005,18.504,19.491,19.194
2026-01-15 22:30:00,18.388,18.684,19.054,17.579,18.487,16.629,18.566,19.053,18.631
2026-01-15 23:00:00,18.326,18.309,18.804,17.579,18.424,16.316,18.566,18.677,17.942
2026-01-15 23:30:00,18.326,17.871,18.366,17.642,18.299,16.066,18.629,18.302,17.315
2026-01-16 00:00:00,18.326,17.496,17.927,17.642,18.173,15.94,18.629,17.926,16.814
2026-01-16 00:30:00,18.326,17.058,17.614,17.642,18.048,15.753,18.691,17.551,16.501
2026-01-16 01:00:00,18.326,16.682,17.364,17.642,17.923,15.627,18.691,17.175,16.188
2026-01-16 01:30:00,18.263,16.369,17.113,17.642,17.798,15.439,18.754,16.862,15.812
2026-01-16 02:00:00,18.263,16.056,16.925,17.642,17.672,15.252,18.754,16.549,15.498
2026-01-16 02:30:00,18.263,15.744,16.737,17.642,17.547,15.126,18.754,16.236,15.247
2026-01-16 03:00:00,18.263,15.556,16.549,17.642,17.422,15.064,18.754,15.985,15.059
2026-01-16 03:30:00,18.263,15.305,16.361,17.642,17.297,15.001,18.754,15.797,14.871
2026-01-16 04:00:00,18.263,15.118,16.173,17.642,17.234,14.876,18.754,15.547,14.683
2026-01-16 04:30:00,18.263,14.992,16.048,17.642,17.109,14.75,18.754,15.422,14.558
2026-01-16 05:00:00,18.263,14.805,16.111,17.642,16.983,14.688,18.754,15.234,14.495
2026-01-16 05:30:00,18.326,14.68,16.111,17.642,16.921,14.562,18.754,15.108,14.432
2026-01-16 06:00:00,18.326,14.617,15.985,17.642,16.795,14.5,18.691,14.983,14.307
2026-01-16 06:30:00,18.326,14.492,15.923,17.579,16.733,14.437,18.691,14.858,14.244
2026-01-16 07:00:00,18.326,14.367,15.86,17.579,16.607,14.374,18.629,14.733,14.182
2026-01-16 07:30:00,18.326,14.304,15.735,17.579,16.545,14.312,18.629,14.67,14.182
2026-01-16 08:00:00,18.326,14.241,15.61,17.579,16.419,14.249,18.566,14.545,14.119
2026-01-16 08:30:00,18.388,14.241,15.547,17.516,16.357,14.187,18.566,14.545,14.119
2026-01-16 09:00:00,18.388,14.179,15.484,17.516,16.294,14.437,18.504,14.482,14.182
2026-01-16 09:30:00,18.388,14.179,15.61,17.516,16.169,14.876,18.504,14.482,14.495
2026-01-16 10:00:00,18.388,14.429,15.86,17.454,16.106,15.314,18.441,14.545,15.31
2026-01-16 10:30:00,18.388,14.742,16.111,17.454,16.043,15.878,18.441,14.795,16.062
2026-01-16 11:00:00,18.388,15.305,16.487,17.454,16.043,16.504,18.379,15.234,16.939
2026-01-16 11:30:00,18.388,15.994,16.925,17.391,15.981,17.256,18.316,15.797,17.503
2026-01-16 12:00:00,18.388,16.807,17.552,17.391,15.981,18.007,18.316,16.486,18.38
2026-01-16 12:30:00,18.388,17.809,18.178,17.391,16.043,18.821,18.253,17.3,19.382
2026-01-16 13:00:00,18.388,18.81,18.491,17.391,16.106,19.634,18.191,18.177,20.446
2026-01-16 13:30:00,18.388,19.81,19.18,17.328,16.231,20.51,18.191,19.116,21.572
2026-01-16 14:00:00,18.388,20.874,19.868,17.328,16.357,21.449,18.128,20.054,22.511
2026-01-16 14:30:00,18.388,21.812,20.432,17.328,16.545,21.949,18.066,20.993,23.386
2026-01-16 15:00:00,18.388,22.625,20.807,17.266,16.733,22.325,18.066,21.806,24.074
2026-01-16 15:30:00,18.388,23.25,20.745,17.266,16.983,22.575,18.066,22.494,24.574
2026-01-16 16:00:00,18.388,23.75,20.807,17.266,17.234,22.637,18.066,23.056,24.949
2026-01-16 16:30:00,18.388,24.0,20.87,17.266,17.484,22.45,18.003,23.431,25.074
2026-01-16 17:00:00,18.388,24.062,20.87,17.266,17.798,22.137,18.003,23.619,25.012
2026-01-16 17:30:00,18.326,23.937,20.682,17.266,18.048,21.699,18.066,23.619,24.762
2026-01-16 18:00:00,18.326,23.625,20.494,17.266,18.299,21.136,18.066,23.431,24.449
2026-01-16 18:30:00,18.326,23.187,20.244,17.266,18.487,20.51,18.066,23.119,23.949
2026-01-16 19:00:00,18.263,22.625,20.181,17.266,18.674,19.885,18.128,22.681,23.324
2026-01-16 19:30:00,18.263,22.124,20.244,17.266,18.8,19.384,18.128,22.243,22.698
2026-01-16 20:00:00,18.263,21.562,20.181,17.328,18.925,18.883,18.191,21.743,22.073
2026-01-16 20:30:00,18.263,21.124,19.993,17.328,18.988,18.508,18.191,21.305,21.447
2026-01-16 21:00:00,18.201,20.686,19.806,17.328,18.988,18.195,18.253,20.93,20.947
2026-01-16 21:30:00,18.201,20.311,19.618,17.391,18.925,17.882,18.253,20.617,20.446
2026-01-16 22:00:00,18.138,19.936,19.43,17.454,18.862,17.569,18.316,20.242,19.945
2026-01-16 22:30:00,18.138,19.498,19.054,17.454,18.8,17.256,18.379,19.866,19.507
2026-01-16 23:00:00,18.138,19.185,18.491,17.516,18.674,16.942,18.379,19.491,19.132
2026-01-16 23:30:00,18.138,18.81,18.115,17.516,18.549,16.692,18.379,19.178,18.443
2026-01-17 00:00:00,18.076,18.434,17.865,17.579,18.487,16.441,18.441,18.803,17.816
2026-01-17 00:30:00,18.076,18.059,17.614,17.579,18.361,16.316,18.441,18.49,17.378
2026-01-17 01:00:00,18.076,17.683,17.426,17.642,18.236,16.128,18.504,18.114,16.939
2026-01-17 01:30:00,18.076,17.308,17.176,17.642,18.111,16.003,18.504,17.739,16.689
2026-01-17 02:00:00,18.076,16.933,16.988,17.642,17.986,15.815,18.504,17.425,16.313
2026-01-17 02:30:00,18.076,16.62,16.863,17.642,17.86,15.627,18.504,17.112,16.062
2026-01-17 03:00:00,18.076,16.307,16.737,17.642,17.735,15.502,18.504,16.799,15.874
2026-01-17 03:30:00,18.076,16.056,16.612,17.642,17.61,15.377,18.504,16.549,15.686
2026-01-17 04:00:00,18.076,15.869,16.487,17.642,17.547,15.314,18.504,16.298,15.561
2026-01-17 04:30:00,18.076,15.681,16.361,17.642,17.422,15.314,18.504,16.111,15.31
2026-01-17 05:00:00,18.076,15.493,16.236,17.642,17.297,15.252,18.504,15.923,15.185
2026-01-17 05:30:00,18.076,15.368,16.173,17.642,17.234,15.064,18.504,15.735,15.059
2026-01-17 06:00:00,18.076,15.18,16.048,17.642,17.109,14.938,18.441,15.61,14.934
2026-01-17 06:30:00,18.076,15.055,15.923,17.642,16.983,14.813,18.441,15.484,14.934
2026-01-17 07:00:00,18.138,14.992,15.86,17.642,16.921,14.813,18.441,15.359,14.871
2026-01-17 07:30:00,18.138,14.93,15.735,17.642,16.858,14.813,18.379,15.234,14.809
2026-01-17 08:00:00,18.138,14.805,15.672,17.579,16.733,14.813,18.379,15.171,14.871
2026-01-17 08:30:00,18.138,14.805,15.672,17.579,16.67,14.813,18.316,15.108,14.934
2026-01-17 09:00:00,18.138,14.805,15.672,17.579,16.607,15.001,18.316,15.108,14.934
2026-01-17 09:30:00,18.138,14.867,15.735,17.579,16.482,15.314,18.253,15.108,15.247
2026-01-17 10:00:00,18.201,15.118,16.048,17.516,16.419,15.815,18.253,15.234,16.0
2026-01-17 10:30:00,18.201,15.431,16.424,17.516,16.357,16.316,18.191,15.484,16.752
2026-01-17 11:00:00,18.201,15.931,16.863,17.516,16.357,16.942,18.191,15.86,17.566
2026-01-17 11:30:00,18.201,16.557,17.301,17.516,16.357,17.694,18.128,16.424,18.067
2026-01-17 12:00:00,18.201,17.371,17.552,17.516,16.357,18.445,18.128,17.05,18.818
2026-01-17 12:30:00,18.201,18.309,17.927,17.454,16.357,19.259,18.066,17.801,19.82
2026-01-17 13:00:00,18.201,19.31,18.366,17.454,16.419,20.135,18.003,18.677,20.884
2026-01-17 13:30:00,18.201,20.373,18.992,17.454,16.545,21.011,18.003,19.616,22.135
2026-01-17 14:00:00,18.201,21.374,19.555,17.454,16.67,21.949,17.94,20.617,23.136
2026-01-17 14:30:00,18.201,22.374,19.993,17.454,16.858,22.45,17.94,21.493,24.012
2026-01-17 15:00:00,18.201,23.187,20.369,17.391,17.046,22.825,17.94,22.369,24.762
2026-01-17 15:30:00,18.201,23.875,20.682,17.391,17.297,23.138,17.878,23.056,25.262
2026-01-17 16:00:00,18.201,24.312,20.932,17.391,17.547,23.2,17.878,23.619,25.574
2026-01-17 16:30:00,18.201,24.625,21.057,17.391,17.86,23.013,17.878,23.994,25.762
2026-01-17 17:00:00,18.138,24.687,21.245,17.391,18.111,22.7,17.878,24.182,25.762
2026-01-17 17:30:00,18.138,24.562,21.37,17.391,18.424,22.262,17.94,24.182,25.574
2026-01-17 18:00:00,18.138,24.312,21.37,17.391,18.674,21.699,17.94,24.057,25.262
2026-01-17 18:30:00,18.138,23.875,21.308,17.391,18.925,21.011,17.94,23.744,24.824
2026-01-17 19:00:00,18.076,23.375,21.12,17.391,19.05,20.448,18.003,23.369,24.262
2026-01-17 19:30:00,18.076,22.812,20.932,17.454,19.238,19.947,18.003,22.931,23.574
2026-01-17 20:00:00,18.076,22.312,20.682,17.454,19.301,19.447,18.066,22.494,22.949
2026-01-17 20:30:00,18.076,21.812,20.494,17.516,19.363,19.071,18.128,22.056,22.323
2026-01-17 21:00:00,18.013,21.437,20.306,17.516,19.363,18.695,18.128,21.681,21.698
2026-01-17 21:30:00,18.013,20.999,20.056,17.579,19.363,18.382,18.191,21.305,21.134
2026-01-17 22:00:00,18.013,20.624,19.681,17.642,19.301,18.007,18.253,20.93,20.571
2026-01-17 22:30:00,18.013,20.248,19.43,17.642,19.238,17.694,18.253,20.555,20.071
2026-01-17 23:00:00,17.951,19.873,19.117,17.704,19.113,17.381,18.316,20.179,19.632
2026-01-17 23:30:00,17.951,19.435,18.867,17.704,18.988,17.13,18.379,19.804,19.006
2026-01-18 00:00:00,17.951,19.06,18.616,17.767,18.862,16.88,18.379,19.491,18.443
2026-01-18 00:30:00,17.951,18.684,18.366,17.83,18.737,16.692,18.441,19.116,17.942
2026-01-18 01:00:00,17.951,18.247,18.115,17.83,18.612,16.504,18.441,18.677,17.441
2026-01-18 01:30:00,17.951,17.871,17.927,17.892,18.487,16.379,18.504,18.364,17.127
2026-01-18 02:00:00,17.951,17.496,17.739,17.892,18.361,16.191,18.504,17.989,16.752
2026-01-18 02:30:00,17.951,17.183,17.552,17.892,18.236,16.066,18.504,17.676,16.626
2026-01-18 03:00:00,17.951,16.933,17.426,17.892,18.111,16.003,18.566,17.363,16.501
2026-01-18 03:30:00,17.951,16.682,17.364,17.892,18.048,15.94,18.566,17.112,16.25
2026-01-18 04:00:00,17.951,16.495,17.238,17.892,17.923,15.815,18.566,16.925,16.0
2026-01-18 04:30:00,17.951,16.244,17.176,17.892,17.798,15.69,18.566,16.674,15.937
2026-01-18 05:00:00,17.951,16.119,17.113,17.892,17.672,15.627,18.566,16.486,15.874
2026-01-18 05:30:00,17.951,15.994,17.05,17.892,17.61,15.502,18.566,16.361,15.749
2026-01-18 06:00:00,17.951,15.869,16.988,17.892,17.484,15.439,18.566,16.236,15.686
2026-01-18 06:30:00,18.013,15.744,16.925,17.892,17.359,15.377,18.566,16.111,15.561
2026-01-18 07:00:00,18.013,15.618,16.8,17.892,17.297,15.189,18.566,15.985,15.373
2026-01-18 07:30:00,18.013,15.493,16.737,17.892,17.171,15.189,18.504,15.86,15.373
2026-01-18 08:00:00,18.013,15.431,16.675,17.83,17.109,15.252,18.504,15.735,15.435
2026-01-18 08:30:00,18.076,15.431,16.737,17.83,17.046,15.377,18.504,15.735,15.624
2026-01-18 09:00:00,18.076,15.493,16.737,17.83,16.921,15.627,18.504,15.735,15.749
2026-01-18 09:30:00,18.076,15.618,16.863,17.83,16.858,15.94,18.441,15.797,16.125
2026-01-18 10:00:00,18.138,15.806,16.988,17.83,16.795,16.379,18.441,15.923,16.814
2026-01-18 10:30:00,18.138,16.119,17.238,17.767,16.795,16.755,18.441,16.173,17.315
2026-01-18 11:00:00,18.138,16.62,17.489,17.767,16.733,17.381,18.379,16.549,18.004
2026-01-18 11:30:00,18.138,17.183,17.927,17.767,16.733,18.069,18.379,16.987,18.505
2026-01-18 12:00:00,18.138,17.934,18.428,17.767,16.733,18.821,18.379,17.551,19.319
2026-01-18 12:30:00,18.201,18.81,19.054,17.767,16.795,19.697,18.316,18.302,20.321
2026-01-18 13:00:00,18.201,19.748,19.618,17.704,16.858,20.51,18.316,19.178,21.322
2026-01-18 13:30:00,18.201,20.749,20.369,17.704,16.983,21.386,18.316,20.054,22.448
2026-01-18 14:00:00,18.201,21.749,20.995,17.704,17.109,22.262,18.253,20.993,23.386
2026-01-18 14:30:00,18.201,22.687,21.558,17.704,17.297,22.762,18.253,21.868,24.262
2026-01-18 15:00:00,18.201,23.5,21.933,17.704,17.547,23.075,18.253,22.681,25.012
2026-01-18 15:30:00,18.201,24.187,22.184,17.704,17.798,23.388,18.253,23.431,25.512
2026-01-18 16:00:00,18.201,24.687,22.434,17.642,18.048,23.513,18.253,23.994,25.824
2026-01-18 16:30:00,18.201,24.937,22.496,17.642,18.361,23.45,18.253,24.369,25.949
2026-01-18 17:00:00,18.263,25.0,22.496,17.642,18.674,23.075,18.253,24.557,25.949
2026-01-18 17:30:00,18.201,24.937,22.246,17.704,18.925,22.637,18.316,24.557,25.762
2026-01-18 18:00:00,18.201,24.625,21.996,17.704,19.175,22.074,18.316,24.432,25.387
2026-01-18 18:30:00,18.201,24.187,21.746,17.704,19.426,21.449,18.379,24.119,24.887
2026-01-18 19:00:00,18.201,23.625,21.495,17.767,19.614,20.886,18.441,23.682,24.324
2026-01-18 19:30:00,18.201,23.125,21.183,17.767,19.739,20.385,18.441,23.244,23.699
2026-01-18 20:00:00,18.201,22.625,20.87,17.83,19.801,19.885,18.504,22.806,23.011
2026-01-18 20:30:00,18.201,22.124,20.557,17.83,19.864,19.447,18.566,22.369,22.386
2026-01-18 21:00:00,18.201,21.687,20.306,17.892,19.864,19.071,18.629,21.931,21.698
2026-01-18 21:30:00,18.201,21.311,20.056,17.892,19.801,18.758,18.691,21.556,21.26
2026-01-18 22:00:00,18.201,20.936,19.743,17.955,19.739,18.445,18.691,21.243,20.759
2026-01-18 22:30:00,18.201,20.561,19.43,18.017,19.676,18.069,18.754,20.867,20.384
2026-01-18 23:00:00,18.201,20.186,19.117,18.08,19.551,17.756,18.817,20.555,19.695
2026-01-18 23:30:00,18.201,19.81,18.804,18.08,19.426,17.506,18.817,20.242,19.006
2026-01-19 00:00:00,18.201,19.435,18.491,18.143,19.301,17.256,18.879,19.804,18.443
2026-01-19 00:30:00,18.201,18.997,18.24,18.143,19.175,17.13,18.879,19.428,18.067
2026-01-19 01:00:00,18.201,18.622,17.99,18.205,19.05,16.942,18.942,19.116,17.879
2026-01-19 01:30:00,18.201,18.309,17.802,18.205,18.925,16.817,18.942,18.74,17.629
2026-01-19 02:00:00,18.201,17.996,17.614,18.205,18.8,16.692,19.004,18.427,17.253
2026-01-19 02:30:00,18.263,17.683,17.426,18.268,18.674,16.567,19.004,18.114,17.065
2026-01-19 03:00:00,18.263,17.371,17.301,18.268,18.549,16.379,19.004,17.864,16.752
2026-01-19 03:30:00,18.263,17.12,17.176,18.268,18.424,16.254,19.004,17.613,16.564
2026-01-19 04:00:00,18.263,16.933,17.05,18.268,18.299,16.128,19.004,17.363,16.438
2026-01-19 04:30:00,18.263,16.745,16.988,18.268,18.173,16.066,19.004,17.175,16.313
2026-01-19 05:00:00,18.326,16.557,16.988,18.268,18.048,15.94,19.004,16.925,16.125
2026-01-19 05:30:00,18.326,16.369,16.988,18.205,17.986,15.815,19.004,16.799,16.0
2026-01-19 06:00:00,18.326,16.182,16.925,18.205,17.86,15.69,19.004,16.612,15.874
2026-01-19 06:30:00,18.388,16.056,16.925,18.205,17.798,15.565,18.942,16.424,15.686
2026-01-19 07:00:00,18.388,15.869,16.8,18.205,17.672,15.439,18.942,16.298,15.498
2026-01-19 07:30:00,18.388,15.744,16.675,18.205,17.61,15.314,18.942,16.111,15.435
2026-01-19 08:00:00,18.388,15.618,16.612,18.205,17.484,15.252,18.879,15.985,15.373
2026-01-19 08:30:00,18.451,15.493,16.612,18.205,17.422,15.314,18.879,15.86,15.373
2026-01-19 09:00:00,18.451,15.431,16.549,18.143,17.297,15.565,18.879,15.797,15.435
2026-01-19 09:30:00,18.451,15.493,16.737,18.143,17.234,15.94,18.817,15.735,15.749
2026-01-19 10:00:00,18.513,15.681,16.863,18.143,17.171,16.379,18.817,15.86,16.501
2026-01-19 10:30:00,18.513,15.994,17.176,18.143,17.109,16.88,18.754,16.111,17.127
2026-01-19 11:00:00,18.513,16.495,17.489,18.08,17.046,17.569,18.754,16.424,17.942
2026-01-19 11:30:00,18.513,17.12,17.865,18.08,17.046,18.257,18.754,16.987,18.443
2026-01-19 12:00:00,18.576,17.934,18.428,18.08,17.046,19.071,18.691,17.613,19.319
2026-01-19 12:30:00,18.576,18.872,19.054,18.08,17.046,19.885,18.691,18.364,20.321
2026-01-19 13:00:00,18.576,19.81,19.681,18.08,17.109,20.698,18.629,19.241,21.322
2026-01-19 13:30:00,18.576,20.874,20.432,18.017,17.234,21.574,18.629,20.117,22.511
2026-01-19 14:00:00,18.639,21.937,21.057,18.017,17.422,22.512,18.629,21.118,23.574
2026-01-19 14:30:00,18.639,22.937,21.621,18.017,17.547,22.95,18.566,22.056,24.449
2026-01-19 15:00:00,18.639,23.812,21.996,18.017,17.798,23.388,18.566,22.931,25.199
2026-01-19 15:30:00,18.639,24.437,22.309,18.017,18.048,23.701,18.566,23.619,25.637
2026-01-19 16:00:00,18.639,24.937,22.559,17.955,18.361,23.763,18.566,24.182,25.949
2026-01-19 16:30:00,18.639,25.188,22.684,17.955,18.612,23.575,18.566,24.557,26.074
2026-01-19 17:00:00,18.639,25.25,22.684,17.955,18.925,23.388,18.566,24.744,26.074
2026-01-19 17:30:00,18.639,25.125,22.434,17.955,19.175,22.95,18.566,24.744,25.887
2026-01-19 18:00:00,18.639,24.812,22.184,18.017,19.488,22.387,18.629,24.619,25.512
2026-01-19 18:30:00,18.639,24.437,21.871,18.017,19.676,21.824,18.629,24.369,25.012
2026-01-19 19:00:00,18.576,23.937,21.558,18.017,19.864,21.199,18.691,23.994,24.449
2026-01-19 19:30:00,18.576,23.437,21.245,18.08,20.052,20.635,18.691,23.556,23.761
2026-01-19 20:00:00,18.576,22.875,20.995,18.08,20.114,20.135,18.754,23.056,23.074
2026-01-19 20:30:00,18.576,22.374,20.682,18.143,20.177,19.697,18.817,22.619,22.261
2026-01-19 21:00:00,18.576,21.937,20.369,18.143,20.177,19.259,18.879,22.181,21.698
2026-01-19 21:30:00,18.576,21.562,20.056,18.205,20.114,18.946,18.879,21.806,21.197
2026-01-19 22:00:00,18.576,21.186,19.743,18.268,20.052,18.57,18.942,21.493,20.696
2026-01-19 22:30:00,18.576,20.811,19.43,18.268,19.989,18.257,19.004,21.118,20.258
2026-01-19 23:00:00,18.513,20.436,19.117,18.331,19.864,17.944,19.004,20.805,19.632
2026-01-19 23:30:00,18.513,20.061,18.804,18.393,19.739,17.694,19.067,20.43,19.069
2026-01-20 00:00:00,18.513,19.685,18.491,18.393,19.614,17.506,19.067,20.054,18.631
2026-01-20 00:30:00,18.513,19.247,18.178,18.456,19.488,17.318,19.129,19.741,18.192
2026-01-20 01:00:00,18.513,18.872,17.927,18.456,19.363,17.13,19.129,19.366,17.754
2026-01-20 01:30:00,18.513,18.497,17.739,18.519,19.238,17.005,19.192,18.99,17.378
2026-01-20 02:00:00,18.513,18.121,17.552,18.519,19.05,16.817,19.192,18.615,17.065
2026-01-20 02:30:00,18.513,17.809,17.364,18.519,18.925,16.692,19.192,18.302,16.877
2026-01-20 03:00:00,18.576,17.496,17.176,18.519,18.8,16.504,19.192,17.989,16.689
2026-01-20 03:30:00,18.576,17.245,17.05,18.519,18.674,16.316,19.192,17.739,16.626
2026-01-20 04:00:00,18.576,16.995,16.925,18.519,18.549,16.191,19.192,17.488,16.501
2026-01-20 04:30:00,18.576,16.807,16.863,18.519,18.424,16.066,19.192,17.238,16.376
2026-01-20 05:00:00,18.576,16.62,16.8,18.519,18.299,16.003,19.192,17.05,16.25
2026-01-20 05:30:00,18.576,16.495,16.863,18.519,18.173,15.878,19.192,16.925,16.125
2026-01-20 06:00:00,18.639,16.307,16.925,18.519,18.111,15.753,19.192,16.737,16.0
2026-01-20 06:30:00,18.639,16.182,16.925,18.456,17.986,15.69,19.129,16.612,15.812
2026-01-20 07:00:00,18.639,15.994,16.863,18.456,17.86,15.565,19.129,16.424,15.749
2026-01-20 07:30:00,18.639,15.869,16.737,18.456,17.735,15.439,19.129,16.298,15.624
2026-01-20 08:00:00,18.701,15.744,16.675,18.456,17.672,15.377,19.067,16.111,15.561
2026-01-20 08:30:00,18.701,15.681,16.675,18.393,17.547,15.439,19.067,15.985,15.561
2026-01-20 09:00:00,18.701,15.618,16.675,18.393,17.484,15.627,19.004,15.985,15.624
2026-01-20 09:30:00,18.701,15.618,16.8,18.393,17.422,15.94,19.004,15.923,15.874
2026-01-20 10:00:00,18.764,15.806,16.925,18.393,17.297,16.316,18.942,15.985,16.501
2026-01-20 10:30:00,18.764,16.119,17.176,18.331,17.234,16.817,18.942,16.173,16.939
2026-01-20 11:00:00,18.764,16.557,17.489,18.331,17.234,17.506,18.879,16.549,17.691
2026-01-20 11:30:00,18.764,17.12,17.802,18.331,17.171,18.195,18.879,16.987,18.192
2026-01-20 12:00:00,18.764,17.871,18.366,18.268,17.171,19.008,18.817,17.613,19.132
2026-01-20 12:30:00,18.764,18.81,18.992,18.268,17.234,19.822,18.817,18.364,20.071
2026-01-20 13:00:00,18.826,19.748,19.618,18.268,17.297,20.698,18.754,19.178,21.072
2026-01-20 13:30:00,18.826,20.811,20.369,18.268,17.422,21.574,18.754,20.117,22.323
2026-01-20 14:00:00,18.826,21.874,20.995,18.268,17.547,22.45,18.754,21.055,23.324
2026-01-20 14:30:00,18.826,22.812,21.558,18.205,17.735,22.888,18.691,21.993,24.199
2026-01-20 15:00:00,18.826,23.687,21.933,18.205,17.923,23.263,18.691,22.869,24.949
2026-01-20 15:30:00,18.826,24.375,22.246,18.205,18.236,23.638,18.691,23.556,25.449
2026-01-20 16:00:00,18.826,24.875,22.559,18.205,18.487,23.638,18.691,24.182,25.824
2026-01-20 16:30:00,18.826,25.125,22.747,18.205,18.8,23.513,18.691,24.557,26.012
2026-01-20 17:00:00,18.826,25.188,22.684,18.205,19.113,23.325,18.691,24.744,25.949
2026-01-20 17:30:00,18.826,25.125,22.434,18.205,19.426,23.075,18.691,24.744,25.762
2026-01-20 18:00:00,18.826,24.812,22.184,18.205,19.676,22.387,18.754,24.619,25.449
2026-01-20 18:30:00,18.764,24.437,21.996,18.268,19.864,21.699,18.754,24.369,24.949
2026-01-20 19:00:00,18.764,24.0,21.746,18.331,20.052,21.136,18.817,23.994,24.449
2026-01-20 19:30:00,18.764,23.437,21.433,18.393,20.177,20.698,18.817,23.556,23.824
2026-01-20 20:00:00,18.764,22.937,21.12,18.393,20.24,20.26,18.879,23.119,23.136
2026-01-20 20:30:00,18.764,22.437,20.807,18.456,20.302,19.947,18.942,22.619,22.448
2026-01-20 21:00:00,18.764,21.937,20.557,18.519,20.24,19.572,18.942,22.243,21.885
2026-01-20 21:30:00,18.764,21.499,20.432,18.581,20.177,19.071,19.004,21.806,21.26
2026-01-20 22:00:00,18.701,21.124,20.181,18.644,20.114,18.57,19.067,21.43,20.634
2026-01-20 22:30:00,18.701,20.686,19.868,18.644,19.989,18.132,19.129,21.055,20.196
2026-01-20 23:00:00,18.701,20.373,19.43,18.707,19.927,17.756,19.129,20.742,19.632
2026-01-20 23:30:00,18.701,19.998,19.054,18.769,19.801,17.506,19.192,20.367,19.069
2026-01-21 00:00:00,18.701,19.56,18.679,18.769,19.676,17.318,19.192,19.992,18.693
2026-01-21 00:30:00,18.701,19.247,18.303,18.769,19.551,17.13,19.255,19.679,18.192
2026-01-21 01:00:00,18.701,18.872,18.053,18.769,19.363,16.942,19.255,19.303,17.879
2026-01-21 01:30:00,18.701,18.497,17.802,18.769,19.238,16.755,19.317,18.99,17.441
2026-01-21 02:00:00,18.701,18.184,17.552,18.769,19.113,16.629,19.317,18.615,17.253
2026-01-21 02:30:00,18.701,17.871,17.364,18.769,18.988,16.504,19.317,18.302,17.002
2026-01-21 03:00:00,18.701,17.558,17.238,18.769,18.862,16.379,19.317,18.051,16.877
2026-01-21 03:30:00,18.701,17.308,17.113,18.707,18.737,16.316,19.317,17.801,16.877
2026-01-21 04:00:00,18.764,17.12,17.05,18.707,18.612,16.316,19.317,17.551,16.814
2026-01-21 04:30:00,18.764,16.933,16.988,18.644,18.487,16.254,19.317,17.363,16.626
2026-01-21 05:00:00,18.764,16.807,16.988,18.644,18.361,16.066,19.317,17.175,16.376
2026-01-21 05:30:00,18.764,16.62,16.988,18.581,18.299,15.878,19.317,17.05,16.188
2026-01-21 06:00:00,18.826,16.432,16.988,18.519,18.173,15.69,19.317,16.862,16.062
2026-01-21 06:30:00,18.826,16.244,16.988,18.519,18.048,15.502,19.317,16.674,15.874
2026-01-21 07:00:00,18.826,16.056,16.863,18.456,17.923,15.377,19.255,16.486,15.686
2026-01-21 07:30:00,18.826,15.931,16.737,18.456,17.798,15.252,19.255,16.298,15.561
2026-01-21 08:00:00,18.889,15.744,16.675,18.393,17.735,15.252,19.192,16.173,15.498
2026-01-21 08:30:00,18.889,15.618,16.612,18.331,17.61,15.252,19.192,16.048,15.435
2026-01-21 09:00:00,18.889,15.493,16.675,18.331,17.484,15.502,19.192,15.923,15.373
2026-01-21 09:30:00,18.951,15.493,16.8,18.331,17.422,15.815,19.129,15.86,15.561
2026-01-21 10:00:00,18.951,15.618,16.925,18.268,17.359,16.191,19.129,15.86,16.25
2026-01-21 10:30:00,18.951,15.869,17.113,18.268,17.234,16.692,19.067,16.048,16.626
2026-01-21 11:00:00,18.951,16.307,17.364,18.205,17.234,17.318,19.067,16.361,17.315
2026-01-21 11:30:00,19.014,16.933,17.677,18.205,17.171,18.007,19.004,16.799,17.754
2026-01-21 12:00:00,19.014,17.621,18.178,18.205,17.234,18.821,19.004,17.425,18.631
2026-01-21 12:30:00,19.014,18.497,18.741,18.205,17.234,19.634,18.942,18.114,19.632
2026-01-21 13:00:00,19.014,19.498,19.367,18.205,17.297,20.573,18.942,18.928,20.696
2026-01-21 13:30:00,19.014,20.498,20.119,18.143,17.422,21.449,18.879,19.804,21.76
2026-01-21 14:00:00,19.014,21.499,20.745,18.143,17.547,22.137,18.879,20.742,22.761
2026-01-21 14:30:00,19.014,22.499,21.308,18.143,17.672,22.637,18.879,21.681,23.699
2026-01-21 15:00:00,19.014,23.375,21.746,18.143,17.923,23.075,18.817,22.494,24.449
2026-01-21 15:30:00,19.014,24.062,22.059,18.143,18.173,23.325,18.817,23.244,25.012
2026-01-21 16:00:00,19.014,24.625,22.246,18.205,18.424,23.45,18.817,23.869,25.387
2026-01-21 16:30:00,19.014,24.937,22.371,18.205,18.737,23.325,18.817,24.307,25.574
2026-01-21 17:00:00,19.014,25.0,22.371,18.205,18.988,23.075,18.817,24.494,25.512
2026-01-21 17:30:00,19.014,24.875,22.184,18.268,19.301,22.637,18.817,24.494,25.387
2026-01-21 18:00:00,19.014,24.562,21.996,18.268,19.551,22.074,18.817,24.369,25.012
2026-01-21 18:30:00,19.014,24.187,21.746,18.331,19.739,21.511,18.879,24.057,24.574
2026-01-21 19:00:00,19.014,23.75,21.495,18.393,19.927,20.948,18.879,23.744,24.074
2026-01-21 19:30:00,19.014,23.25,21.183,18.456,20.052,20.51,18.942,23.306,23.449
2026-01-21 20:00:00,18.951,22.75,20.932,18.519,20.114,20.072,18.942,22.869,22.824
2026-01-21 20:30:00,18.951,22.312,20.682,18.519,20.114,19.697,19.004,22.494,22.198
2026-01-21 21:00:00,18.951,21.874,20.494,18.581,20.114,19.384,19.067,22.118,21.635
2026-01-21 21:30:00,18.951,21.499,20.181,18.644,20.052,19.071,19.067,21.743,21.134
2026-01-21 22:00:00,18.951,21.061,19.931,18.707,19.989,18.695,19.129,21.368,20.634
2026-01-21 22:30:00,18.951,20.686,19.618,18.707,19.927,18.257,19.192,20.993,20.071
2026-01-21 23:00:00,18.889,20.311,19.367,18.769,19.801,17.882,19.192,20.68,19.758
2026-01-21 23:30:00,18.889,19.998,19.117,18.769,19.676,17.569,19.255,20.304,19.382
2026-01-22 00:00:00,18.889,19.685,18.929,18.832,19.614,17.381,19.255,19.992,18.881
2026-01-22 00:30:00,18.889,19.31,18.679,18.832,19.488,17.256,19.317,19.679,18.631
2026-01-22 01:00:00,18.889,18.997,18.491,18.832,19.301,17.13,19.317,19.366,18.38
2026-01-22 01:30:00,18.889,18.684,18.303,18.832,19.238,17.005,19.317,19.053,18.067
2026-01-22 02:00:00,18.889,18.434,18.115,18.769,19.113,16.88,19.38,18.803,17.879
2026-01-22 02:30:00,18.889,18.121,17.927,18.769,18.988,16.817,19.38,18.552,17.629
2026-01-22 03:00:00,18.889,17.871,17.739,18.707,18.862,16.692,19.38,18.302,17.441
2026-01-22 03:30:00,18.889,17.683,17.677,18.707,18.737,16.629,19.38,18.051,17.378
2026-01-22 04:00:00,18.889,17.496,17.552,18.707,18.612,16.504,19.38,17.864,17.19
2026-01-22 04:30:00,18.889,17.308,17.489,18.644,18.549,16.379,19.38,17.676,17.002
2026-01-22 05:00:00,18.951,17.12,17.489,18.581,18.424,16.254,19.38,17.488,16.877
2026-01-22 05:30:00,18.951,16.995,17.489,18.581,18.299,16.128,19.38,17.3,16.752
2026-01-22 06:00:00,18.951,16.807,17.489,18.581,18.236,16.066,19.38,17.175,16.564
2026-01-22 06:30:00,18.951,16.682,17.426,18.519,18.111,15.94,19.317,17.05,16.438
2026-01-22 07:00:00,18.951,16.495,17.364,18.519,18.048,15.815,19.317,16.862,16.313
2026-01-22 07:30:00,19.014,16.369,17.301,18.519,17.923,15.815,19.317,16.737,16.25
2026-01-22 08:00:00,19.014,16.244,17.238,18.456,17.86,15.878,19.317,16.612,16.188
2026-01-22 08:30:00,19.014,16.182,17.176,18.456,17.735,15.94,19.255,16.486,16.188
2026-01-22 09:00:00,19.014,16.182,17.238,18.456,17.672,16.254,19.255,16.486,16.25
2026-01-22 09:30:00,19.014,16.182,17.364,18.393,17.61,16.629,19.192,16.424,16.564
2026-01-22 10:00:00,19.076,16.369,17.489,18.393,17.547,17.068,19.192,16.549,17.253
2026-01-22 10:30:00,19.076,16.62,17.739,18.393,17.484,17.569,19.192,16.737,17.629
2026-01-22 11:00:00,19.076,17.12,17.99,18.331,17.484,18.195,19.129,17.112,18.255
2026-01-22 11:30:00,19.076,17.683,18.366,18.331,17.484,18.883,19.129,17.551,18.818
2026-01-22 12:00:00,19.076,18.372,18.867,18.331,17.484,19.634,19.129,18.177,19.632
2026-01-22 12:30:00,19.076,19.185,19.43,18.331,17.547,20.323,19.067,18.865,20.509
2026-01-22 13:00:00,19.139,20.123,19.993,18.331,17.61,21.136,19.067,19.679,21.447
2026-01-22 13:30:00,19.139,21.061,20.745,18.331,17.735,21.824,19.004,20.555,22.573
2026-01-22 14:00:00,19.139,22.062,21.37,18.331,17.86,22.575,19.004,21.43,23.511
2026-01-22 14:30:00,19.139,22.937,21.871,18.331,18.048,23.075,19.004,22.306,24.387
2026-01-22 15:00:00,19.139,23.75,22.246,18.331,18.236,23.575,19.004,23.056,25.012
2026-01-22 15:30:00,19.139,24.375,22.496,18.331,18.487,23.888,19.004,23.744,25.449
2026-01-22 16:00:00,19.139,24.812,22.747,28.901,18.487,23.888,19.004,24.244,25.762
2026-01-22 16:30:00,19.139,25.125,22.934,28.901,18.487,23.888,19.004,24.619,25.824
2026-01-22 17:00:00,19.139,25.188,22.934,28.901,18.487,23.888,19.004,24.744,25.824
2026-01-22 17:30:00,19.139,25.188,22.684,28.901,18.487,23.888,19.004,24.744,25.824
