fecha,TC1_sup,TC1_int,TC1_inf
2025-12-21 16:04:01,,,
2025-12-21 16:10:01,,,
2025-12-21 16:11:01,,,
2025-12-21 16:15:01,,,
2025-12-21 16:16:01,,,
2025-12-21 16:27:01,18.883,17.923,17.923
2025-12-21 16:34:01,,,
2025-12-21 16:40:01,,,
2025-12-21 16:41:01,,,
2025-12-21 16:45:01,,,
2025-12-21 16:46:01,,,
2025-12-21 16:57:01,18.57,17.923,17.923
2025-12-21 17:04:01,,,
2025-12-21 17:10:01,,,
2025-12-21 17:11:01,,,
2025-12-21 17:15:01,,,
2025-12-21 17:16:01,,,
2025-12-21 17:27:01,18.382,17.923,17.923
2025-12-21 17:34:01,,,
2025-12-21 17:40:01,,,
2025-12-21 17:41:01,,,
2025-12-21 17:45:01,,,
2025-12-21 17:46:01,,,
2025-12-21 17:57:01,18.132,17.923,17.923
2025-12-21 18:04:01,,,
2025-12-21 18:10:01,,,
2025-12-21 18:11:01,,,
2025-12-21 18:15:01,,,
2025-12-21 18:16:01,,,
2025-12-21 18:27:01,17.882,17.923,17.923
2025-12-21 18:34:01,,,
2025-12-21 18:40:01,,,
2025-12-21 18:41:01,,,
2025-12-21 18:45:01,,,
2025-12-21 18:46:01,,,
2025-12-21 18:57:01,17.569,17.86,17.86
2025-12-21 19:04:01,,,
2025-12-21 19:10:01,,,
2025-12-21 19:11:01,,,
2025-12-21 19:15:01,,,
2025-12-21 19:16:01,,,
2025-12-21 19:27:01,17.256,17.798,17.798
2025-12-21 19:34:01,,,
2025-12-21 19:40:01,,,
2025-12-21 19:41:01,,,
2025-12-21 19:45:01,,,
2025-12-21 19:46:01,,,
2025-12-21 19:57:01,16.88,17.672,17.672
2025-12-21 20:04:01,,,
2025-12-21 20:10:01,,,
2025-12-21 20:11:01,,,
2025-12-21 20:15:01,,,
2025-12-21 20:16:01,,,
2025-12-21 20:27:01,16.567,17.547,17.547
2025-12-21 20:34:01,,,
2025-12-21 20:40:01,,,
2025-12-21 20:41:01,,,
2025-12-21 20:45:01,,,
2025-12-21 20:46:01,,,
2025-12-21 20:57:01,16.254,17.422,17.422
2025-12-21 21:04:01,,,
2025-12-21 21:10:01,,,
2025-12-21 21:11:01,,,
2025-12-21 21:15:01,,,
2025-12-21 21:16:01,,,
2025-12-21 21:27:01,16.003,17.297,17.297
2025-12-21 21:34:01,,,
2025-12-21 21:40:01,,,
2025-12-21 21:41:01,,,
2025-12-21 21:45:01,,,
2025-12-21 21:46:01,,,
2025-12-21 21:57:01,15.753,17.234,17.234
2025-12-21 22:04:01,,,
2025-12-21 22:10:01,,,
2025-12-21 22:11:01,,,
2025-12-21 22:15:01,,,
2025-12-21 22:16:01,,,
2025-12-21 22:27:01,15.565,17.109,17.109
2025-12-21 22:34:01,,,
2025-12-21 22:40:01,,,
2025-12-21 22:41:01,,,
2025-12-21 22:45:01,,,
2025-12-21 22:46:01,,,
2025-12-21 22:57:01,15.439,16.983,16.983
2025-12-21 23:04:01,,,
2025-12-21 23:10:01,,,
2025-12-21 23:11:01,,,
2025-12-21 23:15:01,,,
2025-12-21 23:16:01,,,
2025-12-21 23:27:01,15.252,16.858,16.858
2025-12-21 23:34:01,,,
2025-12-21 23:40:01,,,
2025-12-21 23:41:01,,,
2025-12-21 23:45:01,,,
2025-12-21 23:46:01,,,
2025-12-21 23:57:01,15.126,16.733,16.733
2025-12-22 00:04:01,,,
2025-12-22 00:10:01,,,
2025-12-22 00:11:01,,,
2025-12-22 00:15:01,,,
2025-12-22 00:16:01,,,
2025-12-22 00:27:01,14.938,16.67,16.67
2025-12-22 00:34:01,,,
2025-12-22 00:40:01,,,
2025-12-22 00:41:01,,,
2025-12-22 00:45:01,,,
2025-12-22 00:46:01,,,
2025-12-22 00:57:01,14.75,16.545,16.545
2025-12-22 01:04:01,,,
2025-12-22 01:10:01,,,
2025-12-22 01:11:01,,,
2025-12-22 01:15:01,,,
2025-12-22 01:16:01,,,
2025-12-22 01:27:01,14.625,16.419,16.419
2025-12-22 01:34:01,,,
2025-12-22 01:40:01,,,
2025-12-22 01:41:01,,,
2025-12-22 01:45:01,,,
2025-12-22 01:46:01,,,
2025-12-22 01:57:01,14.5,16.357,16.357
2025-12-22 02:04:01,,,
2025-12-22 02:10:01,,,
2025-12-22 02:11:01,,,
2025-12-22 02:15:01,,,
2025-12-22 02:16:01,,,
2025-12-22 02:27:01,14.374,16.231,16.231
2025-12-22 02:34:01,,,
2025-12-22 02:40:01,,,
2025-12-22 02:41:01,,,
2025-12-22 02:45:01,,,
2025-12-22 02:46:01,,,
2025-12-22 02:57:01,14.249,16.106,16.106
2025-12-22 03:04:01,,,
2025-12-22 03:10:01,,,
2025-12-22 03:11:01,,,
2025-12-22 03:15:01,,,
2025-12-22 03:16:01,,,
2025-12-22 03:27:01,14.124,16.043,16.043
2025-12-22 03:34:01,,,
2025-12-22 03:40:01,,,
2025-12-22 03:41:01,,,
2025-12-22 03:45:01,,,
2025-12-22 03:46:01,,,
2025-12-22 03:57:01,13.999,15.918,15.918
2025-12-22 04:04:01,,,
2025-12-22 04:10:01,,,
2025-12-22 04:11:01,,,
2025-12-22 04:15:01,,,
2025-12-22 04:16:01,,,
2025-12-22 04:27:01,13.873,15.855,15.855
2025-12-22 04:34:01,,,
2025-12-22 04:40:01,,,
2025-12-22 04:41:01,,,
2025-12-22 04:45:01,,,
2025-12-22 04:46:01,,,
2025-12-22 04:57:01,13.811,15.73,15.73
2025-12-22 05:04:01,,,
2025-12-22 05:10:01,,,
2025-12-22 05:11:01,,,
2025-12-22 05:15:01,,,
2025-12-22 05:16:01,,,
2025-12-22 05:27:01,13.748,15.667,15.667
2025-12-22 05:34:01,,,
2025-12-22 05:40:01,,,
2025-12-22 05:41:01,,,
2025-12-22 05:45:01,,,
2025-12-22 05:46:01,,,
2025-12-22 05:57:01,13.56,15.542,15.542
2025-12-22 06:04:01,,,
2025-12-22 06:10:01,,,
2025-12-22 06:11:01,,,
2025-12-22 06:15:01,,,
2025-12-22 06:16:01,,,
2025-12-22 06:27:01,13.435,15.479,15.479
2025-12-22 06:34:01,,,
2025-12-22 06:40:01,,,
2025-12-22 06:41:01,,,
2025-12-22 06:45:01,,,
2025-12-22 06:46:01,,,
2025-12-22 06:57:01,13.372,15.354,15.354
2025-12-22 07:04:01,,,
2025-12-22 07:10:01,,,
2025-12-22 07:11:01,,,
2025-12-22 07:15:01,,,
2025-12-22 07:16:01,,,
2025-12-22 07:27:01,13.247,15.291,15.291
2025-12-22 07:34:01,,,
2025-12-22 07:40:01,,,
2025-12-22 07:41:01,,,
2025-12-22 07:45:01,,,
2025-12-22 07:46:01,,,
2025-12-22 07:57:01,13.184,15.229,15.229
2025-12-22 08:04:01,,,
2025-12-22 08:10:01,,,
2025-12-22 08:11:01,,,
2025-12-22 08:15:01,,,
2025-12-22 08:16:01,,,
2025-12-22 08:27:01,13.184,15.103,15.103
2025-12-22 08:34:01,,,
2025-12-22 08:40:01,,,
2025-12-22 08:41:01,,,
2025-12-22 08:45:01,,,
2025-12-22 08:46:01,,,
2025-12-22 08:57:01,13.372,15.041,15.041
2025-12-22 09:04:01,,,
2025-12-22 09:10:01,,,
2025-12-22 09:11:01,,,
2025-12-22 09:15:01,,,
2025-12-22 09:16:01,,,
2025-12-22 09:27:01,13.623,15.041,15.041
2025-12-22 09:34:01,,,
2025-12-22 09:40:01,,,
2025-12-22 09:41:01,,,
2025-12-22 09:45:01,,,
2025-12-22 09:46:01,,,
2025-12-22 09:57:01,13.999,14.978,14.978
2025-12-22 10:04:01,,,
2025-12-22 10:10:01,,,
2025-12-22 10:11:01,,,
2025-12-22 10:15:01,,,
2025-12-22 10:16:01,,,
2025-12-22 10:27:01,14.562,14.978,14.978
2025-12-22 10:34:01,,,
2025-12-22 10:40:01,,,
2025-12-22 10:41:01,,,
2025-12-22 10:45:01,,,
2025-12-22 10:46:01,,,
2025-12-22 10:57:01,15.126,15.041,15.041
2025-12-22 11:04:01,,,
2025-12-22 11:10:01,,,
2025-12-22 11:11:01,,,
2025-12-22 11:15:01,,,
2025-12-22 11:16:01,,,
2025-12-22 11:27:01,15.878,15.166,15.166
2025-12-22 11:34:01,,,
2025-12-22 11:40:01,,,
2025-12-22 11:41:01,,,
2025-12-22 11:45:01,,,
2025-12-22 11:46:01,,,
2025-12-22 11:57:01,16.692,15.291,15.291
2025-12-22 12:04:01,,,
2025-12-22 12:10:01,,,
2025-12-22 12:11:01,,,
2025-12-22 12:15:01,,,
2025-12-22 12:16:01,,,
2025-12-22 12:27:01,17.443,15.417,15.417
2025-12-22 12:34:01,,,
2025-12-22 12:40:01,,,
2025-12-22 12:41:01,,,
2025-12-22 12:45:01,,,
2025-12-22 12:46:01,,,
2025-12-22 12:57:01,18.132,15.667,15.667
2025-12-22 13:04:01,,,
2025-12-22 13:10:01,,,
2025-12-22 13:11:01,,,
2025-12-22 13:15:01,,,
2025-12-22 13:16:01,,,
2025-12-22 13:27:01,18.821,15.855,15.855
2025-12-22 13:34:01,,,
2025-12-22 13:40:01,,,
2025-12-22 13:41:01,,,
2025-12-22 13:45:01,,,
2025-12-22 13:46:01,,,
2025-12-22 13:57:01,19.509,16.106,16.106
2025-12-22 14:04:01,,,
2025-12-22 14:10:01,,,
2025-12-22 14:11:01,,,
2025-12-22 14:15:01,,,
2025-12-22 14:16:01,,,
2025-12-22 14:27:01,20.072,16.357,16.357
2025-12-22 14:34:01,,,
2025-12-22 14:40:01,,,
2025-12-22 14:41:01,,,
2025-12-22 14:45:01,,,
2025-12-22 14:46:01,,,
2025-12-22 14:57:01,20.448,16.607,16.607
2025-12-22 15:04:01,,,
2025-12-22 15:10:01,,,
2025-12-22 15:11:01,,,
2025-12-22 15:15:01,,,
2025-12-22 15:16:01,,,
2025-12-22 15:27:01,20.635,16.921,16.921
2025-12-22 15:34:01,,,
2025-12-22 15:40:01,,,
2025-12-22 15:41:01,,,
2025-12-22 15:45:01,,,
2025-12-22 15:46:01,,,
2025-12-22 15:57:01,20.573,17.171,17.171
2025-12-22 16:04:01,,,
2025-12-22 16:10:01,,,
2025-12-22 16:11:01,,,
2025-12-22 16:15:01,,,
2025-12-22 16:16:01,,,
2025-12-22 16:27:01,20.448,17.422,17.422
2025-12-22 16:34:01,,,
2025-12-22 16:40:01,,,
2025-12-22 16:41:01,,,
2025-12-22 16:45:01,,,
2025-12-22 16:46:01,,,
2025-12-22 16:57:01,20.323,17.61,17.61
2025-12-22 17:04:01,,,
2025-12-22 17:10:01,,,
2025-12-22 17:11:01,,,
2025-12-22 17:15:01,,,
2025-12-22 17:16:01,,,
2025-12-22 17:27:01,20.01,17.798,17.798
2025-12-22 17:34:01,,,
2025-12-22 17:40:01,,,
2025-12-22 17:41:01,,,
2025-12-22 17:45:01,,,
2025-12-22 17:46:01,,,
2025-12-22 17:57:01,19.447,17.923,17.923
2025-12-22 18:04:01,,,
2025-12-22 18:10:01,,,
2025-12-22 18:11:01,,,
2025-12-22 18:15:01,,,
2025-12-22 18:16:01,,,
2025-12-22 18:27:01,18.758,17.986,17.986
2025-12-22 18:34:01,,,
2025-12-22 18:40:01,,,
2025-12-22 18:41:01,,,
2025-12-22 18:45:01,,,
2025-12-22 18:46:01,,,
2025-12-22 18:57:01,18.007,17.986,17.986
2025-12-22 19:04:01,,,
2025-12-22 19:10:01,,,
2025-12-22 19:11:01,,,
2025-12-22 19:15:01,,,
2025-12-22 19:16:01,,,
2025-12-22 19:27:01,17.381,17.923,17.923
2025-12-22 19:34:01,,,
2025-12-22 19:40:01,,,
2025-12-22 19:41:01,,,
2025-12-22 19:45:01,,,
2025-12-22 19:46:01,,,
2025-12-22 19:57:01,16.88,17.798,17.798
2025-12-22 20:04:01,,,
2025-12-22 20:10:01,,,
2025-12-22 20:11:01,,,
2025-12-22 20:15:01,,,
2025-12-22 20:16:01,,,
2025-12-22 20:27:01,16.379,17.672,17.672
2025-12-22 20:34:01,,,
2025-12-22 20:40:01,,,
2025-12-22 20:41:01,,,
2025-12-22 20:45:01,,,
2025-12-22 20:46:01,,,
2025-12-22 20:57:01,16.066,17.547,17.547
2025-12-22 21:04:01,,,
2025-12-22 21:10:01,,,
2025-12-22 21:11:01,,,
2025-12-22 21:15:01,,,
2025-12-22 21:16:01,,,
2025-12-22 21:27:01,15.815,17.422,17.422
2025-12-22 21:34:01,,,
2025-12-22 21:40:01,,,
2025-12-22 21:41:01,,,
2025-12-22 21:45:01,,,
2025-12-22 21:46:01,,,
2025-12-22 21:57:01,15.565,17.234,17.234
2025-12-22 22:04:01,,,
2025-12-22 22:10:01,,,
2025-12-22 22:11:01,,,
2025-12-22 22:15:01,,,
2025-12-22 22:16:01,,,
2025-12-22 22:27:01,15.377,17.109,17.109
2025-12-22 22:34:01,,,
2025-12-22 22:40:01,,,
2025-12-22 22:41:01,,,
2025-12-22 22:45:01,,,
2025-12-22 22:46:01,,,
2025-12-22 22:57:01,15.189,16.983,16.983
2025-12-22 23:04:01,,,
2025-12-22 23:10:01,,,
2025-12-22 23:11:01,,,
2025-12-22 23:15:01,,,
2025-12-22 23:16:01,,,
2025-12-22 23:27:01,15.001,16.795,16.795
2025-12-22 23:34:01,,,
2025-12-22 23:40:01,,,
2025-12-22 23:41:01,,,
2025-12-22 23:45:01,,,
2025-12-22 23:46:01,,,
2025-12-22 23:57:01,14.813,16.67,16.67
2025-12-23 00:04:01,,,
2025-12-23 00:10:01,,,
2025-12-23 00:11:01,,,
2025-12-23 00:15:01,,,
2025-12-23 00:16:01,,,
2025-12-23 00:27:01,14.688,16.545,16.545
2025-12-23 00:34:01,,,
2025-12-23 00:40:01,,,
2025-12-23 00:41:01,,,
2025-12-23 00:45:01,,,
2025-12-23 00:46:01,,,
2025-12-23 00:57:01,14.625,16.419,16.419
2025-12-23 01:04:01,,,
2025-12-23 01:10:01,,,
2025-12-23 01:11:01,,,
2025-12-23 01:15:01,,,
2025-12-23 01:16:01,,,
2025-12-23 01:27:01,14.5,16.294,16.294
2025-12-23 01:34:01,,,
2025-12-23 01:40:01,,,
2025-12-23 01:41:01,,,
2025-12-23 01:45:01,,,
2025-12-23 01:46:01,,,
2025-12-23 01:57:01,14.437,16.231,16.231
2025-12-23 02:04:01,,,
2025-12-23 02:10:01,,,
2025-12-23 02:11:01,,,
2025-12-23 02:15:01,,,
2025-12-23 02:16:01,,,
2025-12-23 02:27:01,14.312,16.106,16.106
2025-12-23 02:34:01,,,
2025-12-23 02:40:01,,,
2025-12-23 02:41:01,,,
2025-12-23 02:45:01,,,
2025-12-23 02:46:01,,,
2025-12-23 02:57:01,14.124,15.981,15.981
2025-12-23 03:04:01,,,
2025-12-23 03:10:01,,,
2025-12-23 03:11:01,,,
2025-12-23 03:15:01,,,
2025-12-23 03:16:01,,,
2025-12-23 03:27:01,13.936,15.855,15.855
2025-12-23 03:34:01,,,
2025-12-23 03:40:01,,,
2025-12-23 03:41:01,,,
2025-12-23 03:45:01,,,
2025-12-23 03:46:01,,,
2025-12-23 03:57:01,13.811,15.793,15.793
2025-12-23 04:04:01,,,
2025-12-23 04:10:01,,,
2025-12-23 04:11:01,,,
2025-12-23 04:15:01,,,
2025-12-23 04:16:01,,,
2025-12-23 04:27:01,13.748,15.667,15.667
2025-12-23 04:34:01,,,
2025-12-23 04:40:01,,,
2025-12-23 04:41:01,,,
2025-12-23 04:45:01,,,
2025-12-23 04:46:01,,,
2025-12-23 04:57:01,13.685,15.542,15.542
2025-12-23 05:04:01,,,
2025-12-23 05:10:01,,,
2025-12-23 05:11:01,,,
2025-12-23 05:15:01,,,
2025-12-23 05:16:01,,,
2025-12-23 05:27:01,13.56,15.479,15.479
2025-12-23 05:34:01,,,
2025-12-23 05:40:01,,,
2025-12-23 05:41:01,,,
2025-12-23 05:45:01,,,
2025-12-23 05:46:01,,,
2025-12-23 05:57:01,13.497,15.354,15.354
2025-12-23 06:04:01,,,
2025-12-23 06:10:01,,,
2025-12-23 06:11:01,,,
2025-12-23 06:15:01,,,
2025-12-23 06:16:01,,,
2025-12-23 06:27:01,13.372,15.291,15.291
2025-12-23 06:34:01,,,
2025-12-23 06:40:01,,,
2025-12-23 06:41:01,,,
2025-12-23 06:45:01,,,
2025-12-23 06:46:01,,,
2025-12-23 06:57:01,13.247,15.166,15.166
2025-12-23 07:04:01,,,
2025-12-23 07:10:01,,,
2025-12-23 07:11:01,,,
2025-12-23 07:15:01,,,
2025-12-23 07:16:01,,,
2025-12-23 07:27:01,13.247,15.103,15.103
2025-12-23 07:34:01,,,
2025-12-23 07:40:01,,,
2025-12-23 07:41:01,,,
2025-12-23 07:45:01,,,
2025-12-23 07:46:01,,,
2025-12-23 07:57:01,13.121,14.978,14.978
2025-12-23 08:04:01,,,
2025-12-23 08:10:01,,,
2025-12-23 08:11:01,,,
2025-12-23 08:15:01,,,
2025-12-23 08:16:01,,,
2025-12-23 08:27:01,13.121,14.915,14.915
2025-12-23 08:34:01,,,
2025-12-23 08:40:01,,,
2025-12-23 08:41:01,,,
2025-12-23 08:45:01,,,
2025-12-23 08:46:01,,,
2025-12-23 08:57:01,13.247,14.853,14.853
2025-12-23 09:04:01,,,
2025-12-23 09:10:01,,,
2025-12-23 09:11:01,,,
2025-12-23 09:15:01,,,
2025-12-23 09:16:01,,,
2025-12-23 09:27:01,13.623,14.79,14.79
2025-12-23 09:34:01,,,
2025-12-23 09:40:01,,,
2025-12-23 09:41:01,,,
2025-12-23 09:45:01,,,
2025-12-23 09:46:01,,,
2025-12-23 09:57:01,14.124,14.727,14.727
2025-12-23 10:04:01,,,
2025-12-23 10:10:01,,,
2025-12-23 10:11:01,,,
2025-12-23 10:15:01,,,
2025-12-23 10:16:01,,,
2025-12-23 10:27:01,14.75,14.727,14.727
2025-12-23 10:34:01,,,
2025-12-23 10:40:01,,,
2025-12-23 10:41:01,,,
2025-12-23 10:45:01,,,
2025-12-23 10:46:01,,,
2025-12-23 10:57:01,15.377,14.79,14.79
2025-12-23 11:04:01,,,
2025-12-23 11:10:01,,,
2025-12-23 11:11:01,,,
2025-12-23 11:15:01,,,
2025-12-23 11:16:01,,,
2025-12-23 11:27:01,16.191,14.853,14.853
2025-12-23 11:34:01,,,
2025-12-23 11:40:01,,,
2025-12-23 11:41:01,,,
2025-12-23 11:45:01,,,
2025-12-23 11:46:01,,,
2025-12-23 11:57:01,17.005,14.978,14.978
2025-12-23 12:04:01,,,
2025-12-23 12:10:01,,,
2025-12-23 12:11:01,,,
2025-12-23 12:15:01,,,
2025-12-23 12:16:01,,,
2025-12-23 12:27:01,17.756,15.103,15.103
2025-12-23 12:34:01,,,
2025-12-23 12:40:01,,,
2025-12-23 12:41:01,,,
2025-12-23 12:45:01,,,
2025-12-23 12:46:01,,,
2025-12-23 12:57:01,18.57,15.291,15.291
2025-12-23 13:04:01,,,
2025-12-23 13:10:01,,,
2025-12-23 13:11:01,,,
2025-12-23 13:15:01,,,
2025-12-23 13:16:01,,,
2025-12-23 13:27:01,19.384,15.479,15.479
2025-12-23 13:34:01,,,
2025-12-23 13:40:01,,,
2025-12-23 13:41:01,,,
2025-12-23 13:45:01,,,
2025-12-23 13:46:01,,,
2025-12-23 13:57:01,20.135,15.667,15.667
2025-12-23 14:04:01,,,
2025-12-23 14:10:01,,,
2025-12-23 14:11:01,,,
2025-12-23 14:15:01,,,
2025-12-23 14:16:01,,,
2025-12-23 14:27:01,20.761,15.981,15.981
2025-12-23 14:34:01,,,
2025-12-23 14:40:01,,,
2025-12-23 14:41:01,,,
2025-12-23 14:45:01,,,
2025-12-23 14:46:01,,,
2025-12-23 14:57:01,21.136,16.231,16.231
2025-12-23 15:04:01,,,
2025-12-23 15:10:01,,,
2025-12-23 15:11:01,,,
2025-12-23 15:15:01,,,
2025-12-23 15:16:01,,,
2025-12-23 15:27:01,21.386,16.545,16.545
2025-12-23 15:34:01,,,
2025-12-23 15:40:01,,,
2025-12-23 15:41:01,,,
2025-12-23 15:45:01,,,
2025-12-23 15:46:01,,,
2025-12-23 15:57:01,21.386,16.858,16.858
2025-12-23 16:04:01,,,
2025-12-23 16:10:01,,,
2025-12-23 16:11:01,,,
2025-12-23 16:15:01,,,
2025-12-23 16:16:01,,,
2025-12-23 16:27:01,21.199,17.171,17.171
2025-12-23 16:34:01,,,
2025-12-23 16:40:01,,,
2025-12-23 16:41:01,,,
2025-12-23 16:45:01,,,
2025-12-23 16:46:01,,,
2025-12-23 16:57:01,20.823,17.422,17.422
2025-12-23 17:04:01,,,
2025-12-23 17:10:01,,,
2025-12-23 17:11:01,,,
2025-12-23 17:15:01,,,
2025-12-23 17:16:01,,,
2025-12-23 17:27:01,20.323,17.61,17.61
2025-12-23 17:34:01,,,
2025-12-23 17:40:01,,,
2025-12-23 17:41:01,,,
2025-12-23 17:45:01,,,
2025-12-23 17:46:01,,,
2025-12-23 17:57:01,19.697,17.798,17.798
2025-12-23 18:04:01,,,
2025-12-23 18:10:01,,,
2025-12-23 18:11:01,,,
2025-12-23 18:15:01,,,
2025-12-23 18:16:01,,,
2025-12-23 18:27:01,18.946,17.923,17.923
2025-12-23 18:34:01,,,
2025-12-23 18:40:01,,,
2025-12-23 18:41:01,,,
2025-12-23 18:45:01,,,
2025-12-23 18:46:01,,,
2025-12-23 18:57:01,18.257,17.986,17.986
2025-12-23 19:04:01,,,
2025-12-23 19:10:01,,,
2025-12-23 19:11:01,,,
2025-12-23 19:15:01,,,
2025-12-23 19:16:01,,,
2025-12-23 19:27:01,17.756,17.923,17.923
2025-12-23 19:34:01,,,
2025-12-23 19:40:01,,,
2025-12-23 19:41:01,,,
2025-12-23 19:45:01,,,
2025-12-23 19:46:01,,,
2025-12-23 19:57:01,17.381,17.923,17.923
2025-12-23 20:04:01,,,
2025-12-23 20:10:01,,,
2025-12-23 20:11:01,,,
2025-12-23 20:15:01,,,
2025-12-23 20:16:01,,,
2025-12-23 20:27:01,17.068,17.798,17.798
2025-12-23 20:34:01,,,
2025-12-23 20:40:01,,,
2025-12-23 20:41:01,,,
2025-12-23 20:45:01,,,
2025-12-23 20:46:01,,,
2025-12-23 20:57:01,16.755,17.735,17.735
2025-12-23 21:04:01,,,
2025-12-23 21:10:01,,,
2025-12-23 21:11:01,,,
2025-12-23 21:15:01,,,
2025-12-23 21:16:01,,,
2025-12-23 21:27:01,16.504,17.61,17.61
2025-12-23 21:34:01,,,
2025-12-23 21:40:01,,,
2025-12-23 21:41:01,,,
2025-12-23 21:45:01,,,
2025-12-23 21:46:01,,,
2025-12-23 21:57:01,16.316,17.484,17.484
2025-12-23 22:04:01,,,
2025-12-23 22:10:01,,,
2025-12-23 22:11:01,,,
2025-12-23 22:15:01,,,
2025-12-23 22:16:01,,,
2025-12-23 22:27:01,16.191,17.422,17.422
2025-12-23 22:34:01,,,
2025-12-23 22:40:01,,,
2025-12-23 22:41:01,,,
2025-12-23 22:45:01,,,
2025-12-23 22:46:01,,,
2025-12-23 22:57:01,16.003,17.297,17.297
2025-12-23 23:04:01,,,
2025-12-23 23:10:01,,,
2025-12-23 23:11:01,,,
2025-12-23 23:15:01,,,
2025-12-23 23:16:01,,,
2025-12-23 23:27:01,15.815,17.171,17.171
2025-12-23 23:34:01,,,
2025-12-23 23:40:01,,,
2025-12-23 23:41:01,,,
2025-12-23 23:45:01,,,
2025-12-23 23:46:01,,,
2025-12-23 23:57:01,15.69,17.046,17.046
2025-12-24 00:04:01,,,
2025-12-24 00:10:01,,,
2025-12-24 00:11:01,,,
2025-12-24 00:15:01,,,
2025-12-24 00:16:01,,,
2025-12-24 00:27:01,15.565,16.983,16.983
2025-12-24 00:34:01,,,
2025-12-24 00:40:01,,,
2025-12-24 00:41:01,,,
2025-12-24 00:45:01,,,
2025-12-24 00:46:01,,,
2025-12-24 00:57:01,15.377,16.858,16.858
2025-12-24 01:04:01,,,
2025-12-24 01:10:01,,,
2025-12-24 01:11:01,,,
2025-12-24 01:15:01,,,
2025-12-24 01:16:01,,,
2025-12-24 01:27:01,15.189,16.733,16.733
2025-12-24 01:34:01,,,
2025-12-24 01:40:01,,,
2025-12-24 01:41:01,,,
2025-12-24 01:45:01,,,
2025-12-24 01:46:01,,,
2025-12-24 01:57:01,15.001,16.67,16.67
2025-12-24 02:04:01,,,
2025-12-24 02:10:01,,,
2025-12-24 02:11:01,,,
2025-12-24 02:15:01,,,
2025-12-24 02:16:01,,,
2025-12-24 02:27:01,14.813,16.545,16.545
2025-12-24 02:34:01,,,
2025-12-24 02:40:01,,,
2025-12-24 02:41:01,,,
2025-12-24 02:45:01,,,
2025-12-24 02:46:01,,,
2025-12-24 02:57:01,14.688,16.482,16.482
2025-12-24 03:04:01,,,
2025-12-24 03:10:01,,,
2025-12-24 03:11:01,,,
2025-12-24 03:15:01,,,
2025-12-24 03:16:01,,,
2025-12-24 03:27:01,14.562,16.357,16.357
2025-12-24 03:34:01,,,
2025-12-24 03:40:01,,,
2025-12-24 03:41:01,,,
2025-12-24 03:45:01,,,
2025-12-24 03:46:01,,,
2025-12-24 03:57:01,14.437,16.294,16.294
2025-12-24 04:04:01,,,
2025-12-24 04:10:01,,,
2025-12-24 04:11:01,,,
2025-12-24 04:15:01,,,
2025-12-24 04:16:01,,,
2025-12-24 04:27:01,14.249,16.231,16.231
2025-12-24 04:34:01,,,
2025-12-24 04:40:01,,,
2025-12-24 04:41:01,,,
2025-12-24 04:45:01,,,
2025-12-24 04:46:01,,,
2025-12-24 04:57:01,14.061,16.106,16.106
2025-12-24 05:04:01,,,
2025-12-24 05:10:01,,,
2025-12-24 05:11:01,,,
2025-12-24 05:15:01,,,
2025-12-24 05:16:01,,,
2025-12-24 05:27:01,13.936,16.043,16.043
2025-12-24 05:34:01,,,
2025-12-24 05:40:01,,,
2025-12-24 05:41:01,,,
2025-12-24 05:45:01,,,
2025-12-24 05:46:01,,,
2025-12-24 05:57:01,13.811,15.981,15.981
2025-12-24 06:04:01,,,
2025-12-24 06:10:01,,,
2025-12-24 06:11:01,,,
2025-12-24 06:15:01,,,
2025-12-24 06:16:01,,,
2025-12-24 06:27:01,13.685,15.855,15.855
2025-12-24 06:34:01,,,
2025-12-24 06:40:01,,,
2025-12-24 06:41:01,,,
2025-12-24 06:45:01,,,
2025-12-24 06:46:01,,,
2025-12-24 06:57:01,13.56,15.793,15.793
2025-12-24 07:04:01,,,
2025-12-24 07:10:01,,,
2025-12-24 07:11:01,,,
2025-12-24 07:15:01,,,
2025-12-24 07:16:01,,,
2025-12-24 07:27:01,13.497,15.73,15.73
2025-12-24 07:34:01,,,
2025-12-24 07:40:01,,,
2025-12-24 07:41:01,,,
2025-12-24 07:45:01,,,
2025-12-24 07:46:01,,,
2025-12-24 07:57:01,13.497,15.667,15.667
2025-12-24 08:04:01,,,
2025-12-24 08:10:01,,,
2025-12-24 08:11:01,,,
2025-12-24 08:15:01,,,
2025-12-24 08:16:01,,,
2025-12-24 08:27:01,13.497,15.542,15.542
2025-12-24 08:34:01,,,
2025-12-24 08:40:01,,,
2025-12-24 08:41:01,,,
2025-12-24 08:45:01,,,
2025-12-24 08:46:01,,,
2025-12-24 08:57:01,13.56,15.479,15.479
2025-12-24 09:04:01,,,
2025-12-24 09:10:01,,,
2025-12-24 09:11:01,,,
2025-12-24 09:15:01,,,
2025-12-24 09:16:01,,,
2025-12-24 09:27:01,13.811,15.479,15.479
2025-12-24 09:34:01,,,
2025-12-24 09:40:01,,,
2025-12-24 09:41:01,,,
2025-12-24 09:45:01,,,
2025-12-24 09:46:01,,,
2025-12-24 09:57:01,14.124,15.417,15.417
2025-12-24 10:04:01,,,
2025-12-24 10:10:01,,,
2025-12-24 10:11:01,,,
2025-12-24 10:15:01,,,
2025-12-24 10:16:01,,,
2025-12-24 10:27:01,14.5,15.417,15.417
2025-12-24 10:34:01,,,
2025-12-24 10:40:01,,,
2025-12-24 10:41:01,,,
2025-12-24 10:45:01,,,
2025-12-24 10:46:01,,,
2025-12-24 10:57:01,14.938,15.354,15.354
2025-12-24 11:04:01,,,
2025-12-24 11:10:01,,,
2025-12-24 11:11:01,,,
2025-12-24 11:15:01,,,
2025-12-24 11:16:01,,,
2025-12-24 11:27:01,15.439,15.417,15.417
2025-12-24 11:34:01,,,
2025-12-24 11:40:01,,,
2025-12-24 11:41:01,,,
2025-12-24 11:45:01,,,
2025-12-24 11:46:01,,,
2025-12-24 11:57:01,15.94,15.479,15.479
2025-12-24 12:04:01,,,
2025-12-24 12:10:01,,,
2025-12-24 12:11:01,,,
2025-12-24 12:15:01,,,
2025-12-24 12:16:01,,,
2025-12-24 12:27:01,16.504,15.542,15.542
2025-12-24 12:34:01,,,
2025-12-24 12:40:01,,,
2025-12-24 12:41:01,,,
2025-12-24 12:45:01,,,
2025-12-24 12:46:01,,,
2025-12-24 12:57:01,17.068,15.605,15.605
2025-12-24 13:04:01,,,
2025-12-24 13:10:01,,,
2025-12-24 13:11:01,,,
2025-12-24 13:15:01,,,
2025-12-24 13:16:01,,,
2025-12-24 13:27:01,17.756,15.667,15.667
2025-12-24 13:34:01,,,
2025-12-24 13:40:01,,,
2025-12-24 13:41:01,,,
2025-12-24 13:45:01,,,
2025-12-24 13:46:01,,,
2025-12-24 13:57:01,18.883,15.793,15.793
2025-12-24 14:04:01,,,
2025-12-24 14:10:01,,,
2025-12-24 14:11:01,,,
2025-12-24 14:15:01,,,
2025-12-24 14:16:01,,,
2025-12-24 14:27:01,20.01,15.981,15.981
2025-12-24 14:34:01,,,
2025-12-24 14:40:01,,,
2025-12-24 14:41:01,,,
2025-12-24 14:45:01,,,
2025-12-24 14:46:01,,,
2025-12-24 14:57:01,20.823,16.169,16.169
2025-12-24 15:04:01,,,
2025-12-24 15:10:01,,,
2025-12-24 15:11:01,,,
2025-12-24 15:15:01,,,
2025-12-24 15:16:01,,,
2025-12-24 15:27:01,21.386,16.419,16.419
2025-12-24 15:34:01,,,
2025-12-24 15:40:01,,,
2025-12-24 15:41:01,,,
2025-12-24 15:45:01,,,
2025-12-24 15:46:01,,,
2025-12-24 15:57:01,21.574,16.67,16.67
2025-12-24 16:04:01,,,
2025-12-24 16:10:01,,,
2025-12-24 16:11:01,,,
2025-12-24 16:15:01,,,
2025-12-24 16:16:01,,,
2025-12-24 16:27:01,21.574,16.983,16.983
2025-12-24 16:34:01,,,
2025-12-24 16:40:01,,,
2025-12-24 16:41:01,,,
2025-12-24 16:45:01,,,
2025-12-24 16:46:01,,,
2025-12-24 16:57:01,21.324,17.297,17.297
2025-12-24 17:04:01,,,
2025-12-24 17:10:01,,,
2025-12-24 17:11:01,,,
2025-12-24 17:15:01,,,
2025-12-24 17:16:01,,,
2025-12-24 17:27:01,20.886,17.547,17.547
2025-12-24 17:34:01,,,
2025-12-24 17:40:01,,,
2025-12-24 17:41:01,,,
2025-12-24 17:45:01,,,
2025-12-24 17:46:01,,,
2025-12-24 17:57:01,20.385,17.798,17.798
2025-12-24 18:04:01,,,
2025-12-24 18:10:01,,,
2025-12-24 18:11:01,,,
2025-12-24 18:15:01,,,
2025-12-24 18:16:01,,,
2025-12-24 18:27:01,19.759,18.048,18.048
2025-12-24 18:34:01,,,
2025-12-24 18:40:01,,,
2025-12-24 18:41:01,,,
2025-12-24 18:45:01,,,
2025-12-24 18:46:01,,,
2025-12-24 18:57:01,19.196,18.173,18.173
2025-12-24 19:04:01,,,
2025-12-24 19:10:01,,,
2025-12-24 19:11:01,,,
2025-12-24 19:15:01,,,
2025-12-24 19:16:01,,,
2025-12-24 19:27:01,18.633,18.236,18.236
2025-12-24 19:34:01,,,
2025-12-24 19:40:01,,,
2025-12-24 19:41:01,,,
2025-12-24 19:45:01,,,
2025-12-24 19:46:01,,,
2025-12-24 19:57:01,18.195,18.236,18.236
2025-12-24 20:04:01,,,
2025-12-24 20:10:01,,,
2025-12-24 20:11:01,,,
2025-12-24 20:15:01,,,
2025-12-24 20:16:01,,,
2025-12-24 20:27:01,17.756,18.236,18.236
2025-12-24 20:34:01,,,
2025-12-24 20:40:01,,,
2025-12-24 20:41:01,,,
2025-12-24 20:45:01,,,
2025-12-24 20:46:01,,,
2025-12-24 20:57:01,17.443,18.173,18.173
2025-12-24 21:04:01,,,
2025-12-24 21:10:01,,,
2025-12-24 21:11:01,,,
2025-12-24 21:15:01,,,
2025-12-24 21:16:01,,,
2025-12-24 21:27:01,17.068,18.111,18.111
2025-12-24 21:34:01,,,
2025-12-24 21:40:01,,,
2025-12-24 21:41:01,,,
2025-12-24 21:45:01,,,
2025-12-24 21:46:01,,,
2025-12-24 21:57:01,16.817,17.986,17.986
2025-12-24 22:04:01,,,
2025-12-24 22:10:01,,,
2025-12-24 22:11:01,,,
2025-12-24 22:15:01,,,
2025-12-24 22:16:01,,,
2025-12-24 22:27:01,16.441,17.86,17.86
2025-12-24 22:34:01,,,
2025-12-24 22:40:01,,,
2025-12-24 22:41:01,,,
2025-12-24 22:45:01,,,
2025-12-24 22:46:01,,,
2025-12-24 22:57:01,16.191,17.735,17.735
2025-12-24 23:04:01,,,
2025-12-24 23:10:01,,,
2025-12-24 23:11:01,,,
2025-12-24 23:15:01,,,
2025-12-24 23:16:01,,,
2025-12-24 23:27:01,16.003,17.61,17.61
2025-12-24 23:34:01,,,
2025-12-24 23:40:01,,,
2025-12-24 23:41:01,,,
2025-12-24 23:45:01,,,
2025-12-24 23:46:01,,,
2025-12-24 23:57:01,15.815,17.484,17.484
2025-12-25 00:04:01,,,
2025-12-25 00:10:01,,,
2025-12-25 00:11:01,,,
2025-12-25 00:15:01,,,
2025-12-25 00:16:01,,,
2025-12-25 00:27:01,15.627,17.422,17.422
2025-12-25 00:34:01,,,
2025-12-25 00:40:01,,,
2025-12-25 00:41:01,,,
2025-12-25 00:45:01,,,
2025-12-25 00:46:01,,,
2025-12-25 00:57:01,15.502,17.234,17.234
2025-12-25 01:04:01,,,
2025-12-25 01:10:01,,,
2025-12-25 01:11:01,,,
2025-12-25 01:15:01,,,
2025-12-25 01:16:01,,,
2025-12-25 01:27:01,15.314,17.171,17.171
2025-12-25 01:34:01,,,
2025-12-25 01:40:01,,,
2025-12-25 01:41:01,,,
2025-12-25 01:45:01,,,
2025-12-25 01:46:01,,,
2025-12-25 01:57:01,15.126,17.046,17.046
2025-12-25 02:04:01,,,
2025-12-25 02:10:01,,,
2025-12-25 02:11:01,,,
2025-12-25 02:15:01,,,
2025-12-25 02:16:01,,,
2025-12-25 02:27:01,14.938,16.921,16.921
2025-12-25 02:34:01,,,
2025-12-25 02:40:01,,,
2025-12-25 02:41:01,,,
2025-12-25 02:45:01,,,
2025-12-25 02:46:01,,,
2025-12-25 02:57:01,14.813,16.795,16.795
2025-12-25 03:04:01,,,
2025-12-25 03:10:01,,,
2025-12-25 03:11:01,,,
2025-12-25 03:15:01,,,
2025-12-25 03:16:01,,,
2025-12-25 03:27:01,14.625,16.67,16.67
2025-12-25 03:34:01,,,
2025-12-25 03:40:01,,,
2025-12-25 03:41:01,,,
2025-12-25 03:45:01,,,
2025-12-25 03:46:01,,,
2025-12-25 03:57:01,14.5,16.545,16.545
2025-12-25 04:04:01,,,
2025-12-25 04:10:01,,,
2025-12-25 04:11:01,,,
2025-12-25 04:15:01,,,
2025-12-25 04:16:01,,,
2025-12-25 04:27:01,14.374,16.482,16.482
2025-12-25 04:34:01,,,
2025-12-25 04:40:01,,,
2025-12-25 04:41:01,,,
2025-12-25 04:45:01,,,
2025-12-25 04:46:01,,,
2025-12-25 04:57:01,14.312,16.357,16.357
2025-12-25 05:04:01,,,
2025-12-25 05:10:01,,,
2025-12-25 05:11:01,,,
2025-12-25 05:15:01,,,
2025-12-25 05:16:01,,,
2025-12-25 05:27:01,14.374,16.231,16.231
2025-12-25 05:34:01,,,
2025-12-25 05:40:01,,,
2025-12-25 05:41:01,,,
2025-12-25 05:45:01,,,
2025-12-25 05:46:01,,,
2025-12-25 05:57:01,14.187,16.169,16.169
2025-12-25 06:04:01,,,
2025-12-25 06:10:01,,,
2025-12-25 06:11:01,,,
2025-12-25 06:15:01,,,
2025-12-25 06:16:01,,,
2025-12-25 06:27:01,13.999,16.043,16.043
2025-12-25 06:34:01,,,
2025-12-25 06:40:01,,,
2025-12-25 06:41:01,,,
2025-12-25 06:45:01,,,
2025-12-25 06:46:01,,,
2025-12-25 06:57:01,13.873,15.918,15.918
2025-12-25 07:04:01,,,
2025-12-25 07:10:01,,,
2025-12-25 07:11:01,,,
2025-12-25 07:15:01,,,
2025-12-25 07:16:01,,,
2025-12-25 07:27:01,13.811,15.855,15.855
2025-12-25 07:34:01,,,
2025-12-25 07:40:01,,,
2025-12-25 07:41:01,,,
2025-12-25 07:45:01,,,
2025-12-25 07:46:01,,,
2025-12-25 07:57:01,13.811,15.73,15.73
2025-12-25 08:04:01,,,
2025-12-25 08:10:01,,,
2025-12-25 08:11:01,,,
2025-12-25 08:15:01,,,
2025-12-25 08:16:01,,,
2025-12-25 08:27:01,13.811,15.667,15.667
2025-12-25 08:34:01,,,
2025-12-25 08:40:01,,,
2025-12-25 08:41:01,,,
2025-12-25 08:45:01,,,
2025-12-25 08:46:01,,,
2025-12-25 08:57:01,13.999,15.605,15.605
2025-12-25 09:04:01,,,
2025-12-25 09:10:01,,,
2025-12-25 09:11:01,,,
2025-12-25 09:15:01,,,
2025-12-25 09:16:01,,,
2025-12-25 09:27:01,14.312,15.542,15.542
2025-12-25 09:34:01,,,
2025-12-25 09:40:01,,,
2025-12-25 09:41:01,,,
2025-12-25 09:45:01,,,
2025-12-25 09:46:01,,,
2025-12-25 09:57:01,14.75,15.479,15.479
2025-12-25 10:04:01,,,
2025-12-25 10:10:01,,,
2025-12-25 10:11:01,,,
2025-12-25 10:15:01,,,
2025-12-25 10:16:01,,,
2025-12-25 10:27:01,15.314,15.417,15.417
2025-12-25 10:34:01,,,
2025-12-25 10:40:01,,,
2025-12-25 10:41:01,,,
2025-12-25 10:45:01,,,
2025-12-25 10:46:01,,,
2025-12-25 10:57:01,15.94,15.417,15.417
2025-12-25 11:04:01,,,
2025-12-25 11:10:01,,,
2025-12-25 11:11:01,,,
2025-12-25 11:15:01,,,
2025-12-25 11:16:01,,,
2025-12-25 11:27:01,16.629,15.479,15.479
2025-12-25 11:34:01,,,
2025-12-25 11:40:01,,,
2025-12-25 11:41:01,,,
2025-12-25 11:45:01,,,
2025-12-25 11:46:01,,,
2025-12-25 11:57:01,17.381,15.542,15.542
2025-12-25 12:04:01,,,
2025-12-25 12:10:01,,,
2025-12-25 12:11:01,,,
2025-12-25 12:15:01,,,
2025-12-25 12:16:01,,,
2025-12-25 12:27:01,18.132,15.605,15.605
2025-12-25 12:34:01,,,
2025-12-25 12:40:01,,,
2025-12-25 12:41:01,,,
2025-12-25 12:45:01,,,
2025-12-25 12:46:01,,,
2025-12-25 12:57:01,18.946,15.73,15.73
2025-12-25 13:04:01,,,
2025-12-25 13:10:01,,,
2025-12-25 13:11:01,,,
2025-12-25 13:15:01,,,
2025-12-25 13:16:01,,,
2025-12-25 13:27:01,19.759,15.855,15.855
2025-12-25 13:34:01,,,
2025-12-25 13:40:01,,,
2025-12-25 13:41:01,,,
2025-12-25 13:45:01,,,
2025-12-25 13:46:01,,,
2025-12-25 13:57:01,20.573,16.043,16.043
2025-12-25 14:04:01,,,
2025-12-25 14:10:01,,,
2025-12-25 14:11:01,,,
2025-12-25 14:15:01,,,
2025-12-25 14:16:01,,,
2025-12-25 14:27:01,21.261,16.294,16.294
2025-12-25 14:34:01,,,
2025-12-25 14:40:01,,,
2025-12-25 14:41:01,,,
2025-12-25 14:45:01,,,
2025-12-25 14:46:01,,,
2025-12-25 14:57:01,21.762,16.607,16.607
2025-12-25 15:04:01,,,
2025-12-25 15:10:01,,,
2025-12-25 15:11:01,,,
2025-12-25 15:15:01,,,
2025-12-25 15:16:01,,,
2025-12-25 15:27:01,22.2,16.858,16.858
2025-12-25 15:34:01,,,
2025-12-25 15:40:01,,,
2025-12-25 15:41:01,,,
2025-12-25 15:45:01,,,
2025-12-25 15:46:01,,,
2025-12-25 15:57:01,22.387,17.234,17.234
2025-12-25 16:04:01,,,
2025-12-25 16:10:01,,,
2025-12-25 16:11:01,,,
2025-12-25 16:15:01,,,
2025-12-25 16:16:01,,,
2025-12-25 16:27:01,22.387,17.547,17.547
2025-12-25 16:34:01,,,
2025-12-25 16:40:01,,,
2025-12-25 16:41:01,,,
2025-12-25 16:45:01,,,
2025-12-25 16:46:01,,,
2025-12-25 16:57:01,22.2,17.86,17.86
2025-12-25 17:04:01,,,
2025-12-25 17:10:01,,,
2025-12-25 17:11:01,,,
2025-12-25 17:15:01,,,
2025-12-25 17:16:01,,,
2025-12-25 17:27:01,21.824,18.173,18.173
2025-12-25 17:34:01,,,
2025-12-25 17:40:01,,,
2025-12-25 17:41:01,,,
2025-12-25 17:45:01,,,
2025-12-25 17:46:01,,,
2025-12-25 17:57:01,21.324,18.424,18.424
2025-12-25 18:04:01,,,
2025-12-25 18:10:01,,,
2025-12-25 18:11:01,,,
2025-12-25 18:15:01,,,
2025-12-25 18:16:01,,,
2025-12-25 18:27:01,20.698,18.612,18.612
2025-12-25 18:34:01,,,
2025-12-25 18:40:01,,,
2025-12-25 18:41:01,,,
2025-12-25 18:45:01,,,
2025-12-25 18:46:01,,,
2025-12-25 18:57:01,20.072,18.8,18.8
2025-12-25 19:04:01,,,
2025-12-25 19:10:01,,,
2025-12-25 19:11:01,,,
2025-12-25 19:15:01,,,
2025-12-25 19:16:01,,,
2025-12-25 19:27:01,19.447,18.862,18.862
2025-12-25 19:34:01,,,
2025-12-25 19:40:01,,,
2025-12-25 19:41:01,,,
2025-12-25 19:45:01,,,
2025-12-25 19:46:01,,,
2025-12-25 19:57:01,18.946,18.925,18.925
2025-12-25 20:04:01,,,
2025-12-25 20:10:01,,,
2025-12-25 20:11:01,,,
2025-12-25 20:15:01,,,
2025-12-25 20:16:01,,,
2025-12-25 20:27:01,18.445,18.862,18.862
2025-12-25 20:34:01,,,
2025-12-25 20:40:01,,,
2025-12-25 20:41:01,,,
2025-12-25 20:45:01,,,
2025-12-25 20:46:01,,,
2025-12-25 20:57:01,18.007,18.8,18.8
2025-12-25 21:04:01,,,
2025-12-25 21:10:01,,,
2025-12-25 21:11:01,,,
2025-12-25 21:15:01,,,
2025-12-25 21:16:01,,,
2025-12-25 21:27:01,17.631,18.737,18.737
2025-12-25 21:34:01,,,
2025-12-25 21:40:01,,,
2025-12-25 21:41:01,,,
2025-12-25 21:45:01,,,
2025-12-25 21:46:01,,,
2025-12-25 21:57:01,17.318,18.612,18.612
2025-12-25 22:04:01,,,
2025-12-25 22:10:01,,,
2025-12-25 22:11:01,,,
2025-12-25 22:15:01,,,
2025-12-25 22:16:01,,,
2025-12-25 22:27:01,17.005,18.487,18.487
2025-12-25 22:34:01,,,
2025-12-25 22:40:01,,,
2025-12-25 22:41:01,,,
2025-12-25 22:45:01,,,
2025-12-25 22:46:01,,,
2025-12-25 22:57:01,16.755,18.361,18.361
2025-12-25 23:04:01,,,
2025-12-25 23:10:01,,,
2025-12-25 23:11:01,,,
2025-12-25 23:15:01,,,
2025-12-25 23:16:01,,,
2025-12-25 23:27:01,16.504,18.236,18.236
2025-12-25 23:34:01,,,
2025-12-25 23:40:01,,,
2025-12-25 23:41:01,,,
2025-12-25 23:45:01,,,
2025-12-25 23:46:01,,,
2025-12-25 23:57:01,16.379,18.111,18.111
2025-12-26 00:04:01,,,
2025-12-26 00:10:01,,,
2025-12-26 00:11:01,,,
2025-12-26 00:15:01,,,
2025-12-26 00:16:01,,,
2025-12-26 00:27:01,16.254,17.923,17.923
2025-12-26 00:34:01,,,
2025-12-26 00:40:01,,,
2025-12-26 00:41:01,,,
2025-12-26 00:45:01,,,
2025-12-26 00:46:01,,,
2025-12-26 00:57:01,16.066,17.798,17.798
2025-12-26 01:04:01,,,
2025-12-26 01:10:01,,,
2025-12-26 01:11:01,,,
2025-12-26 01:15:01,,,
2025-12-26 01:16:01,,,
2025-12-26 01:27:01,15.94,17.672,17.672
2025-12-26 01:34:01,,,
2025-12-26 01:40:01,,,
2025-12-26 01:41:01,,,
2025-12-26 01:45:01,,,
2025-12-26 01:46:01,,,
2025-12-26 01:57:01,15.753,17.547,17.547
2025-12-26 02:04:01,,,
2025-12-26 02:10:01,,,
2025-12-26 02:11:01,,,
2025-12-26 02:15:01,,,
2025-12-26 02:16:01,,,
2025-12-26 02:27:01,15.565,17.422,17.422
2025-12-26 02:34:01,,,
2025-12-26 02:40:01,,,
2025-12-26 02:41:01,,,
2025-12-26 02:45:01,,,
2025-12-26 02:46:01,,,
2025-12-26 02:57:01,15.377,17.359,17.359
2025-12-26 03:04:01,,,
2025-12-26 03:10:01,,,
2025-12-26 03:11:01,,,
2025-12-26 03:15:01,,,
2025-12-26 03:16:01,,,
2025-12-26 03:27:01,15.189,17.234,17.234
2025-12-26 03:34:01,,,
2025-12-26 03:40:01,,,
2025-12-26 03:41:01,,,
2025-12-26 03:45:01,,,
2025-12-26 03:46:01,,,
2025-12-26 03:57:01,15.001,17.109,17.109
2025-12-26 04:04:01,,,
2025-12-26 04:10:01,,,
2025-12-26 04:11:01,,,
2025-12-26 04:15:01,,,
2025-12-26 04:16:01,,,
2025-12-26 04:27:01,14.813,16.983,16.983
2025-12-26 04:34:01,,,
2025-12-26 04:40:01,,,
2025-12-26 04:41:01,,,
2025-12-26 04:45:01,,,
2025-12-26 04:46:01,,,
2025-12-26 04:57:01,14.688,16.858,16.858
2025-12-26 05:04:01,,,
2025-12-26 05:10:01,,,
2025-12-26 05:11:01,,,
2025-12-26 05:15:01,,,
2025-12-26 05:16:01,,,
2025-12-26 05:27:01,14.5,16.733,16.733
2025-12-26 05:34:01,,,
2025-12-26 05:40:01,,,
2025-12-26 05:41:01,,,
2025-12-26 05:45:01,,,
2025-12-26 05:46:01,,,
2025-12-26 05:57:01,14.374,16.607,16.607
2025-12-26 06:04:01,,,
2025-12-26 06:10:01,,,
2025-12-26 06:11:01,,,
2025-12-26 06:15:01,,,
2025-12-26 06:16:01,,,
2025-12-26 06:27:01,14.249,16.482,16.482
2025-12-26 06:34:01,,,
2025-12-26 06:40:01,,,
2025-12-26 06:41:01,,,
2025-12-26 06:45:01,,,
2025-12-26 06:46:01,,,
2025-12-26 06:57:01,14.187,16.419,16.419
2025-12-26 07:04:01,,,
2025-12-26 07:10:01,,,
2025-12-26 07:11:01,,,
2025-12-26 07:15:01,,,
2025-12-26 07:16:01,,,
2025-12-26 07:27:01,14.124,16.294,16.294
2025-12-26 07:34:01,,,
2025-12-26 07:40:01,,,
2025-12-26 07:41:01,,,
2025-12-26 07:45:01,,,
2025-12-26 07:46:01,,,
2025-12-26 07:57:01,14.187,16.169,16.169
2025-12-26 08:04:01,,,
2025-12-26 08:10:01,,,
2025-12-26 08:11:01,,,
2025-12-26 08:15:01,,,
2025-12-26 08:16:01,,,
2025-12-26 08:27:01,14.187,16.106,16.106
2025-12-26 08:34:01,,,
2025-12-26 08:40:01,,,
2025-12-26 08:41:01,,,
2025-12-26 08:45:01,,,
2025-12-26 08:46:01,,,
2025-12-26 08:57:01,14.374,16.043,16.043
2025-12-26 09:04:01,,,
2025-12-26 09:10:01,,,
2025-12-26 09:11:01,,,
2025-12-26 09:15:01,,,
2025-12-26 09:16:01,,,
2025-12-26 09:27:01,14.625,15.918,15.918
2025-12-26 09:34:01,,,
2025-12-26 09:40:01,,,
2025-12-26 09:41:01,,,
2025-12-26 09:45:01,,,
2025-12-26 09:46:01,,,
2025-12-26 09:57:01,15.001,15.855,15.855
2025-12-26 10:04:01,,,
2025-12-26 10:10:01,,,
2025-12-26 10:11:01,,,
2025-12-26 10:15:01,,,
2025-12-26 10:16:01,,,
2025-12-26 10:27:01,15.502,15.855,15.855
2025-12-26 10:34:01,,,
2025-12-26 10:40:01,,,
2025-12-26 10:41:01,,,
2025-12-26 10:45:01,,,
2025-12-26 10:46:01,,,
2025-12-26 10:57:01,16.128,15.855,15.855
2025-12-26 11:04:01,,,
2025-12-26 11:10:01,,,
2025-12-26 11:11:01,,,
2025-12-26 11:15:01,,,
2025-12-26 11:16:01,,,
2025-12-26 11:27:01,16.817,15.855,15.855
2025-12-26 11:34:01,,,
2025-12-26 11:40:01,,,
2025-12-26 11:41:01,,,
2025-12-26 11:45:01,,,
2025-12-26 11:46:01,,,
2025-12-26 11:57:01,17.569,15.918,15.918
2025-12-26 12:04:01,,,
2025-12-26 12:10:01,,,
2025-12-26 12:11:01,,,
2025-12-26 12:15:01,,,
2025-12-26 12:16:01,,,
2025-12-26 12:27:01,18.32,15.981,15.981
2025-12-26 12:34:01,,,
2025-12-26 12:40:01,,,
2025-12-26 12:41:01,,,
2025-12-26 12:45:01,,,
2025-12-26 12:46:01,,,
2025-12-26 12:57:01,19.071,16.043,16.043
2025-12-26 13:04:01,,,
2025-12-26 13:10:01,,,
2025-12-26 13:11:01,,,
2025-12-26 13:15:01,,,
2025-12-26 13:16:01,,,
2025-12-26 13:27:01,19.885,16.231,16.231
2025-12-26 13:34:01,,,
2025-12-26 13:40:01,,,
2025-12-26 13:41:01,,,
2025-12-26 13:45:01,,,
2025-12-26 13:46:01,,,
2025-12-26 13:57:01,20.698,16.419,16.419
2025-12-26 14:04:01,,,
2025-12-26 14:10:01,,,
2025-12-26 14:11:01,,,
2025-12-26 14:15:01,,,
2025-12-26 14:16:01,,,
2025-12-26 14:27:01,21.386,16.607,16.607
2025-12-26 14:34:01,,,
2025-12-26 14:40:01,,,
2025-12-26 14:41:01,,,
2025-12-26 14:45:01,,,
2025-12-26 14:46:01,,,
2025-12-26 14:57:01,21.887,16.858,16.858
2025-12-26 15:04:01,,,
2025-12-26 15:10:01,,,
2025-12-26 15:11:01,,,
2025-12-26 15:15:01,,,
2025-12-26 15:16:01,,,
2025-12-26 15:27:01,22.2,17.171,17.171
2025-12-26 15:34:01,,,
2025-12-26 15:40:01,,,
2025-12-26 15:41:01,,,
2025-12-26 15:45:01,,,
2025-12-26 15:46:01,,,
2025-12-26 15:57:01,22.387,17.484,17.484
2025-12-26 16:04:01,,,
2025-12-26 16:10:01,,,
2025-12-26 16:11:01,,,
2025-12-26 16:15:01,,,
2025-12-26 16:16:01,,,
2025-12-26 16:27:01,22.325,17.798,17.798
2025-12-26 16:34:01,,,
2025-12-26 16:40:01,,,
2025-12-26 16:41:01,,,
2025-12-26 16:45:01,,,
2025-12-26 16:46:01,,,
2025-12-26 16:57:01,22.012,18.111,18.111
2025-12-26 17:04:01,,,
2025-12-26 17:10:01,,,
2025-12-26 17:11:01,,,
2025-12-26 17:15:01,,,
2025-12-26 17:16:01,,,
2025-12-26 17:27:01,21.574,18.361,18.361
2025-12-26 17:34:01,,,
2025-12-26 17:40:01,,,
2025-12-26 17:41:01,,,
2025-12-26 17:45:01,,,
2025-12-26 17:46:01,,,
2025-12-26 17:57:01,21.073,18.612,18.612
2025-12-26 18:04:01,,,
2025-12-26 18:10:01,,,
2025-12-26 18:11:01,,,
2025-12-26 18:15:01,,,
2025-12-26 18:16:01,,,
2025-12-26 18:27:01,20.385,18.8,18.8
2025-12-26 18:34:01,,,
2025-12-26 18:40:01,,,
2025-12-26 18:41:01,,,
2025-12-26 18:45:01,,,
2025-12-26 18:46:01,,,
2025-12-26 18:57:01,19.759,18.988,18.988
2025-12-26 19:04:01,,,
2025-12-26 19:10:01,,,
2025-12-26 19:11:01,,,
2025-12-26 19:15:01,,,
2025-12-26 19:16:01,,,
2025-12-26 19:27:01,19.196,19.05,19.05
2025-12-26 19:34:01,,,
2025-12-26 19:40:01,,,
2025-12-26 19:41:01,,,
2025-12-26 19:45:01,,,
2025-12-26 19:46:01,,,
2025-12-26 19:57:01,18.695,19.05,19.05
2025-12-26 20:04:01,,,
2025-12-26 20:10:01,,,
2025-12-26 20:11:01,,,
2025-12-26 20:15:01,,,
2025-12-26 20:16:01,,,
2025-12-26 20:27:01,18.257,18.988,18.988
2025-12-26 20:34:01,,,
2025-12-26 20:40:01,,,
2025-12-26 20:41:01,,,
2025-12-26 20:45:01,,,
2025-12-26 20:46:01,,,
2025-12-26 20:57:01,17.882,18.925,18.925
2025-12-26 21:04:01,,,
2025-12-26 21:10:01,,,
2025-12-26 21:11:01,,,
2025-12-26 21:15:01,,,
2025-12-26 21:16:01,,,
2025-12-26 21:27:01,17.506,18.8,18.8
2025-12-26 21:34:01,,,
2025-12-26 21:40:01,,,
2025-12-26 21:41:01,,,
2025-12-26 21:45:01,,,
2025-12-26 21:46:01,,,
2025-12-26 21:57:01,17.193,18.674,18.674
2025-12-26 22:04:01,,,
2025-12-26 22:10:01,,,
2025-12-26 22:11:01,,,
2025-12-26 22:15:01,,,
2025-12-26 22:16:01,,,
2025-12-26 22:27:01,16.942,18.549,18.549
2025-12-26 22:34:01,,,
2025-12-26 22:40:01,,,
2025-12-26 22:41:01,,,
2025-12-26 22:45:01,,,
2025-12-26 22:46:01,,,
2025-12-26 22:57:01,16.692,18.424,18.424
2025-12-26 23:04:01,,,
2025-12-26 23:10:01,,,
2025-12-26 23:11:01,,,
2025-12-26 23:15:01,,,
2025-12-26 23:16:01,,,
2025-12-26 23:27:01,16.504,18.299,18.299
2025-12-26 23:34:01,,,
2025-12-26 23:40:01,,,
2025-12-26 23:41:01,,,
2025-12-26 23:45:01,,,
2025-12-26 23:46:01,,,
2025-12-26 23:57:01,16.316,18.173,18.173
2025-12-27 00:04:01,,,
2025-12-27 00:10:01,,,
2025-12-27 00:11:01,,,
2025-12-27 00:15:01,,,
2025-12-27 00:16:01,,,
2025-12-27 00:27:01,16.191,17.986,17.986
2025-12-27 00:34:01,,,
2025-12-27 00:40:01,,,
2025-12-27 00:41:01,,,
2025-12-27 00:45:01,,,
2025-12-27 00:46:01,,,
2025-12-27 00:57:01,16.066,17.86,17.86
2025-12-27 01:04:01,,,
2025-12-27 01:10:01,,,
2025-12-27 01:11:01,,,
2025-12-27 01:15:01,,,
2025-12-27 01:16:01,,,
2025-12-27 01:27:01,15.94,17.735,17.735
2025-12-27 01:34:01,,,
2025-12-27 01:40:01,,,
2025-12-27 01:41:01,,,
2025-12-27 01:45:01,,,
2025-12-27 01:46:01,,,
2025-12-27 01:57:01,15.753,17.61,17.61
2025-12-27 02:04:01,,,
2025-12-27 02:10:01,,,
2025-12-27 02:11:01,,,
2025-12-27 02:15:01,,,
2025-12-27 02:16:01,,,
2025-12-27 02:27:01,15.565,17.547,17.547
2025-12-27 02:34:01,,,
2025-12-27 02:40:01,,,
2025-12-27 02:41:01,,,
2025-12-27 02:45:01,,,
2025-12-27 02:46:01,,,
2025-12-27 02:57:01,15.377,17.422,17.422
2025-12-27 03:04:01,,,
2025-12-27 03:10:01,,,
2025-12-27 03:11:01,,,
2025-12-27 03:15:01,,,
2025-12-27 03:16:01,,,
2025-12-27 03:27:01,15.252,17.297,17.297
2025-12-27 03:34:01,,,
2025-12-27 03:40:01,,,
2025-12-27 03:41:01,,,
2025-12-27 03:45:01,,,
2025-12-27 03:46:01,,,
2025-12-27 03:57:01,15.189,17.171,17.171
2025-12-27 04:04:01,,,
2025-12-27 04:10:01,,,
2025-12-27 04:11:01,,,
2025-12-27 04:15:01,,,
2025-12-27 04:16:01,,,
2025-12-27 04:27:01,15.064,17.046,17.046
2025-12-27 04:34:01,,,
2025-12-27 04:40:01,,,
2025-12-27 04:41:01,,,
2025-12-27 04:45:01,,,
2025-12-27 04:46:01,,,
2025-12-27 04:57:01,14.938,16.983,16.983
2025-12-27 05:04:01,,,
2025-12-27 05:10:01,,,
2025-12-27 05:11:01,,,
2025-12-27 05:15:01,,,
2025-12-27 05:16:01,,,
2025-12-27 05:27:01,14.813,16.858,16.858
2025-12-27 05:34:01,,,
2025-12-27 05:40:01,,,
2025-12-27 05:41:01,,,
2025-12-27 05:45:01,,,
2025-12-27 05:46:01,,,
2025-12-27 05:57:01,14.688,16.733,16.733
2025-12-27 06:04:01,,,
2025-12-27 06:10:01,,,
2025-12-27 06:11:01,,,
2025-12-27 06:15:01,,,
2025-12-27 06:16:01,,,
2025-12-27 06:27:01,14.5,16.67,16.67
2025-12-27 06:34:01,,,
2025-12-27 06:40:01,,,
2025-12-27 06:41:01,,,
2025-12-27 06:45:01,,,
2025-12-27 06:46:01,,,
2025-12-27 06:57:01,14.374,16.545,16.545
2025-12-27 07:04:01,,,
2025-12-27 07:10:01,,,
2025-12-27 07:11:01,,,
2025-12-27 07:15:01,,,
2025-12-27 07:16:01,,,
2025-12-27 07:27:01,14.249,16.419,16.419
2025-12-27 07:34:01,,,
2025-12-27 07:40:01,,,
2025-12-27 07:41:01,,,
2025-12-27 07:45:01,,,
2025-12-27 07:46:01,,,
2025-12-27 07:57:01,14.187,16.357,16.357
2025-12-27 08:04:01,,,
2025-12-27 08:10:01,,,
2025-12-27 08:11:01,,,
2025-12-27 08:15:01,,,
2025-12-27 08:16:01,,,
2025-12-27 08:27:01,14.187,16.231,16.231
2025-12-27 08:34:01,,,
2025-12-27 08:40:01,,,
2025-12-27 08:41:01,,,
2025-12-27 08:45:01,,,
2025-12-27 08:46:01,,,
2025-12-27 08:57:01,14.374,16.169,16.169
2025-12-27 09:04:01,,,
2025-12-27 09:10:01,,,
2025-12-27 09:11:01,,,
2025-12-27 09:15:01,,,
2025-12-27 09:16:01,,,
2025-12-27 09:27:01,14.625,16.106,16.106
2025-12-27 09:34:01,,,
2025-12-27 09:40:01,,,
2025-12-27 09:41:01,,,
2025-12-27 09:45:01,,,
2025-12-27 09:46:01,,,
2025-12-27 09:57:01,15.001,16.043,16.043
2025-12-27 10:04:01,,,
2025-12-27 10:10:01,,,
2025-12-27 10:11:01,,,
2025-12-27 10:15:01,,,
2025-12-27 10:16:01,,,
2025-12-27 10:27:01,15.502,15.981,15.981
2025-12-27 10:34:01,,,
2025-12-27 10:40:01,,,
2025-12-27 10:41:01,,,
2025-12-27 10:45:01,,,
2025-12-27 10:46:01,,,
2025-12-27 10:57:01,16.066,15.981,15.981
2025-12-27 11:04:01,,,
2025-12-27 11:10:01,,,
2025-12-27 11:11:01,,,
2025-12-27 11:15:01,,,
2025-12-27 11:16:01,,,
2025-12-27 11:27:01,16.817,15.981,15.981
2025-12-27 11:34:01,,,
2025-12-27 11:40:01,,,
2025-12-27 11:41:01,,,
2025-12-27 11:45:01,,,
2025-12-27 11:46:01,,,
2025-12-27 11:57:01,17.569,15.981,15.981
2025-12-27 12:04:01,,,
2025-12-27 12:10:01,,,
2025-12-27 12:11:01,,,
2025-12-27 12:15:01,,,
2025-12-27 12:16:01,,,
2025-12-27 12:27:01,18.382,16.043,16.043
2025-12-27 12:34:01,,,
2025-12-27 12:40:01,,,
2025-12-27 12:41:01,,,
2025-12-27 12:45:01,,,
2025-12-27 12:46:01,,,
2025-12-27 12:57:01,19.134,16.169,16.169
2025-12-27 13:04:01,,,
2025-12-27 13:10:01,,,
2025-12-27 13:11:01,,,
2025-12-27 13:15:01,,,
2025-12-27 13:16:01,,,
2025-12-27 13:27:01,19.947,16.294,16.294
2025-12-27 13:34:01,,,
2025-12-27 13:40:01,,,
2025-12-27 13:41:01,,,
2025-12-27 13:45:01,,,
2025-12-27 13:46:01,,,
2025-12-27 13:57:01,20.698,16.419,16.419
2025-12-27 14:04:01,,,
2025-12-27 14:10:01,,,
2025-12-27 14:11:01,,,
2025-12-27 14:15:01,,,
2025-12-27 14:16:01,,,
2025-12-27 14:27:01,21.386,16.67,16.67
2025-12-27 14:34:01,,,
2025-12-27 14:40:01,,,
2025-12-27 14:41:01,,,
2025-12-27 14:45:01,,,
2025-12-27 14:46:01,,,
2025-12-27 14:57:01,21.824,16.921,16.921
2025-12-27 15:04:01,,,
2025-12-27 15:10:01,,,
2025-12-27 15:11:01,,,
2025-12-27 15:15:01,,,
2025-12-27 15:16:01,,,
2025-12-27 15:27:01,22.137,17.171,17.171
2025-12-27 15:34:01,,,
2025-12-27 15:40:01,,,
2025-12-27 15:41:01,,,
2025-12-27 15:45:01,,,
2025-12-27 15:46:01,,,
2025-12-27 15:57:01,22.325,17.484,17.484
2025-12-27 16:04:01,,,
2025-12-27 16:10:01,,,
2025-12-27 16:11:01,,,
2025-12-27 16:15:01,,,
2025-12-27 16:16:01,,,
2025-12-27 16:27:01,22.262,17.798,17.798
2025-12-27 16:34:01,,,
2025-12-27 16:40:01,,,
2025-12-27 16:41:01,,,
2025-12-27 16:45:01,,,
2025-12-27 16:46:01,,,
2025-12-27 16:57:01,22.074,18.048,18.048
2025-12-27 17:04:01,,,
2025-12-27 17:10:01,,,
2025-12-27 17:11:01,,,
2025-12-27 17:15:01,,,
2025-12-27 17:16:01,,,
2025-12-27 17:27:01,21.699,18.361,18.361
2025-12-27 17:34:01,,,
2025-12-27 17:40:01,,,
2025-12-27 17:41:01,,,
2025-12-27 17:45:01,,,
2025-12-27 17:46:01,,,
2025-12-27 17:57:01,21.261,18.612,18.612
2025-12-27 18:04:01,,,
2025-12-27 18:10:01,,,
2025-12-27 18:11:01,,,
2025-12-27 18:15:01,,,
2025-12-27 18:16:01,,,
2025-12-27 18:27:01,20.698,18.8,18.8
2025-12-27 18:34:01,,,
2025-12-27 18:40:01,,,
2025-12-27 18:41:01,,,
2025-12-27 18:45:01,,,
2025-12-27 18:46:01,,,
2025-12-27 18:57:01,20.072,18.988,18.988
2025-12-27 19:04:01,,,
2025-12-27 19:10:01,,,
2025-12-27 19:11:01,,,
2025-12-27 19:15:01,,,
2025-12-27 19:16:01,,,
2025-12-27 19:27:01,19.509,19.05,19.05
2025-12-27 19:34:01,,,
2025-12-27 19:40:01,,,
2025-12-27 19:41:01,,,
2025-12-27 19:45:01,,,
2025-12-27 19:46:01,,,
2025-12-27 19:57:01,19.071,19.113,19.113
2025-12-27 20:04:01,,,
2025-12-27 20:10:01,,,
2025-12-27 20:11:01,,,
2025-12-27 20:15:01,,,
2025-12-27 20:16:01,,,
2025-12-27 20:27:01,18.633,19.113,19.113
2025-12-27 20:34:01,,,
2025-12-27 20:40:01,,,
2025-12-27 20:41:01,,,
2025-12-27 20:45:01,,,
2025-12-27 20:46:01,,,
2025-12-27 20:57:01,18.257,19.05,19.05
2025-12-27 21:04:01,,,
2025-12-27 21:10:01,,,
2025-12-27 21:11:01,,,
2025-12-27 21:15:01,,,
2025-12-27 21:16:01,,,
2025-12-27 21:27:01,17.944,18.988,18.988
2025-12-27 21:34:01,,,
2025-12-27 21:40:01,,,
2025-12-27 21:41:01,,,
2025-12-27 21:45:01,,,
2025-12-27 21:46:01,,,
2025-12-27 21:57:01,17.631,18.862,18.862
2025-12-27 22:04:01,,,
2025-12-27 22:10:01,,,
2025-12-27 22:11:01,,,
2025-12-27 22:15:01,,,
2025-12-27 22:16:01,,,
2025-12-27 22:27:01,17.381,18.737,18.737
2025-12-27 22:34:01,,,
2025-12-27 22:40:01,,,
2025-12-27 22:41:01,,,
2025-12-27 22:45:01,,,
2025-12-27 22:46:01,,,
2025-12-27 22:57:01,17.068,18.612,18.612
2025-12-27 23:04:01,,,
2025-12-27 23:10:01,,,
2025-12-27 23:11:01,,,
2025-12-27 23:15:01,,,
2025-12-27 23:16:01,,,
2025-12-27 23:27:01,16.817,18.487,18.487
2025-12-27 23:34:01,,,
2025-12-27 23:40:01,,,
2025-12-27 23:41:01,,,
2025-12-27 23:45:01,,,
2025-12-27 23:46:01,,,
2025-12-27 23:57:01,16.567,18.361,18.361
2025-12-28 00:04:01,,,
2025-12-28 00:10:01,,,
2025-12-28 00:11:01,,,
2025-12-28 00:15:01,,,
2025-12-28 00:16:01,,,
2025-12-28 00:27:01,16.379,18.236,18.236
2025-12-28 00:34:01,,,
2025-12-28 00:40:01,,,
2025-12-28 00:41:01,,,
2025-12-28 00:45:01,,,
2025-12-28 00:46:01,,,
2025-12-28 00:57:01,16.254,18.111,18.111
2025-12-28 01:04:01,,,
2025-12-28 01:10:01,,,
2025-12-28 01:11:01,,,
2025-12-28 01:15:01,,,
2025-12-28 01:16:01,,,
2025-12-28 01:27:01,16.066,17.986,17.986
2025-12-28 01:34:01,,,
2025-12-28 01:40:01,,,
2025-12-28 01:41:01,,,
2025-12-28 01:45:01,,,
2025-12-28 01:46:01,,,
2025-12-28 01:57:01,15.94,17.86,17.86
2025-12-28 02:04:01,,,
2025-12-28 02:10:01,,,
2025-12-28 02:11:01,,,
2025-12-28 02:15:01,,,
2025-12-28 02:16:01,,,
2025-12-28 02:27:01,15.753,17.735,17.735
2025-12-28 02:34:01,,,
2025-12-28 02:40:01,,,
2025-12-28 02:41:01,,,
2025-12-28 02:45:01,,,
2025-12-28 02:46:01,,,
2025-12-28 02:57:01,15.565,17.61,17.61
2025-12-28 03:04:01,,,
2025-12-28 03:10:01,,,
2025-12-28 03:11:01,,,
2025-12-28 03:15:01,,,
2025-12-28 03:16:01,,,
2025-12-28 03:27:01,15.439,17.484,17.484
2025-12-28 03:34:01,,,
2025-12-28 03:40:01,,,
2025-12-28 03:41:01,,,
2025-12-28 03:45:01,,,
2025-12-28 03:46:01,,,
2025-12-28 03:57:01,15.252,17.359,17.359
2025-12-28 04:04:01,,,
2025-12-28 04:10:01,,,
2025-12-28 04:11:01,,,
2025-12-28 04:15:01,,,
2025-12-28 04:16:01,,,
2025-12-28 04:27:01,15.126,17.297,17.297
2025-12-28 04:34:01,,,
2025-12-28 04:40:01,,,
2025-12-28 04:41:01,,,
2025-12-28 04:45:01,,,
2025-12-28 04:46:01,,,
2025-12-28 04:57:01,14.938,17.171,17.171
2025-12-28 05:04:01,,,
2025-12-28 05:10:01,,,
2025-12-28 05:11:01,,,
2025-12-28 05:15:01,,,
2025-12-28 05:16:01,,,
2025-12-28 05:27:01,14.813,17.046,17.046
2025-12-28 05:34:01,,,
2025-12-28 05:40:01,,,
2025-12-28 05:41:01,,,
2025-12-28 05:45:01,,,
2025-12-28 05:46:01,,,
2025-12-28 05:57:01,14.688,16.921,16.921
2025-12-28 06:04:01,,,
2025-12-28 06:10:01,,,
2025-12-28 06:11:01,,,
2025-12-28 06:15:01,,,
2025-12-28 06:16:01,,,
2025-12-28 06:27:01,14.562,16.795,16.795
2025-12-28 06:34:01,,,
2025-12-28 06:40:01,,,
2025-12-28 06:41:01,,,
2025-12-28 06:45:01,,,
2025-12-28 06:46:01,,,
2025-12-28 06:57:01,14.5,16.733,16.733
2025-12-28 07:04:01,,,
2025-12-28 07:10:01,,,
2025-12-28 07:11:01,,,
2025-12-28 07:15:01,,,
2025-12-28 07:16:01,,,
2025-12-28 07:27:01,14.437,16.607,16.607
2025-12-28 07:34:01,,,
2025-12-28 07:40:01,,,
2025-12-28 07:41:01,,,
2025-12-28 07:45:01,,,
2025-12-28 07:46:01,,,
2025-12-28 07:57:01,14.437,16.545,16.545
2025-12-28 08:04:01,,,
2025-12-28 08:10:01,,,
2025-12-28 08:11:01,,,
2025-12-28 08:15:01,,,
2025-12-28 08:16:01,,,
2025-12-28 08:27:01,14.437,16.419,16.419
2025-12-28 08:34:01,,,
2025-12-28 08:40:01,,,
2025-12-28 08:41:01,,,
2025-12-28 08:45:01,,,
2025-12-28 08:46:01,,,
2025-12-28 08:57:01,14.688,16.357,16.357
2025-12-28 09:04:01,,,
2025-12-28 09:10:01,,,
2025-12-28 09:11:01,,,
2025-12-28 09:15:01,,,
2025-12-28 09:16:01,,,
2025-12-28 09:27:01,15.001,16.231,16.231
2025-12-28 09:34:01,,,
2025-12-28 09:40:01,,,
2025-12-28 09:41:01,,,
2025-12-28 09:45:01,,,
2025-12-28 09:46:01,,,
2025-12-28 09:57:01,15.377,16.231,16.231
2025-12-28 10:04:01,,,
2025-12-28 10:10:01,,,
2025-12-28 10:11:01,,,
2025-12-28 10:15:01,,,
2025-12-28 10:16:01,,,
2025-12-28 10:27:01,15.94,16.169,16.169
2025-12-28 10:34:01,,,
2025-12-28 10:40:01,,,
2025-12-28 10:41:01,,,
2025-12-28 10:45:01,,,
2025-12-28 10:46:01,,,
2025-12-28 10:57:01,16.567,16.106,16.106
2025-12-28 11:04:01,,,
2025-12-28 11:10:01,,,
2025-12-28 11:11:01,,,
2025-12-28 11:15:01,,,
2025-12-28 11:16:01,,,
2025-12-28 11:27:01,17.256,16.169,16.169
2025-12-28 11:34:01,,,
2025-12-28 11:40:01,,,
2025-12-28 11:41:01,,,
2025-12-28 11:45:01,,,
2025-12-28 11:46:01,,,
2025-12-28 11:57:01,18.007,16.169,16.169
2025-12-28 12:04:01,,,
2025-12-28 12:10:01,,,
2025-12-28 12:11:01,,,
2025-12-28 12:15:01,,,
2025-12-28 12:16:01,,,
2025-12-28 12:27:01,18.695,16.231,16.231
2025-12-28 12:34:01,,,
2025-12-28 12:40:01,,,
2025-12-28 12:41:01,,,
2025-12-28 12:45:01,,,
2025-12-28 12:46:01,,,
2025-12-28 12:57:01,19.321,16.357,16.357
2025-12-28 13:04:01,,,
2025-12-28 13:10:01,,,
2025-12-28 13:11:01,,,
2025-12-28 13:15:01,,,
2025-12-28 13:16:01,,,
2025-12-28 13:27:01,20.072,16.482,16.482
2025-12-28 13:34:01,,,
2025-12-28 13:40:01,,,
2025-12-28 13:41:01,,,
2025-12-28 13:45:01,,,
2025-12-28 13:46:01,,,
2025-12-28 13:57:01,20.761,16.607,16.607
2025-12-28 14:04:01,,,
2025-12-28 14:10:01,,,
2025-12-28 14:11:01,,,
2025-12-28 14:15:01,,,
2025-12-28 14:16:01,,,
2025-12-28 14:27:01,21.449,16.858,16.858
2025-12-28 14:34:01,,,
2025-12-28 14:40:01,,,
2025-12-28 14:41:01,,,
2025-12-28 14:45:01,,,
2025-12-28 14:46:01,,,
2025-12-28 14:57:01,21.824,17.046,17.046
2025-12-28 15:04:01,,,
2025-12-28 15:10:01,,,
2025-12-28 15:11:01,,,
2025-12-28 15:15:01,,,
2025-12-28 15:16:01,,,
2025-12-28 15:27:01,22.012,17.297,17.297
2025-12-28 15:34:01,,,
2025-12-28 15:40:01,,,
2025-12-28 15:41:01,,,
2025-12-28 15:45:01,,,
2025-12-28 15:46:01,,,
2025-12-28 15:57:01,22.074,17.61,17.61
2025-12-28 16:04:01,,,
2025-12-28 16:10:01,,,
2025-12-28 16:11:01,,,
2025-12-28 16:15:01,,,
2025-12-28 16:16:01,,,
2025-12-28 16:27:01,22.012,17.86,17.86
2025-12-28 16:34:01,,,
2025-12-28 16:40:01,,,
2025-12-28 16:41:01,,,
2025-12-28 16:45:01,,,
2025-12-28 16:46:01,,,
2025-12-28 16:57:01,21.887,18.173,18.173
2025-12-28 17:04:01,,,
2025-12-28 17:10:01,,,
2025-12-28 17:11:01,,,
2025-12-28 17:15:01,,,
2025-12-28 17:16:01,,,
2025-12-28 17:27:01,21.574,18.424,18.424
2025-12-28 17:34:01,,,
2025-12-28 17:40:01,,,
2025-12-28 17:41:01,,,
2025-12-28 17:45:01,,,
2025-12-28 17:46:01,,,
2025-12-28 17:57:01,21.136,18.612,18.612
2025-12-28 18:04:01,,,
2025-12-28 18:10:01,,,
2025-12-28 18:11:01,,,
2025-12-28 18:15:01,,,
2025-12-28 18:16:01,,,
2025-12-28 18:27:01,20.573,18.8,18.8
2025-12-28 18:34:01,,,
2025-12-28 18:40:01,,,
2025-12-28 18:41:01,,,
2025-12-28 18:45:01,,,
2025-12-28 18:46:01,,,
2025-12-28 18:57:01,19.947,18.988,18.988
2025-12-28 19:04:01,,,
2025-12-28 19:10:01,,,
2025-12-28 19:11:01,,,
2025-12-28 19:15:01,,,
2025-12-28 19:16:01,,,
2025-12-28 19:27:01,19.321,19.05,19.05
2025-12-28 19:34:01,,,
2025-12-28 19:40:01,,,
2025-12-28 19:41:01,,,
2025-12-28 19:45:01,,,
2025-12-28 19:46:01,,,
2025-12-28 19:57:01,18.758,19.05,19.05
2025-12-28 20:04:01,,,
2025-12-28 20:10:01,,,
2025-12-28 20:11:01,,,
2025-12-28 20:15:01,,,
2025-12-28 20:16:01,,,
2025-12-28 20:27:01,18.32,19.05,19.05
2025-12-28 20:34:01,,,
2025-12-28 20:40:01,,,
2025-12-28 20:41:01,,,
2025-12-28 20:45:01,,,
2025-12-28 20:46:01,,,
2025-12-28 20:57:01,18.007,18.988,18.988
2025-12-28 21:04:01,,,
2025-12-28 21:10:01,,,
2025-12-28 21:11:01,,,
2025-12-28 21:15:01,,,
2025-12-28 21:16:01,,,
2025-12-28 21:27:01,17.694,18.925,18.925
2025-12-28 21:34:01,,,
2025-12-28 21:40:01,,,
2025-12-28 21:41:01,,,
2025-12-28 21:45:01,,,
2025-12-28 21:46:01,,,
2025-12-28 21:57:01,17.506,18.8,18.8
2025-12-28 22:04:01,,,
2025-12-28 22:10:01,,,
2025-12-28 22:11:01,,,
2025-12-28 22:15:01,,,
2025-12-28 22:16:01,,,
2025-12-28 22:27:01,17.193,18.674,18.674
2025-12-28 22:34:01,,,
2025-12-28 22:40:01,,,
2025-12-28 22:41:01,,,
2025-12-28 22:45:01,,,
2025-12-28 22:46:01,,,
2025-12-28 22:57:01,16.88,18.549,18.549
2025-12-28 23:04:01,,,
2025-12-28 23:10:01,,,
2025-12-28 23:11:01,,,
2025-12-28 23:15:01,,,
2025-12-28 23:16:01,,,
2025-12-28 23:27:01,16.629,18.424,18.424
2025-12-28 23:34:01,,,
2025-12-28 23:40:01,,,
2025-12-28 23:41:01,,,
2025-12-28 23:45:01,,,
2025-12-28 23:46:01,,,
2025-12-28 23:57:01,16.441,18.299,18.299
2025-12-29 00:04:01,,,
2025-12-29 00:10:01,,,
2025-12-29 00:11:01,,,
2025-12-29 00:15:01,,,
2025-12-29 00:16:01,,,
2025-12-29 00:27:01,16.254,18.173,18.173
2025-12-29 00:34:01,,,
2025-12-29 00:40:01,,,
2025-12-29 00:41:01,,,
2025-12-29 00:45:01,,,
2025-12-29 00:46:01,,,
2025-12-29 00:57:01,16.128,18.048,18.048
2025-12-29 01:04:01,,,
2025-12-29 01:10:01,,,
2025-12-29 01:11:01,,,
2025-12-29 01:15:01,,,
2025-12-29 01:16:01,,,
2025-12-29 01:27:01,15.94,17.923,17.923
2025-12-29 01:34:01,,,
2025-12-29 01:40:01,,,
2025-12-29 01:41:01,,,
2025-12-29 01:45:01,,,
2025-12-29 01:46:01,,,
2025-12-29 01:57:01,15.815,17.798,17.798
2025-12-29 02:04:01,,,
2025-12-29 02:10:01,,,
2025-12-29 02:11:01,,,
2025-12-29 02:15:01,,,
2025-12-29 02:16:01,,,
2025-12-29 02:27:01,15.69,17.672,17.672
2025-12-29 02:34:01,,,
2025-12-29 02:40:01,,,
2025-12-29 02:41:01,,,
2025-12-29 02:45:01,,,
2025-12-29 02:46:01,,,
2025-12-29 02:57:01,15.502,17.547,17.547
2025-12-29 03:04:01,,,
2025-12-29 03:10:01,,,
2025-12-29 03:11:01,,,
2025-12-29 03:15:01,,,
2025-12-29 03:16:01,,,
2025-12-29 03:27:01,15.377,17.422,17.422
2025-12-29 03:34:01,,,
2025-12-29 03:40:01,,,
2025-12-29 03:41:01,,,
2025-12-29 03:45:01,,,
2025-12-29 03:46:01,,,
2025-12-29 03:57:01,15.314,17.359,17.359
2025-12-29 04:04:01,,,
2025-12-29 04:10:01,,,
2025-12-29 04:11:01,,,
2025-12-29 04:15:01,,,
2025-12-29 04:16:01,,,
2025-12-29 04:27:01,15.252,17.234,17.234
2025-12-29 04:34:01,,,
2025-12-29 04:40:01,,,
2025-12-29 04:41:01,,,
2025-12-29 04:45:01,,,
2025-12-29 04:46:01,,,
2025-12-29 04:57:01,15.252,17.171,17.171
2025-12-29 05:04:01,,,
2025-12-29 05:10:01,,,
2025-12-29 05:11:01,,,
2025-12-29 05:15:01,,,
2025-12-29 05:16:01,,,
2025-12-29 05:27:01,15.126,17.046,17.046
2025-12-29 05:34:01,,,
2025-12-29 05:40:01,,,
2025-12-29 05:41:01,,,
2025-12-29 05:45:01,,,
2025-12-29 05:46:01,,,
2025-12-29 05:57:01,14.938,16.921,16.921
2025-12-29 06:04:01,,,
2025-12-29 06:10:01,,,
2025-12-29 06:11:01,,,
2025-12-29 06:15:01,,,
2025-12-29 06:16:01,,,
2025-12-29 06:27:01,14.75,16.858,16.858
2025-12-29 06:34:01,,,
2025-12-29 06:40:01,,,
2025-12-29 06:41:01,,,
2025-12-29 06:45:01,,,
2025-12-29 06:46:01,,,
2025-12-29 06:57:01,14.688,16.733,16.733
2025-12-29 07:04:01,,,
2025-12-29 07:10:01,,,
2025-12-29 07:11:01,,,
2025-12-29 07:15:01,,,
2025-12-29 07:16:01,,,
2025-12-29 07:27:01,14.625,16.67,16.67
2025-12-29 07:34:01,,,
2025-12-29 07:40:01,,,
2025-12-29 07:41:01,,,
2025-12-29 07:45:01,,,
2025-12-29 07:46:01,,,
2025-12-29 07:57:01,14.625,16.545,16.545
2025-12-29 08:04:01,,,
2025-12-29 08:10:01,,,
2025-12-29 08:11:01,,,
2025-12-29 08:15:01,,,
2025-12-29 08:16:01,,,
2025-12-29 08:27:01,14.562,16.482,16.482
2025-12-29 08:34:01,,,
2025-12-29 08:40:01,,,
2025-12-29 08:41:01,,,
2025-12-29 08:45:01,,,
2025-12-29 08:46:01,,,
2025-12-29 08:57:01,14.75,16.419,16.419
2025-12-29 09:04:01,,,
2025-12-29 09:10:01,,,
2025-12-29 09:11:01,,,
2025-12-29 09:15:01,,,
2025-12-29 09:16:01,,,
2025-12-29 09:27:01,15.001,16.294,16.294
2025-12-29 09:34:01,,,
2025-12-29 09:40:01,,,
2025-12-29 09:41:01,,,
2025-12-29 09:45:01,,,
2025-12-29 09:46:01,,,
2025-12-29 09:57:01,15.439,16.231,16.231
2025-12-29 10:04:01,,,
2025-12-29 10:10:01,,,
2025-12-29 10:11:01,,,
2025-12-29 10:15:01,,,
2025-12-29 10:16:01,,,
2025-12-29 10:27:01,15.94,16.169,16.169
2025-12-29 10:34:01,,,
2025-12-29 10:40:01,,,
2025-12-29 10:41:01,,,
2025-12-29 10:45:01,,,
2025-12-29 10:46:01,,,
2025-12-29 10:57:01,16.567,16.169,16.169
2025-12-29 11:04:01,,,
2025-12-29 11:10:01,,,
2025-12-29 11:11:01,,,
2025-12-29 11:15:01,,,
2025-12-29 11:16:01,,,
2025-12-29 11:27:01,17.256,16.169,16.169
2025-12-29 11:34:01,,,
2025-12-29 11:40:01,,,
2025-12-29 11:41:01,,,
2025-12-29 11:45:01,,,
2025-12-29 11:46:01,,,
2025-12-29 11:57:01,18.007,16.231,16.231
2025-12-29 12:04:01,,,
2025-12-29 12:10:01,,,
2025-12-29 12:11:01,,,
2025-12-29 12:15:01,,,
2025-12-29 12:16:01,,,
2025-12-29 12:27:01,18.821,16.294,16.294
2025-12-29 12:34:01,,,
2025-12-29 12:40:01,,,
2025-12-29 12:41:01,,,
2025-12-29 12:45:01,,,
2025-12-29 12:46:01,,,
2025-12-29 12:57:01,19.572,16.357,16.357
2025-12-29 13:04:01,,,
2025-12-29 13:10:01,,,
2025-12-29 13:11:01,,,
2025-12-29 13:15:01,,,
2025-12-29 13:16:01,,,
2025-12-29 13:27:01,20.323,16.482,16.482
2025-12-29 13:34:01,,,
2025-12-29 13:40:01,,,
2025-12-29 13:41:01,,,
2025-12-29 13:45:01,,,
2025-12-29 13:46:01,,,
2025-12-29 13:57:01,21.199,16.67,16.67
2025-12-29 14:04:01,,,
2025-12-29 14:10:01,,,
2025-12-29 14:11:01,,,
2025-12-29 14:15:01,,,
2025-12-29 14:16:01,,,
2025-12-29 14:27:01,21.824,16.921,16.921
2025-12-29 14:34:01,,,
2025-12-29 14:40:01,,,
2025-12-29 14:41:01,,,
2025-12-29 14:45:01,,,
2025-12-29 14:46:01,,,
2025-12-29 14:57:01,22.2,17.171,17.171
2025-12-29 15:04:01,,,
2025-12-29 15:10:01,,,
2025-12-29 15:11:01,,,
2025-12-29 15:15:01,,,
2025-12-29 15:16:01,,,
2025-12-29 15:27:01,22.512,17.422,17.422
2025-12-29 15:34:01,,,
2025-12-29 15:40:01,,,
2025-12-29 15:41:01,,,
2025-12-29 15:45:01,,,
2025-12-29 15:46:01,,,
2025-12-29 15:57:01,22.637,17.735,17.735
2025-12-29 16:04:01,,,
2025-12-29 16:10:01,,,
2025-12-29 16:11:01,,,
2025-12-29 16:15:01,,,
2025-12-29 16:16:01,,,
2025-12-29 16:27:01,22.512,17.986,17.986
2025-12-29 16:34:01,,,
2025-12-29 16:40:01,,,
2025-12-29 16:41:01,,,
2025-12-29 16:45:01,,,
2025-12-29 16:46:01,,,
2025-12-29 16:57:01,22.325,18.299,18.299
2025-12-29 17:04:01,,,
2025-12-29 17:10:01,,,
2025-12-29 17:11:01,,,
2025-12-29 17:15:01,,,
2025-12-29 17:16:01,,,
2025-12-29 17:27:01,21.949,18.612,18.612
2025-12-29 17:34:01,,,
2025-12-29 17:40:01,,,
2025-12-29 17:41:01,,,
2025-12-29 17:45:01,,,
2025-12-29 17:46:01,,,
2025-12-29 17:57:01,21.511,18.8,18.8
2025-12-29 18:04:01,,,
2025-12-29 18:10:01,,,
2025-12-29 18:11:01,,,
2025-12-29 18:15:01,,,
2025-12-29 18:16:01,,,
2025-12-29 18:27:01,20.948,18.988,18.988
2025-12-29 18:34:01,,,
2025-12-29 18:40:01,,,
2025-12-29 18:41:01,,,
2025-12-29 18:45:01,,,
2025-12-29 18:46:01,,,
2025-12-29 18:57:01,20.385,19.175,19.175
2025-12-29 19:04:01,,,
2025-12-29 19:10:01,,,
2025-12-29 19:11:01,,,
2025-12-29 19:15:01,,,
2025-12-29 19:16:01,,,
2025-12-29 19:27:01,19.759,19.238,19.238
2025-12-29 19:34:01,,,
2025-12-29 19:40:01,,,
2025-12-29 19:41:01,,,
2025-12-29 19:45:01,,,
2025-12-29 19:46:01,,,
2025-12-29 19:57:01,19.259,19.301,19.301
2025-12-29 20:04:01,,,
2025-12-29 20:10:01,,,
2025-12-29 20:11:01,,,
2025-12-29 20:15:01,,,
2025-12-29 20:16:01,,,
2025-12-29 20:27:01,18.758,19.301,19.301
2025-12-29 20:34:01,,,
2025-12-29 20:40:01,,,
2025-12-29 20:41:01,,,
2025-12-29 20:45:01,,,
2025-12-29 20:46:01,,,
2025-12-29 20:57:01,18.445,19.238,19.238
2025-12-29 21:04:01,,,
2025-12-29 21:10:01,,,
2025-12-29 21:11:01,,,
2025-12-29 21:15:01,,,
2025-12-29 21:16:01,,,
2025-12-29 21:27:01,18.069,19.175,19.175
2025-12-29 21:34:01,,,
2025-12-29 21:40:01,,,
2025-12-29 21:41:01,,,
2025-12-29 21:45:01,,,
2025-12-29 21:46:01,,,
2025-12-29 21:57:01,17.819,19.05,19.05
2025-12-29 22:04:01,,,
2025-12-29 22:10:01,,,
2025-12-29 22:11:01,,,
2025-12-29 22:15:01,,,
2025-12-29 22:16:01,,,
2025-12-29 22:27:01,17.506,18.925,18.925
2025-12-29 22:34:01,,,
2025-12-29 22:40:01,,,
2025-12-29 22:41:01,,,
2025-12-29 22:45:01,,,
2025-12-29 22:46:01,,,
2025-12-29 22:57:01,17.193,18.8,18.8
2025-12-29 23:04:01,,,
2025-12-29 23:10:01,,,
2025-12-29 23:11:01,,,
2025-12-29 23:15:01,,,
2025-12-29 23:16:01,,,
2025-12-29 23:27:01,16.88,18.674,18.674
2025-12-29 23:34:01,,,
2025-12-29 23:40:01,,,
2025-12-29 23:41:01,,,
2025-12-29 23:45:01,,,
2025-12-29 23:46:01,,,
2025-12-29 23:57:01,16.629,18.549,18.549
2025-12-30 00:04:01,,,
2025-12-30 00:10:01,,,
2025-12-30 00:11:01,,,
2025-12-30 00:15:01,,,
2025-12-30 00:16:01,,,
2025-12-30 00:27:01,16.441,18.361,18.361
2025-12-30 00:34:01,,,
2025-12-30 00:40:01,,,
2025-12-30 00:41:01,,,
2025-12-30 00:45:01,,,
2025-12-30 00:46:01,,,
2025-12-30 00:57:01,16.316,18.236,18.236
2025-12-30 01:04:01,,,
2025-12-30 01:10:01,,,
2025-12-30 01:11:01,,,
2025-12-30 01:15:01,,,
2025-12-30 01:16:01,,,
2025-12-30 01:27:01,16.191,18.111,18.111
2025-12-30 01:34:01,,,
2025-12-30 01:40:01,,,
2025-12-30 01:41:01,,,
2025-12-30 01:45:01,,,
2025-12-30 01:46:01,,,
2025-12-30 01:57:01,16.003,17.986,17.986
2025-12-30 02:04:01,,,
2025-12-30 02:10:01,,,
2025-12-30 02:11:01,,,
2025-12-30 02:15:01,,,
2025-12-30 02:16:01,,,
2025-12-30 02:27:01,15.815,17.86,17.86
2025-12-30 02:34:01,,,
2025-12-30 02:40:01,,,
2025-12-30 02:41:01,,,
2025-12-30 02:45:01,,,
2025-12-30 02:46:01,,,
2025-12-30 02:57:01,15.69,17.735,17.735
2025-12-30 03:04:01,,,
2025-12-30 03:10:01,,,
2025-12-30 03:11:01,,,
2025-12-30 03:15:01,,,
2025-12-30 03:16:01,,,
2025-12-30 03:27:01,15.565,17.672,17.672
2025-12-30 03:34:01,,,
2025-12-30 03:40:01,,,
2025-12-30 03:41:01,,,
2025-12-30 03:45:01,,,
2025-12-30 03:46:01,,,
2025-12-30 03:57:01,15.377,17.547,17.547
2025-12-30 04:04:01,,,
2025-12-30 04:10:01,,,
2025-12-30 04:11:01,,,
2025-12-30 04:15:01,,,
2025-12-30 04:16:01,,,
2025-12-30 04:27:01,15.314,17.422,17.422
2025-12-30 04:34:01,,,
2025-12-30 04:40:01,,,
2025-12-30 04:41:01,,,
2025-12-30 04:45:01,,,
2025-12-30 04:46:01,,,
2025-12-30 04:57:01,15.377,17.297,17.297
2025-12-30 05:04:01,,,
2025-12-30 05:10:01,,,
2025-12-30 05:11:01,,,
2025-12-30 05:15:01,,,
2025-12-30 05:16:01,,,
2025-12-30 05:27:01,15.314,17.171,17.171
2025-12-30 05:34:01,,,
2025-12-30 05:40:01,,,
2025-12-30 05:41:01,,,
2025-12-30 05:45:01,,,
2025-12-30 05:46:01,,,
2025-12-30 05:57:01,15.126,17.109,17.109
2025-12-30 06:04:01,,,
2025-12-30 06:10:01,,,
2025-12-30 06:11:01,,,
2025-12-30 06:15:01,,,
2025-12-30 06:16:01,,,
2025-12-30 06:27:01,15.064,16.983,16.983
2025-12-30 06:34:01,,,
2025-12-30 06:40:01,,,
2025-12-30 06:41:01,,,
2025-12-30 06:45:01,,,
2025-12-30 06:46:01,,,
2025-12-30 06:57:01,15.001,16.921,16.921
2025-12-30 07:04:01,,,
2025-12-30 07:10:01,,,
2025-12-30 07:11:01,,,
2025-12-30 07:15:01,,,
2025-12-30 07:16:01,,,
2025-12-30 07:27:01,14.938,16.795,16.795
2025-12-30 07:34:01,,,
2025-12-30 07:40:01,,,
2025-12-30 07:41:01,,,
2025-12-30 07:45:01,,,
2025-12-30 07:46:01,,,
2025-12-30 07:57:01,14.876,16.733,16.733
2025-12-30 08:04:01,,,
2025-12-30 08:10:01,,,
2025-12-30 08:11:01,,,
2025-12-30 08:15:01,,,
2025-12-30 08:16:01,,,
2025-12-30 08:27:01,14.813,16.607,16.607
2025-12-30 08:34:01,,,
2025-12-30 08:40:01,,,
2025-12-30 08:41:01,,,
2025-12-30 08:45:01,,,
2025-12-30 08:46:01,,,
2025-12-30 08:57:01,14.938,16.545,16.545
2025-12-30 09:04:01,,,
2025-12-30 09:10:01,,,
2025-12-30 09:11:01,,,
2025-12-30 09:15:01,,,
2025-12-30 09:16:01,,,
2025-12-30 09:27:01,15.189,16.419,16.419
2025-12-30 09:34:01,,,
2025-12-30 09:40:01,,,
2025-12-30 09:41:01,,,
2025-12-30 09:45:01,,,
2025-12-30 09:46:01,,,
2025-12-30 09:57:01,15.627,16.357,16.357
2025-12-30 10:04:01,,,
2025-12-30 10:10:01,,,
2025-12-30 10:11:01,,,
2025-12-30 10:15:01,,,
2025-12-30 10:16:01,,,
2025-12-30 10:27:01,16.191,16.357,16.357
2025-12-30 10:34:01,,,
2025-12-30 10:40:01,,,
2025-12-30 10:41:01,,,
2025-12-30 10:45:01,,,
2025-12-30 10:46:01,,,
2025-12-30 10:57:01,16.755,16.294,16.294
2025-12-30 11:04:01,,,
2025-12-30 11:10:01,,,
2025-12-30 11:11:01,,,
2025-12-30 11:15:01,,,
2025-12-30 11:16:01,,,
2025-12-30 11:27:01,17.443,16.357,16.357
2025-12-30 11:34:01,,,
2025-12-30 11:40:01,,,
2025-12-30 11:41:01,,,
2025-12-30 11:45:01,,,
2025-12-30 11:46:01,,,
2025-12-30 11:57:01,18.257,16.357,16.357
2025-12-30 12:04:01,,,
2025-12-30 12:10:01,,,
2025-12-30 12:11:01,,,
2025-12-30 12:15:01,,,
2025-12-30 12:16:01,,,
2025-12-30 12:27:01,19.071,16.419,16.419
2025-12-30 12:34:01,,,
2025-12-30 12:40:01,,,
2025-12-30 12:41:01,,,
2025-12-30 12:45:01,,,
2025-12-30 12:46:01,,,
2025-12-30 12:57:01,19.885,16.545,16.545
2025-12-30 13:04:01,,,
2025-12-30 13:10:01,,,
2025-12-30 13:11:01,,,
2025-12-30 13:15:01,,,
2025-12-30 13:16:01,,,
2025-12-30 13:27:01,20.635,16.67,16.67
2025-12-30 13:34:01,,,
2025-12-30 13:40:01,,,
2025-12-30 13:41:01,,,
2025-12-30 13:45:01,,,
2025-12-30 13:46:01,,,
2025-12-30 13:57:01,21.449,16.858,16.858
2025-12-30 14:04:01,,,
2025-12-30 14:10:01,,,
2025-12-30 14:11:01,,,
2025-12-30 14:15:01,,,
2025-12-30 14:16:01,,,
2025-12-30 14:27:01,22.137,17.046,17.046
2025-12-30 14:34:01,,,
2025-12-30 14:40:01,,,
2025-12-30 14:41:01,,,
2025-12-30 14:45:01,,,
2025-12-30 14:46:01,,,
2025-12-30 14:57:01,22.512,17.297,17.297
2025-12-30 15:04:01,,,
2025-12-30 15:10:01,,,
2025-12-30 15:11:01,,,
2025-12-30 15:15:01,,,
2025-12-30 15:16:01,,,
2025-12-30 15:27:01,22.825,17.547,17.547
2025-12-30 15:34:01,,,
2025-12-30 15:40:01,,,
2025-12-30 15:41:01,,,
2025-12-30 15:45:01,,,
2025-12-30 15:46:01,,,
2025-12-30 15:57:01,23.013,17.86,17.86
2025-12-30 16:04:01,,,
2025-12-30 16:10:01,,,
2025-12-30 16:11:01,,,
2025-12-30 16:15:01,,,
2025-12-30 16:16:01,,,
2025-12-30 16:27:01,23.013,18.173,18.173
2025-12-30 16:34:01,,,
2025-12-30 16:40:01,,,
2025-12-30 16:41:01,,,
2025-12-30 16:45:01,,,
2025-12-30 16:46:01,,,
2025-12-30 16:57:01,22.825,18.487,18.487
2025-12-30 17:04:01,,,
2025-12-30 17:10:01,,,
2025-12-30 17:11:01,,,
2025-12-30 17:15:01,,,
2025-12-30 17:16:01,,,
2025-12-30 17:27:01,22.512,18.737,18.737
2025-12-30 17:34:01,,,
2025-12-30 17:40:01,,,
2025-12-30 17:41:01,,,
2025-12-30 17:45:01,,,
2025-12-30 17:46:01,,,
2025-12-30 17:57:01,22.012,18.988,18.988
2025-12-30 18:04:01,,,
2025-12-30 18:10:01,,,
2025-12-30 18:11:01,,,
2025-12-30 18:15:01,,,
2025-12-30 18:16:01,,,
2025-12-30 18:27:01,21.449,19.175,19.175
2025-12-30 18:34:01,,,
2025-12-30 18:40:01,,,
2025-12-30 18:41:01,,,
2025-12-30 18:45:01,,,
2025-12-30 18:46:01,,,
2025-12-30 18:57:01,20.761,19.363,19.363
2025-12-30 19:04:01,,,
2025-12-30 19:10:01,,,
2025-12-30 19:11:01,,,
2025-12-30 19:15:01,,,
2025-12-30 19:16:01,,,
2025-12-30 19:27:01,20.072,19.488,19.488
2025-12-30 19:34:01,,,
2025-12-30 19:40:01,,,
2025-12-30 19:41:01,,,
2025-12-30 19:45:01,,,
2025-12-30 19:46:01,,,
2025-12-30 19:57:01,19.509,19.551,19.551
2025-12-30 20:04:01,,,
2025-12-30 20:10:01,,,
2025-12-30 20:11:01,,,
2025-12-30 20:15:01,,,
2025-12-30 20:16:01,,,
2025-12-30 20:27:01,19.071,19.488,19.488
2025-12-30 20:34:01,,,
2025-12-30 20:40:01,,,
2025-12-30 20:41:01,,,
2025-12-30 20:45:01,,,
2025-12-30 20:46:01,,,
2025-12-30 20:57:01,18.758,19.488,19.488
2025-12-30 21:04:01,,,
2025-12-30 21:10:01,,,
2025-12-30 21:11:01,,,
2025-12-30 21:15:01,,,
2025-12-30 21:16:01,,,
2025-12-30 21:27:01,18.445,19.426,19.426
2025-12-30 21:34:01,,,
2025-12-30 21:40:01,,,
2025-12-30 21:41:01,,,
2025-12-30 21:45:01,,,
2025-12-30 21:46:01,,,
2025-12-30 21:57:01,18.195,19.301,19.301
2025-12-30 22:04:01,,,
2025-12-30 22:10:01,,,
2025-12-30 22:11:01,,,
2025-12-30 22:15:01,,,
2025-12-30 22:16:01,,,
2025-12-30 22:27:01,17.882,19.175,19.175
2025-12-30 22:34:01,,,
2025-12-30 22:40:01,,,
2025-12-30 22:41:01,,,
2025-12-30 22:45:01,,,
2025-12-30 22:46:01,,,
2025-12-30 22:57:01,17.569,19.113,19.113
2025-12-30 23:04:01,,,
2025-12-30 23:10:01,,,
2025-12-30 23:11:01,,,
2025-12-30 23:15:01,,,
2025-12-30 23:16:01,,,
2025-12-30 23:27:01,17.193,18.925,18.925
2025-12-30 23:34:01,,,
2025-12-30 23:40:01,,,
2025-12-30 23:41:01,,,
2025-12-30 23:45:01,,,
2025-12-30 23:46:01,,,
2025-12-30 23:57:01,16.942,18.8,18.8
2025-12-31 00:04:01,,,
2025-12-31 00:10:01,,,
2025-12-31 00:11:01,,,
2025-12-31 00:15:01,,,
2025-12-31 00:16:01,,,
2025-12-31 00:27:01,16.692,18.674,18.674
2025-12-31 00:34:01,,,
2025-12-31 00:40:01,,,
2025-12-31 00:41:01,,,
2025-12-31 00:45:01,,,
2025-12-31 00:46:01,,,
2025-12-31 00:57:01,16.504,18.549,18.549
2025-12-31 01:04:01,,,
2025-12-31 01:10:01,,,
2025-12-31 01:11:01,,,
2025-12-31 01:15:01,,,
2025-12-31 01:16:01,,,
2025-12-31 01:27:01,16.379,18.424,18.424
2025-12-31 01:34:01,,,
2025-12-31 01:40:01,,,
2025-12-31 01:41:01,,,
2025-12-31 01:45:01,,,
2025-12-31 01:46:01,,,
2025-12-31 01:57:01,16.191,18.299,18.299
2025-12-31 02:04:01,,,
2025-12-31 02:10:01,,,
2025-12-31 02:11:01,,,
2025-12-31 02:15:01,,,
2025-12-31 02:16:01,,,
2025-12-31 02:27:01,16.066,18.173,18.173
2025-12-31 02:34:01,,,
2025-12-31 02:40:01,,,
2025-12-31 02:41:01,,,
2025-12-31 02:45:01,,,
2025-12-31 02:46:01,,,
2025-12-31 02:57:01,15.94,18.048,18.048
2025-12-31 03:04:01,,,
2025-12-31 03:10:01,,,
2025-12-31 03:11:01,,,
2025-12-31 03:15:01,,,
2025-12-31 03:16:01,,,
2025-12-31 03:27:01,15.753,17.923,17.923
2025-12-31 03:34:01,,,
2025-12-31 03:40:01,,,
2025-12-31 03:41:01,,,
2025-12-31 03:45:01,,,
2025-12-31 03:46:01,,,
2025-12-31 03:57:01,15.565,17.798,17.798
2025-12-31 04:04:01,,,
2025-12-31 04:10:01,,,
2025-12-31 04:11:01,,,
2025-12-31 04:15:01,,,
2025-12-31 04:16:01,,,
2025-12-31 04:27:01,15.377,17.672,17.672
2025-12-31 04:34:01,,,
2025-12-31 04:40:01,,,
2025-12-31 04:41:01,,,
2025-12-31 04:45:01,,,
2025-12-31 04:46:01,,,
2025-12-31 04:57:01,15.252,17.547,17.547
2025-12-31 05:04:01,,,
2025-12-31 05:10:01,,,
2025-12-31 05:11:01,,,
2025-12-31 05:15:01,,,
2025-12-31 05:16:01,,,
2025-12-31 05:27:01,15.189,17.422,17.422
2025-12-31 05:34:01,,,
2025-12-31 05:40:01,,,
2025-12-31 05:41:01,,,
2025-12-31 05:45:01,,,
2025-12-31 05:46:01,,,
2025-12-31 05:57:01,15.064,17.359,17.359
2025-12-31 06:04:01,,,
2025-12-31 06:10:01,,,
2025-12-31 06:11:01,,,
2025-12-31 06:15:01,,,
2025-12-31 06:16:01,,,
2025-12-31 06:27:01,15.001,17.234,17.234
2025-12-31 06:34:01,,,
2025-12-31 06:40:01,,,
2025-12-31 06:41:01,,,
2025-12-31 06:45:01,,,
2025-12-31 06:46:01,,,
2025-12-31 06:57:01,15.001,17.109,17.109
2025-12-31 07:04:01,,,
2025-12-31 07:10:01,,,
2025-12-31 07:11:01,,,
2025-12-31 07:15:01,,,
2025-12-31 07:16:01,,,
2025-12-31 07:27:01,14.75,16.983,16.983
2025-12-31 07:34:01,,,
2025-12-31 07:40:01,,,
2025-12-31 07:41:01,,,
2025-12-31 07:45:01,,,
2025-12-31 07:46:01,,,
2025-12-31 07:57:01,14.625,16.921,16.921
2025-12-31 08:04:01,,,
2025-12-31 08:10:01,,,
2025-12-31 08:11:01,,,
2025-12-31 08:15:01,,,
2025-12-31 08:16:01,,,
2025-12-31 08:27:01,14.625,16.795,16.795
2025-12-31 08:34:01,,,
2025-12-31 08:40:01,,,
2025-12-31 08:41:01,,,
2025-12-31 08:45:01,,,
2025-12-31 08:46:01,,,
2025-12-31 08:57:01,14.813,16.67,16.67
2025-12-31 09:04:01,,,
2025-12-31 09:10:01,,,
2025-12-31 09:11:01,,,
2025-12-31 09:15:01,,,
2025-12-31 09:16:01,,,
2025-12-31 09:27:01,15.064,16.607,16.607
2025-12-31 09:34:01,,,
2025-12-31 09:40:01,,,
2025-12-31 09:41:01,,,
2025-12-31 09:45:01,,,
2025-12-31 09:46:01,,,
2025-12-31 09:57:01,15.502,16.545,16.545
2025-12-31 10:04:01,,,
2025-12-31 10:10:01,,,
2025-12-31 10:11:01,,,
2025-12-31 10:15:01,,,
2025-12-31 10:16:01,,,
2025-12-31 10:27:01,16.066,16.482,16.482
2025-12-31 10:34:01,,,
2025-12-31 10:40:01,,,
2025-12-31 10:41:01,,,
2025-12-31 10:45:01,,,
2025-12-31 10:46:01,,,
2025-12-31 10:57:01,16.692,16.419,16.419
2025-12-31 11:04:01,,,
2025-12-31 11:10:01,,,
2025-12-31 11:11:01,,,
2025-12-31 11:15:01,,,
2025-12-31 11:16:01,,,
2025-12-31 11:27:01,17.381,16.419,16.419
2025-12-31 11:34:01,,,
2025-12-31 11:40:01,,,
2025-12-31 11:41:01,,,
2025-12-31 11:45:01,,,
2025-12-31 11:46:01,,,
2025-12-31 11:57:01,18.195,16.419,16.419
2025-12-31 12:04:01,,,
2025-12-31 12:10:01,,,
2025-12-31 12:11:01,,,
2025-12-31 12:15:01,,,
2025-12-31 12:16:01,,,
2025-12-31 12:27:01,19.071,16.482,16.482
2025-12-31 12:34:01,,,
2025-12-31 12:40:01,,,
2025-12-31 12:41:01,,,
2025-12-31 12:45:01,,,
2025-12-31 12:46:01,,,
2025-12-31 12:57:01,19.885,16.545,16.545
2025-12-31 13:04:01,,,
2025-12-31 13:10:01,,,
2025-12-31 13:11:01,,,
2025-12-31 13:15:01,,,
2025-12-31 13:16:01,,,
2025-12-31 13:27:01,20.635,16.67,16.67
2025-12-31 13:34:01,,,
2025-12-31 13:40:01,,,
2025-12-31 13:41:01,,,
2025-12-31 13:45:01,,,
2025-12-31 13:46:01,,,
2025-12-31 13:57:01,21.511,16.858,16.858
2025-12-31 14:04:01,,,
2025-12-31 14:10:01,,,
2025-12-31 14:11:01,,,
2025-12-31 14:15:01,,,
2025-12-31 14:16:01,,,
2025-12-31 14:27:01,22.262,17.046,17.046
2025-12-31 14:34:01,,,
2025-12-31 14:40:01,,,
2025-12-31 14:41:01,,,
2025-12-31 14:45:01,,,
2025-12-31 14:46:01,,,
2025-12-31 14:57:01,22.637,17.297,17.297
2025-12-31 15:04:01,,,
2025-12-31 15:10:01,,,
2025-12-31 15:11:01,,,
2025-12-31 15:15:01,,,
2025-12-31 15:16:01,,,
2025-12-31 15:27:01,22.95,17.547,17.547
2025-12-31 15:34:01,,,
2025-12-31 15:40:01,,,
2025-12-31 15:41:01,,,
2025-12-31 15:45:01,,,
2025-12-31 15:46:01,,,
2025-12-31 15:57:01,23.2,17.86,17.86
2025-12-31 16:04:01,,,
2025-12-31 16:10:01,,,
2025-12-31 16:11:01,,,
2025-12-31 16:15:01,,,
2025-12-31 16:16:01,,,
2025-12-31 16:27:01,23.138,18.173,18.173
2025-12-31 16:34:01,,,
2025-12-31 16:40:01,,,
2025-12-31 16:41:01,,,
2025-12-31 16:45:01,,,
2025-12-31 16:46:01,,,
2025-12-31 16:57:01,22.888,18.487,18.487
2025-12-31 17:04:01,,,
2025-12-31 17:10:01,,,
2025-12-31 17:11:01,,,
2025-12-31 17:15:01,,,
2025-12-31 17:16:01,,,
2025-12-31 17:27:01,22.512,18.737,18.737
2025-12-31 17:34:01,,,
2025-12-31 17:40:01,,,
2025-12-31 17:41:01,,,
2025-12-31 17:45:01,,,
2025-12-31 17:46:01,,,
2025-12-31 17:57:01,22.012,19.05,19.05
2025-12-31 18:04:01,,,
2025-12-31 18:10:01,,,
2025-12-31 18:11:01,,,
2025-12-31 18:15:01,,,
2025-12-31 18:16:01,,,
2025-12-31 18:27:01,21.386,19.238,19.238
2025-12-31 18:34:01,,,
2025-12-31 18:40:01,,,
2025-12-31 18:41:01,,,
2025-12-31 18:45:01,,,
2025-12-31 18:46:01,,,
2025-12-31 18:57:01,20.761,19.426,19.426
2025-12-31 19:04:01,,,
2025-12-31 19:10:01,,,
2025-12-31 19:11:01,,,
2025-12-31 19:15:01,,,
2025-12-31 19:16:01,,,
2025-12-31 19:27:01,20.135,19.551,19.551
2025-12-31 19:34:01,,,
2025-12-31 19:40:01,,,
2025-12-31 19:41:01,,,
2025-12-31 19:45:01,,,
2025-12-31 19:46:01,,,
2025-12-31 19:57:01,19.634,19.614,19.614
2025-12-31 20:04:01,,,
2025-12-31 20:10:01,,,
2025-12-31 20:11:01,,,
2025-12-31 20:15:01,,,
2025-12-31 20:16:01,,,
2025-12-31 20:27:01,19.134,19.614,19.614
2025-12-31 20:34:01,,,
2025-12-31 20:40:01,,,
2025-12-31 20:41:01,,,
2025-12-31 20:45:01,,,
2025-12-31 20:46:01,,,
2025-12-31 20:57:01,18.758,19.614,19.614
2025-12-31 21:04:01,,,
2025-12-31 21:10:01,,,
2025-12-31 21:11:01,,,
2025-12-31 21:15:01,,,
2025-12-31 21:16:01,,,
2025-12-31 21:27:01,18.32,19.488,19.488
2025-12-31 21:34:01,,,
2025-12-31 21:40:01,,,
2025-12-31 21:41:01,,,
2025-12-31 21:45:01,,,
2025-12-31 21:46:01,,,
2025-12-31 21:57:01,18.007,19.426,19.426
2025-12-31 22:04:01,,,
2025-12-31 22:10:01,,,
2025-12-31 22:11:01,,,
2025-12-31 22:15:01,,,
2025-12-31 22:16:01,,,
2025-12-31 22:27:01,17.631,19.301,19.301
2025-12-31 22:34:01,,,
2025-12-31 22:40:01,,,
2025-12-31 22:41:01,,,
2025-12-31 22:45:01,,,
2025-12-31 22:46:01,,,
2025-12-31 22:57:01,17.256,19.175,19.175
2025-12-31 23:04:01,,,
2025-12-31 23:10:01,,,
2025-12-31 23:11:01,,,
2025-12-31 23:15:01,,,
2025-12-31 23:16:01,,,
2025-12-31 23:27:01,16.942,19.05,19.05
2025-12-31 23:34:01,,,
2025-12-31 23:40:01,,,
2025-12-31 23:41:01,,,
2025-12-31 23:45:01,,,
2025-12-31 23:46:01,,,
2025-12-31 23:57:01,16.755,18.862,18.862
2026-01-01 00:04:01,,,
2026-01-01 00:10:01,,,
2026-01-01 00:11:01,,,
2026-01-01 00:15:01,,,
2026-01-01 00:16:01,,,
2026-01-01 00:27:01,16.567,18.737,18.737
2026-01-01 00:34:01,,,
2026-01-01 00:40:01,,,
2026-01-01 00:41:01,,,
2026-01-01 00:45:01,,,
2026-01-01 00:46:01,,,
2026-01-01 00:57:01,16.441,18.612,18.612
2026-01-01 01:04:01,,,
2026-01-01 01:10:01,,,
2026-01-01 01:11:01,,,
2026-01-01 01:15:01,,,
2026-01-01 01:16:01,,,
2026-01-01 01:27:01,16.316,18.424,18.424
2026-01-01 01:34:01,,,
2026-01-01 01:40:01,,,
2026-01-01 01:41:01,,,
2026-01-01 01:45:01,,,
2026-01-01 01:46:01,,,
2026-01-01 01:57:01,16.191,18.299,18.299
2026-01-01 02:04:01,,,
2026-01-01 02:10:01,,,
2026-01-01 02:11:01,,,
2026-01-01 02:15:01,,,
2026-01-01 02:16:01,,,
2026-01-01 02:27:01,16.128,18.173,18.173
2026-01-01 02:34:01,,,
2026-01-01 02:40:01,,,
2026-01-01 02:41:01,,,
2026-01-01 02:45:01,,,
2026-01-01 02:46:01,,,
2026-01-01 02:57:01,16.128,18.048,18.048
2026-01-01 03:04:01,,,
2026-01-01 03:10:01,,,
2026-01-01 03:11:01,,,
2026-01-01 03:15:01,,,
2026-01-01 03:16:01,,,
2026-01-01 03:27:01,15.94,17.923,17.923
2026-01-01 03:34:01,,,
2026-01-01 03:40:01,,,
2026-01-01 03:41:01,,,
2026-01-01 03:45:01,,,
2026-01-01 03:46:01,,,
2026-01-01 03:57:01,15.627,17.798,17.798
2026-01-01 04:04:01,,,
2026-01-01 04:10:01,,,
2026-01-01 04:11:01,,,
2026-01-01 04:15:01,,,
2026-01-01 04:16:01,,,
2026-01-01 04:27:01,15.439,17.672,17.672
2026-01-01 04:34:01,,,
2026-01-01 04:40:01,,,
2026-01-01 04:41:01,,,
2026-01-01 04:45:01,,,
2026-01-01 04:46:01,,,
2026-01-01 04:57:01,15.439,17.61,17.61
2026-01-01 05:04:01,,,
2026-01-01 05:10:01,,,
2026-01-01 05:11:01,,,
2026-01-01 05:15:01,,,
2026-01-01 05:16:01,,,
2026-01-01 05:27:01,15.314,17.484,17.484
2026-01-01 05:34:01,,,
2026-01-01 05:40:01,,,
2026-01-01 05:41:01,,,
2026-01-01 05:45:01,,,
2026-01-01 05:46:01,,,
2026-01-01 05:57:01,15.126,17.359,17.359
2026-01-01 06:04:01,,,
2026-01-01 06:10:01,,,
2026-01-01 06:11:01,,,
2026-01-01 06:15:01,,,
2026-01-01 06:16:01,,,
2026-01-01 06:27:01,15.001,17.234,17.234
2026-01-01 06:34:01,,,
2026-01-01 06:40:01,,,
2026-01-01 06:41:01,,,
2026-01-01 06:45:01,,,
2026-01-01 06:46:01,,,
2026-01-01 06:57:01,15.001,17.109,17.109
2026-01-01 07:04:01,,,
2026-01-01 07:10:01,,,
2026-01-01 07:11:01,,,
2026-01-01 07:15:01,,,
2026-01-01 07:16:01,,,
2026-01-01 07:27:01,14.938,17.046,17.046
2026-01-01 07:34:01,,,
2026-01-01 07:40:01,,,
2026-01-01 07:41:01,,,
2026-01-01 07:45:01,,,
2026-01-01 07:46:01,,,
2026-01-01 07:57:01,14.75,16.921,16.921
2026-01-01 08:04:01,,,
2026-01-01 08:10:01,,,
2026-01-01 08:11:01,,,
2026-01-01 08:15:01,,,
2026-01-01 08:16:01,,,
2026-01-01 08:27:01,14.688,16.795,16.795
2026-01-01 08:34:01,,,
2026-01-01 08:40:01,,,
2026-01-01 08:41:01,,,
2026-01-01 08:45:01,,,
2026-01-01 08:46:01,,,
2026-01-01 08:57:01,14.813,16.733,16.733
2026-01-01 09:04:01,,,
2026-01-01 09:10:01,,,
2026-01-01 09:11:01,,,
2026-01-01 09:15:01,,,
2026-01-01 09:16:01,,,
2026-01-01 09:27:01,15.064,16.607,16.607
2026-01-01 09:34:01,,,
2026-01-01 09:40:01,,,
2026-01-01 09:41:01,,,
2026-01-01 09:45:01,,,
2026-01-01 09:46:01,,,
2026-01-01 09:57:01,15.502,16.545,16.545
2026-01-01 10:04:01,,,
2026-01-01 10:10:01,,,
2026-01-01 10:11:01,,,
2026-01-01 10:15:01,,,
2026-01-01 10:16:01,,,
2026-01-01 10:27:01,15.878,16.482,16.482
2026-01-01 10:34:01,,,
2026-01-01 10:40:01,,,
2026-01-01 10:41:01,,,
2026-01-01 10:45:01,,,
2026-01-01 10:46:01,,,
2026-01-01 10:57:01,16.441,16.419,16.419
2026-01-01 11:04:01,,,
2026-01-01 11:10:01,,,
2026-01-01 11:11:01,,,
2026-01-01 11:15:01,,,
2026-01-01 11:16:01,,,
2026-01-01 11:27:01,17.193,16.419,16.419
2026-01-01 11:34:01,,,
2026-01-01 11:40:01,,,
2026-01-01 11:41:01,,,
2026-01-01 11:45:01,,,
2026-01-01 11:46:01,,,
2026-01-01 11:57:01,17.944,16.419,16.419
2026-01-01 12:04:01,,,
2026-01-01 12:10:01,,,
2026-01-01 12:11:01,,,
2026-01-01 12:15:01,,,
2026-01-01 12:16:01,,,
2026-01-01 12:27:01,18.695,16.482,16.482
2026-01-01 12:34:01,,,
2026-01-01 12:40:01,,,
2026-01-01 12:41:01,,,
2026-01-01 12:45:01,,,
2026-01-01 12:46:01,,,
2026-01-01 12:57:01,19.447,16.545,16.545
2026-01-01 13:04:01,,,
2026-01-01 13:10:01,,,
2026-01-01 13:11:01,,,
2026-01-01 13:15:01,,,
2026-01-01 13:16:01,,,
2026-01-01 13:27:01,20.197,16.607,16.607
2026-01-01 13:34:01,,,
2026-01-01 13:40:01,,,
2026-01-01 13:41:01,,,
2026-01-01 13:45:01,,,
2026-01-01 13:46:01,,,
2026-01-01 13:57:01,21.073,16.795,16.795
2026-01-01 14:04:01,,,
2026-01-01 14:10:01,,,
2026-01-01 14:11:01,,,
2026-01-01 14:15:01,,,
2026-01-01 14:16:01,,,
2026-01-01 14:27:01,21.887,16.983,16.983
2026-01-01 14:34:01,,,
2026-01-01 14:40:01,,,
2026-01-01 14:41:01,,,
2026-01-01 14:45:01,,,
2026-01-01 14:46:01,,,
2026-01-01 14:57:01,22.387,17.171,17.171
2026-01-01 15:04:01,,,
2026-01-01 15:10:01,,,
2026-01-01 15:11:01,,,
2026-01-01 15:15:01,,,
2026-01-01 15:16:01,,,
2026-01-01 15:27:01,22.762,17.422,17.422
2026-01-01 15:34:01,,,
2026-01-01 15:40:01,,,
2026-01-01 15:41:01,,,
2026-01-01 15:45:01,,,
2026-01-01 15:46:01,,,
2026-01-01 15:57:01,23.013,17.672,17.672
2026-01-01 16:04:01,,,
2026-01-01 16:10:01,,,
2026-01-01 16:11:01,,,
2026-01-01 16:15:01,,,
2026-01-01 16:16:01,,,
2026-01-01 16:27:01,22.95,17.986,17.986
2026-01-01 16:34:01,,,
2026-01-01 16:40:01,,,
2026-01-01 16:41:01,,,
2026-01-01 16:45:01,,,
2026-01-01 16:46:01,,,
2026-01-01 16:57:01,22.7,18.236,18.236
2026-01-01 17:04:01,,,
2026-01-01 17:10:01,,,
2026-01-01 17:11:01,,,
2026-01-01 17:15:01,,,
2026-01-01 17:16:01,,,
2026-01-01 17:27:01,22.325,18.549,18.549
2026-01-01 17:34:01,,,
2026-01-01 17:40:01,,,
2026-01-01 17:41:01,,,
2026-01-01 17:45:01,,,
2026-01-01 17:46:01,,,
2026-01-01 17:57:01,21.824,18.8,18.8
2026-01-01 18:04:01,,,
2026-01-01 18:10:01,,,
2026-01-01 18:11:01,,,
2026-01-01 18:15:01,,,
2026-01-01 18:16:01,,,
2026-01-01 18:27:01,21.136,18.988,18.988
2026-01-01 18:34:01,,,
2026-01-01 18:40:01,,,
2026-01-01 18:41:01,,,
2026-01-01 18:45:01,,,
2026-01-01 18:46:01,,,
2026-01-01 18:57:01,20.51,19.175,19.175
2026-01-01 19:04:01,,,
2026-01-01 19:10:01,,,
2026-01-01 19:11:01,,,
2026-01-01 19:15:01,,,
2026-01-01 19:16:01,,,
2026-01-01 19:27:01,19.885,19.301,19.301
2026-01-01 19:34:01,,,
2026-01-01 19:40:01,,,
2026-01-01 19:41:01,,,
2026-01-01 19:45:01,,,
2026-01-01 19:46:01,,,
2026-01-01 19:57:01,19.384,19.363,19.363
2026-01-01 20:04:01,,,
2026-01-01 20:10:01,,,
2026-01-01 20:11:01,,,
2026-01-01 20:15:01,,,
2026-01-01 20:16:01,,,
2026-01-01 20:27:01,18.946,19.426,19.426
2026-01-01 20:34:01,,,
2026-01-01 20:40:01,,,
2026-01-01 20:41:01,,,
2026-01-01 20:45:01,,,
2026-01-01 20:46:01,,,
2026-01-01 20:57:01,18.508,19.363,19.363
2026-01-01 21:04:01,,,
2026-01-01 21:10:01,,,
2026-01-01 21:11:01,,,
2026-01-01 21:15:01,,,
2026-01-01 21:16:01,,,
2026-01-01 21:27:01,18.132,19.301,19.301
2026-01-01 21:34:01,,,
2026-01-01 21:40:01,,,
2026-01-01 21:41:01,,,
2026-01-01 21:45:01,,,
2026-01-01 21:46:01,,,
2026-01-01 21:57:01,17.819,19.238,19.238
2026-01-01 22:04:01,,,
2026-01-01 22:10:01,,,
2026-01-01 22:11:01,,,
2026-01-01 22:15:01,,,
2026-01-01 22:16:01,,,
2026-01-01 22:27:01,17.506,19.113,19.113
2026-01-01 22:34:01,,,
2026-01-01 22:40:01,,,
2026-01-01 22:41:01,,,
2026-01-01 22:45:01,,,
2026-01-01 22:46:01,,,
2026-01-01 22:57:01,17.193,18.988,18.988
2026-01-01 23:04:01,,,
2026-01-01 23:10:01,,,
2026-01-01 23:11:01,,,
2026-01-01 23:15:01,,,
2026-01-01 23:16:01,,,
2026-01-01 23:27:01,16.942,18.862,18.862
2026-01-01 23:34:01,,,
2026-01-01 23:40:01,,,
2026-01-01 23:41:01,,,
2026-01-01 23:45:01,,,
2026-01-01 23:46:01,,,
2026-01-01 23:57:01,16.692,18.737,18.737
2026-01-02 00:04:01,,,
2026-01-02 00:10:01,,,
2026-01-02 00:11:01,,,
2026-01-02 00:15:01,,,
2026-01-02 00:16:01,,,
2026-01-02 00:27:01,16.567,18.612,18.612
2026-01-02 00:34:01,,,
2026-01-02 00:40:01,,,
2026-01-02 00:41:01,,,
2026-01-02 00:45:01,,,
2026-01-02 00:46:01,,,
2026-01-02 00:57:01,16.441,18.424,18.424
2026-01-02 01:04:01,,,
2026-01-02 01:10:01,,,
2026-01-02 01:11:01,,,
2026-01-02 01:15:01,,,
2026-01-02 01:16:01,,,
2026-01-02 01:27:01,16.254,18.299,18.299
2026-01-02 01:34:01,,,
2026-01-02 01:40:01,,,
2026-01-02 01:41:01,,,
2026-01-02 01:45:01,,,
2026-01-02 01:46:01,,,
2026-01-02 01:57:01,16.066,18.173,18.173
2026-01-02 02:04:01,,,
2026-01-02 02:10:01,,,
2026-01-02 02:11:01,,,
2026-01-02 02:15:01,,,
2026-01-02 02:16:01,,,
2026-01-02 02:27:01,15.878,18.048,18.048
2026-01-02 02:34:01,,,
2026-01-02 02:40:01,,,
2026-01-02 02:41:01,,,
2026-01-02 02:45:01,,,
2026-01-02 02:46:01,,,
2026-01-02 02:57:01,15.753,17.986,17.986
2026-01-02 03:04:01,,,
2026-01-02 03:10:01,,,
2026-01-02 03:11:01,,,
2026-01-02 03:15:01,,,
2026-01-02 03:16:01,,,
2026-01-02 03:27:01,15.565,17.86,17.86
2026-01-02 03:34:01,,,
2026-01-02 03:40:01,,,
2026-01-02 03:41:01,,,
2026-01-02 03:45:01,,,
2026-01-02 03:46:01,,,
2026-01-02 03:57:01,15.439,17.735,17.735
2026-01-02 04:04:01,,,
2026-01-02 04:10:01,,,
2026-01-02 04:11:01,,,
2026-01-02 04:15:01,,,
2026-01-02 04:16:01,,,
2026-01-02 04:27:01,15.314,17.61,17.61
2026-01-02 04:34:01,,,
2026-01-02 04:40:01,,,
2026-01-02 04:41:01,,,
2026-01-02 04:45:01,,,
2026-01-02 04:46:01,,,
2026-01-02 04:57:01,15.126,17.484,17.484
2026-01-02 05:04:01,,,
2026-01-02 05:10:01,,,
2026-01-02 05:11:01,,,
2026-01-02 05:15:01,,,
2026-01-02 05:16:01,,,
2026-01-02 05:27:01,15.064,17.359,17.359
2026-01-02 05:34:01,,,
2026-01-02 05:40:01,,,
2026-01-02 05:41:01,,,
2026-01-02 05:45:01,,,
2026-01-02 05:46:01,,,
2026-01-02 05:57:01,15.064,17.297,17.297
2026-01-02 06:04:01,,,
2026-01-02 06:10:01,,,
2026-01-02 06:11:01,,,
2026-01-02 06:15:01,,,
2026-01-02 06:16:01,,,
2026-01-02 06:27:01,14.876,17.171,17.171
2026-01-02 06:34:01,,,
2026-01-02 06:40:01,,,
2026-01-02 06:41:01,,,
2026-01-02 06:45:01,,,
2026-01-02 06:46:01,,,
2026-01-02 06:57:01,14.688,17.046,17.046
2026-01-02 07:04:01,,,
2026-01-02 07:10:01,,,
2026-01-02 07:11:01,,,
2026-01-02 07:15:01,,,
2026-01-02 07:16:01,,,
2026-01-02 07:27:01,14.562,16.921,16.921
2026-01-02 07:34:01,,,
2026-01-02 07:40:01,,,
2026-01-02 07:41:01,,,
2026-01-02 07:45:01,,,
2026-01-02 07:46:01,,,
2026-01-02 07:57:01,14.437,16.858,16.858
2026-01-02 08:04:01,,,
2026-01-02 08:10:01,,,
2026-01-02 08:11:01,,,
2026-01-02 08:15:01,,,
2026-01-02 08:16:01,,,
2026-01-02 08:27:01,14.249,16.733,16.733
2026-01-02 08:34:01,,,
2026-01-02 08:40:01,,,
2026-01-02 08:41:01,,,
2026-01-02 08:45:01,,,
2026-01-02 08:46:01,,,
2026-01-02 08:57:01,14.374,16.607,16.607
2026-01-02 09:04:01,,,
2026-01-02 09:10:01,,,
2026-01-02 09:11:01,,,
2026-01-02 09:15:01,,,
2026-01-02 09:16:01,,,
2026-01-02 09:27:01,14.625,16.545,16.545
2026-01-02 09:34:01,,,
2026-01-02 09:40:01,,,
2026-01-02 09:41:01,,,
2026-01-02 09:45:01,,,
2026-01-02 09:46:01,,,
2026-01-02 09:57:01,15.001,16.419,16.419
2026-01-02 10:04:01,,,
2026-01-02 10:10:01,,,
2026-01-02 10:11:01,,,
2026-01-02 10:15:01,,,
2026-01-02 10:16:01,,,
2026-01-02 10:27:01,15.439,16.357,16.357
2026-01-02 10:34:01,,,
2026-01-02 10:40:01,,,
2026-01-02 10:41:01,,,
2026-01-02 10:45:01,,,
2026-01-02 10:46:01,,,
2026-01-02 10:57:01,16.066,16.294,16.294
2026-01-02 11:04:01,,,
2026-01-02 11:10:01,,,
2026-01-02 11:11:01,,,
2026-01-02 11:15:01,,,
2026-01-02 11:16:01,,,
2026-01-02 11:27:01,16.817,16.294,16.294
2026-01-02 11:34:01,,,
2026-01-02 11:40:01,,,
2026-01-02 11:41:01,,,
2026-01-02 11:45:01,,,
2026-01-02 11:46:01,,,
2026-01-02 11:57:01,17.631,16.294,16.294
2026-01-02 12:04:01,,,
2026-01-02 12:10:01,,,
2026-01-02 12:11:01,,,
2026-01-02 12:15:01,,,
2026-01-02 12:16:01,,,
2026-01-02 12:27:01,18.445,16.294,16.294
2026-01-02 12:34:01,,,
2026-01-02 12:40:01,,,
2026-01-02 12:41:01,,,
2026-01-02 12:45:01,,,
2026-01-02 12:46:01,,,
2026-01-02 12:57:01,19.259,16.357,16.357
2026-01-02 13:04:01,,,
2026-01-02 13:10:01,,,
2026-01-02 13:11:01,,,
2026-01-02 13:15:01,,,
2026-01-02 13:16:01,,,
2026-01-02 13:27:01,20.072,16.482,16.482
2026-01-02 13:34:01,,,
2026-01-02 13:40:01,,,
2026-01-02 13:41:01,,,
2026-01-02 13:45:01,,,
2026-01-02 13:46:01,,,
2026-01-02 13:57:01,20.823,16.607,16.607
2026-01-02 14:04:01,,,
2026-01-02 14:10:01,,,
2026-01-02 14:11:01,,,
2026-01-02 14:15:01,,,
2026-01-02 14:16:01,,,
2026-01-02 14:27:01,21.511,16.795,16.795
2026-01-02 14:34:01,,,
2026-01-02 14:40:01,,,
2026-01-02 14:41:01,,,
2026-01-02 14:45:01,,,
2026-01-02 14:46:01,,,
2026-01-02 14:57:01,21.887,16.983,16.983
2026-01-02 15:04:01,,,
2026-01-02 15:10:01,,,
2026-01-02 15:11:01,,,
2026-01-02 15:15:01,,,
2026-01-02 15:16:01,,,
2026-01-02 15:27:01,22.2,17.234,17.234
2026-01-02 15:34:01,,,
2026-01-02 15:40:01,,,
2026-01-02 15:41:01,,,
2026-01-02 15:45:01,,,
2026-01-02 15:46:01,,,
2026-01-02 15:57:01,22.45,17.484,17.484
2026-01-02 16:04:01,,,
2026-01-02 16:10:01,,,
2026-01-02 16:11:01,,,
2026-01-02 16:15:01,,,
2026-01-02 16:16:01,,,
2026-01-02 16:27:01,22.387,17.798,17.798
2026-01-02 16:34:01,,,
2026-01-02 16:40:01,,,
2026-01-02 16:41:01,,,
2026-01-02 16:45:01,,,
2026-01-02 16:46:01,,,
2026-01-02 16:57:01,22.2,18.048,18.048
2026-01-02 17:04:01,,,
2026-01-02 17:10:01,,,
2026-01-02 17:11:01,,,
2026-01-02 17:15:01,,,
2026-01-02 17:16:01,,,
2026-01-02 17:27:01,21.887,18.299,18.299
2026-01-02 17:34:01,,,
2026-01-02 17:40:01,,,
2026-01-02 17:41:01,,,
2026-01-02 17:45:01,,,
2026-01-02 17:46:01,,,
2026-01-02 17:57:01,21.386,18.549,18.549
2026-01-02 18:04:01,,,
2026-01-02 18:10:01,,,
2026-01-02 18:11:01,,,
2026-01-02 18:15:01,,,
2026-01-02 18:16:01,,,
2026-01-02 18:27:01,20.823,18.8,18.8
2026-01-02 18:34:01,,,
2026-01-02 18:40:01,,,
2026-01-02 18:41:01,,,
2026-01-02 18:45:01,,,
2026-01-02 18:46:01,,,
2026-01-02 18:57:01,20.197,18.925,18.925
2026-01-02 19:04:01,,,
2026-01-02 19:10:01,,,
2026-01-02 19:11:01,,,
2026-01-02 19:15:01,,,
2026-01-02 19:16:01,,,
2026-01-02 19:27:01,19.572,19.05,19.05
2026-01-02 19:34:01,,,
2026-01-02 19:40:01,,,
2026-01-02 19:41:01,,,
2026-01-02 19:45:01,,,
2026-01-02 19:46:01,,,
2026-01-02 19:57:01,19.071,19.113,19.113
2026-01-02 20:04:01,,,
2026-01-02 20:10:01,,,
2026-01-02 20:11:01,,,
2026-01-02 20:15:01,,,
2026-01-02 20:16:01,,,
2026-01-02 20:27:01,18.633,19.175,19.175
2026-01-02 20:34:01,,,
2026-01-02 20:40:01,,,
2026-01-02 20:41:01,,,
2026-01-02 20:45:01,,,
2026-01-02 20:46:01,,,
2026-01-02 20:57:01,18.195,19.113,19.113
2026-01-02 21:04:01,,,
2026-01-02 21:10:01,,,
2026-01-02 21:11:01,,,
2026-01-02 21:15:01,,,
2026-01-02 21:16:01,,,
2026-01-02 21:27:01,17.882,19.05,19.05
2026-01-02 21:34:01,,,
2026-01-02 21:40:01,,,
2026-01-02 21:41:01,,,
2026-01-02 21:45:01,,,
2026-01-02 21:46:01,,,
2026-01-02 21:57:01,17.506,18.988,18.988
2026-01-02 22:04:01,,,
2026-01-02 22:10:01,,,
2026-01-02 22:11:01,,,
2026-01-02 22:15:01,,,
2026-01-02 22:16:01,,,
2026-01-02 22:27:01,17.193,18.862,18.862
2026-01-02 22:34:01,,,
2026-01-02 22:40:01,,,
2026-01-02 22:41:01,,,
2026-01-02 22:45:01,,,
2026-01-02 22:46:01,,,
2026-01-02 22:57:01,16.88,18.8,18.8
2026-01-02 23:04:01,,,
2026-01-02 23:10:01,,,
2026-01-02 23:11:01,,,
2026-01-02 23:15:01,,,
2026-01-02 23:16:01,,,
2026-01-02 23:27:01,16.692,18.674,18.674
2026-01-02 23:34:01,,,
2026-01-02 23:40:01,,,
2026-01-02 23:41:01,,,
2026-01-02 23:45:01,,,
2026-01-02 23:46:01,,,
2026-01-02 23:57:01,16.504,18.549,18.549
2026-01-03 00:04:01,,,
2026-01-03 00:10:01,,,
2026-01-03 00:11:01,,,
2026-01-03 00:15:01,,,
2026-01-03 00:16:01,,,
2026-01-03 00:27:01,16.379,18.424,18.424
2026-01-03 00:34:01,,,
2026-01-03 00:40:01,,,
2026-01-03 00:41:01,,,
2026-01-03 00:45:01,,,
2026-01-03 00:46:01,,,
2026-01-03 00:57:01,16.191,18.299,18.299
2026-01-03 01:04:01,,,
2026-01-03 01:10:01,,,
2026-01-03 01:11:01,,,
2026-01-03 01:15:01,,,
2026-01-03 01:16:01,,,
2026-01-03 01:27:01,16.003,18.173,18.173
2026-01-03 01:34:01,,,
2026-01-03 01:40:01,,,
2026-01-03 01:41:01,,,
2026-01-03 01:45:01,,,
2026-01-03 01:46:01,,,
2026-01-03 01:57:01,15.878,18.048,18.048
2026-01-03 02:04:01,,,
2026-01-03 02:10:01,,,
2026-01-03 02:11:01,,,
2026-01-03 02:15:01,,,
2026-01-03 02:16:01,,,
2026-01-03 02:27:01,15.753,17.923,17.923
2026-01-03 02:34:01,,,
2026-01-03 02:40:01,,,
2026-01-03 02:41:01,,,
2026-01-03 02:45:01,,,
2026-01-03 02:46:01,,,
2026-01-03 02:57:01,15.565,17.798,17.798
2026-01-03 03:04:01,,,
2026-01-03 03:10:01,,,
2026-01-03 03:11:01,,,
2026-01-03 03:15:01,,,
2026-01-03 03:16:01,,,
2026-01-03 03:27:01,15.439,17.735,17.735
2026-01-03 03:34:01,,,
2026-01-03 03:40:01,,,
2026-01-03 03:41:01,,,
2026-01-03 03:45:01,,,
2026-01-03 03:46:01,,,
2026-01-03 03:57:01,15.252,17.61,17.61
2026-01-03 04:04:01,,,
2026-01-03 04:10:01,,,
2026-01-03 04:11:01,,,
2026-01-03 04:15:01,,,
2026-01-03 04:16:01,,,
2026-01-03 04:27:01,15.126,17.484,17.484
2026-01-03 04:34:01,,,
2026-01-03 04:40:01,,,
2026-01-03 04:41:01,,,
2026-01-03 04:45:01,,,
2026-01-03 04:46:01,,,
2026-01-03 04:57:01,14.938,17.359,17.359
2026-01-03 05:04:01,,,
2026-01-03 05:10:01,,,
2026-01-03 05:11:01,,,
2026-01-03 05:15:01,,,
2026-01-03 05:16:01,,,
2026-01-03 05:27:01,14.75,17.297,17.297
2026-01-03 05:34:01,,,
2026-01-03 05:40:01,,,
2026-01-03 05:41:01,,,
2026-01-03 05:45:01,,,
2026-01-03 05:46:01,,,
2026-01-03 05:57:01,14.625,17.171,17.171
2026-01-03 06:04:01,,,
2026-01-03 06:10:01,,,
2026-01-03 06:11:01,,,
2026-01-03 06:15:01,,,
2026-01-03 06:16:01,,,
2026-01-03 06:27:01,14.437,17.046,17.046
2026-01-03 06:34:01,,,
2026-01-03 06:40:01,,,
2026-01-03 06:41:01,,,
2026-01-03 06:45:01,,,
2026-01-03 06:46:01,,,
2026-01-03 06:57:01,14.312,16.983,16.983
2026-01-03 07:04:01,,,
2026-01-03 07:10:01,,,
2026-01-03 07:11:01,,,
2026-01-03 07:15:01,,,
2026-01-03 07:16:01,,,
2026-01-03 07:27:01,14.249,16.858,16.858
2026-01-03 07:34:01,,,
2026-01-03 07:40:01,,,
2026-01-03 07:41:01,,,
2026-01-03 07:45:01,,,
2026-01-03 07:46:01,,,
2026-01-03 07:57:01,14.187,16.733,16.733
2026-01-03 08:04:01,,,
2026-01-03 08:10:01,,,
2026-01-03 08:11:01,,,
2026-01-03 08:15:01,,,
2026-01-03 08:16:01,,,
2026-01-03 08:27:01,14.124,16.607,16.607
2026-01-03 08:34:01,,,
2026-01-03 08:40:01,,,
2026-01-03 08:41:01,,,
2026-01-03 08:45:01,,,
2026-01-03 08:46:01,,,
2026-01-03 08:56:01,,,17.892
2026-01-03 08:57:01,14.249,16.545,
2026-01-03 09:04:01,,,
2026-01-03 09:10:01,,,
2026-01-03 09:11:01,,,
2026-01-03 09:15:01,,,
2026-01-03 09:16:01,,,
2026-01-03 09:26:01,,,17.83
2026-01-03 09:27:01,14.625,16.419,
2026-01-03 09:34:01,,,
2026-01-03 09:40:01,,,
2026-01-03 09:41:01,,,
2026-01-03 09:45:01,,,
2026-01-03 09:46:01,,,
2026-01-03 09:56:01,,,17.83
2026-01-03 09:57:01,15.001,16.357,
2026-01-03 10:04:01,,,
2026-01-03 10:10:01,,,
2026-01-03 10:11:01,,,
2026-01-03 10:15:01,,,
2026-01-03 10:16:01,,,
2026-01-03 10:26:01,,,17.83
2026-01-03 10:27:01,15.439,16.294,
2026-01-03 10:34:01,,,
2026-01-03 10:40:01,,,
2026-01-03 10:41:01,,,
2026-01-03 10:45:01,,,
2026-01-03 10:46:01,,,
2026-01-03 10:56:01,,,17.767
2026-01-03 10:57:01,16.003,16.231,
2026-01-03 11:04:01,,,
2026-01-03 11:10:01,,,
2026-01-03 11:11:01,,,
2026-01-03 11:15:01,,,
2026-01-03 11:16:01,,,
2026-01-03 11:26:01,,,17.767
2026-01-03 11:27:01,16.692,16.169,
2026-01-03 11:34:01,,,
2026-01-03 11:40:01,,,
2026-01-03 11:41:01,,,
2026-01-03 11:45:01,,,
2026-01-03 11:46:01,,,
2026-01-03 11:56:01,,,17.767
2026-01-03 11:57:01,17.506,16.169,
2026-01-03 12:04:01,,,
2026-01-03 12:10:01,,,
2026-01-03 12:11:01,,,
2026-01-03 12:15:01,,,
2026-01-03 12:16:01,,,
2026-01-03 12:26:01,,,17.704
2026-01-03 12:27:01,18.32,16.231,
2026-01-03 12:34:01,,,
2026-01-03 12:40:01,,,
2026-01-03 12:41:01,,,
2026-01-03 12:45:01,,,
2026-01-03 12:46:01,,,
2026-01-03 12:56:01,,,17.704
2026-01-03 12:57:01,19.196,16.294,
2026-01-03 13:04:01,,,
2026-01-03 13:10:01,,,
2026-01-03 13:11:01,,,
2026-01-03 13:15:01,,,
2026-01-03 13:16:01,,,
2026-01-03 13:26:01,,,17.704
2026-01-03 13:27:01,20.01,16.419,
2026-01-03 13:34:01,,,
2026-01-03 13:40:01,,,
2026-01-03 13:41:01,,,
2026-01-03 13:45:01,,,
2026-01-03 13:46:01,,,
2026-01-03 13:56:01,,,17.642
2026-01-03 13:57:01,20.886,16.545,
2026-01-03 14:04:01,,,
2026-01-03 14:10:01,,,
2026-01-03 14:11:01,,,
2026-01-03 14:15:01,,,
2026-01-03 14:16:01,,,
2026-01-03 14:26:01,,,17.642
2026-01-03 14:27:01,21.699,16.733,
2026-01-03 14:34:01,,,
2026-01-03 14:40:01,,,
2026-01-03 14:41:01,,,
2026-01-03 14:45:01,,,
2026-01-03 14:46:01,,,
2026-01-03 14:56:01,,,17.579
2026-01-03 14:57:01,22.137,16.921,
2026-01-03 15:04:01,,,
2026-01-03 15:10:01,,,
2026-01-03 15:11:01,,,
2026-01-03 15:15:01,,,
2026-01-03 15:16:01,,,
2026-01-03 15:26:01,,,17.579
2026-01-03 15:27:01,22.512,17.171,
2026-01-03 15:34:01,,,
2026-01-03 15:40:01,,,
2026-01-03 15:41:01,,,
2026-01-03 15:45:01,,,
2026-01-03 15:46:01,,,
2026-01-03 15:56:01,,,17.516
2026-01-03 15:57:01,22.762,17.484,
2026-01-03 16:04:01,,,
2026-01-03 16:10:01,,,
2026-01-03 16:11:01,,,
2026-01-03 16:15:01,,,
2026-01-03 16:16:01,,,
2026-01-03 16:26:01,,,17.516
2026-01-03 16:27:01,22.762,17.735,
2026-01-03 16:34:01,,,
2026-01-03 16:40:01,,,
2026-01-03 16:41:01,,,
2026-01-03 16:45:01,,,
2026-01-03 16:46:01,,,
2026-01-03 16:56:01,,,17.516
2026-01-03 16:57:01,22.637,18.048,
2026-01-03 17:04:01,,,
2026-01-03 17:10:01,,,
2026-01-03 17:11:01,,,
2026-01-03 17:15:01,,,
2026-01-03 17:16:01,,,
2026-01-03 17:26:01,,,17.516
2026-01-03 17:27:01,22.325,18.361,
2026-01-03 17:34:01,,,
2026-01-03 17:40:01,,,
2026-01-03 17:41:01,,,
2026-01-03 17:45:01,,,
2026-01-03 17:46:01,,,
2026-01-03 17:56:01,,,17.516
2026-01-03 17:57:01,21.824,18.612,
2026-01-03 18:04:01,,,
2026-01-03 18:10:01,,,
2026-01-03 18:11:01,,,
2026-01-03 18:15:01,,,
2026-01-03 18:16:01,,,
2026-01-03 18:26:01,,,17.516
2026-01-03 18:27:01,21.261,18.862,
2026-01-03 18:34:01,,,
2026-01-03 18:40:01,,,
2026-01-03 18:41:01,,,
2026-01-03 18:45:01,,,
2026-01-03 18:46:01,,,
2026-01-03 18:56:01,,,17.516
2026-01-03 18:57:01,20.698,19.05,
2026-01-03 19:04:01,,,
2026-01-03 19:10:01,,,
2026-01-03 19:11:01,,,
2026-01-03 19:15:01,,,
2026-01-03 19:16:01,,,
2026-01-03 19:26:01,,,17.516
2026-01-03 19:27:01,20.072,19.175,
2026-01-03 19:34:01,,,
2026-01-03 19:40:01,,,
2026-01-03 19:41:01,,,
2026-01-03 19:45:01,,,
2026-01-03 19:46:01,,,
2026-01-03 19:56:01,,,17.516
2026-01-03 19:57:01,19.572,19.301,
2026-01-03 20:04:01,,,
2026-01-03 20:10:01,,,
2026-01-03 20:11:01,,,
2026-01-03 20:15:01,,,
2026-01-03 20:16:01,,,
2026-01-03 20:26:01,,,17.579
2026-01-03 20:27:01,19.134,19.363,
2026-01-03 20:34:01,,,
2026-01-03 20:40:01,,,
2026-01-03 20:41:01,,,
2026-01-03 20:45:01,,,
2026-01-03 20:46:01,,,
2026-01-03 20:56:01,,,17.579
2026-01-03 20:57:01,18.695,19.363,
2026-01-03 21:04:01,,,
2026-01-03 21:10:01,,,
2026-01-03 21:11:01,,,
2026-01-03 21:15:01,,,
2026-01-03 21:16:01,,,
2026-01-03 21:26:01,,,17.642
2026-01-03 21:27:01,18.32,19.301,
2026-01-03 21:34:01,,,
2026-01-03 21:40:01,,,
2026-01-03 21:41:01,,,
2026-01-03 21:45:01,,,
2026-01-03 21:46:01,,,
2026-01-03 21:56:01,,,17.642
2026-01-03 21:57:01,17.882,19.301,
2026-01-03 22:04:01,,,
2026-01-03 22:10:01,,,
2026-01-03 22:11:01,,,
2026-01-03 22:15:01,,,
2026-01-03 22:16:01,,,
2026-01-03 22:26:01,,,17.704
2026-01-03 22:27:01,17.506,19.175,
2026-01-03 22:34:01,,,
2026-01-03 22:40:01,,,
2026-01-03 22:41:01,,,
2026-01-03 22:45:01,,,
2026-01-03 22:46:01,,,
2026-01-03 22:56:01,,,17.767
2026-01-03 22:57:01,17.256,19.05,
2026-01-03 23:04:01,,,
2026-01-03 23:10:01,,,
2026-01-03 23:11:01,,,
2026-01-03 23:15:01,,,
2026-01-03 23:16:01,,,
2026-01-03 23:26:01,,,17.767
2026-01-03 23:27:01,17.005,18.925,
2026-01-03 23:34:01,,,
2026-01-03 23:40:01,,,
2026-01-03 23:41:01,,,
2026-01-03 23:45:01,,,
2026-01-03 23:46:01,,,
2026-01-03 23:56:01,,,17.83
2026-01-03 23:57:01,16.817,18.862,
2026-01-04 00:04:01,,,
2026-01-04 00:10:01,,,
2026-01-04 00:11:01,,,
2026-01-04 00:15:01,,,
2026-01-04 00:16:01,,,
2026-01-04 00:26:01,,,17.83
2026-01-04 00:27:01,16.629,18.737,
2026-01-04 00:34:01,,,
2026-01-04 00:40:01,,,
2026-01-04 00:41:01,,,
2026-01-04 00:45:01,,,
2026-01-04 00:46:01,,,
2026-01-04 00:56:01,,,17.892
2026-01-04 00:57:01,16.441,18.612,
2026-01-04 01:04:01,,,
2026-01-04 01:10:01,,,
2026-01-04 01:11:01,,,
2026-01-04 01:15:01,,,
2026-01-04 01:16:01,,,
2026-01-04 01:26:01,,,17.892
2026-01-04 01:27:01,16.254,18.487,
2026-01-04 01:34:01,,,
2026-01-04 01:40:01,,,
2026-01-04 01:41:01,,,
2026-01-04 01:45:01,,,
2026-01-04 01:46:01,,,
2026-01-04 01:56:01,,,17.955
2026-01-04 01:57:01,16.128,18.361,
2026-01-04 02:04:01,,,
2026-01-04 02:10:01,,,
2026-01-04 02:11:01,,,
2026-01-04 02:15:01,,,
2026-01-04 02:16:01,,,
2026-01-04 02:26:01,,,17.955
2026-01-04 02:27:01,15.94,18.236,
2026-01-04 02:34:01,,,
2026-01-04 02:40:01,,,
2026-01-04 02:41:01,,,
2026-01-04 02:45:01,,,
2026-01-04 02:46:01,,,
2026-01-04 02:56:01,,,18.017
2026-01-04 02:57:01,15.815,18.111,
2026-01-04 03:04:01,,,
2026-01-04 03:10:01,,,
2026-01-04 03:11:01,,,
2026-01-04 03:15:01,,,
2026-01-04 03:16:01,,,
2026-01-04 03:26:01,,,18.017
2026-01-04 03:27:01,15.69,17.986,
2026-01-04 03:34:01,,,
2026-01-04 03:40:01,,,
2026-01-04 03:41:01,,,
2026-01-04 03:45:01,,,
2026-01-04 03:46:01,,,
2026-01-04 03:56:01,,,18.017
2026-01-04 03:57:01,15.502,17.86,
2026-01-04 04:04:01,,,
2026-01-04 04:10:01,,,
2026-01-04 04:11:01,,,
2026-01-04 04:15:01,,,
2026-01-04 04:16:01,,,
2026-01-04 04:26:01,,,18.017
2026-01-04 04:27:01,15.377,17.735,
2026-01-04 04:34:01,,,
2026-01-04 04:40:01,,,
2026-01-04 04:41:01,,,
2026-01-04 04:45:01,,,
2026-01-04 04:46:01,,,
2026-01-04 04:56:01,,,18.017
2026-01-04 04:57:01,15.189,17.672,
2026-01-04 05:04:01,,,
2026-01-04 05:10:01,,,
2026-01-04 05:11:01,,,
2026-01-04 05:15:01,,,
2026-01-04 05:16:01,,,
2026-01-04 05:26:01,,,18.017
2026-01-04 05:27:01,15.064,17.547,
2026-01-04 05:34:01,,,
2026-01-04 05:40:01,,,
2026-01-04 05:41:01,,,
2026-01-04 05:45:01,,,
2026-01-04 05:46:01,,,
2026-01-04 05:56:01,,,18.017
2026-01-04 05:57:01,14.938,17.422,
2026-01-04 06:04:01,,,
2026-01-04 06:10:01,,,
2026-01-04 06:11:01,,,
2026-01-04 06:15:01,,,
2026-01-04 06:16:01,,,
2026-01-04 06:26:01,,,18.017
2026-01-04 06:27:01,14.813,17.297,
2026-01-04 06:34:01,,,
2026-01-04 06:40:01,,,
2026-01-04 06:41:01,,,
2026-01-04 06:45:01,,,
2026-01-04 06:46:01,,,
2026-01-04 06:56:01,,,18.017
2026-01-04 06:57:01,14.688,17.171,
2026-01-04 07:04:01,,,
2026-01-04 07:10:01,,,
2026-01-04 07:11:01,,,
2026-01-04 07:15:01,,,
2026-01-04 07:16:01,,,
2026-01-04 07:26:01,,,18.017
2026-01-04 07:27:01,14.625,17.109,
2026-01-04 07:34:01,,,
2026-01-04 07:40:01,,,
2026-01-04 07:41:01,,,
2026-01-04 07:45:01,,,
2026-01-04 07:46:01,,,
2026-01-04 07:56:01,,,18.017
2026-01-04 07:57:01,14.625,16.983,
2026-01-04 08:04:01,,,
2026-01-04 08:10:01,,,
2026-01-04 08:11:01,,,
2026-01-04 08:15:01,,,
2026-01-04 08:16:01,,,
2026-01-04 08:26:01,,,17.955
2026-01-04 08:27:01,14.625,16.858,
2026-01-04 08:34:01,,,
2026-01-04 08:40:01,,,
2026-01-04 08:41:01,,,
2026-01-04 08:45:01,,,
2026-01-04 08:46:01,,,
2026-01-04 08:56:01,,,17.955
2026-01-04 08:57:01,14.688,16.795,
2026-01-04 09:04:01,,,
2026-01-04 09:10:01,,,
2026-01-04 09:11:01,,,
2026-01-04 09:15:01,,,
2026-01-04 09:16:01,,,
2026-01-04 09:26:01,,,17.955
2026-01-04 09:27:01,14.876,16.67,
2026-01-04 09:34:01,,,
2026-01-04 09:40:01,,,
2026-01-04 09:41:01,,,
2026-01-04 09:45:01,,,
2026-01-04 09:46:01,,,
2026-01-04 09:56:01,,,17.892
2026-01-04 09:57:01,15.252,16.607,
2026-01-04 10:04:01,,,
2026-01-04 10:10:01,,,
2026-01-04 10:11:01,,,
2026-01-04 10:15:01,,,
2026-01-04 10:16:01,,,
2026-01-04 10:26:01,,,17.892
2026-01-04 10:27:01,15.69,16.545,
2026-01-04 10:34:01,,,
2026-01-04 10:40:01,,,
2026-01-04 10:41:01,,,
2026-01-04 10:45:01,,,
2026-01-04 10:46:01,,,
2026-01-04 10:56:01,,,17.892
2026-01-04 10:57:01,16.254,16.482,
2026-01-04 11:04:01,,,
2026-01-04 11:10:01,,,
2026-01-04 11:11:01,,,
2026-01-04 11:15:01,,,
2026-01-04 11:16:01,,,
2026-01-04 11:26:01,,,17.83
2026-01-04 11:27:01,16.88,16.419,
2026-01-04 11:34:01,,,
2026-01-04 11:40:01,,,
2026-01-04 11:41:01,,,
2026-01-04 11:45:01,,,
2026-01-04 11:46:01,,,
2026-01-04 11:56:01,,,17.83
2026-01-04 11:57:01,17.631,16.419,
2026-01-04 12:04:01,,,
2026-01-04 12:10:01,,,
2026-01-04 12:11:01,,,
2026-01-04 12:15:01,,,
2026-01-04 12:16:01,,,
2026-01-04 12:26:01,,,17.83
2026-01-04 12:27:01,18.445,16.482,
2026-01-04 12:34:01,,,
2026-01-04 12:40:01,,,
2026-01-04 12:41:01,,,
2026-01-04 12:45:01,,,
2026-01-04 12:46:01,,,
2026-01-04 12:56:01,,,17.83
2026-01-04 12:57:01,19.196,16.545,
2026-01-04 13:04:01,,,
2026-01-04 13:10:01,,,
2026-01-04 13:11:01,,,
2026-01-04 13:15:01,,,
2026-01-04 13:16:01,,,
2026-01-04 13:26:01,,,17.767
2026-01-04 13:27:01,20.01,16.607,
2026-01-04 13:34:01,,,
2026-01-04 13:40:01,,,
2026-01-04 13:41:01,,,
2026-01-04 13:45:01,,,
2026-01-04 13:46:01,,,
2026-01-04 13:56:01,,,17.767
2026-01-04 13:57:01,20.886,16.733,
2026-01-04 14:04:01,,,
2026-01-04 14:10:01,,,
2026-01-04 14:11:01,,,
2026-01-04 14:15:01,,,
2026-01-04 14:16:01,,,
2026-01-04 14:26:01,,,17.704
2026-01-04 14:27:01,21.699,16.921,
2026-01-04 14:34:01,,,
2026-01-04 14:40:01,,,
2026-01-04 14:41:01,,,
2026-01-04 14:45:01,,,
2026-01-04 14:46:01,,,
2026-01-04 14:56:01,,,17.704
2026-01-04 14:57:01,22.074,17.109,
2026-01-04 15:04:01,,,
2026-01-04 15:10:01,,,
2026-01-04 15:11:01,,,
2026-01-04 15:15:01,,,
2026-01-04 15:16:01,,,
2026-01-04 15:26:01,,,17.704
2026-01-04 15:27:01,22.45,17.297,
2026-01-04 15:34:01,,,
2026-01-04 15:40:01,,,
2026-01-04 15:41:01,,,
2026-01-04 15:45:01,,,
2026-01-04 15:46:01,,,
2026-01-04 15:56:01,,,17.642
2026-01-04 15:57:01,22.7,17.61,
2026-01-04 16:04:01,,,
2026-01-04 16:10:01,,,
2026-01-04 16:11:01,,,
2026-01-04 16:15:01,,,
2026-01-04 16:16:01,,,
2026-01-04 16:26:01,,,17.642
2026-01-04 16:27:01,22.7,17.86,
2026-01-04 16:34:01,,,
2026-01-04 16:40:01,,,
2026-01-04 16:41:01,,,
2026-01-04 16:45:01,,,
2026-01-04 16:46:01,,,
2026-01-04 16:56:01,,,17.642
2026-01-04 16:57:01,22.575,18.173,
2026-01-04 17:04:01,,,
2026-01-04 17:10:01,,,
2026-01-04 17:11:01,,,
2026-01-04 17:15:01,,,
2026-01-04 17:16:01,,,
2026-01-04 17:26:01,,,17.642
2026-01-04 17:27:01,22.262,18.424,
2026-01-04 17:34:01,,,
2026-01-04 17:40:01,,,
2026-01-04 17:41:01,,,
2026-01-04 17:45:01,,,
2026-01-04 17:46:01,,,
2026-01-04 17:56:01,,,17.642
2026-01-04 17:57:01,21.824,18.674,
2026-01-04 18:04:01,,,
2026-01-04 18:10:01,,,
2026-01-04 18:11:01,,,
2026-01-04 18:15:01,,,
2026-01-04 18:16:01,,,
2026-01-04 18:26:01,,,17.642
2026-01-04 18:27:01,21.261,18.925,
2026-01-04 18:34:01,,,
2026-01-04 18:40:01,,,
2026-01-04 18:41:01,,,
2026-01-04 18:45:01,,,
2026-01-04 18:46:01,,,
2026-01-04 18:56:01,,,17.642
2026-01-04 18:57:01,20.698,19.113,
2026-01-04 19:04:01,,,
2026-01-04 19:10:01,,,
2026-01-04 19:11:01,,,
2026-01-04 19:15:01,,,
2026-01-04 19:16:01,,,
2026-01-04 19:26:01,,,17.642
2026-01-04 19:27:01,20.072,19.301,
2026-01-04 19:34:01,,,
2026-01-04 19:40:01,,,
2026-01-04 19:41:01,,,
2026-01-04 19:45:01,,,
2026-01-04 19:46:01,,,
2026-01-04 19:56:01,,,17.642
2026-01-04 19:57:01,19.634,19.363,
2026-01-04 20:04:01,,,
2026-01-04 20:10:01,,,
2026-01-04 20:11:01,,,
2026-01-04 20:15:01,,,
2026-01-04 20:16:01,,,
2026-01-04 20:26:01,,,17.704
2026-01-04 20:27:01,19.196,19.426,
2026-01-04 20:34:01,,,
2026-01-04 20:40:01,,,
2026-01-04 20:41:01,,,
2026-01-04 20:45:01,,,
2026-01-04 20:46:01,,,
2026-01-04 20:56:01,,,17.704
2026-01-04 20:57:01,18.758,19.488,
2026-01-04 21:04:01,,,
2026-01-04 21:10:01,,,
2026-01-04 21:11:01,,,
2026-01-04 21:15:01,,,
2026-01-04 21:16:01,,,
2026-01-04 21:26:01,,,17.704
2026-01-04 21:27:01,18.382,19.426,
2026-01-04 21:34:01,,,
2026-01-04 21:40:01,,,
2026-01-04 21:41:01,,,
2026-01-04 21:45:01,,,
2026-01-04 21:46:01,,,
2026-01-04 21:56:01,,,17.767
2026-01-04 21:57:01,18.007,19.363,
2026-01-04 22:04:01,,,
2026-01-04 22:10:01,,,
2026-01-04 22:11:01,,,
2026-01-04 22:15:01,,,
2026-01-04 22:16:01,,,
2026-01-04 22:26:01,,,17.83
2026-01-04 22:27:01,17.694,19.301,
2026-01-04 22:34:01,,,
2026-01-04 22:40:01,,,
2026-01-04 22:41:01,,,
2026-01-04 22:45:01,,,
2026-01-04 22:46:01,,,
2026-01-04 22:56:01,,,17.83
2026-01-04 22:57:01,17.381,19.175,
2026-01-04 23:04:01,,,
2026-01-04 23:10:01,,,
2026-01-04 23:11:01,,,
2026-01-04 23:15:01,,,
2026-01-04 23:16:01,,,
2026-01-04 23:26:01,,,17.892
2026-01-04 23:27:01,17.193,19.113,
2026-01-04 23:34:01,,,
2026-01-04 23:40:01,,,
2026-01-04 23:41:01,,,
2026-01-04 23:45:01,,,
2026-01-04 23:46:01,,,
2026-01-04 23:56:01,,,17.892
2026-01-04 23:57:01,17.005,18.988,
2026-01-05 00:04:01,,,
2026-01-05 00:10:01,,,
2026-01-05 00:11:01,,,
2026-01-05 00:15:01,,,
2026-01-05 00:16:01,,,
2026-01-05 00:26:01,,,17.955
2026-01-05 00:27:01,16.817,18.862,
2026-01-05 00:34:01,,,
2026-01-05 00:40:01,,,
2026-01-05 00:41:01,,,
2026-01-05 00:45:01,,,
2026-01-05 00:46:01,,,
2026-01-05 00:56:01,,,18.017
2026-01-05 00:57:01,16.629,18.737,
2026-01-05 01:04:01,,,
2026-01-05 01:10:01,,,
2026-01-05 01:11:01,,,
2026-01-05 01:15:01,,,
2026-01-05 01:16:01,,,
2026-01-05 01:26:01,,,18.017
2026-01-05 01:27:01,16.441,18.612,
2026-01-05 01:34:01,,,
2026-01-05 01:40:01,,,
2026-01-05 01:41:01,,,
2026-01-05 01:45:01,,,
2026-01-05 01:46:01,,,
2026-01-05 01:56:01,,,18.08
2026-01-05 01:57:01,16.254,18.487,
2026-01-05 02:04:01,,,
2026-01-05 02:10:01,,,
2026-01-05 02:11:01,,,
2026-01-05 02:15:01,,,
2026-01-05 02:16:01,,,
2026-01-05 02:26:01,,,18.08
2026-01-05 02:27:01,16.128,18.361,
2026-01-05 02:34:01,,,
2026-01-05 02:40:01,,,
2026-01-05 02:41:01,,,
2026-01-05 02:45:01,,,
2026-01-05 02:46:01,,,
2026-01-05 02:56:01,,,18.08
2026-01-05 02:57:01,16.003,18.236,
2026-01-05 03:04:01,,,
2026-01-05 03:10:01,,,
2026-01-05 03:11:01,,,
2026-01-05 03:15:01,,,
2026-01-05 03:16:01,,,
2026-01-05 03:26:01,,,18.143
2026-01-05 03:27:01,15.815,18.173,
2026-01-05 03:34:01,,,
2026-01-05 03:40:01,,,
2026-01-05 03:41:01,,,
2026-01-05 03:45:01,,,
2026-01-05 03:46:01,,,
2026-01-05 03:56:01,,,18.143
2026-01-05 03:57:01,15.69,18.048,
2026-01-05 04:04:01,,,
2026-01-05 04:10:01,,,
2026-01-05 04:11:01,,,
2026-01-05 04:15:01,,,
2026-01-05 04:16:01,,,
2026-01-05 04:26:01,,,18.143
2026-01-05 04:27:01,15.565,17.923,
2026-01-05 04:34:01,,,
2026-01-05 04:40:01,,,
2026-01-05 04:41:01,,,
2026-01-05 04:45:01,,,
2026-01-05 04:46:01,,,
2026-01-05 04:56:01,,,18.143
2026-01-05 04:57:01,15.439,17.798,
2026-01-05 05:04:01,,,
2026-01-05 05:10:01,,,
2026-01-05 05:11:01,,,
2026-01-05 05:15:01,,,
2026-01-05 05:16:01,,,
2026-01-05 05:26:01,,,18.143
2026-01-05 05:27:01,15.314,17.672,
2026-01-05 05:34:01,,,
2026-01-05 05:40:01,,,
2026-01-05 05:41:01,,,
2026-01-05 05:45:01,,,
2026-01-05 05:46:01,,,
2026-01-05 05:56:01,,,18.143
2026-01-05 05:57:01,15.189,17.61,
2026-01-05 06:04:01,,,
2026-01-05 06:10:01,,,
2026-01-05 06:11:01,,,
2026-01-05 06:15:01,,,
2026-01-05 06:16:01,,,
2026-01-05 06:26:01,,,18.143
2026-01-05 06:27:01,15.064,17.484,
2026-01-05 06:34:01,,,
2026-01-05 06:40:01,,,
2026-01-05 06:41:01,,,
2026-01-05 06:45:01,,,
2026-01-05 06:46:01,,,
2026-01-05 06:56:01,,,18.143
2026-01-05 06:57:01,15.001,17.359,
2026-01-05 07:04:01,,,
2026-01-05 07:10:01,,,
2026-01-05 07:11:01,,,
2026-01-05 07:15:01,,,
2026-01-05 07:16:01,,,
2026-01-05 07:26:01,,,18.143
2026-01-05 07:27:01,14.938,17.297,
2026-01-05 07:34:01,,,
2026-01-05 07:40:01,,,
2026-01-05 07:41:01,,,
2026-01-05 07:45:01,,,
2026-01-05 07:46:01,,,
2026-01-05 07:56:01,,,18.08
2026-01-05 07:57:01,14.876,17.171,
2026-01-05 08:04:01,,,
2026-01-05 08:10:01,,,
2026-01-05 08:11:01,,,
2026-01-05 08:15:01,,,
2026-01-05 08:16:01,,,
2026-01-05 08:26:01,,,18.08
2026-01-05 08:27:01,14.75,17.046,
2026-01-05 08:34:01,,,
2026-01-05 08:40:01,,,
2026-01-05 08:41:01,,,
2026-01-05 08:45:01,,,
2026-01-05 08:46:01,,,
2026-01-05 08:56:01,,,18.08
2026-01-05 08:57:01,14.813,16.983,
2026-01-05 09:04:01,,,
2026-01-05 09:10:01,,,
2026-01-05 09:11:01,,,
2026-01-05 09:15:01,,,
2026-01-05 09:16:01,,,
2026-01-05 09:26:01,,,18.08
2026-01-05 09:27:01,14.938,16.858,
2026-01-05 09:34:01,,,
2026-01-05 09:40:01,,,
2026-01-05 09:41:01,,,
2026-01-05 09:45:01,,,
2026-01-05 09:46:01,,,
2026-01-05 09:56:01,,,18.017
2026-01-05 09:57:01,15.252,16.795,
2026-01-05 10:04:01,,,
2026-01-05 10:10:01,,,
2026-01-05 10:11:01,,,
2026-01-05 10:15:01,,,
2026-01-05 10:16:01,,,
2026-01-05 10:26:01,,,18.017
2026-01-05 10:27:01,15.627,16.733,
2026-01-05 10:34:01,,,
2026-01-05 10:40:01,,,
2026-01-05 10:41:01,,,
2026-01-05 10:45:01,,,
2026-01-05 10:46:01,,,
2026-01-05 10:56:01,,,18.017
2026-01-05 10:57:01,16.128,16.67,
2026-01-05 11:04:01,,,
2026-01-05 11:10:01,,,
2026-01-05 11:11:01,,,
2026-01-05 11:15:01,,,
2026-01-05 11:16:01,,,
2026-01-05 11:26:01,,,17.955
2026-01-05 11:27:01,16.817,16.607,
2026-01-05 11:34:01,,,
2026-01-05 11:40:01,,,
2026-01-05 11:41:01,,,
2026-01-05 11:45:01,,,
2026-01-05 11:46:01,,,
2026-01-05 11:56:01,,,17.955
2026-01-05 11:57:01,17.443,16.607,
2026-01-05 12:04:01,,,
2026-01-05 12:10:01,,,
2026-01-05 12:11:01,,,
2026-01-05 12:15:01,,,
2026-01-05 12:16:01,,,
2026-01-05 12:26:01,,,17.955
2026-01-05 12:27:01,18.195,16.607,
2026-01-05 12:34:01,,,
2026-01-05 12:40:01,,,
2026-01-05 12:41:01,,,
2026-01-05 12:45:01,,,
2026-01-05 12:46:01,,,
2026-01-05 12:56:01,,,17.892
2026-01-05 12:57:01,19.008,16.67,
2026-01-05 13:04:01,,,
2026-01-05 13:10:01,,,
2026-01-05 13:11:01,,,
2026-01-05 13:15:01,,,
2026-01-05 13:16:01,,,
2026-01-05 13:26:01,,,17.892
2026-01-05 13:27:01,19.759,16.733,
2026-01-05 13:34:01,,,
2026-01-05 13:40:01,,,
2026-01-05 13:41:01,,,
2026-01-05 13:45:01,,,
2026-01-05 13:46:01,,,
2026-01-05 13:56:01,,,17.892
2026-01-05 13:57:01,20.573,16.858,
2026-01-05 14:04:01,,,
2026-01-05 14:10:01,,,
2026-01-05 14:11:01,,,
2026-01-05 14:15:01,,,
2026-01-05 14:16:01,,,
2026-01-05 14:26:01,,,17.83
2026-01-05 14:27:01,21.324,16.983,
2026-01-05 14:34:01,,,
2026-01-05 14:40:01,,,
2026-01-05 14:41:01,,,
2026-01-05 14:45:01,,,
2026-01-05 14:46:01,,,
2026-01-05 14:56:01,,,17.83
2026-01-05 14:57:01,21.762,17.171,
2026-01-05 15:04:01,,,
2026-01-05 15:10:01,,,
2026-01-05 15:11:01,,,
2026-01-05 15:15:01,,,
2026-01-05 15:16:01,,,
2026-01-05 15:26:01,,,17.83
2026-01-05 15:27:01,22.137,17.422,
2026-01-05 15:34:01,,,
2026-01-05 15:40:01,,,
2026-01-05 15:41:01,,,
2026-01-05 15:45:01,,,
2026-01-05 15:46:01,,,
2026-01-05 15:56:01,,,17.767
2026-01-05 15:57:01,22.325,17.61,
2026-01-05 16:04:01,,,
2026-01-05 16:10:01,,,
2026-01-05 16:11:01,,,
2026-01-05 16:15:01,,,
2026-01-05 16:16:01,,,
2026-01-05 16:26:01,,,17.767
2026-01-05 16:27:01,22.387,17.923,
2026-01-05 16:34:01,,,
2026-01-05 16:40:01,,,
2026-01-05 16:41:01,,,
2026-01-05 16:45:01,,,
2026-01-05 16:46:01,,,
2026-01-05 16:56:01,,,17.767
2026-01-05 16:57:01,22.2,18.173,
2026-01-05 17:04:01,,,
2026-01-05 17:10:01,,,
2026-01-05 17:11:01,,,
2026-01-05 17:15:01,,,
2026-01-05 17:16:01,,,
2026-01-05 17:26:01,,,17.767
2026-01-05 17:27:01,21.949,18.424,
2026-01-05 17:34:01,,,
2026-01-05 17:40:01,,,
2026-01-05 17:41:01,,,
2026-01-05 17:45:01,,,
2026-01-05 17:46:01,,,
2026-01-05 17:56:01,,,17.704
2026-01-05 17:57:01,21.449,18.674,
2026-01-05 18:04:01,,,
2026-01-05 18:10:01,,,
2026-01-05 18:11:01,,,
2026-01-05 18:15:01,,,
2026-01-05 18:16:01,,,
2026-01-05 18:26:01,,,17.704
2026-01-05 18:27:01,20.886,18.925,
2026-01-05 18:34:01,,,
2026-01-05 18:40:01,,,
2026-01-05 18:41:01,,,
2026-01-05 18:45:01,,,
2026-01-05 18:46:01,,,
2026-01-05 18:56:01,,,17.767
2026-01-05 18:57:01,20.197,19.113,
2026-01-05 19:04:01,,,
2026-01-05 19:10:01,,,
2026-01-05 19:11:01,,,
2026-01-05 19:15:01,,,
2026-01-05 19:16:01,,,
2026-01-05 19:26:01,,,17.767
2026-01-05 19:27:01,19.572,19.238,
2026-01-05 19:34:01,,,
2026-01-05 19:40:01,,,
2026-01-05 19:41:01,,,
2026-01-05 19:45:01,,,
2026-01-05 19:46:01,,,
2026-01-05 19:56:01,,,17.767
2026-01-05 19:57:01,19.008,19.363,
2026-01-05 20:04:01,,,
2026-01-05 20:10:01,,,
2026-01-05 20:11:01,,,
2026-01-05 20:15:01,,,
2026-01-05 20:16:01,,,
2026-01-05 20:26:01,,,17.767
2026-01-05 20:27:01,18.57,19.363,
2026-01-05 20:34:01,,,
2026-01-05 20:40:01,,,
2026-01-05 20:41:01,,,
2026-01-05 20:45:01,,,
2026-01-05 20:46:01,,,
2026-01-05 20:56:01,,,17.83
2026-01-05 20:57:01,18.195,19.363,
2026-01-05 21:04:01,,,
2026-01-05 21:10:01,,,
2026-01-05 21:11:01,,,
2026-01-05 21:15:01,,,
2026-01-05 21:16:01,,,
2026-01-05 21:26:01,,,17.83
2026-01-05 21:27:01,17.819,19.301,
2026-01-05 21:34:01,,,
2026-01-05 21:40:01,,,
2026-01-05 21:41:01,,,
2026-01-05 21:45:01,,,
2026-01-05 21:46:01,,,
2026-01-05 21:56:01,,,17.892
2026-01-05 21:57:01,17.443,19.238,
2026-01-05 22:04:01,,,
2026-01-05 22:10:01,,,
2026-01-05 22:11:01,,,
2026-01-05 22:15:01,,,
2026-01-05 22:16:01,,,
2026-01-05 22:26:01,,,17.892
2026-01-05 22:27:01,17.193,19.113,
2026-01-05 22:34:01,,,
2026-01-05 22:40:01,,,
2026-01-05 22:41:01,,,
2026-01-05 22:45:01,,,
2026-01-05 22:46:01,,,
2026-01-05 22:56:01,,,17.955
2026-01-05 22:57:01,16.88,19.05,
2026-01-05 23:04:01,,,
2026-01-05 23:10:01,,,
2026-01-05 23:11:01,,,
2026-01-05 23:15:01,,,
2026-01-05 23:16:01,,,
2026-01-05 23:26:01,,,17.955
2026-01-05 23:27:01,16.629,18.925,
2026-01-05 23:34:01,,,
2026-01-05 23:40:01,,,
2026-01-05 23:41:01,,,
2026-01-05 23:45:01,,,
2026-01-05 23:46:01,,,
2026-01-05 23:56:01,,,18.017
2026-01-05 23:57:01,16.441,18.8,
2026-01-06 00:04:01,,,
2026-01-06 00:10:01,,,
2026-01-06 00:11:01,,,
2026-01-06 00:15:01,,,
2026-01-06 00:16:01,,,
2026-01-06 00:26:01,,,18.017
2026-01-06 00:27:01,16.254,18.612,
2026-01-06 00:34:01,,,
2026-01-06 00:40:01,,,
2026-01-06 00:41:01,,,
2026-01-06 00:45:01,,,
2026-01-06 00:46:01,,,
2026-01-06 00:56:01,,,18.08
2026-01-06 00:57:01,16.066,18.487,
2026-01-06 01:04:01,,,
2026-01-06 01:10:01,,,
2026-01-06 01:11:01,,,
2026-01-06 01:15:01,,,
2026-01-06 01:16:01,,,
2026-01-06 01:26:01,,,18.08
2026-01-06 01:27:01,15.878,18.361,
2026-01-06 01:34:01,,,
2026-01-06 01:40:01,,,
2026-01-06 01:41:01,,,
2026-01-06 01:45:01,,,
2026-01-06 01:46:01,,,
2026-01-06 01:56:01,,,18.08
2026-01-06 01:57:01,15.753,18.236,
2026-01-06 02:04:01,,,
2026-01-06 02:10:01,,,
2026-01-06 02:11:01,,,
2026-01-06 02:15:01,,,
2026-01-06 02:16:01,,,
2026-01-06 02:26:01,,,18.143
2026-01-06 02:27:01,15.565,18.111,
2026-01-06 02:34:01,,,
2026-01-06 02:40:01,,,
2026-01-06 02:41:01,,,
2026-01-06 02:45:01,,,
2026-01-06 02:46:01,,,
2026-01-06 02:56:01,,,18.143
2026-01-06 02:57:01,15.377,17.986,
2026-01-06 03:04:01,,,
2026-01-06 03:10:01,,,
2026-01-06 03:11:01,,,
2026-01-06 03:15:01,,,
2026-01-06 03:16:01,,,
2026-01-06 03:26:01,,,18.143
2026-01-06 03:27:01,15.189,17.86,
2026-01-06 03:34:01,,,
2026-01-06 03:40:01,,,
2026-01-06 03:41:01,,,
2026-01-06 03:45:01,,,
2026-01-06 03:46:01,,,
2026-01-06 03:56:01,,,18.143
2026-01-06 03:57:01,15.064,17.735,
2026-01-06 04:04:01,,,
2026-01-06 04:10:01,,,
2026-01-06 04:11:01,,,
2026-01-06 04:15:01,,,
2026-01-06 04:16:01,,,
2026-01-06 04:26:01,,,18.143
2026-01-06 04:27:01,14.876,17.61,
2026-01-06 04:34:01,,,
2026-01-06 04:40:01,,,
2026-01-06 04:41:01,,,
2026-01-06 04:45:01,,,
2026-01-06 04:46:01,,,
2026-01-06 04:56:01,,,18.143
2026-01-06 04:57:01,14.813,17.484,
2026-01-06 05:04:01,,,
2026-01-06 05:10:01,,,
2026-01-06 05:11:01,,,
2026-01-06 05:15:01,,,
2026-01-06 05:16:01,,,
2026-01-06 05:26:01,,,18.08
2026-01-06 05:27:01,14.75,17.359,
2026-01-06 05:34:01,,,
2026-01-06 05:40:01,,,
2026-01-06 05:41:01,,,
2026-01-06 05:45:01,,,
2026-01-06 05:46:01,,,
2026-01-06 05:56:01,,,18.08
2026-01-06 05:57:01,14.625,17.234,
2026-01-06 06:04:01,,,
2026-01-06 06:10:01,,,
2026-01-06 06:11:01,,,
2026-01-06 06:15:01,,,
2026-01-06 06:16:01,,,
2026-01-06 06:26:01,,,18.08
2026-01-06 06:27:01,14.437,17.109,
2026-01-06 06:34:01,,,
2026-01-06 06:40:01,,,
2026-01-06 06:41:01,,,
2026-01-06 06:45:01,,,
2026-01-06 06:46:01,,,
2026-01-06 06:56:01,,,18.08
2026-01-06 06:57:01,14.249,16.983,
2026-01-06 07:04:01,,,
2026-01-06 07:10:01,,,
2026-01-06 07:11:01,,,
2026-01-06 07:15:01,,,
2026-01-06 07:16:01,,,
2026-01-06 07:26:01,,,18.017
2026-01-06 07:27:01,14.249,16.921,
2026-01-06 07:34:01,,,
2026-01-06 07:40:01,,,
2026-01-06 07:41:01,,,
2026-01-06 07:45:01,,,
2026-01-06 07:46:01,,,
2026-01-06 07:56:01,,,18.017
2026-01-06 07:57:01,14.249,16.795,
2026-01-06 08:04:01,,,
2026-01-06 08:10:01,,,
2026-01-06 08:11:01,,,
2026-01-06 08:15:01,,,
2026-01-06 08:16:01,,,
2026-01-06 08:26:01,,,18.017
2026-01-06 08:27:01,14.312,16.67,
2026-01-06 08:34:01,,,
2026-01-06 08:40:01,,,
2026-01-06 08:41:01,,,
2026-01-06 08:45:01,,,
2026-01-06 08:46:01,,,
2026-01-06 08:56:01,,,17.955
2026-01-06 08:57:01,14.374,16.607,
2026-01-06 09:04:01,,,
2026-01-06 09:10:01,,,
2026-01-06 09:11:01,,,
2026-01-06 09:15:01,,,
2026-01-06 09:16:01,,,
2026-01-06 09:26:01,,,17.955
2026-01-06 09:27:01,14.437,16.482,
2026-01-06 09:34:01,,,
2026-01-06 09:40:01,,,
2026-01-06 09:41:01,,,
2026-01-06 09:45:01,,,
2026-01-06 09:46:01,,,
2026-01-06 09:56:01,,,17.955
2026-01-06 09:57:01,14.562,16.419,
2026-01-06 10:04:01,,,
2026-01-06 10:10:01,,,
2026-01-06 10:11:01,,,
2026-01-06 10:15:01,,,
2026-01-06 10:16:01,,,
2026-01-06 10:26:01,,,17.892
2026-01-06 10:27:01,14.75,16.357,
2026-01-06 10:34:01,,,
2026-01-06 10:40:01,,,
2026-01-06 10:41:01,,,
2026-01-06 10:45:01,,,
2026-01-06 10:46:01,,,
2026-01-06 10:56:01,,,17.892
2026-01-06 10:57:01,15.001,16.294,
2026-01-06 11:04:01,,,
2026-01-06 11:10:01,,,
2026-01-06 11:11:01,,,
2026-01-06 11:15:01,,,
2026-01-06 11:16:01,,,
2026-01-06 11:26:01,,,17.83
2026-01-06 11:27:01,15.314,16.231,
2026-01-06 11:34:01,,,
2026-01-06 11:40:01,,,
2026-01-06 11:41:01,,,
2026-01-06 11:45:01,,,
2026-01-06 11:46:01,,,
2026-01-06 11:56:01,,,17.83
2026-01-06 11:57:01,15.94,16.169,
2026-01-06 12:04:01,,,
2026-01-06 12:10:01,,,
2026-01-06 12:11:01,,,
2026-01-06 12:15:01,,,
2026-01-06 12:16:01,,,
2026-01-06 12:26:01,,,17.767
2026-01-06 12:27:01,16.817,16.169,
2026-01-06 12:34:01,,,
2026-01-06 12:40:01,,,
2026-01-06 12:41:01,,,
2026-01-06 12:45:01,,,
2026-01-06 12:46:01,,,
2026-01-06 12:56:01,,,17.767
2026-01-06 12:57:01,17.882,16.169,
2026-01-06 13:04:01,,,
2026-01-06 13:10:01,,,
2026-01-06 13:11:01,,,
2026-01-06 13:15:01,,,
2026-01-06 13:16:01,,,
2026-01-06 13:26:01,,,17.704
2026-01-06 13:27:01,18.946,16.231,
2026-01-06 13:34:01,,,
2026-01-06 13:40:01,,,
2026-01-06 13:41:01,,,
2026-01-06 13:45:01,,,
2026-01-06 13:46:01,,,
2026-01-06 13:56:01,,,17.704
2026-01-06 13:57:01,19.947,16.294,
2026-01-06 14:04:01,,,
2026-01-06 14:10:01,,,
2026-01-06 14:11:01,,,
2026-01-06 14:15:01,,,
2026-01-06 14:16:01,,,
2026-01-06 14:26:01,,,17.704
2026-01-06 14:27:01,20.823,16.419,
2026-01-06 14:34:01,,,
2026-01-06 14:40:01,,,
2026-01-06 14:41:01,,,
2026-01-06 14:45:01,,,
2026-01-06 14:46:01,,,
2026-01-06 14:56:01,,,17.642
2026-01-06 14:57:01,21.261,16.607,
2026-01-06 15:04:01,,,
2026-01-06 15:10:01,,,
2026-01-06 15:11:01,,,
2026-01-06 15:15:01,,,
2026-01-06 15:16:01,,,
2026-01-06 15:26:01,,,17.642
2026-01-06 15:27:01,21.574,16.795,
2026-01-06 15:34:01,,,
2026-01-06 15:40:01,,,
2026-01-06 15:41:01,,,
2026-01-06 15:45:01,,,
2026-01-06 15:46:01,,,
2026-01-06 15:56:01,,,17.579
2026-01-06 15:57:01,21.762,16.983,
2026-01-06 16:04:01,,,
2026-01-06 16:10:01,,,
2026-01-06 16:11:01,,,
2026-01-06 16:15:01,,,
2026-01-06 16:16:01,,,
2026-01-06 16:26:01,,,17.579
2026-01-06 16:27:01,21.762,17.297,
2026-01-06 16:34:01,,,
2026-01-06 16:40:01,,,
2026-01-06 16:41:01,,,
2026-01-06 16:45:01,,,
2026-01-06 16:46:01,,,
2026-01-06 16:56:01,,,17.579
2026-01-06 16:57:01,21.637,17.547,
2026-01-06 17:04:01,,,
2026-01-06 17:10:01,,,
2026-01-06 17:11:01,,,
2026-01-06 17:15:01,,,
2026-01-06 17:16:01,,,
2026-01-06 17:26:01,,,17.516
2026-01-06 17:27:01,21.324,17.798,
2026-01-06 17:34:01,,,
2026-01-06 17:40:01,,,
2026-01-06 17:41:01,,,
2026-01-06 17:45:01,,,
2026-01-06 17:46:01,,,
2026-01-06 17:56:01,,,17.516
2026-01-06 17:57:01,20.886,18.048,
2026-01-06 18:04:01,,,
2026-01-06 18:10:01,,,
2026-01-06 18:11:01,,,
2026-01-06 18:15:01,,,
2026-01-06 18:16:01,,,
2026-01-06 18:26:01,,,17.516
2026-01-06 18:27:01,20.26,18.299,
2026-01-06 18:34:01,,,
2026-01-06 18:40:01,,,
2026-01-06 18:41:01,,,
2026-01-06 18:45:01,,,
2026-01-06 18:46:01,,,
2026-01-06 18:56:01,,,17.516
2026-01-06 18:57:01,19.634,18.487,
2026-01-06 19:04:01,,,
2026-01-06 19:10:01,,,
2026-01-06 19:11:01,,,
2026-01-06 19:15:01,,,
2026-01-06 19:16:01,,,
2026-01-06 19:26:01,,,17.516
2026-01-06 19:27:01,19.008,18.612,
2026-01-06 19:34:01,,,
2026-01-06 19:40:01,,,
2026-01-06 19:41:01,,,
2026-01-06 19:45:01,,,
2026-01-06 19:46:01,,,
2026-01-06 19:56:01,,,17.516
2026-01-06 19:57:01,18.57,18.674,
2026-01-06 20:04:01,,,
2026-01-06 20:10:01,,,
2026-01-06 20:11:01,,,
2026-01-06 20:15:01,,,
2026-01-06 20:16:01,,,
2026-01-06 20:26:01,,,17.516
2026-01-06 20:27:01,18.132,18.737,
2026-01-06 20:34:01,,,
2026-01-06 20:40:01,,,
2026-01-06 20:41:01,,,
2026-01-06 20:45:01,,,
2026-01-06 20:46:01,,,
2026-01-06 20:56:01,,,17.579
2026-01-06 20:57:01,17.756,18.737,
2026-01-06 21:04:01,,,
2026-01-06 21:10:01,,,
2026-01-06 21:11:01,,,
2026-01-06 21:15:01,,,
2026-01-06 21:16:01,,,
2026-01-06 21:26:01,,,17.579
2026-01-06 21:27:01,17.443,18.737,
2026-01-06 21:34:01,,,
2026-01-06 21:40:01,,,
2026-01-06 21:41:01,,,
2026-01-06 21:45:01,,,
2026-01-06 21:46:01,,,
2026-01-06 21:56:01,,,17.642
2026-01-06 21:57:01,17.13,18.674,
2026-01-06 22:04:01,,,
2026-01-06 22:10:01,,,
2026-01-06 22:11:01,,,
2026-01-06 22:15:01,,,
2026-01-06 22:16:01,,,
2026-01-06 22:26:01,,,17.642
2026-01-06 22:27:01,16.755,18.549,
2026-01-06 22:34:01,,,
2026-01-06 22:40:01,,,
2026-01-06 22:41:01,,,
2026-01-06 22:45:01,,,
2026-01-06 22:46:01,,,
2026-01-06 22:56:01,,,17.642
2026-01-06 22:57:01,16.441,18.424,
2026-01-06 23:04:01,,,
2026-01-06 23:10:01,,,
2026-01-06 23:11:01,,,
2026-01-06 23:15:01,,,
2026-01-06 23:16:01,,,
2026-01-06 23:26:01,,,17.704
2026-01-06 23:27:01,16.191,18.361,
2026-01-06 23:34:01,,,
2026-01-06 23:40:01,,,
2026-01-06 23:41:01,,,
2026-01-06 23:45:01,,,
2026-01-06 23:46:01,,,
2026-01-06 23:56:01,,,17.704
2026-01-06 23:57:01,16.003,18.236,
2026-01-07 00:04:01,,,
2026-01-07 00:10:01,,,
2026-01-07 00:11:01,,,
2026-01-07 00:15:01,,,
2026-01-07 00:16:01,,,
2026-01-07 00:26:01,,,17.704
2026-01-07 00:27:01,15.878,18.111,
2026-01-07 00:34:01,,,
2026-01-07 00:40:01,,,
2026-01-07 00:41:01,,,
2026-01-07 00:45:01,,,
2026-01-07 00:46:01,,,
2026-01-07 00:56:01,,,17.767
2026-01-07 00:57:01,15.753,17.986,
2026-01-07 01:04:01,,,
2026-01-07 01:10:01,,,
2026-01-07 01:11:01,,,
2026-01-07 01:15:01,,,
2026-01-07 01:16:01,,,
2026-01-07 01:26:01,,,17.767
2026-01-07 01:27:01,15.565,17.86,
2026-01-07 01:34:01,,,
2026-01-07 01:40:01,,,
2026-01-07 01:41:01,,,
2026-01-07 01:45:01,,,
2026-01-07 01:46:01,,,
2026-01-07 01:56:01,,,17.767
2026-01-07 01:57:01,15.439,17.735,
2026-01-07 02:04:01,,,
2026-01-07 02:10:01,,,
2026-01-07 02:11:01,,,
2026-01-07 02:15:01,,,
2026-01-07 02:16:01,,,
2026-01-07 02:26:01,,,17.767
2026-01-07 02:27:01,15.314,17.61,
2026-01-07 02:34:01,,,
2026-01-07 02:40:01,,,
2026-01-07 02:41:01,,,
2026-01-07 02:45:01,,,
2026-01-07 02:46:01,,,
2026-01-07 02:56:01,,,17.767
2026-01-07 02:57:01,15.189,17.484,
2026-01-07 03:04:01,,,
2026-01-07 03:10:01,,,
2026-01-07 03:11:01,,,
2026-01-07 03:15:01,,,
2026-01-07 03:16:01,,,
2026-01-07 03:26:01,,,17.767
2026-01-07 03:27:01,15.126,17.359,
2026-01-07 03:34:01,,,
2026-01-07 03:40:01,,,
2026-01-07 03:41:01,,,
2026-01-07 03:45:01,,,
2026-01-07 03:46:01,,,
2026-01-07 03:56:01,,,17.767
2026-01-07 03:57:01,15.001,17.297,
2026-01-07 04:04:01,,,
2026-01-07 04:10:01,,,
2026-01-07 04:11:01,,,
2026-01-07 04:15:01,,,
2026-01-07 04:16:01,,,
2026-01-07 04:26:01,,,17.767
2026-01-07 04:27:01,14.813,17.171,
2026-01-07 04:34:01,,,
2026-01-07 04:40:01,,,
2026-01-07 04:41:01,,,
2026-01-07 04:45:01,,,
2026-01-07 04:46:01,,,
2026-01-07 04:56:01,,,17.767
2026-01-07 04:57:01,14.688,17.046,
2026-01-07 05:04:01,,,
2026-01-07 05:10:01,,,
2026-01-07 05:11:01,,,
2026-01-07 05:15:01,,,
2026-01-07 05:16:01,,,
2026-01-07 05:26:01,,,17.767
2026-01-07 05:27:01,14.562,16.921,
2026-01-07 05:34:01,,,
2026-01-07 05:40:01,,,
2026-01-07 05:41:01,,,
2026-01-07 05:45:01,,,
2026-01-07 05:46:01,,,
2026-01-07 05:56:01,,,17.704
2026-01-07 05:57:01,14.437,16.858,
2026-01-07 06:04:01,,,
2026-01-07 06:10:01,,,
2026-01-07 06:11:01,,,
2026-01-07 06:15:01,,,
2026-01-07 06:16:01,,,
2026-01-07 06:26:01,,,17.704
2026-01-07 06:27:01,14.249,16.733,
2026-01-07 06:34:01,,,
2026-01-07 06:40:01,,,
2026-01-07 06:41:01,,,
2026-01-07 06:45:01,,,
2026-01-07 06:46:01,,,
2026-01-07 06:56:01,,,17.704
2026-01-07 06:57:01,14.124,16.67,
2026-01-07 07:04:01,,,
2026-01-07 07:10:01,,,
2026-01-07 07:11:01,,,
2026-01-07 07:15:01,,,
2026-01-07 07:16:01,,,
2026-01-07 07:26:01,,,17.704
2026-01-07 07:27:01,14.124,16.545,
2026-01-07 07:34:01,,,
2026-01-07 07:40:01,,,
2026-01-07 07:41:01,,,
2026-01-07 07:45:01,,,
2026-01-07 07:46:01,,,
2026-01-07 07:56:01,,,17.642
2026-01-07 07:57:01,14.124,16.419,
2026-01-07 08:04:01,,,
2026-01-07 08:10:01,,,
2026-01-07 08:11:01,,,
2026-01-07 08:15:01,,,
2026-01-07 08:16:01,,,
2026-01-07 08:26:01,,,17.642
2026-01-07 08:27:01,14.124,16.357,
2026-01-07 08:34:01,,,
2026-01-07 08:40:01,,,
2026-01-07 08:41:01,,,
2026-01-07 08:45:01,,,
2026-01-07 08:46:01,,,
2026-01-07 08:56:01,,,17.642
2026-01-07 08:57:01,14.187,16.231,
2026-01-07 09:04:01,,,
2026-01-07 09:10:01,,,
2026-01-07 09:11:01,,,
2026-01-07 09:15:01,,,
2026-01-07 09:16:01,,,
2026-01-07 09:26:01,,,17.579
2026-01-07 09:27:01,14.437,16.169,
2026-01-07 09:34:01,,,
2026-01-07 09:40:01,,,
2026-01-07 09:41:01,,,
2026-01-07 09:45:01,,,
2026-01-07 09:46:01,,,
2026-01-07 09:56:01,,,17.579
2026-01-07 09:57:01,14.813,16.043,
2026-01-07 10:04:01,,,
2026-01-07 10:10:01,,,
2026-01-07 10:11:01,,,
2026-01-07 10:15:01,,,
2026-01-07 10:16:01,,,
2026-01-07 10:26:01,,,17.516
2026-01-07 10:27:01,15.314,15.981,
2026-01-07 10:34:01,,,
2026-01-07 10:40:01,,,
2026-01-07 10:41:01,,,
2026-01-07 10:45:01,,,
2026-01-07 10:46:01,,,
2026-01-07 10:56:01,,,17.516
2026-01-07 10:57:01,15.815,15.981,
2026-01-07 11:04:01,,,
2026-01-07 11:10:01,,,
2026-01-07 11:11:01,,,
2026-01-07 11:15:01,,,
2026-01-07 11:16:01,,,
2026-01-07 11:26:01,,,17.454
2026-01-07 11:27:01,16.504,15.918,
2026-01-07 11:34:01,,,
2026-01-07 11:40:01,,,
2026-01-07 11:41:01,,,
2026-01-07 11:45:01,,,
2026-01-07 11:46:01,,,
2026-01-07 11:56:01,,,17.454
2026-01-07 11:57:01,17.193,15.918,
2026-01-07 12:04:01,,,
2026-01-07 12:10:01,,,
2026-01-07 12:11:01,,,
2026-01-07 12:15:01,,,
2026-01-07 12:16:01,,,
2026-01-07 12:26:01,,,17.454
2026-01-07 12:27:01,17.882,15.918,
2026-01-07 12:34:01,,,
2026-01-07 12:40:01,,,
2026-01-07 12:41:01,,,
2026-01-07 12:45:01,,,
2026-01-07 12:46:01,,,
2026-01-07 12:56:01,,,17.391
2026-01-07 12:57:01,18.633,15.981,
2026-01-07 13:04:01,,,
2026-01-07 13:10:01,,,
2026-01-07 13:11:01,,,
2026-01-07 13:15:01,,,
2026-01-07 13:16:01,,,
2026-01-07 13:26:01,,,17.391
2026-01-07 13:27:01,19.447,16.043,
2026-01-07 13:34:01,,,
2026-01-07 13:40:01,,,
2026-01-07 13:41:01,,,
2026-01-07 13:45:01,,,
2026-01-07 13:46:01,,,
2026-01-07 13:56:01,,,17.391
2026-01-07 13:57:01,20.323,16.169,
2026-01-07 14:04:01,,,
2026-01-07 14:10:01,,,
2026-01-07 14:11:01,,,
2026-01-07 14:15:01,,,
2026-01-07 14:16:01,,,
2026-01-07 14:26:01,,,17.328
2026-01-07 14:27:01,21.136,16.357,
2026-01-07 14:34:01,,,
2026-01-07 14:40:01,,,
2026-01-07 14:41:01,,,
2026-01-07 14:45:01,,,
2026-01-07 14:46:01,,,
2026-01-07 14:56:01,,,17.328
2026-01-07 14:57:01,21.511,16.545,
2026-01-07 15:04:01,,,
2026-01-07 15:10:01,,,
2026-01-07 15:11:01,,,
2026-01-07 15:15:01,,,
2026-01-07 15:16:01,,,
2026-01-07 15:26:01,,,17.266
2026-01-07 15:27:01,21.824,16.733,
2026-01-07 15:34:01,,,
2026-01-07 15:40:01,,,
2026-01-07 15:41:01,,,
2026-01-07 15:45:01,,,
2026-01-07 15:46:01,,,
2026-01-07 15:56:01,,,17.266
2026-01-07 15:57:01,22.012,16.983,
2026-01-07 16:04:01,,,
2026-01-07 16:10:01,,,
2026-01-07 16:11:01,,,
2026-01-07 16:15:01,,,
2026-01-07 16:16:01,,,
2026-01-07 16:26:01,,,17.266
2026-01-07 16:27:01,21.887,17.234,
2026-01-07 16:34:01,,,
2026-01-07 16:40:01,,,
2026-01-07 16:41:01,,,
2026-01-07 16:45:01,,,
2026-01-07 16:46:01,,,
2026-01-07 16:56:01,,,17.266
2026-01-07 16:57:01,21.699,17.547,
2026-01-07 17:04:01,,,
2026-01-07 17:10:01,,,
2026-01-07 17:11:01,,,
2026-01-07 17:15:01,,,
2026-01-07 17:16:01,,,
2026-01-07 17:26:01,,,17.203
2026-01-07 17:27:01,21.324,17.798,
2026-01-07 17:34:01,,,
2026-01-07 17:40:01,,,
2026-01-07 17:41:01,,,
2026-01-07 17:45:01,,,
2026-01-07 17:46:01,,,
2026-01-07 17:56:01,,,17.203
2026-01-07 17:57:01,20.886,18.048,
2026-01-07 18:04:01,,,
2026-01-07 18:10:01,,,
2026-01-07 18:11:01,,,
2026-01-07 18:15:01,,,
2026-01-07 18:16:01,,,
2026-01-07 18:26:01,,,17.203
2026-01-07 18:27:01,20.323,18.236,
2026-01-07 18:34:01,,,
2026-01-07 18:40:01,,,
2026-01-07 18:41:01,,,
2026-01-07 18:45:01,,,
2026-01-07 18:46:01,,,
2026-01-07 18:56:01,,,17.203
2026-01-07 18:57:01,19.697,18.424,
2026-01-07 19:04:01,,,
2026-01-07 19:10:01,,,
2026-01-07 19:11:01,,,
2026-01-07 19:15:01,,,
2026-01-07 19:16:01,,,
2026-01-07 19:26:01,,,17.266
2026-01-07 19:27:01,19.071,18.549,
2026-01-07 19:34:01,,,
2026-01-07 19:40:01,,,
2026-01-07 19:41:01,,,
2026-01-07 19:45:01,,,
2026-01-07 19:46:01,,,
2026-01-07 19:56:01,,,17.266
2026-01-07 19:57:01,18.633,18.674,
2026-01-07 20:04:01,,,
2026-01-07 20:10:01,,,
2026-01-07 20:11:01,,,
2026-01-07 20:15:01,,,
2026-01-07 20:16:01,,,
2026-01-07 20:26:01,,,17.266
2026-01-07 20:27:01,18.195,18.737,
2026-01-07 20:34:01,,,
2026-01-07 20:40:01,,,
2026-01-07 20:41:01,,,
2026-01-07 20:45:01,,,
2026-01-07 20:46:01,,,
2026-01-07 20:56:01,,,17.328
2026-01-07 20:57:01,17.819,18.737,
2026-01-07 21:04:01,,,
2026-01-07 21:10:01,,,
2026-01-07 21:11:01,,,
2026-01-07 21:15:01,,,
2026-01-07 21:16:01,,,
2026-01-07 21:26:01,,,17.328
2026-01-07 21:27:01,17.506,18.737,
2026-01-07 21:34:01,,,
2026-01-07 21:40:01,,,
2026-01-07 21:41:01,,,
2026-01-07 21:45:01,,,
2026-01-07 21:46:01,,,
2026-01-07 21:56:01,,,17.328
2026-01-07 21:57:01,17.13,18.674,
2026-01-07 22:04:01,,,
2026-01-07 22:10:01,,,
2026-01-07 22:11:01,,,
2026-01-07 22:15:01,,,
2026-01-07 22:16:01,,,
2026-01-07 22:26:01,,,17.391
2026-01-07 22:27:01,16.88,18.549,
2026-01-07 22:34:01,,,
2026-01-07 22:40:01,,,
2026-01-07 22:41:01,,,
2026-01-07 22:45:01,,,
2026-01-07 22:46:01,,,
2026-01-07 22:56:01,,,17.391
2026-01-07 22:57:01,16.629,18.487,
2026-01-07 23:04:01,,,
2026-01-07 23:10:01,,,
2026-01-07 23:11:01,,,
2026-01-07 23:15:01,,,
2026-01-07 23:16:01,,,
2026-01-07 23:26:01,,,17.454
2026-01-07 23:27:01,16.379,18.361,
2026-01-07 23:34:01,,,
2026-01-07 23:40:01,,,
2026-01-07 23:41:01,,,
2026-01-07 23:45:01,,,
2026-01-07 23:46:01,,,
2026-01-07 23:56:01,,,17.454
2026-01-07 23:57:01,16.254,18.236,
2026-01-08 00:04:01,,,
2026-01-08 00:10:01,,,
2026-01-08 00:11:01,,,
2026-01-08 00:15:01,,,
2026-01-08 00:16:01,,,
2026-01-08 00:26:01,,,17.516
2026-01-08 00:27:01,16.066,18.111,
2026-01-08 00:34:01,,,
2026-01-08 00:40:01,,,
2026-01-08 00:41:01,,,
2026-01-08 00:45:01,,,
2026-01-08 00:46:01,,,
2026-01-08 00:56:01,,,17.516
2026-01-08 00:57:01,15.878,17.986,
2026-01-08 01:04:01,,,
2026-01-08 01:10:01,,,
2026-01-08 01:11:01,,,
2026-01-08 01:15:01,,,
2026-01-08 01:16:01,,,
2026-01-08 01:26:01,,,17.579
2026-01-08 01:27:01,15.753,17.923,
2026-01-08 01:34:01,,,
2026-01-08 01:40:01,,,
2026-01-08 01:41:01,,,
2026-01-08 01:45:01,,,
2026-01-08 01:46:01,,,
2026-01-08 01:56:01,,,17.579
2026-01-08 01:57:01,15.627,17.798,
2026-01-08 02:04:01,,,
2026-01-08 02:10:01,,,
2026-01-08 02:11:01,,,
2026-01-08 02:15:01,,,
2026-01-08 02:16:01,,,
2026-01-08 02:26:01,,,17.579
2026-01-08 02:27:01,15.502,17.672,
2026-01-08 02:34:01,,,
2026-01-08 02:40:01,,,
2026-01-08 02:41:01,,,
2026-01-08 02:45:01,,,
2026-01-08 02:46:01,,,
2026-01-08 02:56:01,,,17.579
2026-01-08 02:57:01,15.314,17.547,
2026-01-08 03:04:01,,,
2026-01-08 03:10:01,,,
2026-01-08 03:11:01,,,
2026-01-08 03:15:01,,,
2026-01-08 03:16:01,,,
2026-01-08 03:26:01,,,17.579
2026-01-08 03:27:01,15.189,17.422,
2026-01-08 03:34:01,,,
2026-01-08 03:40:01,,,
2026-01-08 03:41:01,,,
2026-01-08 03:45:01,,,
2026-01-08 03:46:01,,,
2026-01-08 03:56:01,,,17.579
2026-01-08 03:57:01,15.001,17.359,
2026-01-08 04:04:01,,,
2026-01-08 04:10:01,,,
2026-01-08 04:11:01,,,
2026-01-08 04:15:01,,,
2026-01-08 04:16:01,,,
2026-01-08 04:26:01,,,17.642
2026-01-08 04:27:01,14.938,17.234,
2026-01-08 04:34:01,,,
2026-01-08 04:40:01,,,
2026-01-08 04:41:01,,,
2026-01-08 04:45:01,,,
2026-01-08 04:46:01,,,
2026-01-08 04:56:01,,,17.642
2026-01-08 04:57:01,14.876,17.109,
2026-01-08 05:04:01,,,
2026-01-08 05:10:01,,,
2026-01-08 05:11:01,,,
2026-01-08 05:15:01,,,
2026-01-08 05:16:01,,,
2026-01-08 05:26:01,,,17.642
2026-01-08 05:27:01,14.876,17.046,
2026-01-08 05:34:01,,,
2026-01-08 05:40:01,,,
2026-01-08 05:41:01,,,
2026-01-08 05:45:01,,,
2026-01-08 05:46:01,,,
2026-01-08 05:56:01,,,17.579
2026-01-08 05:57:01,14.813,16.921,
2026-01-08 06:04:01,,,
2026-01-08 06:10:01,,,
2026-01-08 06:11:01,,,
2026-01-08 06:15:01,,,
2026-01-08 06:16:01,,,
2026-01-08 06:26:01,,,17.579
2026-01-08 06:27:01,14.75,16.858,
2026-01-08 06:34:01,,,
2026-01-08 06:40:01,,,
2026-01-08 06:41:01,,,
2026-01-08 06:45:01,,,
2026-01-08 06:46:01,,,
2026-01-08 06:56:01,,,17.579
2026-01-08 06:57:01,14.625,16.733,
2026-01-08 07:04:01,,,
2026-01-08 07:10:01,,,
2026-01-08 07:11:01,,,
2026-01-08 07:15:01,,,
2026-01-08 07:16:01,,,
2026-01-08 07:26:01,,,17.579
2026-01-08 07:27:01,14.625,16.67,
2026-01-08 07:34:01,,,
2026-01-08 07:40:01,,,
2026-01-08 07:41:01,,,
2026-01-08 07:45:01,,,
2026-01-08 07:46:01,,,
2026-01-08 07:56:01,,,17.579
2026-01-08 07:57:01,14.625,16.545,
2026-01-08 08:04:01,,,
2026-01-08 08:10:01,,,
2026-01-08 08:11:01,,,
2026-01-08 08:15:01,,,
2026-01-08 08:16:01,,,
2026-01-08 08:26:01,,,17.579
2026-01-08 08:27:01,14.688,16.482,
2026-01-08 08:34:01,,,
2026-01-08 08:40:01,,,
2026-01-08 08:41:01,,,
2026-01-08 08:45:01,,,
2026-01-08 08:46:01,,,
2026-01-08 08:56:01,,,17.516
2026-01-08 08:57:01,14.813,16.419,
2026-01-08 09:04:01,,,
2026-01-08 09:10:01,,,
2026-01-08 09:11:01,,,
2026-01-08 09:15:01,,,
2026-01-08 09:16:01,,,
2026-01-08 09:26:01,,,17.516
2026-01-08 09:27:01,14.813,16.357,
2026-01-08 09:34:01,,,
2026-01-08 09:40:01,,,
2026-01-08 09:41:01,,,
2026-01-08 09:45:01,,,
2026-01-08 09:46:01,,,
2026-01-08 09:56:01,,,17.516
2026-01-08 09:57:01,14.938,16.294,
2026-01-08 10:04:01,,,
2026-01-08 10:10:01,,,
2026-01-08 10:11:01,,,
2026-01-08 10:15:01,,,
2026-01-08 10:16:01,,,
2026-01-08 10:26:01,,,17.454
2026-01-08 10:27:01,15.001,16.231,
2026-01-08 10:34:01,,,
2026-01-08 10:40:01,,,
2026-01-08 10:41:01,,,
2026-01-08 10:45:01,,,
2026-01-08 10:46:01,,,
2026-01-08 10:56:01,,,17.454
2026-01-08 10:57:01,15.314,16.169,
2026-01-08 11:04:01,,,
2026-01-08 11:10:01,,,
2026-01-08 11:11:01,,,
2026-01-08 11:15:01,,,
2026-01-08 11:16:01,,,
2026-01-08 11:26:01,,,17.454
2026-01-08 11:27:01,15.565,16.169,
2026-01-08 11:34:01,,,
2026-01-08 11:40:01,,,
2026-01-08 11:41:01,,,
2026-01-08 11:45:01,,,
2026-01-08 11:46:01,,,
2026-01-08 11:56:01,,,17.454
2026-01-08 11:57:01,16.254,16.106,
2026-01-08 12:04:01,,,
2026-01-08 12:10:01,,,
2026-01-08 12:11:01,,,
2026-01-08 12:15:01,,,
2026-01-08 12:16:01,,,
2026-01-08 12:26:01,,,17.391
2026-01-08 12:27:01,16.567,16.106,
2026-01-08 12:34:01,,,
2026-01-08 12:40:01,,,
2026-01-08 12:41:01,,,
2026-01-08 12:45:01,,,
2026-01-08 12:46:01,,,
2026-01-08 12:56:01,,,17.391
2026-01-08 12:57:01,17.381,16.106,
2026-01-08 13:04:01,,,
2026-01-08 13:10:01,,,
2026-01-08 13:11:01,,,
2026-01-08 13:15:01,,,
2026-01-08 13:16:01,,,
2026-01-08 13:26:01,,,17.391
2026-01-08 13:27:01,18.132,16.169,
2026-01-08 13:34:01,,,
2026-01-08 13:40:01,,,
2026-01-08 13:41:01,,,
2026-01-08 13:45:01,,,
2026-01-08 13:46:01,,,
2026-01-08 13:56:01,,,17.391
2026-01-08 13:57:01,18.946,16.169,
2026-01-08 14:04:01,,,
2026-01-08 14:10:01,,,
2026-01-08 14:11:01,,,
2026-01-08 14:15:01,,,
2026-01-08 14:16:01,,,
2026-01-08 14:26:01,,,17.328
2026-01-08 14:27:01,18.695,16.294,
2026-01-08 14:34:01,,,
2026-01-08 14:40:01,,,
2026-01-08 14:41:01,,,
2026-01-08 14:45:01,,,
2026-01-08 14:46:01,,,
2026-01-08 14:56:01,,,17.328
2026-01-08 14:57:01,18.132,16.357,
2026-01-08 15:04:01,,,
2026-01-08 15:10:01,,,
2026-01-08 15:11:01,,,
2026-01-08 15:15:01,,,
2026-01-08 15:16:01,,,
2026-01-08 15:26:01,,,17.328
2026-01-08 15:27:01,17.381,16.482,
2026-01-08 15:34:01,,,
2026-01-08 15:40:01,,,
2026-01-08 15:41:01,,,
2026-01-08 15:45:01,,,
2026-01-08 15:46:01,,,
2026-01-08 15:56:01,,,17.266
2026-01-08 15:57:01,17.506,16.607,
2026-01-08 16:04:01,,,
2026-01-08 16:10:01,,,
2026-01-08 16:11:01,,,
2026-01-08 16:15:01,,,
2026-01-08 16:16:01,,,
2026-01-08 16:26:01,,,17.266
2026-01-08 16:27:01,18.069,16.733,
2026-01-08 16:34:01,,,
2026-01-08 16:40:01,,,
2026-01-08 16:41:01,,,
2026-01-08 16:45:01,,,
2026-01-08 16:46:01,,,
2026-01-08 16:56:01,,,17.266
2026-01-08 16:57:01,18.445,16.795,
2026-01-08 17:04:01,,,
2026-01-08 17:10:01,,,
2026-01-08 17:11:01,,,
2026-01-08 17:15:01,,,
2026-01-08 17:16:01,,,
2026-01-08 17:26:01,,,17.266
2026-01-08 17:27:01,18.445,16.921,
2026-01-08 17:34:01,,,
2026-01-08 17:40:01,,,
2026-01-08 17:41:01,,,
2026-01-08 17:45:01,,,
2026-01-08 17:46:01,,,
2026-01-08 17:56:01,,,17.266
2026-01-08 17:57:01,18.069,16.983,
2026-01-08 18:04:01,,,
2026-01-08 18:10:01,,,
2026-01-08 18:11:01,,,
2026-01-08 18:15:01,,,
2026-01-08 18:16:01,,,
2026-01-08 18:26:01,,,17.203
2026-01-08 18:27:01,17.631,17.046,
2026-01-08 18:34:01,,,
2026-01-08 18:40:01,,,
2026-01-08 18:41:01,,,
2026-01-08 18:45:01,,,
2026-01-08 18:46:01,,,
2026-01-08 18:56:01,,,17.203
2026-01-08 18:57:01,17.381,17.109,
2026-01-08 19:04:01,,,
2026-01-08 19:10:01,,,
2026-01-08 19:11:01,,,
2026-01-08 19:15:01,,,
2026-01-08 19:16:01,,,
2026-01-08 19:26:01,,,17.203
2026-01-08 19:27:01,17.13,17.171,
2026-01-08 19:34:01,,,
2026-01-08 19:40:01,,,
2026-01-08 19:41:01,,,
2026-01-08 19:45:01,,,
2026-01-08 19:46:01,,,
2026-01-08 19:56:01,,,17.203
2026-01-08 19:57:01,16.88,17.234,
2026-01-08 20:04:01,,,
2026-01-08 20:10:01,,,
2026-01-08 20:11:01,,,
2026-01-08 20:15:01,,,
2026-01-08 20:16:01,,,
2026-01-08 20:26:01,,,17.203
2026-01-08 20:27:01,16.629,17.234,
2026-01-08 20:34:01,,,
2026-01-08 20:40:01,,,
2026-01-08 20:41:01,,,
2026-01-08 20:45:01,,,
2026-01-08 20:46:01,,,
2026-01-08 20:56:01,,,17.203
2026-01-08 20:57:01,16.441,17.234,
2026-01-08 21:04:01,,,
2026-01-08 21:10:01,,,
2026-01-08 21:11:01,,,
2026-01-08 21:15:01,,,
2026-01-08 21:16:01,,,
2026-01-08 21:26:01,,,17.203
2026-01-08 21:27:01,16.254,17.234,
2026-01-08 21:34:01,,,
2026-01-08 21:40:01,,,
2026-01-08 21:41:01,,,
2026-01-08 21:45:01,,,
2026-01-08 21:46:01,,,
2026-01-08 21:56:01,,,17.203
2026-01-08 21:57:01,16.066,17.234,
2026-01-08 22:04:01,,,
2026-01-08 22:10:01,,,
2026-01-08 22:11:01,,,
2026-01-08 22:15:01,,,
2026-01-08 22:16:01,,,
2026-01-08 22:26:01,,,17.203
2026-01-08 22:27:01,15.815,17.171,
2026-01-08 22:34:01,,,
2026-01-08 22:40:01,,,
2026-01-08 22:41:01,,,
2026-01-08 22:45:01,,,
2026-01-08 22:46:01,,,
2026-01-08 22:56:01,,,17.203
2026-01-08 22:57:01,15.565,17.109,
2026-01-08 23:04:01,,,
2026-01-08 23:10:01,,,
2026-01-08 23:11:01,,,
2026-01-08 23:15:01,,,
2026-01-08 23:16:01,,,
2026-01-08 23:26:01,,,17.203
2026-01-08 23:27:01,15.377,17.046,
2026-01-08 23:34:01,,,
2026-01-08 23:40:01,,,
2026-01-08 23:41:01,,,
2026-01-08 23:45:01,,,
2026-01-08 23:46:01,,,
2026-01-08 23:56:01,,,17.203
2026-01-08 23:57:01,15.252,16.983,
2026-01-09 00:04:01,,,
2026-01-09 00:10:01,,,
2026-01-09 00:11:01,,,
2026-01-09 00:15:01,,,
2026-01-09 00:16:01,,,
2026-01-09 00:26:01,,,17.203
2026-01-09 00:27:01,15.064,16.921,
2026-01-09 00:34:01,,,
2026-01-09 00:40:01,,,
2026-01-09 00:41:01,,,
2026-01-09 00:45:01,,,
2026-01-09 00:46:01,,,
2026-01-09 00:56:01,,,17.203
2026-01-09 00:57:01,15.001,16.795,
2026-01-09 01:04:01,,,
2026-01-09 01:10:01,,,
2026-01-09 01:11:01,,,
2026-01-09 01:15:01,,,
2026-01-09 01:16:01,,,
2026-01-09 01:26:01,,,17.203
2026-01-09 01:27:01,14.938,16.733,
2026-01-09 01:34:01,,,
2026-01-09 01:40:01,,,
2026-01-09 01:41:01,,,
2026-01-09 01:45:01,,,
2026-01-09 01:46:01,,,
2026-01-09 01:56:01,,,17.203
2026-01-09 01:57:01,14.876,16.67,
2026-01-09 02:04:01,,,
2026-01-09 02:10:01,,,
2026-01-09 02:11:01,,,
2026-01-09 02:15:01,,,
2026-01-09 02:16:01,,,
2026-01-09 02:26:01,,,17.203
2026-01-09 02:27:01,14.688,16.607,
2026-01-09 02:34:01,,,
2026-01-09 02:40:01,,,
2026-01-09 02:41:01,,,
2026-01-09 02:45:01,,,
2026-01-09 02:46:01,,,
2026-01-09 02:56:01,,,17.14
2026-01-09 02:57:01,14.374,16.482,
2026-01-09 03:04:01,,,
2026-01-09 03:10:01,,,
2026-01-09 03:11:01,,,
2026-01-09 03:15:01,,,
2026-01-09 03:16:01,,,
2026-01-09 03:26:01,,,17.14
2026-01-09 03:27:01,14.249,16.419,
2026-01-09 03:34:01,,,
2026-01-09 03:40:01,,,
2026-01-09 03:41:01,,,
2026-01-09 03:45:01,,,
2026-01-09 03:46:01,,,
2026-01-09 03:56:01,,,17.14
2026-01-09 03:57:01,14.124,16.357,
2026-01-09 04:04:01,,,
2026-01-09 04:10:01,,,
2026-01-09 04:11:01,,,
2026-01-09 04:15:01,,,
2026-01-09 04:16:01,,,
2026-01-09 04:26:01,,,17.14
2026-01-09 04:27:01,13.999,16.231,
2026-01-09 04:34:01,,,
2026-01-09 04:40:01,,,
2026-01-09 04:41:01,,,
2026-01-09 04:45:01,,,
2026-01-09 04:46:01,,,
2026-01-09 04:56:01,,,17.078
2026-01-09 04:57:01,13.873,16.169,
2026-01-09 05:04:01,,,
2026-01-09 05:10:01,,,
2026-01-09 05:11:01,,,
2026-01-09 05:15:01,,,
2026-01-09 05:16:01,,,
2026-01-09 05:26:01,,,17.078
2026-01-09 05:27:01,13.811,16.043,
2026-01-09 05:34:01,,,
2026-01-09 05:40:01,,,
2026-01-09 05:41:01,,,
2026-01-09 05:45:01,,,
2026-01-09 05:46:01,,,
2026-01-09 05:56:01,,,17.078
2026-01-09 05:57:01,13.623,15.981,
2026-01-09 06:04:01,,,
2026-01-09 06:10:01,,,
2026-01-09 06:11:01,,,
2026-01-09 06:15:01,,,
2026-01-09 06:16:01,,,
2026-01-09 06:26:01,,,17.078
2026-01-09 06:27:01,13.56,15.855,
2026-01-09 06:34:01,,,
2026-01-09 06:40:01,,,
2026-01-09 06:41:01,,,
2026-01-09 06:45:01,,,
2026-01-09 06:46:01,,,
2026-01-09 06:56:01,,,17.015
2026-01-09 06:57:01,13.372,15.793,
2026-01-09 07:04:01,,,
2026-01-09 07:10:01,,,
2026-01-09 07:11:01,,,
2026-01-09 07:15:01,,,
2026-01-09 07:16:01,,,
2026-01-09 07:26:01,,,17.015
2026-01-09 07:27:01,13.309,15.667,
2026-01-09 07:34:01,,,
2026-01-09 07:40:01,,,
2026-01-09 07:41:01,,,
2026-01-09 07:45:01,,,
2026-01-09 07:46:01,,,
2026-01-09 07:56:01,,,17.015
2026-01-09 07:57:01,13.184,15.605,
2026-01-09 08:04:01,,,
2026-01-09 08:10:01,,,
2026-01-09 08:11:01,,,
2026-01-09 08:15:01,,,
2026-01-09 08:16:01,,,
2026-01-09 08:26:01,,,16.952
2026-01-09 08:27:01,13.059,15.479,
2026-01-09 08:34:01,,,
2026-01-09 08:40:01,,,
2026-01-09 08:41:01,,,
2026-01-09 08:45:01,,,
2026-01-09 08:46:01,,,
2026-01-09 08:56:01,,,16.952
2026-01-09 08:57:01,13.121,15.417,
2026-01-09 09:04:01,,,
2026-01-09 09:10:01,,,
2026-01-09 09:11:01,,,
2026-01-09 09:15:01,,,
2026-01-09 09:16:01,,,
2026-01-09 09:26:01,,,16.89
2026-01-09 09:27:01,13.372,15.354,
2026-01-09 09:34:01,,,
2026-01-09 09:40:01,,,
2026-01-09 09:41:01,,,
2026-01-09 09:45:01,,,
2026-01-09 09:46:01,,,
2026-01-09 09:56:01,,,16.89
2026-01-09 09:57:01,13.748,15.229,
2026-01-09 10:04:01,,,
2026-01-09 10:10:01,,,
2026-01-09 10:11:01,,,
2026-01-09 10:15:01,,,
2026-01-09 10:16:01,,,
2026-01-09 10:26:01,,,16.827
2026-01-09 10:27:01,14.249,15.166,
2026-01-09 10:34:01,,,
2026-01-09 10:40:01,,,
2026-01-09 10:41:01,,,
2026-01-09 10:45:01,,,
2026-01-09 10:46:01,,,
2026-01-09 10:56:01,,,16.827
2026-01-09 10:57:01,14.813,15.103,
2026-01-09 11:04:01,,,
2026-01-09 11:10:01,,,
2026-01-09 11:11:01,,,
2026-01-09 11:15:01,,,
2026-01-09 11:16:01,,,
2026-01-09 11:26:01,,,16.764
2026-01-09 11:27:01,15.502,15.103,
2026-01-09 11:34:01,,,
2026-01-09 11:40:01,,,
2026-01-09 11:41:01,,,
2026-01-09 11:45:01,,,
2026-01-09 11:46:01,,,
2026-01-09 11:56:01,,,16.764
2026-01-09 11:57:01,16.191,15.041,
2026-01-09 12:04:01,,,
2026-01-09 12:10:01,,,
2026-01-09 12:11:01,,,
2026-01-09 12:15:01,,,
2026-01-09 12:16:01,,,
2026-01-09 12:26:01,,,16.764
2026-01-09 12:27:01,17.005,15.103,
2026-01-09 12:34:01,,,
2026-01-09 12:40:01,,,
2026-01-09 12:41:01,,,
2026-01-09 12:45:01,,,
2026-01-09 12:46:01,,,
2026-01-09 12:56:01,,,16.702
2026-01-09 12:57:01,17.756,15.103,
2026-01-09 13:04:01,,,
2026-01-09 13:10:01,,,
2026-01-09 13:11:01,,,
2026-01-09 13:15:01,,,
2026-01-09 13:16:01,,,
2026-01-09 13:26:01,,,16.702
2026-01-09 13:27:01,18.508,15.229,
2026-01-09 13:34:01,,,
2026-01-09 13:40:01,,,
2026-01-09 13:41:01,,,
2026-01-09 13:45:01,,,
2026-01-09 13:46:01,,,
2026-01-09 13:56:01,,,16.702
2026-01-09 13:57:01,19.321,15.291,
2026-01-09 14:04:01,,,
2026-01-09 14:10:01,,,
2026-01-09 14:11:01,,,
2026-01-09 14:15:01,,,
2026-01-09 14:16:01,,,
2026-01-09 14:26:01,,,16.702
2026-01-09 14:27:01,20.072,15.417,
2026-01-09 14:34:01,,,
2026-01-09 14:40:01,,,
2026-01-09 14:41:01,,,
2026-01-09 14:45:01,,,
2026-01-09 14:46:01,,,
2026-01-09 14:56:01,,,16.639
2026-01-09 14:57:01,20.51,15.605,
2026-01-09 15:04:01,,,
2026-01-09 15:10:01,,,
2026-01-09 15:11:01,,,
2026-01-09 15:15:01,,,
2026-01-09 15:16:01,,,
2026-01-09 15:26:01,,,16.639
2026-01-09 15:27:01,20.886,15.793,
2026-01-09 15:34:01,,,
2026-01-09 15:40:01,,,
2026-01-09 15:41:01,,,
2026-01-09 15:45:01,,,
2026-01-09 15:46:01,,,
2026-01-09 15:56:01,,,16.576
2026-01-09 15:57:01,21.073,15.981,
2026-01-09 16:04:01,,,
2026-01-09 16:10:01,,,
2026-01-09 16:11:01,,,
2026-01-09 16:15:01,,,
2026-01-09 16:16:01,,,
2026-01-09 16:26:01,,,16.576
2026-01-09 16:27:01,21.136,16.231,
2026-01-09 16:34:01,,,
2026-01-09 16:40:01,,,
2026-01-09 16:41:01,,,
2026-01-09 16:45:01,,,
2026-01-09 16:46:01,,,
2026-01-09 16:56:01,,,16.576
2026-01-09 16:57:01,21.011,16.482,
2026-01-09 17:04:01,,,
2026-01-09 17:10:01,,,
2026-01-09 17:11:01,,,
2026-01-09 17:15:01,,,
2026-01-09 17:16:01,,,
2026-01-09 17:26:01,,,16.576
2026-01-09 17:27:01,20.635,16.733,
2026-01-09 17:34:01,,,
2026-01-09 17:40:01,,,
2026-01-09 17:41:01,,,
2026-01-09 17:45:01,,,
2026-01-09 17:46:01,,,
2026-01-09 17:56:01,,,16.513
2026-01-09 17:57:01,20.197,16.983,
2026-01-09 18:04:01,,,
2026-01-09 18:10:01,,,
2026-01-09 18:11:01,,,
2026-01-09 18:15:01,,,
2026-01-09 18:16:01,,,
2026-01-09 18:26:01,,,16.513
2026-01-09 18:27:01,19.634,17.234,
2026-01-09 18:34:01,,,
2026-01-09 18:40:01,,,
2026-01-09 18:41:01,,,
2026-01-09 18:45:01,,,
2026-01-09 18:46:01,,,
2026-01-09 18:56:01,,,16.576
2026-01-09 18:57:01,19.071,17.422,
2026-01-09 19:04:01,,,
2026-01-09 19:10:01,,,
2026-01-09 19:11:01,,,
2026-01-09 19:15:01,,,
2026-01-09 19:16:01,,,
2026-01-09 19:26:01,,,16.576
2026-01-09 19:27:01,18.508,17.547,
2026-01-09 19:34:01,,,
2026-01-09 19:40:01,,,
2026-01-09 19:41:01,,,
2026-01-09 19:45:01,,,
2026-01-09 19:46:01,,,
2026-01-09 19:56:01,,,16.576
2026-01-09 19:57:01,18.132,17.672,
2026-01-09 20:04:01,,,
2026-01-09 20:10:01,,,
2026-01-09 20:11:01,,,
2026-01-09 20:15:01,,,
2026-01-09 20:16:01,,,
2026-01-09 20:26:01,,,16.576
2026-01-09 20:27:01,17.756,17.735,
2026-01-09 20:34:01,,,
2026-01-09 20:40:01,,,
2026-01-09 20:41:01,,,
2026-01-09 20:45:01,,,
2026-01-09 20:46:01,,,
2026-01-09 20:56:01,,,16.576
2026-01-09 20:57:01,17.443,17.798,
2026-01-09 21:04:01,,,
2026-01-09 21:10:01,,,
2026-01-09 21:11:01,,,
2026-01-09 21:15:01,,,
2026-01-09 21:16:01,,,
2026-01-09 21:26:01,,,16.639
2026-01-09 21:27:01,17.256,17.798,
2026-01-09 21:34:01,,,
2026-01-09 21:40:01,,,
2026-01-09 21:41:01,,,
2026-01-09 21:45:01,,,
2026-01-09 21:46:01,,,
2026-01-09 21:56:01,,,16.639
2026-01-09 21:57:01,17.005,17.735,
2026-01-09 22:04:01,,,
2026-01-09 22:10:01,,,
2026-01-09 22:11:01,,,
2026-01-09 22:15:01,,,
2026-01-09 22:16:01,,,
2026-01-09 22:26:01,,,16.702
2026-01-09 22:27:01,16.755,17.672,
2026-01-09 22:34:01,,,
2026-01-09 22:40:01,,,
2026-01-09 22:41:01,,,
2026-01-09 22:45:01,,,
2026-01-09 22:46:01,,,
2026-01-09 22:56:01,,,16.702
2026-01-09 22:57:01,16.504,17.61,
2026-01-09 23:04:01,,,
2026-01-09 23:10:01,,,
2026-01-09 23:11:01,,,
2026-01-09 23:15:01,,,
2026-01-09 23:16:01,,,
2026-01-09 23:26:01,,,16.702
2026-01-09 23:27:01,16.316,17.547,
2026-01-09 23:34:01,,,
2026-01-09 23:40:01,,,
2026-01-09 23:41:01,,,
2026-01-09 23:45:01,,,
2026-01-09 23:46:01,,,
2026-01-09 23:56:01,,,16.764
2026-01-09 23:57:01,16.066,17.484,
2026-01-10 00:04:01,,,
2026-01-10 00:10:01,,,
2026-01-10 00:11:01,,,
2026-01-10 00:15:01,,,
2026-01-10 00:16:01,,,
2026-01-10 00:26:01,,,16.764
2026-01-10 00:27:01,15.878,17.359,
2026-01-10 00:34:01,,,
2026-01-10 00:40:01,,,
2026-01-10 00:41:01,,,
2026-01-10 00:45:01,,,
2026-01-10 00:46:01,,,
2026-01-10 00:56:01,,,16.827
2026-01-10 00:57:01,15.69,17.297,
2026-01-10 01:04:01,,,
2026-01-10 01:10:01,,,
2026-01-10 01:11:01,,,
2026-01-10 01:15:01,,,
2026-01-10 01:16:01,,,
2026-01-10 01:26:01,,,16.827
2026-01-10 01:27:01,15.565,17.234,
2026-01-10 01:34:01,,,
2026-01-10 01:40:01,,,
2026-01-10 01:41:01,,,
2026-01-10 01:45:01,,,
2026-01-10 01:46:01,,,
2026-01-10 01:56:01,,,16.827
2026-01-10 01:57:01,15.439,17.109,
2026-01-10 02:04:01,,,
2026-01-10 02:10:01,,,
2026-01-10 02:11:01,,,
2026-01-10 02:15:01,,,
2026-01-10 02:16:01,,,
2026-01-10 02:26:01,,,16.827
2026-01-10 02:27:01,15.314,17.046,
2026-01-10 02:34:01,,,
2026-01-10 02:40:01,,,
2026-01-10 02:41:01,,,
2026-01-10 02:45:01,,,
2026-01-10 02:46:01,,,
2026-01-10 02:56:01,,,16.89
2026-01-10 02:57:01,15.252,16.921,
2026-01-10 03:04:01,,,
2026-01-10 03:10:01,,,
2026-01-10 03:11:01,,,
2026-01-10 03:15:01,,,
2026-01-10 03:16:01,,,
2026-01-10 03:26:01,,,16.89
2026-01-10 03:27:01,15.189,16.858,
2026-01-10 03:34:01,,,
2026-01-10 03:40:01,,,
2026-01-10 03:41:01,,,
2026-01-10 03:45:01,,,
2026-01-10 03:46:01,,,
2026-01-10 03:56:01,,,16.89
2026-01-10 03:57:01,15.126,16.795,
2026-01-10 04:04:01,,,
2026-01-10 04:10:01,,,
2026-01-10 04:11:01,,,
2026-01-10 04:15:01,,,
2026-01-10 04:16:01,,,
2026-01-10 04:26:01,,,16.89
2026-01-10 04:27:01,15.001,16.67,
2026-01-10 04:34:01,,,
2026-01-10 04:40:01,,,
2026-01-10 04:41:01,,,
2026-01-10 04:45:01,,,
2026-01-10 04:46:01,,,
2026-01-10 04:56:01,,,16.89
2026-01-10 04:57:01,14.938,16.607,
2026-01-10 05:04:01,,,
2026-01-10 05:10:01,,,
2026-01-10 05:11:01,,,
2026-01-10 05:15:01,,,
2026-01-10 05:16:01,,,
2026-01-10 05:26:01,,,16.89
2026-01-10 05:27:01,14.813,16.545,
2026-01-10 05:34:01,,,
2026-01-10 05:40:01,,,
2026-01-10 05:41:01,,,
2026-01-10 05:45:01,,,
2026-01-10 05:46:01,,,
2026-01-10 05:56:01,,,16.89
2026-01-10 05:57:01,14.688,16.419,
2026-01-10 06:04:01,,,
2026-01-10 06:10:01,,,
2026-01-10 06:11:01,,,
2026-01-10 06:15:01,,,
2026-01-10 06:16:01,,,
2026-01-10 06:26:01,,,16.89
2026-01-10 06:27:01,14.5,16.357,
2026-01-10 06:34:01,,,
2026-01-10 06:40:01,,,
2026-01-10 06:41:01,,,
2026-01-10 06:45:01,,,
2026-01-10 06:46:01,,,
2026-01-10 06:56:01,,,16.89
2026-01-10 06:57:01,14.5,16.294,
2026-01-10 07:04:01,,,
2026-01-10 07:10:01,,,
2026-01-10 07:11:01,,,
2026-01-10 07:15:01,,,
2026-01-10 07:16:01,,,
2026-01-10 07:26:01,,,16.89
2026-01-10 07:27:01,14.437,16.231,
2026-01-10 07:34:01,,,
2026-01-10 07:40:01,,,
2026-01-10 07:41:01,,,
2026-01-10 07:45:01,,,
2026-01-10 07:46:01,,,
2026-01-10 07:56:01,,,16.89
2026-01-10 07:57:01,14.374,16.169,
2026-01-10 08:04:01,,,
2026-01-10 08:10:01,,,
2026-01-10 08:11:01,,,
2026-01-10 08:15:01,,,
2026-01-10 08:16:01,,,
2026-01-10 08:26:01,,,16.89
2026-01-10 08:27:01,14.312,16.043,
2026-01-10 08:34:01,,,
2026-01-10 08:40:01,,,
2026-01-10 08:41:01,,,
2026-01-10 08:45:01,,,
2026-01-10 08:46:01,,,
2026-01-10 08:56:01,,,16.89
2026-01-10 08:57:01,14.374,15.981,
2026-01-10 09:04:01,,,
2026-01-10 09:10:01,,,
2026-01-10 09:11:01,,,
2026-01-10 09:15:01,,,
2026-01-10 09:16:01,,,
2026-01-10 09:26:01,,,16.89
2026-01-10 09:27:01,14.625,15.918,
2026-01-10 09:34:01,,,
2026-01-10 09:40:01,,,
2026-01-10 09:41:01,,,
2026-01-10 09:45:01,,,
2026-01-10 09:46:01,,,
2026-01-10 09:56:01,,,16.827
2026-01-10 09:57:01,15.001,15.855,
2026-01-10 10:04:01,,,
2026-01-10 10:10:01,,,
2026-01-10 10:11:01,,,
2026-01-10 10:15:01,,,
2026-01-10 10:16:01,,,
2026-01-10 10:26:01,,,16.827
2026-01-10 10:27:01,15.439,15.793,
2026-01-10 10:34:01,,,
2026-01-10 10:40:01,,,
2026-01-10 10:41:01,,,
2026-01-10 10:45:01,,,
2026-01-10 10:46:01,,,
2026-01-10 10:56:01,,,16.827
2026-01-10 10:57:01,16.003,15.793,
2026-01-10 11:04:01,,,
2026-01-10 11:10:01,,,
2026-01-10 11:11:01,,,
2026-01-10 11:15:01,,,
2026-01-10 11:16:01,,,
2026-01-10 11:26:01,,,16.827
2026-01-10 11:27:01,16.692,15.73,
2026-01-10 11:34:01,,,
2026-01-10 11:40:01,,,
2026-01-10 11:41:01,,,
2026-01-10 11:45:01,,,
2026-01-10 11:46:01,,,
2026-01-10 11:56:01,,,16.827
2026-01-10 11:57:01,17.443,15.73,
2026-01-10 12:04:01,,,
2026-01-10 12:10:01,,,
2026-01-10 12:11:01,,,
2026-01-10 12:15:01,,,
2026-01-10 12:16:01,,,
2026-01-10 12:26:01,,,16.827
2026-01-10 12:27:01,18.195,15.793,
2026-01-10 12:34:01,,,
2026-01-10 12:40:01,,,
2026-01-10 12:41:01,,,
2026-01-10 12:45:01,,,
2026-01-10 12:46:01,,,
2026-01-10 12:56:01,,,16.764
2026-01-10 12:57:01,18.946,15.855,
2026-01-10 13:04:01,,,
2026-01-10 13:10:01,,,
2026-01-10 13:11:01,,,
2026-01-10 13:15:01,,,
2026-01-10 13:16:01,,,
2026-01-10 13:26:01,,,16.764
2026-01-10 13:27:01,19.697,15.918,
2026-01-10 13:34:01,,,
2026-01-10 13:40:01,,,
2026-01-10 13:41:01,,,
2026-01-10 13:45:01,,,
2026-01-10 13:46:01,,,
2026-01-10 13:56:01,,,16.764
2026-01-10 13:57:01,20.51,16.043,
2026-01-10 14:04:01,,,
2026-01-10 14:10:01,,,
2026-01-10 14:11:01,,,
2026-01-10 14:15:01,,,
2026-01-10 14:16:01,,,
2026-01-10 14:26:01,,,16.764
2026-01-10 14:27:01,21.324,16.169,
2026-01-10 14:34:01,,,
2026-01-10 14:40:01,,,
2026-01-10 14:41:01,,,
2026-01-10 14:45:01,,,
2026-01-10 14:46:01,,,
2026-01-10 14:56:01,,,16.764
2026-01-10 14:57:01,21.762,16.357,
2026-01-10 15:04:01,,,
2026-01-10 15:10:01,,,
2026-01-10 15:11:01,,,
2026-01-10 15:15:01,,,
2026-01-10 15:16:01,,,
2026-01-10 15:26:01,,,16.764
2026-01-10 15:27:01,22.137,16.545,
2026-01-10 15:34:01,,,
2026-01-10 15:40:01,,,
2026-01-10 15:41:01,,,
2026-01-10 15:45:01,,,
2026-01-10 15:46:01,,,
2026-01-10 15:56:01,,,16.702
2026-01-10 15:57:01,22.325,16.795,
2026-01-10 16:04:01,,,
2026-01-10 16:10:01,,,
2026-01-10 16:11:01,,,
2026-01-10 16:15:01,,,
2026-01-10 16:16:01,,,
2026-01-10 16:26:01,,,16.702
2026-01-10 16:27:01,22.325,17.046,
2026-01-10 16:34:01,,,
2026-01-10 16:40:01,,,
2026-01-10 16:41:01,,,
2026-01-10 16:45:01,,,
2026-01-10 16:46:01,,,
2026-01-10 16:56:01,,,16.702
2026-01-10 16:57:01,22.137,17.359,
2026-01-10 17:04:01,,,
2026-01-10 17:10:01,,,
2026-01-10 17:11:01,,,
2026-01-10 17:15:01,,,
2026-01-10 17:16:01,,,
2026-01-10 17:26:01,,,16.702
2026-01-10 17:27:01,21.824,17.61,
2026-01-10 17:34:01,,,
2026-01-10 17:40:01,,,
2026-01-10 17:41:01,,,
2026-01-10 17:45:01,,,
2026-01-10 17:46:01,,,
2026-01-10 17:56:01,,,16.702
2026-01-10 17:57:01,21.386,17.86,
2026-01-10 18:04:01,,,
2026-01-10 18:10:01,,,
2026-01-10 18:11:01,,,
2026-01-10 18:15:01,,,
2026-01-10 18:16:01,,,
2026-01-10 18:26:01,,,16.702
2026-01-10 18:27:01,20.823,18.111,
2026-01-10 18:34:01,,,
2026-01-10 18:40:01,,,
2026-01-10 18:41:01,,,
2026-01-10 18:45:01,,,
2026-01-10 18:46:01,,,
2026-01-10 18:56:01,,,16.764
2026-01-10 18:57:01,20.197,18.299,
2026-01-10 19:04:01,,,
2026-01-10 19:10:01,,,
2026-01-10 19:11:01,,,
2026-01-10 19:15:01,,,
2026-01-10 19:16:01,,,
2026-01-10 19:26:01,,,16.764
2026-01-10 19:27:01,19.634,18.487,
2026-01-10 19:34:01,,,
2026-01-10 19:40:01,,,
2026-01-10 19:41:01,,,
2026-01-10 19:45:01,,,
2026-01-10 19:46:01,,,
2026-01-10 19:56:01,,,16.764
2026-01-10 19:57:01,19.196,18.612,
2026-01-10 20:04:01,,,
2026-01-10 20:10:01,,,
2026-01-10 20:11:01,,,
2026-01-10 20:15:01,,,
2026-01-10 20:16:01,,,
2026-01-10 20:26:01,,,16.827
2026-01-10 20:27:01,18.758,18.674,
2026-01-10 20:34:01,,,
2026-01-10 20:40:01,,,
2026-01-10 20:41:01,,,
2026-01-10 20:45:01,,,
2026-01-10 20:46:01,,,
2026-01-10 20:56:01,,,16.827
2026-01-10 20:57:01,18.32,18.674,
2026-01-10 21:04:01,,,
2026-01-10 21:10:01,,,
2026-01-10 21:11:01,,,
2026-01-10 21:15:01,,,
2026-01-10 21:16:01,,,
2026-01-10 21:26:01,,,16.89
2026-01-10 21:27:01,18.007,18.674,
2026-01-10 21:34:01,,,
2026-01-10 21:40:01,,,
2026-01-10 21:41:01,,,
2026-01-10 21:45:01,,,
2026-01-10 21:46:01,,,
2026-01-10 21:56:01,,,16.952
2026-01-10 21:57:01,17.631,18.674,
2026-01-10 22:04:01,,,
2026-01-10 22:10:01,,,
2026-01-10 22:11:01,,,
2026-01-10 22:15:01,,,
2026-01-10 22:16:01,,,
2026-01-10 22:26:01,,,16.952
2026-01-10 22:27:01,17.381,18.612,
2026-01-10 22:34:01,,,
2026-01-10 22:40:01,,,
2026-01-10 22:41:01,,,
2026-01-10 22:45:01,,,
2026-01-10 22:46:01,,,
2026-01-10 22:56:01,,,17.015
2026-01-10 22:57:01,17.068,18.487,
2026-01-10 23:04:01,,,
2026-01-10 23:10:01,,,
2026-01-10 23:11:01,,,
2026-01-10 23:15:01,,,
2026-01-10 23:16:01,,,
2026-01-10 23:26:01,,,17.078
2026-01-10 23:27:01,16.88,18.424,
2026-01-10 23:34:01,,,
2026-01-10 23:40:01,,,
2026-01-10 23:41:01,,,
2026-01-10 23:45:01,,,
2026-01-10 23:46:01,,,
2026-01-10 23:56:01,,,17.078
2026-01-10 23:57:01,16.692,18.299,
2026-01-11 00:04:01,,,
2026-01-11 00:10:01,,,
2026-01-11 00:11:01,,,
2026-01-11 00:15:01,,,
2026-01-11 00:16:01,,,
2026-01-11 00:26:01,,,17.14
2026-01-11 00:27:01,16.504,18.236,
2026-01-11 00:34:01,,,
2026-01-11 00:40:01,,,
2026-01-11 00:41:01,,,
2026-01-11 00:45:01,,,
2026-01-11 00:46:01,,,
2026-01-11 00:56:01,,,17.14
2026-01-11 00:57:01,16.379,18.111,
2026-01-11 01:04:01,,,
2026-01-11 01:10:01,,,
2026-01-11 01:11:01,,,
2026-01-11 01:15:01,,,
2026-01-11 01:16:01,,,
2026-01-11 01:26:01,,,17.203
2026-01-11 01:27:01,16.254,17.986,
2026-01-11 01:34:01,,,
2026-01-11 01:40:01,,,
2026-01-11 01:41:01,,,
2026-01-11 01:45:01,,,
2026-01-11 01:46:01,,,
2026-01-11 01:56:01,,,17.203
2026-01-11 01:57:01,16.128,17.923,
2026-01-11 02:04:01,,,
2026-01-11 02:10:01,,,
2026-01-11 02:11:01,,,
2026-01-11 02:15:01,,,
2026-01-11 02:16:01,,,
2026-01-11 02:26:01,,,17.266
2026-01-11 02:27:01,15.94,17.798,
2026-01-11 02:34:01,,,
2026-01-11 02:40:01,,,
2026-01-11 02:41:01,,,
2026-01-11 02:45:01,,,
2026-01-11 02:46:01,,,
2026-01-11 02:56:01,,,17.266
2026-01-11 02:57:01,15.815,17.672,
2026-01-11 03:04:01,,,
2026-01-11 03:10:01,,,
2026-01-11 03:11:01,,,
2026-01-11 03:15:01,,,
2026-01-11 03:16:01,,,
2026-01-11 03:26:01,,,17.328
2026-01-11 03:27:01,15.69,17.61,
2026-01-11 03:34:01,,,
2026-01-11 03:40:01,,,
2026-01-11 03:41:01,,,
2026-01-11 03:45:01,,,
2026-01-11 03:46:01,,,
2026-01-11 03:56:01,,,17.328
2026-01-11 03:57:01,15.69,17.484,
2026-01-11 04:04:01,,,
2026-01-11 04:10:01,,,
2026-01-11 04:11:01,,,
2026-01-11 04:15:01,,,
2026-01-11 04:16:01,,,
2026-01-11 04:26:01,,,17.328
2026-01-11 04:27:01,15.69,17.422,
2026-01-11 04:34:01,,,
2026-01-11 04:40:01,,,
2026-01-11 04:41:01,,,
2026-01-11 04:45:01,,,
2026-01-11 04:46:01,,,
2026-01-11 04:56:01,,,17.328
2026-01-11 04:57:01,15.565,17.297,
2026-01-11 05:04:01,,,
2026-01-11 05:10:01,,,
2026-01-11 05:11:01,,,
2026-01-11 05:15:01,,,
2026-01-11 05:16:01,,,
2026-01-11 05:26:01,,,17.391
2026-01-11 05:27:01,15.439,17.234,
2026-01-11 05:34:01,,,
2026-01-11 05:40:01,,,
2026-01-11 05:41:01,,,
2026-01-11 05:45:01,,,
2026-01-11 05:46:01,,,
2026-01-11 05:56:01,,,17.391
2026-01-11 05:57:01,15.314,17.109,
2026-01-11 06:04:01,,,
2026-01-11 06:10:01,,,
2026-01-11 06:11:01,,,
2026-01-11 06:15:01,,,
2026-01-11 06:16:01,,,
2026-01-11 06:26:01,,,17.391
2026-01-11 06:27:01,15.189,17.046,
2026-01-11 06:34:01,,,
2026-01-11 06:40:01,,,
2026-01-11 06:41:01,,,
2026-01-11 06:45:01,,,
2026-01-11 06:46:01,,,
2026-01-11 06:56:01,,,17.391
2026-01-11 06:57:01,15.064,16.983,
2026-01-11 07:04:01,,,
2026-01-11 07:10:01,,,
2026-01-11 07:11:01,,,
2026-01-11 07:15:01,,,
2026-01-11 07:16:01,,,
2026-01-11 07:26:01,,,17.391
2026-01-11 07:27:01,15.001,16.858,
2026-01-11 07:34:01,,,
2026-01-11 07:40:01,,,
2026-01-11 07:41:01,,,
2026-01-11 07:45:01,,,
2026-01-11 07:46:01,,,
2026-01-11 07:56:01,,,17.391
2026-01-11 07:57:01,15.001,16.795,
2026-01-11 08:04:01,,,
2026-01-11 08:10:01,,,
2026-01-11 08:11:01,,,
2026-01-11 08:15:01,,,
2026-01-11 08:16:01,,,
2026-01-11 08:26:01,,,17.391
2026-01-11 08:27:01,15.064,16.733,
2026-01-11 08:34:01,,,
2026-01-11 08:40:01,,,
2026-01-11 08:41:01,,,
2026-01-11 08:45:01,,,
2026-01-11 08:46:01,,,
2026-01-11 08:56:01,,,17.391
2026-01-11 08:57:01,15.126,16.67,
2026-01-11 09:04:01,,,
2026-01-11 09:10:01,,,
2026-01-11 09:11:01,,,
2026-01-11 09:15:01,,,
2026-01-11 09:16:01,,,
2026-01-11 09:26:01,,,17.328
2026-01-11 09:27:01,15.314,16.607,
2026-01-11 09:34:01,,,
2026-01-11 09:40:01,,,
2026-01-11 09:41:01,,,
2026-01-11 09:45:01,,,
2026-01-11 09:46:01,,,
2026-01-11 09:56:01,,,17.328
2026-01-11 09:57:01,15.627,16.545,
2026-01-11 10:04:01,,,
2026-01-11 10:10:01,,,
2026-01-11 10:11:01,,,
2026-01-11 10:15:01,,,
2026-01-11 10:16:01,,,
2026-01-11 10:26:01,,,17.328
2026-01-11 10:27:01,16.003,16.482,
2026-01-11 10:34:01,,,
2026-01-11 10:40:01,,,
2026-01-11 10:41:01,,,
2026-01-11 10:45:01,,,
2026-01-11 10:46:01,,,
2026-01-11 10:56:01,,,17.328
2026-01-11 10:57:01,16.567,16.419,
2026-01-11 11:04:01,,,
2026-01-11 11:10:01,,,
2026-01-11 11:11:01,,,
2026-01-11 11:15:01,,,
2026-01-11 11:16:01,,,
2026-01-11 11:26:01,,,17.328
2026-01-11 11:27:01,17.193,16.419,
2026-01-11 11:34:01,,,
2026-01-11 11:40:01,,,
2026-01-11 11:41:01,,,
2026-01-11 11:45:01,,,
2026-01-11 11:46:01,,,
2026-01-11 11:56:01,,,17.328
2026-01-11 11:57:01,17.944,16.419,
2026-01-11 12:04:01,,,
2026-01-11 12:10:01,,,
2026-01-11 12:11:01,,,
2026-01-11 12:15:01,,,
2026-01-11 12:16:01,,,
2026-01-11 12:26:01,,,17.328
2026-01-11 12:27:01,18.695,16.419,
2026-01-11 12:34:01,,,
2026-01-11 12:40:01,,,
2026-01-11 12:41:01,,,
2026-01-11 12:45:01,,,
2026-01-11 12:46:01,,,
2026-01-11 12:56:01,,,17.328
2026-01-11 12:57:01,19.509,16.482,
2026-01-11 13:04:01,,,
2026-01-11 13:10:01,,,
2026-01-11 13:11:01,,,
2026-01-11 13:15:01,,,
2026-01-11 13:16:01,,,
2026-01-11 13:26:01,,,17.328
2026-01-11 13:27:01,20.26,16.545,
2026-01-11 13:34:01,,,
2026-01-11 13:40:01,,,
2026-01-11 13:41:01,,,
2026-01-11 13:45:01,,,
2026-01-11 13:46:01,,,
2026-01-11 13:56:01,,,17.266
2026-01-11 13:57:01,21.073,16.67,
2026-01-11 14:04:01,,,
2026-01-11 14:10:01,,,
2026-01-11 14:11:01,,,
2026-01-11 14:15:01,,,
2026-01-11 14:16:01,,,
2026-01-11 14:26:01,,,17.266
2026-01-11 14:27:01,21.887,16.795,
2026-01-11 14:34:01,,,
2026-01-11 14:40:01,,,
2026-01-11 14:41:01,,,
2026-01-11 14:45:01,,,
2026-01-11 14:46:01,,,
2026-01-11 14:56:01,,,17.266
2026-01-11 14:57:01,22.325,16.983,
2026-01-11 15:04:01,,,
2026-01-11 15:10:01,,,
2026-01-11 15:11:01,,,
2026-01-11 15:15:01,,,
2026-01-11 15:16:01,,,
2026-01-11 15:26:01,,,17.266
2026-01-11 15:27:01,22.825,17.234,
2026-01-11 15:34:01,,,
2026-01-11 15:40:01,,,
2026-01-11 15:41:01,,,
2026-01-11 15:45:01,,,
2026-01-11 15:46:01,,,
2026-01-11 15:56:01,,,17.266
2026-01-11 15:57:01,23.075,17.422,
2026-01-11 16:04:01,,,
2026-01-11 16:10:01,,,
2026-01-11 16:11:01,,,
2026-01-11 16:15:01,,,
2026-01-11 16:16:01,,,
2026-01-11 16:26:01,,,17.266
2026-01-11 16:27:01,23.138,17.735,
2026-01-11 16:34:01,,,
2026-01-11 16:40:01,,,
2026-01-11 16:41:01,,,
2026-01-11 16:45:01,,,
2026-01-11 16:46:01,,,
2026-01-11 16:56:01,,,17.203
2026-01-11 16:57:01,22.95,17.986,
2026-01-11 17:04:01,,,
2026-01-11 17:10:01,,,
2026-01-11 17:11:01,,,
2026-01-11 17:15:01,,,
2026-01-11 17:16:01,,,
2026-01-11 17:26:01,,,17.203
2026-01-11 17:27:01,22.575,18.236,
2026-01-11 17:34:01,,,
2026-01-11 17:40:01,,,
2026-01-11 17:41:01,,,
2026-01-11 17:45:01,,,
2026-01-11 17:46:01,,,
2026-01-11 17:56:01,,,17.266
2026-01-11 17:57:01,22.137,18.549,
2026-01-11 18:04:01,,,
2026-01-11 18:10:01,,,
2026-01-11 18:11:01,,,
2026-01-11 18:15:01,,,
2026-01-11 18:16:01,,,
2026-01-11 18:26:01,,,17.266
2026-01-11 18:27:01,21.511,18.737,
2026-01-11 18:34:01,,,
2026-01-11 18:40:01,,,
2026-01-11 18:41:01,,,
2026-01-11 18:45:01,,,
2026-01-11 18:46:01,,,
2026-01-11 18:56:01,,,17.266
2026-01-11 18:57:01,20.948,18.988,
2026-01-11 19:04:01,,,
2026-01-11 19:10:01,,,
2026-01-11 19:11:01,,,
2026-01-11 19:15:01,,,
2026-01-11 19:16:01,,,
2026-01-11 19:26:01,,,17.266
2026-01-11 19:27:01,20.323,19.113,
2026-01-11 19:34:01,,,
2026-01-11 19:40:01,,,
2026-01-11 19:41:01,,,
2026-01-11 19:45:01,,,
2026-01-11 19:46:01,,,
2026-01-11 19:56:01,,,17.328
2026-01-11 19:57:01,19.822,19.238,
2026-01-11 20:04:01,,,
2026-01-11 20:10:01,,,
2026-01-11 20:11:01,,,
2026-01-11 20:15:01,,,
2026-01-11 20:16:01,,,
2026-01-11 20:26:01,,,17.328
2026-01-11 20:27:01,19.384,19.301,
2026-01-11 20:34:01,,,
2026-01-11 20:40:01,,,
2026-01-11 20:41:01,,,
2026-01-11 20:45:01,,,
2026-01-11 20:46:01,,,
2026-01-11 20:56:01,,,17.391
2026-01-11 20:57:01,19.008,19.363,
2026-01-11 21:04:01,,,
2026-01-11 21:10:01,,,
2026-01-11 21:11:01,,,
2026-01-11 21:15:01,,,
2026-01-11 21:16:01,,,
2026-01-11 21:26:01,,,17.391
2026-01-11 21:27:01,18.633,19.363,
2026-01-11 21:34:01,,,
2026-01-11 21:40:01,,,
2026-01-11 21:41:01,,,
2026-01-11 21:45:01,,,
2026-01-11 21:46:01,,,
2026-01-11 21:56:01,,,17.454
2026-01-11 21:57:01,18.32,19.301,
2026-01-11 22:04:01,,,
2026-01-11 22:10:01,,,
2026-01-11 22:11:01,,,
2026-01-11 22:15:01,,,
2026-01-11 22:16:01,,,
2026-01-11 22:26:01,,,17.454
2026-01-11 22:27:01,18.007,19.238,
2026-01-11 22:34:01,,,
2026-01-11 22:40:01,,,
2026-01-11 22:41:01,,,
2026-01-11 22:45:01,,,
2026-01-11 22:46:01,,,
2026-01-11 22:56:01,,,17.516
2026-01-11 22:57:01,17.694,19.175,
2026-01-11 23:04:01,,,
2026-01-11 23:10:01,,,
2026-01-11 23:11:01,,,
2026-01-11 23:15:01,,,
2026-01-11 23:16:01,,,
2026-01-11 23:26:01,,,17.579
2026-01-11 23:27:01,17.443,19.113,
2026-01-11 23:34:01,,,
2026-01-11 23:40:01,,,
2026-01-11 23:41:01,,,
2026-01-11 23:45:01,,,
2026-01-11 23:46:01,,,
2026-01-11 23:56:01,,,17.579
2026-01-11 23:57:01,17.256,18.988,
2026-01-12 00:04:01,,,
2026-01-12 00:10:01,,,
2026-01-12 00:11:01,,,
2026-01-12 00:15:01,,,
2026-01-12 00:16:01,,,
2026-01-12 00:26:01,,,17.642
2026-01-12 00:27:01,17.13,18.862,
2026-01-12 00:34:01,,,
2026-01-12 00:40:01,,,
2026-01-12 00:41:01,,,
2026-01-12 00:45:01,,,
2026-01-12 00:46:01,,,
2026-01-12 00:56:01,,,17.704
2026-01-12 00:57:01,16.942,18.8,
2026-01-12 01:04:01,,,
2026-01-12 01:10:01,,,
2026-01-12 01:11:01,,,
2026-01-12 01:15:01,,,
2026-01-12 01:16:01,,,
2026-01-12 01:26:01,,,17.704
2026-01-12 01:27:01,16.755,18.674,
2026-01-12 01:34:01,,,
2026-01-12 01:40:01,,,
2026-01-12 01:41:01,,,
2026-01-12 01:45:01,,,
2026-01-12 01:46:01,,,
2026-01-12 01:56:01,,,17.767
2026-01-12 01:57:01,16.567,18.549,
2026-01-12 02:04:01,,,
2026-01-12 02:10:01,,,
2026-01-12 02:11:01,,,
2026-01-12 02:15:01,,,
2026-01-12 02:16:01,,,
2026-01-12 02:26:01,,,17.767
2026-01-12 02:27:01,16.441,18.424,
2026-01-12 02:34:01,,,
2026-01-12 02:40:01,,,
2026-01-12 02:41:01,,,
2026-01-12 02:45:01,,,
2026-01-12 02:46:01,,,
2026-01-12 02:56:01,,,17.767
2026-01-12 02:57:01,16.379,18.299,
2026-01-12 03:04:01,,,
2026-01-12 03:10:01,,,
2026-01-12 03:11:01,,,
2026-01-12 03:15:01,,,
2026-01-12 03:16:01,,,
2026-01-12 03:26:01,,,17.83
2026-01-12 03:27:01,16.316,18.236,
2026-01-12 03:34:01,,,
2026-01-12 03:40:01,,,
2026-01-12 03:41:01,,,
2026-01-12 03:45:01,,,
2026-01-12 03:46:01,,,
2026-01-12 03:56:01,,,17.83
2026-01-12 03:57:01,16.191,18.111,
2026-01-12 04:04:01,,,
2026-01-12 04:10:01,,,
2026-01-12 04:11:01,,,
2026-01-12 04:15:01,,,
2026-01-12 04:16:01,,,
2026-01-12 04:26:01,,,17.83
2026-01-12 04:27:01,16.066,17.986,
2026-01-12 04:34:01,,,
2026-01-12 04:40:01,,,
2026-01-12 04:41:01,,,
2026-01-12 04:45:01,,,
2026-01-12 04:46:01,,,
2026-01-12 04:56:01,,,17.892
2026-01-12 04:57:01,15.878,17.923,
2026-01-12 05:04:01,,,
2026-01-12 05:10:01,,,
2026-01-12 05:11:01,,,
2026-01-12 05:15:01,,,
2026-01-12 05:16:01,,,
2026-01-12 05:26:01,,,17.892
2026-01-12 05:27:01,15.753,17.798,
2026-01-12 05:34:01,,,
2026-01-12 05:40:01,,,
2026-01-12 05:41:01,,,
2026-01-12 05:45:01,,,
2026-01-12 05:46:01,,,
2026-01-12 05:56:01,,,17.892
2026-01-12 05:57:01,15.627,17.735,
2026-01-12 06:04:01,,,
2026-01-12 06:10:01,,,
2026-01-12 06:11:01,,,
2026-01-12 06:15:01,,,
2026-01-12 06:16:01,,,
2026-01-12 06:26:01,,,17.892
2026-01-12 06:27:01,15.439,17.61,
2026-01-12 06:34:01,,,
2026-01-12 06:40:01,,,
2026-01-12 06:41:01,,,
2026-01-12 06:45:01,,,
2026-01-12 06:46:01,,,
2026-01-12 06:56:01,,,17.892
2026-01-12 06:57:01,15.377,17.547,
2026-01-12 07:04:01,,,
2026-01-12 07:10:01,,,
2026-01-12 07:11:01,,,
2026-01-12 07:15:01,,,
2026-01-12 07:16:01,,,
2026-01-12 07:26:01,,,17.892
2026-01-12 07:27:01,15.314,17.422,
2026-01-12 07:34:01,,,
2026-01-12 07:40:01,,,
2026-01-12 07:41:01,,,
2026-01-12 07:45:01,,,
2026-01-12 07:46:01,,,
2026-01-12 07:56:01,,,17.892
2026-01-12 07:57:01,15.314,17.359,
2026-01-12 08:04:01,,,
2026-01-12 08:10:01,,,
2026-01-12 08:11:01,,,
2026-01-12 08:15:01,,,
2026-01-12 08:16:01,,,
2026-01-12 08:26:01,,,17.892
2026-01-12 08:27:01,15.377,17.297,
2026-01-12 08:34:01,,,
2026-01-12 08:40:01,,,
2026-01-12 08:41:01,,,
2026-01-12 08:45:01,,,
2026-01-12 08:46:01,,,
2026-01-12 08:56:01,,,17.892
2026-01-12 08:57:01,15.502,17.171,
2026-01-12 09:04:01,,,
2026-01-12 09:10:01,,,
2026-01-12 09:11:01,,,
2026-01-12 09:15:01,,,
2026-01-12 09:16:01,,,
2026-01-12 09:26:01,,,17.892
2026-01-12 09:27:01,15.753,17.109,
2026-01-12 09:34:01,,,
2026-01-12 09:40:01,,,
2026-01-12 09:41:01,,,
2026-01-12 09:45:01,,,
2026-01-12 09:46:01,,,
2026-01-12 09:56:01,,,17.83
2026-01-12 09:57:01,16.066,17.046,
2026-01-12 10:04:01,,,
2026-01-12 10:10:01,,,
2026-01-12 10:11:01,,,
2026-01-12 10:15:01,,,
2026-01-12 10:16:01,,,
2026-01-12 10:26:01,,,17.83
2026-01-12 10:27:01,16.504,16.983,
2026-01-12 10:34:01,,,
2026-01-12 10:40:01,,,
2026-01-12 10:41:01,,,
2026-01-12 10:45:01,,,
2026-01-12 10:46:01,,,
2026-01-12 10:56:01,,,17.83
2026-01-12 10:57:01,17.068,16.921,
2026-01-12 11:04:01,,,
2026-01-12 11:10:01,,,
2026-01-12 11:11:01,,,
2026-01-12 11:15:01,,,
2026-01-12 11:16:01,,,
2026-01-12 11:26:01,,,17.83
2026-01-12 11:27:01,17.694,16.921,
2026-01-12 11:34:01,,,
2026-01-12 11:40:01,,,
2026-01-12 11:41:01,,,
2026-01-12 11:45:01,,,
2026-01-12 11:46:01,,,
2026-01-12 11:56:01,,,17.83
2026-01-12 11:57:01,18.382,16.921,
2026-01-12 12:04:01,,,
2026-01-12 12:10:01,,,
2026-01-12 12:11:01,,,
2026-01-12 12:15:01,,,
2026-01-12 12:16:01,,,
2026-01-12 12:26:01,,,17.83
2026-01-12 12:27:01,19.071,16.921,
2026-01-12 12:34:01,,,
2026-01-12 12:40:01,,,
2026-01-12 12:41:01,,,
2026-01-12 12:45:01,,,
2026-01-12 12:46:01,,,
2026-01-12 12:56:01,,,17.83
2026-01-12 12:57:01,19.822,16.983,
2026-01-12 13:04:01,,,
2026-01-12 13:10:01,,,
2026-01-12 13:11:01,,,
2026-01-12 13:15:01,,,
2026-01-12 13:16:01,,,
2026-01-12 13:26:01,,,17.83
2026-01-12 13:27:01,20.635,17.046,
2026-01-12 13:34:01,,,
2026-01-12 13:40:01,,,
2026-01-12 13:41:01,,,
2026-01-12 13:45:01,,,
2026-01-12 13:46:01,,,
2026-01-12 13:56:01,,,17.767
2026-01-12 13:57:01,21.449,17.171,
2026-01-12 14:04:01,,,
2026-01-12 14:10:01,,,
2026-01-12 14:11:01,,,
2026-01-12 14:15:01,,,
2026-01-12 14:16:01,,,
2026-01-12 14:26:01,,,17.767
2026-01-12 14:27:01,22.262,17.297,
2026-01-12 14:34:01,,,
2026-01-12 14:40:01,,,
2026-01-12 14:41:01,,,
2026-01-12 14:45:01,,,
2026-01-12 14:46:01,,,
2026-01-12 14:56:01,,,17.767
2026-01-12 14:57:01,22.7,17.484,
2026-01-12 15:04:01,,,
2026-01-12 15:10:01,,,
2026-01-12 15:11:01,,,
2026-01-12 15:15:01,,,
2026-01-12 15:16:01,,,
2026-01-12 15:26:01,,,17.767
2026-01-12 15:27:01,23.075,17.735,
2026-01-12 15:34:01,,,
2026-01-12 15:40:01,,,
2026-01-12 15:41:01,,,
2026-01-12 15:45:01,,,
2026-01-12 15:46:01,,,
2026-01-12 15:56:01,,,17.704
2026-01-12 15:57:01,23.263,17.923,
2026-01-12 16:04:01,,,
2026-01-12 16:10:01,,,
2026-01-12 16:11:01,,,
2026-01-12 16:15:01,,,
2026-01-12 16:16:01,,,
2026-01-12 16:26:01,,,17.704
2026-01-12 16:27:01,23.263,18.236,
2026-01-12 16:34:01,,,
2026-01-12 16:40:01,,,
2026-01-12 16:41:01,,,
2026-01-12 16:45:01,,,
2026-01-12 16:46:01,,,
2026-01-12 16:56:01,,,17.704
2026-01-12 16:57:01,23.013,18.487,
2026-01-12 17:04:01,,,
2026-01-12 17:10:01,,,
2026-01-12 17:11:01,,,
2026-01-12 17:15:01,,,
2026-01-12 17:16:01,,,
2026-01-12 17:26:01,,,17.704
2026-01-12 17:27:01,22.7,18.737,
2026-01-12 17:34:01,,,
2026-01-12 17:40:01,,,
2026-01-12 17:41:01,,,
2026-01-12 17:45:01,,,
2026-01-12 17:46:01,,,
2026-01-12 17:56:01,,,17.704
2026-01-12 17:57:01,22.2,18.988,
2026-01-12 18:04:01,,,
2026-01-12 18:10:01,,,
2026-01-12 18:11:01,,,
2026-01-12 18:15:01,,,
2026-01-12 18:16:01,,,
2026-01-12 18:26:01,,,17.704
2026-01-12 18:27:01,21.511,19.238,
2026-01-12 18:34:01,,,
2026-01-12 18:40:01,,,
2026-01-12 18:41:01,,,
2026-01-12 18:45:01,,,
2026-01-12 18:46:01,,,
2026-01-12 18:56:01,,,17.767
2026-01-12 18:57:01,20.823,19.426,
2026-01-12 19:04:01,,,
2026-01-12 19:10:01,,,
2026-01-12 19:11:01,,,
2026-01-12 19:15:01,,,
2026-01-12 19:16:01,,,
2026-01-12 19:26:01,,,17.767
2026-01-12 19:27:01,20.197,19.551,
2026-01-12 19:34:01,,,
2026-01-12 19:40:01,,,
2026-01-12 19:41:01,,,
2026-01-12 19:45:01,,,
2026-01-12 19:46:01,,,
2026-01-12 19:56:01,,,17.767
2026-01-12 19:57:01,19.697,19.676,
2026-01-12 20:04:01,,,
2026-01-12 20:10:01,,,
2026-01-12 20:11:01,,,
2026-01-12 20:15:01,,,
2026-01-12 20:16:01,,,
2026-01-12 20:26:01,,,17.83
2026-01-12 20:27:01,19.259,19.739,
2026-01-12 20:34:01,,,
2026-01-12 20:40:01,,,
2026-01-12 20:41:01,,,
2026-01-12 20:45:01,,,
2026-01-12 20:46:01,,,
2026-01-12 20:56:01,,,17.83
2026-01-12 20:57:01,18.821,19.739,
2026-01-12 21:04:01,,,
2026-01-12 21:10:01,,,
2026-01-12 21:11:01,,,
2026-01-12 21:15:01,,,
2026-01-12 21:16:01,,,
2026-01-12 21:26:01,,,17.892
2026-01-12 21:27:01,18.508,19.739,
2026-01-12 21:34:01,,,
2026-01-12 21:40:01,,,
2026-01-12 21:41:01,,,
2026-01-12 21:45:01,,,
2026-01-12 21:46:01,,,
2026-01-12 21:56:01,,,17.892
2026-01-12 21:57:01,18.132,19.676,
2026-01-12 22:04:01,,,
2026-01-12 22:10:01,,,
2026-01-12 22:11:01,,,
2026-01-12 22:15:01,,,
2026-01-12 22:16:01,,,
2026-01-12 22:26:01,,,17.955
2026-01-12 22:27:01,17.819,19.551,
2026-01-12 22:34:01,,,
2026-01-12 22:40:01,,,
2026-01-12 22:41:01,,,
2026-01-12 22:45:01,,,
2026-01-12 22:46:01,,,
2026-01-12 22:56:01,,,17.955
2026-01-12 22:57:01,17.506,19.426,
2026-01-12 23:04:01,,,
2026-01-12 23:10:01,,,
2026-01-12 23:11:01,,,
2026-01-12 23:15:01,,,
2026-01-12 23:16:01,,,
2026-01-12 23:26:01,,,18.017
2026-01-12 23:27:01,17.256,19.363,
2026-01-12 23:34:01,,,
2026-01-12 23:40:01,,,
2026-01-12 23:41:01,,,
2026-01-12 23:45:01,,,
2026-01-12 23:46:01,,,
2026-01-12 23:56:01,,,18.08
2026-01-12 23:57:01,17.005,19.238,
2026-01-13 00:04:01,,,
2026-01-13 00:10:01,,,
2026-01-13 00:11:01,,,
2026-01-13 00:15:01,,,
2026-01-13 00:16:01,,,
2026-01-13 00:26:01,,,18.08
2026-01-13 00:27:01,16.88,19.05,
2026-01-13 00:34:01,,,
2026-01-13 00:40:01,,,
2026-01-13 00:41:01,,,
2026-01-13 00:45:01,,,
2026-01-13 00:46:01,,,
2026-01-13 00:56:01,,,18.143
2026-01-13 00:57:01,16.692,18.925,
2026-01-13 01:04:01,,,
2026-01-13 01:10:01,,,
2026-01-13 01:11:01,,,
2026-01-13 01:15:01,,,
2026-01-13 01:16:01,,,
2026-01-13 01:26:01,,,18.143
2026-01-13 01:27:01,16.504,18.8,
2026-01-13 01:34:01,,,
2026-01-13 01:40:01,,,
2026-01-13 01:41:01,,,
2026-01-13 01:45:01,,,
2026-01-13 01:46:01,,,
2026-01-13 01:56:01,,,18.143
2026-01-13 01:57:01,16.316,18.674,
2026-01-13 02:04:01,,,
2026-01-13 02:10:01,,,
2026-01-13 02:11:01,,,
2026-01-13 02:15:01,,,
2026-01-13 02:16:01,,,
2026-01-13 02:26:01,,,18.205
2026-01-13 02:27:01,16.191,18.549,
2026-01-13 02:34:01,,,
2026-01-13 02:40:01,,,
2026-01-13 02:41:01,,,
2026-01-13 02:45:01,,,
2026-01-13 02:46:01,,,
2026-01-13 02:56:01,,,18.205
2026-01-13 02:57:01,16.003,18.424,
2026-01-13 03:04:01,,,
2026-01-13 03:10:01,,,
2026-01-13 03:11:01,,,
2026-01-13 03:15:01,,,
2026-01-13 03:16:01,,,
2026-01-13 03:26:01,,,18.205
2026-01-13 03:27:01,15.94,18.299,
2026-01-13 03:34:01,,,
2026-01-13 03:40:01,,,
2026-01-13 03:41:01,,,
2026-01-13 03:45:01,,,
2026-01-13 03:46:01,,,
2026-01-13 03:56:01,,,18.205
2026-01-13 03:57:01,15.878,18.173,
2026-01-13 04:04:01,,,
2026-01-13 04:10:01,,,
2026-01-13 04:11:01,,,
2026-01-13 04:15:01,,,
2026-01-13 04:16:01,,,
2026-01-13 04:26:01,,,18.205
2026-01-13 04:27:01,15.815,18.048,
2026-01-13 04:34:01,,,
2026-01-13 04:40:01,,,
2026-01-13 04:41:01,,,
2026-01-13 04:45:01,,,
2026-01-13 04:46:01,,,
2026-01-13 04:56:01,,,18.205
2026-01-13 04:57:01,15.69,17.923,
2026-01-13 05:04:01,,,
2026-01-13 05:10:01,,,
2026-01-13 05:11:01,,,
2026-01-13 05:15:01,,,
2026-01-13 05:16:01,,,
2026-01-13 05:26:01,,,18.205
2026-01-13 05:27:01,15.627,17.86,
2026-01-13 05:34:01,,,
2026-01-13 05:40:01,,,
2026-01-13 05:41:01,,,
2026-01-13 05:45:01,,,
2026-01-13 05:46:01,,,
2026-01-13 05:56:01,,,18.205
2026-01-13 05:57:01,15.565,17.735,
2026-01-13 06:04:01,,,
2026-01-13 06:10:01,,,
2026-01-13 06:11:01,,,
2026-01-13 06:15:01,,,
2026-01-13 06:16:01,,,
2026-01-13 06:26:01,,,18.205
2026-01-13 06:27:01,15.439,17.672,
2026-01-13 06:34:01,,,
2026-01-13 06:40:01,,,
2026-01-13 06:41:01,,,
2026-01-13 06:45:01,,,
2026-01-13 06:46:01,,,
2026-01-13 06:56:01,,,18.205
2026-01-13 06:57:01,15.189,17.547,
2026-01-13 07:04:01,,,
2026-01-13 07:10:01,,,
2026-01-13 07:11:01,,,
2026-01-13 07:15:01,,,
2026-01-13 07:16:01,,,
2026-01-13 07:26:01,,,18.205
2026-01-13 07:27:01,15.001,17.422,
2026-01-13 07:34:01,,,
2026-01-13 07:40:01,,,
2026-01-13 07:41:01,,,
2026-01-13 07:45:01,,,
2026-01-13 07:46:01,,,
2026-01-13 07:56:01,,,18.143
2026-01-13 07:57:01,14.876,17.359,
2026-01-13 08:04:01,,,
2026-01-13 08:10:01,,,
2026-01-13 08:11:01,,,
2026-01-13 08:15:01,,,
2026-01-13 08:16:01,,,
2026-01-13 08:26:01,,,18.143
2026-01-13 08:27:01,14.876,17.234,
2026-01-13 08:34:01,,,
2026-01-13 08:40:01,,,
2026-01-13 08:41:01,,,
2026-01-13 08:45:01,,,
2026-01-13 08:46:01,,,
2026-01-13 08:56:01,,,18.143
2026-01-13 08:57:01,14.876,17.171,
2026-01-13 09:04:01,,,
2026-01-13 09:10:01,,,
2026-01-13 09:11:01,,,
2026-01-13 09:15:01,,,
2026-01-13 09:16:01,,,
2026-01-13 09:26:01,,,18.143
2026-01-13 09:27:01,15.126,17.046,
2026-01-13 09:34:01,,,
2026-01-13 09:40:01,,,
2026-01-13 09:41:01,,,
2026-01-13 09:45:01,,,
2026-01-13 09:46:01,,,
2026-01-13 09:56:01,,,18.08
2026-01-13 09:57:01,15.502,16.983,
2026-01-13 10:04:01,,,
2026-01-13 10:10:01,,,
2026-01-13 10:11:01,,,
2026-01-13 10:15:01,,,
2026-01-13 10:16:01,,,
2026-01-13 10:26:01,,,18.08
2026-01-13 10:27:01,16.003,16.921,
2026-01-13 10:34:01,,,
2026-01-13 10:40:01,,,
2026-01-13 10:41:01,,,
2026-01-13 10:45:01,,,
2026-01-13 10:46:01,,,
2026-01-13 10:56:01,,,18.08
2026-01-13 10:57:01,16.567,16.858,
2026-01-13 11:04:01,,,
2026-01-13 11:10:01,,,
2026-01-13 11:11:01,,,
2026-01-13 11:15:01,,,
2026-01-13 11:16:01,,,
2026-01-13 11:26:01,,,18.017
2026-01-13 11:27:01,17.256,16.795,
2026-01-13 11:34:01,,,
2026-01-13 11:40:01,,,
2026-01-13 11:41:01,,,
2026-01-13 11:45:01,,,
2026-01-13 11:46:01,,,
2026-01-13 11:56:01,,,18.017
2026-01-13 11:57:01,18.007,16.795,
2026-01-13 12:04:01,,,
2026-01-13 12:10:01,,,
2026-01-13 12:11:01,,,
2026-01-13 12:15:01,,,
2026-01-13 12:16:01,,,
2026-01-13 12:26:01,,,18.017
2026-01-13 12:27:01,18.758,16.795,
2026-01-13 12:34:01,,,
2026-01-13 12:40:01,,,
2026-01-13 12:41:01,,,
2026-01-13 12:45:01,,,
2026-01-13 12:46:01,,,
2026-01-13 12:56:01,,,18.017
2026-01-13 12:57:01,19.509,16.795,
2026-01-13 13:04:01,,,
2026-01-13 13:10:01,,,
2026-01-13 13:11:01,,,
2026-01-13 13:15:01,,,
2026-01-13 13:16:01,,,
2026-01-13 13:26:01,,,18.017
2026-01-13 13:27:01,20.385,16.858,
2026-01-13 13:34:01,,,
2026-01-13 13:40:01,,,
2026-01-13 13:41:01,,,
2026-01-13 13:45:01,,,
2026-01-13 13:46:01,,,
2026-01-13 13:56:01,,,17.955
2026-01-13 13:57:01,21.136,16.983,
2026-01-13 14:04:01,,,
2026-01-13 14:10:01,,,
2026-01-13 14:11:01,,,
2026-01-13 14:15:01,,,
2026-01-13 14:16:01,,,
2026-01-13 14:26:01,,,17.955
2026-01-13 14:27:01,21.887,17.109,
2026-01-13 14:34:01,,,
2026-01-13 14:40:01,,,
2026-01-13 14:41:01,,,
2026-01-13 14:45:01,,,
2026-01-13 14:46:01,,,
2026-01-13 14:56:01,,,17.955
2026-01-13 14:57:01,22.2,17.297,
2026-01-13 15:04:01,,,
2026-01-13 15:10:01,,,
2026-01-13 15:11:01,,,
2026-01-13 15:15:01,,,
2026-01-13 15:16:01,,,
2026-01-13 15:26:01,,,17.892
2026-01-13 15:27:01,22.575,17.484,
2026-01-13 15:34:01,,,
2026-01-13 15:40:01,,,
2026-01-13 15:41:01,,,
2026-01-13 15:45:01,,,
2026-01-13 15:46:01,,,
2026-01-13 15:56:01,,,17.892
2026-01-13 15:57:01,22.825,17.735,
2026-01-13 16:04:01,,,
2026-01-13 16:10:01,,,
2026-01-13 16:11:01,,,
2026-01-13 16:15:01,,,
2026-01-13 16:16:01,,,
2026-01-13 16:26:01,,,17.892
2026-01-13 16:27:01,22.95,17.986,
2026-01-13 16:34:01,,,
2026-01-13 16:40:01,,,
2026-01-13 16:41:01,,,
2026-01-13 16:45:01,,,
2026-01-13 16:46:01,,,
2026-01-13 16:56:01,,,17.892
2026-01-13 16:57:01,22.762,18.236,
2026-01-13 17:04:01,,,
2026-01-13 17:10:01,,,
2026-01-13 17:11:01,,,
2026-01-13 17:15:01,,,
2026-01-13 17:16:01,,,
2026-01-13 17:26:01,,,17.83
2026-01-13 17:27:01,22.512,18.487,
2026-01-13 17:34:01,,,
2026-01-13 17:40:01,,,
2026-01-13 17:41:01,,,
2026-01-13 17:45:01,,,
2026-01-13 17:46:01,,,
2026-01-13 17:56:01,,,17.83
2026-01-13 17:57:01,22.074,18.737,
2026-01-13 18:04:01,,,
2026-01-13 18:10:01,,,
2026-01-13 18:11:01,,,
2026-01-13 18:15:01,,,
2026-01-13 18:16:01,,,
2026-01-13 18:26:01,,,17.83
2026-01-13 18:27:01,21.449,18.988,
2026-01-13 18:34:01,,,
2026-01-13 18:40:01,,,
2026-01-13 18:41:01,,,
2026-01-13 18:45:01,,,
2026-01-13 18:46:01,,,
2026-01-13 18:56:01,,,17.83
2026-01-13 18:57:01,20.761,19.175,
2026-01-13 19:04:01,,,
2026-01-13 19:10:01,,,
2026-01-13 19:11:01,,,
2026-01-13 19:15:01,,,
2026-01-13 19:16:01,,,
2026-01-13 19:26:01,,,17.892
2026-01-13 19:27:01,20.135,19.301,
2026-01-13 19:34:01,,,
2026-01-13 19:40:01,,,
2026-01-13 19:41:01,,,
2026-01-13 19:45:01,,,
2026-01-13 19:46:01,,,
2026-01-13 19:56:01,,,17.892
2026-01-13 19:57:01,19.572,19.426,
2026-01-13 20:04:01,,,
2026-01-13 20:10:01,,,
2026-01-13 20:11:01,,,
2026-01-13 20:15:01,,,
2026-01-13 20:16:01,,,
2026-01-13 20:26:01,,,17.892
2026-01-13 20:27:01,19.071,19.488,
2026-01-13 20:34:01,,,
2026-01-13 20:40:01,,,
2026-01-13 20:41:01,,,
2026-01-13 20:45:01,,,
2026-01-13 20:46:01,,,
2026-01-13 20:56:01,,,17.892
2026-01-13 20:57:01,18.695,19.551,
2026-01-13 21:04:01,,,
2026-01-13 21:10:01,,,
2026-01-13 21:11:01,,,
2026-01-13 21:15:01,,,
2026-01-13 21:16:01,,,
2026-01-13 21:26:01,,,17.955
2026-01-13 21:27:01,18.32,19.488,
2026-01-13 21:34:01,,,
2026-01-13 21:40:01,,,
2026-01-13 21:41:01,,,
2026-01-13 21:45:01,,,
2026-01-13 21:46:01,,,
2026-01-13 21:56:01,,,17.955
2026-01-13 21:57:01,18.007,19.426,
2026-01-13 22:04:01,,,
2026-01-13 22:10:01,,,
2026-01-13 22:11:01,,,
2026-01-13 22:15:01,,,
2026-01-13 22:16:01,,,
2026-01-13 22:26:01,,,18.017
2026-01-13 22:27:01,17.694,19.363,
2026-01-13 22:34:01,,,
2026-01-13 22:40:01,,,
2026-01-13 22:41:01,,,
2026-01-13 22:45:01,,,
2026-01-13 22:46:01,,,
2026-01-13 22:56:01,,,18.017
2026-01-13 22:57:01,17.381,19.238,
2026-01-13 23:04:01,,,
2026-01-13 23:10:01,,,
2026-01-13 23:11:01,,,
2026-01-13 23:15:01,,,
2026-01-13 23:16:01,,,
2026-01-13 23:26:01,,,18.08
2026-01-13 23:27:01,17.068,19.113,
2026-01-13 23:34:01,,,
2026-01-13 23:40:01,,,
2026-01-13 23:41:01,,,
2026-01-13 23:45:01,,,
2026-01-13 23:46:01,,,
2026-01-13 23:56:01,,,18.08
2026-01-13 23:57:01,16.817,18.988,
2026-01-14 00:04:01,,,
2026-01-14 00:10:01,,,
2026-01-14 00:11:01,,,
2026-01-14 00:15:01,,,
2026-01-14 00:16:01,,,
2026-01-14 00:26:01,,,18.143
2026-01-14 00:27:01,16.629,18.862,
2026-01-14 00:34:01,,,
2026-01-14 00:40:01,,,
2026-01-14 00:41:01,,,
2026-01-14 00:45:01,,,
2026-01-14 00:46:01,,,
2026-01-14 00:56:01,,,18.143
2026-01-14 00:57:01,16.504,18.737,
2026-01-14 01:04:01,,,
2026-01-14 01:10:01,,,
2026-01-14 01:11:01,,,
2026-01-14 01:15:01,,,
2026-01-14 01:16:01,,,
2026-01-14 01:26:01,,,18.143
2026-01-14 01:27:01,16.316,18.612,
2026-01-14 01:34:01,,,
2026-01-14 01:40:01,,,
2026-01-14 01:41:01,,,
2026-01-14 01:45:01,,,
2026-01-14 01:46:01,,,
2026-01-14 01:56:01,,,18.143
2026-01-14 01:57:01,16.128,18.487,
2026-01-14 02:04:01,,,
2026-01-14 02:10:01,,,
2026-01-14 02:11:01,,,
2026-01-14 02:15:01,,,
2026-01-14 02:16:01,,,
2026-01-14 02:26:01,,,18.205
2026-01-14 02:27:01,15.94,18.361,
2026-01-14 02:34:01,,,
2026-01-14 02:40:01,,,
2026-01-14 02:41:01,,,
2026-01-14 02:45:01,,,
2026-01-14 02:46:01,,,
2026-01-14 02:56:01,,,18.205
2026-01-14 02:57:01,15.753,18.236,
2026-01-14 03:04:01,,,
2026-01-14 03:10:01,,,
2026-01-14 03:11:01,,,
2026-01-14 03:15:01,,,
2026-01-14 03:16:01,,,
2026-01-14 03:26:01,,,18.205
2026-01-14 03:27:01,15.565,18.111,
2026-01-14 03:34:01,,,
2026-01-14 03:40:01,,,
2026-01-14 03:41:01,,,
2026-01-14 03:45:01,,,
2026-01-14 03:46:01,,,
2026-01-14 03:56:01,,,18.143
2026-01-14 03:57:01,15.439,17.986,
2026-01-14 04:04:01,,,
2026-01-14 04:10:01,,,
2026-01-14 04:11:01,,,
2026-01-14 04:15:01,,,
2026-01-14 04:16:01,,,
2026-01-14 04:26:01,,,18.143
2026-01-14 04:27:01,15.314,17.86,
2026-01-14 04:34:01,,,
2026-01-14 04:40:01,,,
2026-01-14 04:41:01,,,
2026-01-14 04:45:01,,,
2026-01-14 04:46:01,,,
2026-01-14 04:56:01,,,18.143
2026-01-14 04:57:01,15.189,17.735,
2026-01-14 05:04:01,,,
2026-01-14 05:10:01,,,
2026-01-14 05:11:01,,,
2026-01-14 05:15:01,,,
2026-01-14 05:16:01,,,
2026-01-14 05:26:01,,,18.143
2026-01-14 05:27:01,15.064,17.61,
2026-01-14 05:34:01,,,
2026-01-14 05:40:01,,,
2026-01-14 05:41:01,,,
2026-01-14 05:45:01,,,
2026-01-14 05:46:01,,,
2026-01-14 05:56:01,,,18.143
2026-01-14 05:57:01,15.001,17.484,
2026-01-14 06:04:01,,,
2026-01-14 06:10:01,,,
2026-01-14 06:11:01,,,
2026-01-14 06:15:01,,,
2026-01-14 06:16:01,,,
2026-01-14 06:26:01,,,18.143
2026-01-14 06:27:01,14.876,17.422,
2026-01-14 06:34:01,,,
2026-01-14 06:40:01,,,
2026-01-14 06:41:01,,,
2026-01-14 06:45:01,,,
2026-01-14 06:46:01,,,
2026-01-14 06:56:01,,,18.08
2026-01-14 06:57:01,14.813,17.297,
2026-01-14 07:04:01,,,
2026-01-14 07:10:01,,,
2026-01-14 07:11:01,,,
2026-01-14 07:15:01,,,
2026-01-14 07:16:01,,,
2026-01-14 07:26:01,,,18.08
2026-01-14 07:27:01,14.688,17.171,
2026-01-14 07:34:01,,,
2026-01-14 07:40:01,,,
2026-01-14 07:41:01,,,
2026-01-14 07:45:01,,,
2026-01-14 07:46:01,,,
2026-01-14 07:56:01,,,18.08
2026-01-14 07:57:01,14.688,17.109,
2026-01-14 08:04:01,,,
2026-01-14 08:10:01,,,
2026-01-14 08:11:01,,,
2026-01-14 08:15:01,,,
2026-01-14 08:16:01,,,
2026-01-14 08:26:01,,,18.08
2026-01-14 08:27:01,14.625,16.983,
2026-01-14 08:34:01,,,
2026-01-14 08:40:01,,,
2026-01-14 08:41:01,,,
2026-01-14 08:45:01,,,
2026-01-14 08:46:01,,,
2026-01-14 08:56:01,,,18.017
2026-01-14 08:57:01,14.688,16.921,
2026-01-14 09:04:01,,,
2026-01-14 09:10:01,,,
2026-01-14 09:11:01,,,
2026-01-14 09:15:01,,,
2026-01-14 09:16:01,,,
2026-01-14 09:26:01,,,18.017
2026-01-14 09:27:01,14.938,16.795,
2026-01-14 09:34:01,,,
2026-01-14 09:40:01,,,
2026-01-14 09:41:01,,,
2026-01-14 09:45:01,,,
2026-01-14 09:46:01,,,
2026-01-14 09:56:01,,,18.017
2026-01-14 09:57:01,15.314,16.733,
2026-01-14 10:04:01,,,
2026-01-14 10:10:01,,,
2026-01-14 10:11:01,,,
2026-01-14 10:15:01,,,
2026-01-14 10:16:01,,,
2026-01-14 10:26:01,,,17.955
2026-01-14 10:27:01,15.815,16.67,
2026-01-14 10:34:01,,,
2026-01-14 10:40:01,,,
2026-01-14 10:41:01,,,
2026-01-14 10:45:01,,,
2026-01-14 10:46:01,,,
2026-01-14 10:56:01,,,17.955
2026-01-14 10:57:01,16.316,16.607,
2026-01-14 11:04:01,,,
2026-01-14 11:10:01,,,
2026-01-14 11:11:01,,,
2026-01-14 11:15:01,,,
2026-01-14 11:16:01,,,
2026-01-14 11:26:01,,,17.955
2026-01-14 11:27:01,16.88,16.545,
2026-01-14 11:34:01,,,
2026-01-14 11:40:01,,,
2026-01-14 11:41:01,,,
2026-01-14 11:45:01,,,
2026-01-14 11:46:01,,,
2026-01-14 11:56:01,,,17.892
2026-01-14 11:57:01,17.569,16.545,
2026-01-14 12:04:01,,,
2026-01-14 12:10:01,,,
2026-01-14 12:11:01,,,
2026-01-14 12:15:01,,,
2026-01-14 12:16:01,,,
2026-01-14 12:26:01,,,17.892
2026-01-14 12:27:01,18.257,16.545,
2026-01-14 12:34:01,,,
2026-01-14 12:40:01,,,
2026-01-14 12:41:01,,,
2026-01-14 12:45:01,,,
2026-01-14 12:46:01,,,
2026-01-14 12:56:01,,,17.892
2026-01-14 12:57:01,19.071,16.607,
2026-01-14 13:04:01,,,
2026-01-14 13:10:01,,,
2026-01-14 13:11:01,,,
2026-01-14 13:15:01,,,
2026-01-14 13:16:01,,,
2026-01-14 13:26:01,,,17.892
2026-01-14 13:27:01,19.885,16.67,
2026-01-14 13:34:01,,,
2026-01-14 13:40:01,,,
2026-01-14 13:41:01,,,
2026-01-14 13:45:01,,,
2026-01-14 13:46:01,,,
2026-01-14 13:56:01,,,17.83
2026-01-14 13:57:01,20.761,16.795,
2026-01-14 14:04:01,,,
2026-01-14 14:10:01,,,
2026-01-14 14:11:01,,,
2026-01-14 14:15:01,,,
2026-01-14 14:16:01,,,
2026-01-14 14:26:01,,,17.83
2026-01-14 14:27:01,21.637,16.921,
2026-01-14 14:34:01,,,
2026-01-14 14:40:01,,,
2026-01-14 14:41:01,,,
2026-01-14 14:45:01,,,
2026-01-14 14:46:01,,,
2026-01-14 14:56:01,,,17.83
2026-01-14 14:57:01,22.012,17.109,
2026-01-14 15:04:01,,,
2026-01-14 15:10:01,,,
2026-01-14 15:11:01,,,
2026-01-14 15:15:01,,,
2026-01-14 15:16:01,,,
2026-01-14 15:26:01,,,17.83
2026-01-14 15:27:01,22.325,17.297,
2026-01-14 15:34:01,,,
2026-01-14 15:40:01,,,
2026-01-14 15:41:01,,,
2026-01-14 15:45:01,,,
2026-01-14 15:46:01,,,
2026-01-14 15:56:01,,,17.767
2026-01-14 15:57:01,22.512,17.547,
2026-01-14 16:04:01,,,
2026-01-14 16:10:01,,,
2026-01-14 16:11:01,,,
2026-01-14 16:15:01,,,
2026-01-14 16:16:01,,,
2026-01-14 16:26:01,,,17.767
2026-01-14 16:27:01,22.45,17.798,
2026-01-14 16:34:01,,,
2026-01-14 16:40:01,,,
2026-01-14 16:41:01,,,
2026-01-14 16:45:01,,,
2026-01-14 16:46:01,,,
2026-01-14 16:56:01,,,17.767
2026-01-14 16:57:01,21.949,18.048,
2026-01-14 17:04:01,,,
2026-01-14 17:10:01,,,
2026-01-14 17:11:01,,,
2026-01-14 17:15:01,,,
2026-01-14 17:16:01,,,
2026-01-14 17:26:01,,,17.704
2026-01-14 17:27:01,21.637,18.299,
2026-01-14 17:34:01,,,
2026-01-14 17:40:01,,,
2026-01-14 17:41:01,,,
2026-01-14 17:45:01,,,
2026-01-14 17:46:01,,,
2026-01-14 17:56:01,,,17.704
2026-01-14 17:57:01,21.199,18.549,
2026-01-14 18:04:01,,,
2026-01-14 18:10:01,,,
2026-01-14 18:11:01,,,
2026-01-14 18:15:01,,,
2026-01-14 18:16:01,,,
2026-01-14 18:26:01,,,17.704
2026-01-14 18:27:01,20.635,18.8,
2026-01-14 18:34:01,,,
2026-01-14 18:40:01,,,
2026-01-14 18:41:01,,,
2026-01-14 18:45:01,,,
2026-01-14 18:46:01,,,
2026-01-14 18:56:01,,,17.704
2026-01-14 18:57:01,20.072,18.925,
2026-01-14 19:04:01,,,
2026-01-14 19:10:01,,,
2026-01-14 19:11:01,,,
2026-01-14 19:15:01,,,
2026-01-14 19:16:01,,,
2026-01-14 19:26:01,,,17.767
2026-01-14 19:27:01,19.509,19.05,
2026-01-14 19:34:01,,,
2026-01-14 19:40:01,,,
2026-01-14 19:41:01,,,
2026-01-14 19:45:01,,,
2026-01-14 19:46:01,,,
2026-01-14 19:56:01,,,17.767
2026-01-14 19:57:01,19.008,19.175,
2026-01-14 20:04:01,,,
2026-01-14 20:10:01,,,
2026-01-14 20:11:01,,,
2026-01-14 20:15:01,,,
2026-01-14 20:16:01,,,
2026-01-14 20:26:01,,,17.767
2026-01-14 20:27:01,18.508,19.175,
2026-01-14 20:34:01,,,
2026-01-14 20:40:01,,,
2026-01-14 20:41:01,,,
2026-01-14 20:45:01,,,
2026-01-14 20:46:01,,,
2026-01-14 20:56:01,,,17.767
2026-01-14 20:57:01,18.069,19.175,
2026-01-14 21:04:01,,,
2026-01-14 21:10:01,,,
2026-01-14 21:11:01,,,
2026-01-14 21:15:01,,,
2026-01-14 21:16:01,,,
2026-01-14 21:26:01,,,17.83
2026-01-14 21:27:01,17.631,19.113,
2026-01-14 21:34:01,,,
2026-01-14 21:40:01,,,
2026-01-14 21:41:01,,,
2026-01-14 21:45:01,,,
2026-01-14 21:46:01,,,
2026-01-14 21:56:01,,,17.83
2026-01-14 21:57:01,17.256,19.05,
2026-01-14 22:04:01,,,
2026-01-14 22:10:01,,,
2026-01-14 22:11:01,,,
2026-01-14 22:15:01,,,
2026-01-14 22:16:01,,,
2026-01-14 22:26:01,,,17.892
2026-01-14 22:27:01,16.942,18.925,
2026-01-14 22:34:01,,,
2026-01-14 22:40:01,,,
2026-01-14 22:41:01,,,
2026-01-14 22:45:01,,,
2026-01-14 22:46:01,,,
2026-01-14 22:56:01,,,17.892
2026-01-14 22:57:01,16.567,18.862,
2026-01-14 23:04:01,,,
2026-01-14 23:10:01,,,
2026-01-14 23:11:01,,,
2026-01-14 23:15:01,,,
2026-01-14 23:16:01,,,
2026-01-14 23:26:01,,,17.892
2026-01-14 23:27:01,16.316,18.737,
2026-01-14 23:34:01,,,
2026-01-14 23:40:01,,,
2026-01-14 23:41:01,,,
2026-01-14 23:45:01,,,
2026-01-14 23:46:01,,,
2026-01-14 23:56:01,,,17.955
2026-01-14 23:57:01,16.128,18.549,
2026-01-15 00:04:01,,,
2026-01-15 00:10:01,,,
2026-01-15 00:11:01,,,
2026-01-15 00:15:01,,,
2026-01-15 00:16:01,,,
2026-01-15 00:26:01,,,17.955
2026-01-15 00:27:01,15.94,18.424,
2026-01-15 00:34:01,,,
2026-01-15 00:40:01,,,
2026-01-15 00:41:01,,,
2026-01-15 00:45:01,,,
2026-01-15 00:46:01,,,
2026-01-15 00:56:01,,,17.955
2026-01-15 00:57:01,15.815,18.299,
2026-01-15 01:04:01,,,
2026-01-15 01:10:01,,,
2026-01-15 01:11:01,,,
2026-01-15 01:15:01,,,
2026-01-15 01:16:01,,,
2026-01-15 01:26:01,,,17.955
2026-01-15 01:27:01,15.627,18.173,
2026-01-15 01:34:01,,,
2026-01-15 01:40:01,,,
2026-01-15 01:41:01,,,
2026-01-15 01:45:01,,,
2026-01-15 01:46:01,,,
2026-01-15 01:56:01,,,17.955
2026-01-15 01:57:01,15.439,18.048,
2026-01-15 02:04:01,,,
2026-01-15 02:10:01,,,
2026-01-15 02:11:01,,,
2026-01-15 02:15:01,,,
2026-01-15 02:16:01,,,
2026-01-15 02:26:01,,,17.955
2026-01-15 02:27:01,15.314,17.86,
2026-01-15 02:34:01,,,
2026-01-15 02:40:01,,,
2026-01-15 02:41:01,,,
2026-01-15 02:45:01,,,
2026-01-15 02:46:01,,,
2026-01-15 02:56:01,,,17.955
2026-01-15 02:57:01,15.126,17.735,
2026-01-15 03:04:01,,,
2026-01-15 03:10:01,,,
2026-01-15 03:11:01,,,
2026-01-15 03:15:01,,,
2026-01-15 03:16:01,,,
2026-01-15 03:26:01,,,17.955
2026-01-15 03:27:01,14.938,17.61,
2026-01-15 03:34:01,,,
2026-01-15 03:40:01,,,
2026-01-15 03:41:01,,,
2026-01-15 03:45:01,,,
2026-01-15 03:46:01,,,
2026-01-15 03:56:01,,,17.955
2026-01-15 03:57:01,14.813,17.484,
2026-01-15 04:04:01,,,
2026-01-15 04:10:01,,,
2026-01-15 04:11:01,,,
2026-01-15 04:15:01,,,
2026-01-15 04:16:01,,,
2026-01-15 04:26:01,,,17.955
2026-01-15 04:27:01,14.688,17.359,
2026-01-15 04:34:01,,,
2026-01-15 04:40:01,,,
2026-01-15 04:41:01,,,
2026-01-15 04:45:01,,,
2026-01-15 04:46:01,,,
2026-01-15 04:56:01,,,17.955
2026-01-15 04:57:01,14.562,17.297,
2026-01-15 05:04:01,,,
2026-01-15 05:10:01,,,
2026-01-15 05:11:01,,,
2026-01-15 05:15:01,,,
2026-01-15 05:16:01,,,
2026-01-15 05:26:01,,,17.892
2026-01-15 05:27:01,14.437,17.171,
2026-01-15 05:34:01,,,
2026-01-15 05:40:01,,,
2026-01-15 05:41:01,,,
2026-01-15 05:45:01,,,
2026-01-15 05:46:01,,,
2026-01-15 05:56:01,,,17.892
2026-01-15 05:57:01,14.312,17.046,
2026-01-15 06:04:01,,,
2026-01-15 06:10:01,,,
2026-01-15 06:11:01,,,
2026-01-15 06:15:01,,,
2026-01-15 06:16:01,,,
2026-01-15 06:26:01,,,17.892
2026-01-15 06:27:01,14.187,16.921,
2026-01-15 06:34:01,,,
2026-01-15 06:40:01,,,
2026-01-15 06:41:01,,,
2026-01-15 06:45:01,,,
2026-01-15 06:46:01,,,
2026-01-15 06:56:01,,,17.83
2026-01-15 06:57:01,14.124,16.858,
2026-01-15 07:04:01,,,
2026-01-15 07:10:01,,,
2026-01-15 07:11:01,,,
2026-01-15 07:15:01,,,
2026-01-15 07:16:01,,,
2026-01-15 07:26:01,,,17.83
2026-01-15 07:27:01,14.061,16.733,
2026-01-15 07:34:01,,,
2026-01-15 07:40:01,,,
2026-01-15 07:41:01,,,
2026-01-15 07:45:01,,,
2026-01-15 07:46:01,,,
2026-01-15 07:56:01,,,17.83
2026-01-15 07:57:01,13.999,16.607,
2026-01-15 08:04:01,,,
2026-01-15 08:10:01,,,
2026-01-15 08:11:01,,,
2026-01-15 08:15:01,,,
2026-01-15 08:16:01,,,
2026-01-15 08:26:01,,,17.83
2026-01-15 08:27:01,14.061,16.545,
2026-01-15 08:34:01,,,
2026-01-15 08:40:01,,,
2026-01-15 08:41:01,,,
2026-01-15 08:45:01,,,
2026-01-15 08:46:01,,,
2026-01-15 08:56:01,,,17.767
2026-01-15 08:57:01,14.187,16.419,
2026-01-15 09:04:01,,,
2026-01-15 09:10:01,,,
2026-01-15 09:11:01,,,
2026-01-15 09:15:01,,,
2026-01-15 09:16:01,,,
2026-01-15 09:26:01,,,17.767
2026-01-15 09:27:01,14.437,16.357,
2026-01-15 09:34:01,,,
2026-01-15 09:40:01,,,
2026-01-15 09:41:01,,,
2026-01-15 09:45:01,,,
2026-01-15 09:46:01,,,
2026-01-15 09:56:01,,,17.704
2026-01-15 09:57:01,14.688,16.294,
2026-01-15 10:04:01,,,
2026-01-15 10:10:01,,,
2026-01-15 10:11:01,,,
2026-01-15 10:15:01,,,
2026-01-15 10:16:01,,,
2026-01-15 10:26:01,,,17.704
2026-01-15 10:27:01,15.126,16.169,
2026-01-15 10:34:01,,,
2026-01-15 10:40:01,,,
2026-01-15 10:41:01,,,
2026-01-15 10:45:01,,,
2026-01-15 10:46:01,,,
2026-01-15 10:56:01,,,17.704
2026-01-15 10:57:01,15.627,16.106,
2026-01-15 11:04:01,,,
2026-01-15 11:10:01,,,
2026-01-15 11:11:01,,,
2026-01-15 11:15:01,,,
2026-01-15 11:16:01,,,
2026-01-15 11:26:01,,,17.642
2026-01-15 11:27:01,16.254,16.106,
2026-01-15 11:34:01,,,
2026-01-15 11:40:01,,,
2026-01-15 11:41:01,,,
2026-01-15 11:45:01,,,
2026-01-15 11:46:01,,,
2026-01-15 11:56:01,,,17.642
2026-01-15 11:57:01,17.068,16.043,
2026-01-15 12:04:01,,,
2026-01-15 12:10:01,,,
2026-01-15 12:11:01,,,
2026-01-15 12:15:01,,,
2026-01-15 12:16:01,,,
2026-01-15 12:26:01,,,17.642
2026-01-15 12:27:01,17.882,16.106,
2026-01-15 12:34:01,,,
2026-01-15 12:40:01,,,
2026-01-15 12:41:01,,,
2026-01-15 12:45:01,,,
2026-01-15 12:46:01,,,
2026-01-15 12:56:01,,,17.579
2026-01-15 12:57:01,18.695,16.106,
2026-01-15 13:04:01,,,
2026-01-15 13:10:01,,,
2026-01-15 13:11:01,,,
2026-01-15 13:15:01,,,
2026-01-15 13:16:01,,,
2026-01-15 13:26:01,,,17.579
2026-01-15 13:27:01,19.572,16.169,
2026-01-15 13:34:01,,,
2026-01-15 13:40:01,,,
2026-01-15 13:41:01,,,
2026-01-15 13:45:01,,,
2026-01-15 13:46:01,,,
2026-01-15 13:56:01,,,17.579
2026-01-15 13:57:01,20.385,16.294,
2026-01-15 14:04:01,,,
2026-01-15 14:10:01,,,
2026-01-15 14:11:01,,,
2026-01-15 14:15:01,,,
2026-01-15 14:16:01,,,
2026-01-15 14:26:01,,,17.516
2026-01-15 14:27:01,21.199,16.419,
2026-01-15 14:34:01,,,
2026-01-15 14:40:01,,,
2026-01-15 14:41:01,,,
2026-01-15 14:45:01,,,
2026-01-15 14:46:01,,,
2026-01-15 14:56:01,,,17.516
2026-01-15 14:57:01,21.511,16.607,
2026-01-15 15:04:01,,,
2026-01-15 15:10:01,,,
2026-01-15 15:11:01,,,
2026-01-15 15:15:01,,,
2026-01-15 15:16:01,,,
2026-01-15 15:26:01,,,17.516
2026-01-15 15:27:01,21.762,16.795,
2026-01-15 15:34:01,,,
2026-01-15 15:40:01,,,
2026-01-15 15:41:01,,,
2026-01-15 15:45:01,,,
2026-01-15 15:46:01,,,
2026-01-15 15:56:01,,,17.516
2026-01-15 15:57:01,22.074,17.046,
2026-01-15 16:04:01,,,
2026-01-15 16:10:01,,,
2026-01-15 16:11:01,,,
2026-01-15 16:15:01,,,
2026-01-15 16:16:01,,,
2026-01-15 16:26:01,,,17.454
2026-01-15 16:27:01,22.074,17.297,
2026-01-15 16:34:01,,,
2026-01-15 16:40:01,,,
2026-01-15 16:41:01,,,
2026-01-15 16:45:01,,,
2026-01-15 16:46:01,,,
2026-01-15 16:56:01,,,17.454
2026-01-15 16:57:01,21.887,17.547,
2026-01-15 17:04:01,,,
2026-01-15 17:10:01,,,
2026-01-15 17:11:01,,,
2026-01-15 17:15:01,,,
2026-01-15 17:16:01,,,
2026-01-15 17:26:01,,,17.454
2026-01-15 17:27:01,21.574,17.798,
2026-01-15 17:34:01,,,
2026-01-15 17:40:01,,,
2026-01-15 17:41:01,,,
2026-01-15 17:45:01,,,
2026-01-15 17:46:01,,,
2026-01-15 17:56:01,,,17.454
2026-01-15 17:57:01,21.073,18.048,
2026-01-15 18:04:01,,,
2026-01-15 18:10:01,,,
2026-01-15 18:11:01,,,
2026-01-15 18:15:01,,,
2026-01-15 18:16:01,,,
2026-01-15 18:26:01,,,17.454
2026-01-15 18:27:01,20.448,18.299,
2026-01-15 18:34:01,,,
2026-01-15 18:40:01,,,
2026-01-15 18:41:01,,,
2026-01-15 18:45:01,,,
2026-01-15 18:46:01,,,
2026-01-15 18:56:01,,,17.454
2026-01-15 18:57:01,19.822,18.487,
2026-01-15 19:04:01,,,
2026-01-15 19:10:01,,,
2026-01-15 19:11:01,,,
2026-01-15 19:15:01,,,
2026-01-15 19:16:01,,,
2026-01-15 19:26:01,,,17.454
2026-01-15 19:27:01,19.196,18.612,
2026-01-15 19:34:01,,,
2026-01-15 19:40:01,,,
2026-01-15 19:41:01,,,
2026-01-15 19:45:01,,,
2026-01-15 19:46:01,,,
2026-01-15 19:56:01,,,17.454
2026-01-15 19:57:01,18.695,18.674,
2026-01-15 20:04:01,,,
2026-01-15 20:10:01,,,
2026-01-15 20:11:01,,,
2026-01-15 20:15:01,,,
2026-01-15 20:16:01,,,
2026-01-15 20:26:01,,,17.454
2026-01-15 20:27:01,18.195,18.737,
2026-01-15 20:34:01,,,
2026-01-15 20:40:01,,,
2026-01-15 20:41:01,,,
2026-01-15 20:45:01,,,
2026-01-15 20:46:01,,,
2026-01-15 20:56:01,,,17.516
2026-01-15 20:57:01,17.882,18.737,
2026-01-15 21:04:01,,,
2026-01-15 21:10:01,,,
2026-01-15 21:11:01,,,
2026-01-15 21:15:01,,,
2026-01-15 21:16:01,,,
2026-01-15 21:26:01,,,17.516
2026-01-15 21:27:01,17.569,18.737,
2026-01-15 21:34:01,,,
2026-01-15 21:40:01,,,
2026-01-15 21:41:01,,,
2026-01-15 21:45:01,,,
2026-01-15 21:46:01,,,
2026-01-15 21:56:01,,,17.516
2026-01-15 21:57:01,17.318,18.674,
2026-01-15 22:04:01,,,
2026-01-15 22:10:01,,,
2026-01-15 22:11:01,,,
2026-01-15 22:15:01,,,
2026-01-15 22:16:01,,,
2026-01-15 22:26:01,,,17.579
2026-01-15 22:27:01,17.005,18.612,
2026-01-15 22:34:01,,,
2026-01-15 22:40:01,,,
2026-01-15 22:41:01,,,
2026-01-15 22:45:01,,,
2026-01-15 22:46:01,,,
2026-01-15 22:56:01,,,17.579
2026-01-15 22:57:01,16.629,18.487,
2026-01-15 23:04:01,,,
2026-01-15 23:10:01,,,
2026-01-15 23:11:01,,,
2026-01-15 23:15:01,,,
2026-01-15 23:16:01,,,
2026-01-15 23:26:01,,,17.579
2026-01-15 23:27:01,16.316,18.424,
2026-01-15 23:34:01,,,
2026-01-15 23:40:01,,,
2026-01-15 23:41:01,,,
2026-01-15 23:45:01,,,
2026-01-15 23:46:01,,,
2026-01-15 23:56:01,,,17.642
2026-01-15 23:57:01,16.066,18.299,
2026-01-16 00:04:01,,,
2026-01-16 00:10:01,,,
2026-01-16 00:11:01,,,
2026-01-16 00:15:01,,,
2026-01-16 00:16:01,,,
2026-01-16 00:26:01,,,17.642
2026-01-16 00:27:01,15.94,18.173,
2026-01-16 00:34:01,,,
2026-01-16 00:40:01,,,
2026-01-16 00:41:01,,,
2026-01-16 00:45:01,,,
2026-01-16 00:46:01,,,
2026-01-16 00:56:01,,,17.642
2026-01-16 00:57:01,15.753,18.048,
2026-01-16 01:04:01,,,
2026-01-16 01:10:01,,,
2026-01-16 01:11:01,,,
2026-01-16 01:15:01,,,
2026-01-16 01:16:01,,,
2026-01-16 01:26:01,,,17.642
2026-01-16 01:27:01,15.627,17.923,
2026-01-16 01:34:01,,,
2026-01-16 01:40:01,,,
2026-01-16 01:41:01,,,
2026-01-16 01:45:01,,,
2026-01-16 01:46:01,,,
2026-01-16 01:56:01,,,17.642
2026-01-16 01:57:01,15.439,17.798,
2026-01-16 02:04:01,,,
2026-01-16 02:10:01,,,
2026-01-16 02:11:01,,,
2026-01-16 02:15:01,,,
2026-01-16 02:16:01,,,
2026-01-16 02:26:01,,,17.642
2026-01-16 02:27:01,15.252,17.672,
2026-01-16 02:34:01,,,
2026-01-16 02:40:01,,,
2026-01-16 02:41:01,,,
2026-01-16 02:45:01,,,
2026-01-16 02:46:01,,,
2026-01-16 02:56:01,,,17.642
2026-01-16 02:57:01,15.126,17.547,
2026-01-16 03:04:01,,,
2026-01-16 03:10:01,,,
2026-01-16 03:11:01,,,
2026-01-16 03:15:01,,,
2026-01-16 03:16:01,,,
2026-01-16 03:26:01,,,17.642
2026-01-16 03:27:01,15.064,17.422,
2026-01-16 03:34:01,,,
2026-01-16 03:40:01,,,
2026-01-16 03:41:01,,,
2026-01-16 03:45:01,,,
2026-01-16 03:46:01,,,
2026-01-16 03:56:01,,,17.642
2026-01-16 03:57:01,15.001,17.297,
2026-01-16 04:04:01,,,
2026-01-16 04:10:01,,,
2026-01-16 04:11:01,,,
2026-01-16 04:15:01,,,
2026-01-16 04:16:01,,,
2026-01-16 04:26:01,,,17.642
2026-01-16 04:27:01,14.876,17.234,
2026-01-16 04:34:01,,,
2026-01-16 04:40:01,,,
2026-01-16 04:41:01,,,
2026-01-16 04:45:01,,,
2026-01-16 04:46:01,,,
2026-01-16 04:56:01,,,17.642
2026-01-16 04:57:01,14.75,17.109,
2026-01-16 05:04:01,,,
2026-01-16 05:10:01,,,
2026-01-16 05:11:01,,,
2026-01-16 05:15:01,,,
2026-01-16 05:16:01,,,
2026-01-16 05:26:01,,,17.642
2026-01-16 05:27:01,14.688,16.983,
2026-01-16 05:34:01,,,
2026-01-16 05:40:01,,,
2026-01-16 05:41:01,,,
2026-01-16 05:45:01,,,
2026-01-16 05:46:01,,,
2026-01-16 05:56:01,,,17.642
2026-01-16 05:57:01,14.562,16.921,
2026-01-16 06:04:01,,,
2026-01-16 06:10:01,,,
2026-01-16 06:11:01,,,
2026-01-16 06:15:01,,,
2026-01-16 06:16:01,,,
2026-01-16 06:26:01,,,17.642
2026-01-16 06:27:01,14.5,16.795,
2026-01-16 06:34:01,,,
2026-01-16 06:40:01,,,
2026-01-16 06:41:01,,,
2026-01-16 06:45:01,,,
2026-01-16 06:46:01,,,
2026-01-16 06:56:01,,,17.579
2026-01-16 06:57:01,14.437,16.733,
2026-01-16 07:04:01,,,
2026-01-16 07:10:01,,,
2026-01-16 07:11:01,,,
2026-01-16 07:15:01,,,
2026-01-16 07:16:01,,,
2026-01-16 07:26:01,,,17.579
2026-01-16 07:27:01,14.374,16.607,
2026-01-16 07:34:01,,,
2026-01-16 07:40:01,,,
2026-01-16 07:41:01,,,
2026-01-16 07:45:01,,,
2026-01-16 07:46:01,,,
2026-01-16 07:56:01,,,17.579
2026-01-16 07:57:01,14.312,16.545,
2026-01-16 08:04:01,,,
2026-01-16 08:10:01,,,
2026-01-16 08:11:01,,,
2026-01-16 08:15:01,,,
2026-01-16 08:16:01,,,
2026-01-16 08:26:01,,,17.579
2026-01-16 08:27:01,14.249,16.419,
2026-01-16 08:34:01,,,
2026-01-16 08:40:01,,,
2026-01-16 08:41:01,,,
2026-01-16 08:45:01,,,
2026-01-16 08:46:01,,,
2026-01-16 08:56:01,,,17.516
2026-01-16 08:57:01,14.187,16.357,
2026-01-16 09:04:01,,,
2026-01-16 09:10:01,,,
2026-01-16 09:11:01,,,
2026-01-16 09:15:01,,,
2026-01-16 09:16:01,,,
2026-01-16 09:26:01,,,17.516
2026-01-16 09:27:01,14.437,16.294,
2026-01-16 09:34:01,,,
2026-01-16 09:40:01,,,
2026-01-16 09:41:01,,,
2026-01-16 09:45:01,,,
2026-01-16 09:46:01,,,
2026-01-16 09:56:01,,,17.516
2026-01-16 09:57:01,14.876,16.169,
2026-01-16 10:04:01,,,
2026-01-16 10:10:01,,,
2026-01-16 10:11:01,,,
2026-01-16 10:15:01,,,
2026-01-16 10:16:01,,,
2026-01-16 10:26:01,,,17.454
2026-01-16 10:27:01,15.314,16.106,
2026-01-16 10:34:01,,,
2026-01-16 10:40:01,,,
2026-01-16 10:41:01,,,
2026-01-16 10:45:01,,,
2026-01-16 10:46:01,,,
2026-01-16 10:56:01,,,17.454
2026-01-16 10:57:01,15.878,16.043,
2026-01-16 11:04:01,,,
2026-01-16 11:10:01,,,
2026-01-16 11:11:01,,,
2026-01-16 11:15:01,,,
2026-01-16 11:16:01,,,
2026-01-16 11:26:01,,,17.454
2026-01-16 11:27:01,16.504,16.043,
2026-01-16 11:34:01,,,
2026-01-16 11:40:01,,,
2026-01-16 11:41:01,,,
2026-01-16 11:45:01,,,
2026-01-16 11:46:01,,,
2026-01-16 11:56:01,,,17.391
2026-01-16 11:57:01,17.256,15.981,
2026-01-16 12:04:01,,,
2026-01-16 12:10:01,,,
2026-01-16 12:11:01,,,
2026-01-16 12:15:01,,,
2026-01-16 12:16:01,,,
2026-01-16 12:26:01,,,17.391
2026-01-16 12:27:01,18.007,15.981,
2026-01-16 12:34:01,,,
2026-01-16 12:40:01,,,
2026-01-16 12:41:01,,,
2026-01-16 12:45:01,,,
2026-01-16 12:46:01,,,
2026-01-16 12:56:01,,,17.391
2026-01-16 12:57:01,18.821,16.043,
2026-01-16 13:04:01,,,
2026-01-16 13:10:01,,,
2026-01-16 13:11:01,,,
2026-01-16 13:15:01,,,
2026-01-16 13:16:01,,,
2026-01-16 13:26:01,,,17.391
2026-01-16 13:27:01,19.634,16.106,
2026-01-16 13:34:01,,,
2026-01-16 13:40:01,,,
2026-01-16 13:41:01,,,
2026-01-16 13:45:01,,,
2026-01-16 13:46:01,,,
2026-01-16 13:56:01,,,17.328
2026-01-16 13:57:01,20.51,16.231,
2026-01-16 14:04:01,,,
2026-01-16 14:10:01,,,
2026-01-16 14:11:01,,,
2026-01-16 14:15:01,,,
2026-01-16 14:16:01,,,
2026-01-16 14:26:01,,,17.328
2026-01-16 14:27:01,21.449,16.357,
2026-01-16 14:34:01,,,
2026-01-16 14:40:01,,,
2026-01-16 14:41:01,,,
2026-01-16 14:45:01,,,
2026-01-16 14:46:01,,,
2026-01-16 14:56:01,,,17.328
2026-01-16 14:57:01,21.949,16.545,
2026-01-16 15:04:01,,,
2026-01-16 15:10:01,,,
2026-01-16 15:11:01,,,
2026-01-16 15:15:01,,,
2026-01-16 15:16:01,,,
2026-01-16 15:26:01,,,17.266
2026-01-16 15:27:01,22.325,16.733,
2026-01-16 15:34:01,,,
2026-01-16 15:40:01,,,
2026-01-16 15:41:01,,,
2026-01-16 15:45:01,,,
2026-01-16 15:46:01,,,
2026-01-16 15:56:01,,,17.266
2026-01-16 15:57:01,22.575,16.983,
2026-01-16 16:04:01,,,
2026-01-16 16:10:01,,,
2026-01-16 16:11:01,,,
2026-01-16 16:15:01,,,
2026-01-16 16:16:01,,,
2026-01-16 16:26:01,,,17.266
2026-01-16 16:27:01,22.637,17.234,
2026-01-16 16:34:01,,,
2026-01-16 16:40:01,,,
2026-01-16 16:41:01,,,
2026-01-16 16:45:01,,,
2026-01-16 16:46:01,,,
2026-01-16 16:56:01,,,17.266
2026-01-16 16:57:01,22.45,17.484,
2026-01-16 17:04:01,,,
2026-01-16 17:10:01,,,
2026-01-16 17:11:01,,,
2026-01-16 17:15:01,,,
2026-01-16 17:16:01,,,
2026-01-16 17:26:01,,,17.266
2026-01-16 17:27:01,22.137,17.798,
2026-01-16 17:34:01,,,
2026-01-16 17:40:01,,,
2026-01-16 17:41:01,,,
2026-01-16 17:45:01,,,
2026-01-16 17:46:01,,,
2026-01-16 17:56:01,,,17.266
2026-01-16 17:57:01,21.699,18.048,
2026-01-16 18:04:01,,,
2026-01-16 18:10:01,,,
2026-01-16 18:11:01,,,
2026-01-16 18:15:01,,,
2026-01-16 18:16:01,,,
2026-01-16 18:26:01,,,17.266
2026-01-16 18:27:01,21.136,18.299,
2026-01-16 18:34:01,,,
2026-01-16 18:40:01,,,
2026-01-16 18:41:01,,,
2026-01-16 18:45:01,,,
2026-01-16 18:46:01,,,
2026-01-16 18:56:01,,,17.266
2026-01-16 18:57:01,20.51,18.487,
2026-01-16 19:04:01,,,
2026-01-16 19:10:01,,,
2026-01-16 19:11:01,,,
2026-01-16 19:15:01,,,
2026-01-16 19:16:01,,,
2026-01-16 19:26:01,,,17.266
2026-01-16 19:27:01,19.885,18.674,
2026-01-16 19:34:01,,,
2026-01-16 19:40:01,,,
2026-01-16 19:41:01,,,
2026-01-16 19:45:01,,,
2026-01-16 19:46:01,,,
2026-01-16 19:56:01,,,17.266
2026-01-16 19:57:01,19.384,18.8,
2026-01-16 20:04:01,,,
2026-01-16 20:10:01,,,
2026-01-16 20:11:01,,,
2026-01-16 20:15:01,,,
2026-01-16 20:16:01,,,
2026-01-16 20:26:01,,,17.328
2026-01-16 20:27:01,18.883,18.925,
2026-01-16 20:34:01,,,
2026-01-16 20:40:01,,,
2026-01-16 20:41:01,,,
2026-01-16 20:45:01,,,
2026-01-16 20:46:01,,,
2026-01-16 20:56:01,,,17.328
2026-01-16 20:57:01,18.508,18.988,
2026-01-16 21:04:01,,,
2026-01-16 21:10:01,,,
2026-01-16 21:11:01,,,
2026-01-16 21:15:01,,,
2026-01-16 21:16:01,,,
2026-01-16 21:26:01,,,17.328
2026-01-16 21:27:01,18.195,18.988,
2026-01-16 21:34:01,,,
2026-01-16 21:40:01,,,
2026-01-16 21:41:01,,,
2026-01-16 21:45:01,,,
2026-01-16 21:46:01,,,
2026-01-16 21:56:01,,,17.391
2026-01-16 21:57:01,17.882,18.925,
2026-01-16 22:04:01,,,
2026-01-16 22:10:01,,,
2026-01-16 22:11:01,,,
2026-01-16 22:15:01,,,
2026-01-16 22:16:01,,,
2026-01-16 22:26:01,,,17.454
2026-01-16 22:27:01,17.569,18.862,
2026-01-16 22:34:01,,,
2026-01-16 22:40:01,,,
2026-01-16 22:41:01,,,
2026-01-16 22:45:01,,,
2026-01-16 22:46:01,,,
2026-01-16 22:56:01,,,17.454
2026-01-16 22:57:01,17.256,18.8,
2026-01-16 23:04:01,,,
2026-01-16 23:10:01,,,
2026-01-16 23:11:01,,,
2026-01-16 23:15:01,,,
2026-01-16 23:16:01,,,
2026-01-16 23:26:01,,,17.516
2026-01-16 23:27:01,16.942,18.674,
2026-01-16 23:34:01,,,
2026-01-16 23:40:01,,,
2026-01-16 23:41:01,,,
2026-01-16 23:45:01,,,
2026-01-16 23:46:01,,,
2026-01-16 23:56:01,,,17.516
2026-01-16 23:57:01,16.692,18.549,
2026-01-17 00:04:01,,,
2026-01-17 00:10:01,,,
2026-01-17 00:11:01,,,
2026-01-17 00:15:01,,,
2026-01-17 00:16:01,,,
2026-01-17 00:26:01,,,17.579
2026-01-17 00:27:01,16.441,18.487,
2026-01-17 00:34:01,,,
2026-01-17 00:40:01,,,
2026-01-17 00:41:01,,,
2026-01-17 00:45:01,,,
2026-01-17 00:46:01,,,
2026-01-17 00:56:01,,,17.579
2026-01-17 00:57:01,16.316,18.361,
2026-01-17 01:04:01,,,
2026-01-17 01:10:01,,,
2026-01-17 01:11:01,,,
2026-01-17 01:15:01,,,
2026-01-17 01:16:01,,,
2026-01-17 01:26:01,,,17.642
2026-01-17 01:27:01,16.128,18.236,
2026-01-17 01:34:01,,,
2026-01-17 01:40:01,,,
2026-01-17 01:41:01,,,
2026-01-17 01:45:01,,,
2026-01-17 01:46:01,,,
2026-01-17 01:56:01,,,17.642
2026-01-17 01:57:01,16.003,18.111,
2026-01-17 02:04:01,,,
2026-01-17 02:10:01,,,
2026-01-17 02:11:01,,,
2026-01-17 02:15:01,,,
2026-01-17 02:16:01,,,
2026-01-17 02:26:01,,,17.642
2026-01-17 02:27:01,15.815,17.986,
2026-01-17 02:34:01,,,
2026-01-17 02:40:01,,,
2026-01-17 02:41:01,,,
2026-01-17 02:45:01,,,
2026-01-17 02:46:01,,,
2026-01-17 02:56:01,,,17.642
2026-01-17 02:57:01,15.627,17.86,
2026-01-17 03:04:01,,,
2026-01-17 03:10:01,,,
2026-01-17 03:11:01,,,
2026-01-17 03:15:01,,,
2026-01-17 03:16:01,,,
2026-01-17 03:26:01,,,17.642
2026-01-17 03:27:01,15.502,17.735,
2026-01-17 03:34:01,,,
2026-01-17 03:40:01,,,
2026-01-17 03:41:01,,,
2026-01-17 03:45:01,,,
2026-01-17 03:46:01,,,
2026-01-17 03:56:01,,,17.642
2026-01-17 03:57:01,15.377,17.61,
2026-01-17 04:04:01,,,
2026-01-17 04:10:01,,,
2026-01-17 04:11:01,,,
2026-01-17 04:15:01,,,
2026-01-17 04:16:01,,,
2026-01-17 04:26:01,,,17.642
2026-01-17 04:27:01,15.314,17.547,
2026-01-17 04:34:01,,,
2026-01-17 04:40:01,,,
2026-01-17 04:41:01,,,
2026-01-17 04:45:01,,,
2026-01-17 04:46:01,,,
2026-01-17 04:56:01,,,17.642
2026-01-17 04:57:01,15.314,17.422,
2026-01-17 05:04:01,,,
2026-01-17 05:10:01,,,
2026-01-17 05:11:01,,,
2026-01-17 05:15:01,,,
2026-01-17 05:16:01,,,
2026-01-17 05:26:01,,,17.642
2026-01-17 05:27:01,15.252,17.297,
2026-01-17 05:34:01,,,
2026-01-17 05:40:01,,,
2026-01-17 05:41:01,,,
2026-01-17 05:45:01,,,
2026-01-17 05:46:01,,,
2026-01-17 05:56:01,,,17.642
2026-01-17 05:57:01,15.064,17.234,
2026-01-17 06:04:01,,,
2026-01-17 06:10:01,,,
2026-01-17 06:11:01,,,
2026-01-17 06:15:01,,,
2026-01-17 06:16:01,,,
2026-01-17 06:26:01,,,17.642
2026-01-17 06:27:01,14.938,17.109,
2026-01-17 06:34:01,,,
2026-01-17 06:40:01,,,
2026-01-17 06:41:01,,,
2026-01-17 06:45:01,,,
2026-01-17 06:46:01,,,
2026-01-17 06:56:01,,,17.642
2026-01-17 06:57:01,14.813,16.983,
2026-01-17 07:04:01,,,
2026-01-17 07:10:01,,,
2026-01-17 07:11:01,,,
2026-01-17 07:15:01,,,
2026-01-17 07:16:01,,,
2026-01-17 07:26:01,,,17.642
2026-01-17 07:27:01,14.813,16.921,
2026-01-17 07:34:01,,,
2026-01-17 07:40:01,,,
2026-01-17 07:41:01,,,
2026-01-17 07:45:01,,,
2026-01-17 07:46:01,,,
2026-01-17 07:56:01,,,17.642
2026-01-17 07:57:01,14.813,16.858,
2026-01-17 08:04:01,,,
2026-01-17 08:10:01,,,
2026-01-17 08:11:01,,,
2026-01-17 08:15:01,,,
2026-01-17 08:16:01,,,
2026-01-17 08:26:01,,,17.579
2026-01-17 08:27:01,14.813,16.733,
2026-01-17 08:34:01,,,
2026-01-17 08:40:01,,,
2026-01-17 08:41:01,,,
2026-01-17 08:45:01,,,
2026-01-17 08:46:01,,,
2026-01-17 08:56:01,,,17.579
2026-01-17 08:57:01,14.813,16.67,
2026-01-17 09:04:01,,,
2026-01-17 09:10:01,,,
2026-01-17 09:11:01,,,
2026-01-17 09:15:01,,,
2026-01-17 09:16:01,,,
2026-01-17 09:26:01,,,17.579
2026-01-17 09:27:01,15.001,16.607,
2026-01-17 09:34:01,,,
2026-01-17 09:40:01,,,
2026-01-17 09:41:01,,,
2026-01-17 09:45:01,,,
2026-01-17 09:46:01,,,
2026-01-17 09:56:01,,,17.579
2026-01-17 09:57:01,15.314,16.482,
2026-01-17 10:04:01,,,
2026-01-17 10:10:01,,,
2026-01-17 10:11:01,,,
2026-01-17 10:15:01,,,
2026-01-17 10:16:01,,,
2026-01-17 10:26:01,,,17.516
2026-01-17 10:27:01,15.815,16.419,
2026-01-17 10:34:01,,,
2026-01-17 10:40:01,,,
2026-01-17 10:41:01,,,
2026-01-17 10:45:01,,,
2026-01-17 10:46:01,,,
2026-01-17 10:56:01,,,17.516
2026-01-17 10:57:01,16.316,16.357,
2026-01-17 11:04:01,,,
2026-01-17 11:10:01,,,
2026-01-17 11:11:01,,,
2026-01-17 11:15:01,,,
2026-01-17 11:16:01,,,
2026-01-17 11:26:01,,,17.516
2026-01-17 11:27:01,16.942,16.357,
2026-01-17 11:34:01,,,
2026-01-17 11:40:01,,,
2026-01-17 11:41:01,,,
2026-01-17 11:45:01,,,
2026-01-17 11:46:01,,,
2026-01-17 11:56:01,,,17.516
2026-01-17 11:57:01,17.694,16.357,
2026-01-17 12:04:01,,,
2026-01-17 12:10:01,,,
2026-01-17 12:11:01,,,
2026-01-17 12:15:01,,,
2026-01-17 12:16:01,,,
2026-01-17 12:26:01,,,17.516
2026-01-17 12:27:01,18.445,16.357,
2026-01-17 12:34:01,,,
2026-01-17 12:40:01,,,
2026-01-17 12:41:01,,,
2026-01-17 12:45:01,,,
2026-01-17 12:46:01,,,
2026-01-17 12:56:01,,,17.454
2026-01-17 12:57:01,19.259,16.357,
2026-01-17 13:04:01,,,
2026-01-17 13:10:01,,,
2026-01-17 13:11:01,,,
2026-01-17 13:15:01,,,
2026-01-17 13:16:01,,,
2026-01-17 13:26:01,,,17.454
2026-01-17 13:27:01,20.135,16.419,
2026-01-17 13:34:01,,,
2026-01-17 13:40:01,,,
2026-01-17 13:41:01,,,
2026-01-17 13:45:01,,,
2026-01-17 13:46:01,,,
2026-01-17 13:56:01,,,17.454
2026-01-17 13:57:01,21.011,16.545,
2026-01-17 14:04:01,,,
2026-01-17 14:10:01,,,
2026-01-17 14:11:01,,,
2026-01-17 14:15:01,,,
2026-01-17 14:16:01,,,
2026-01-17 14:26:01,,,17.454
2026-01-17 14:27:01,21.949,16.67,
2026-01-17 14:34:01,,,
2026-01-17 14:40:01,,,
2026-01-17 14:41:01,,,
2026-01-17 14:45:01,,,
2026-01-17 14:46:01,,,
2026-01-17 14:56:01,,,17.454
2026-01-17 14:57:01,22.45,16.858,
2026-01-17 15:04:01,,,
2026-01-17 15:10:01,,,
2026-01-17 15:11:01,,,
2026-01-17 15:15:01,,,
2026-01-17 15:16:01,,,
2026-01-17 15:26:01,,,17.391
2026-01-17 15:27:01,22.825,17.046,
2026-01-17 15:34:01,,,
2026-01-17 15:40:01,,,
2026-01-17 15:41:01,,,
2026-01-17 15:45:01,,,
2026-01-17 15:46:01,,,
2026-01-17 15:56:01,,,17.391
2026-01-17 15:57:01,23.138,17.297,
2026-01-17 16:04:01,,,
2026-01-17 16:10:01,,,
2026-01-17 16:11:01,,,
2026-01-17 16:15:01,,,
2026-01-17 16:16:01,,,
2026-01-17 16:26:01,,,17.391
2026-01-17 16:27:01,23.2,17.547,
2026-01-17 16:34:01,,,
2026-01-17 16:40:01,,,
2026-01-17 16:41:01,,,
2026-01-17 16:45:01,,,
2026-01-17 16:46:01,,,
2026-01-17 16:56:01,,,17.391
2026-01-17 16:57:01,23.013,17.86,
2026-01-17 17:04:01,,,
2026-01-17 17:10:01,,,
2026-01-17 17:11:01,,,
2026-01-17 17:15:01,,,
2026-01-17 17:16:01,,,
2026-01-17 17:26:01,,,17.391
2026-01-17 17:27:01,22.7,18.111,
2026-01-17 17:34:01,,,
2026-01-17 17:40:01,,,
2026-01-17 17:41:01,,,
2026-01-17 17:45:01,,,
2026-01-17 17:46:01,,,
2026-01-17 17:56:01,,,17.391
2026-01-17 17:57:01,22.262,18.424,
2026-01-17 18:04:01,,,
2026-01-17 18:10:01,,,
2026-01-17 18:11:01,,,
2026-01-17 18:15:01,,,
2026-01-17 18:16:01,,,
2026-01-17 18:26:01,,,17.391
2026-01-17 18:27:01,21.699,18.674,
2026-01-17 18:34:01,,,
2026-01-17 18:40:01,,,
2026-01-17 18:41:01,,,
2026-01-17 18:45:01,,,
2026-01-17 18:46:01,,,
2026-01-17 18:56:01,,,17.391
2026-01-17 18:57:01,21.011,18.925,
2026-01-17 19:04:01,,,
2026-01-17 19:10:01,,,
2026-01-17 19:11:01,,,
2026-01-17 19:15:01,,,
2026-01-17 19:16:01,,,
2026-01-17 19:26:01,,,17.391
2026-01-17 19:27:01,20.448,19.05,
2026-01-17 19:34:01,,,
2026-01-17 19:40:01,,,
2026-01-17 19:41:01,,,
2026-01-17 19:45:01,,,
2026-01-17 19:46:01,,,
2026-01-17 19:56:01,,,17.454
2026-01-17 19:57:01,19.947,19.238,
2026-01-17 20:04:01,,,
2026-01-17 20:10:01,,,
2026-01-17 20:11:01,,,
2026-01-17 20:15:01,,,
2026-01-17 20:16:01,,,
2026-01-17 20:26:01,,,17.454
2026-01-17 20:27:01,19.447,19.301,
2026-01-17 20:34:01,,,
2026-01-17 20:40:01,,,
2026-01-17 20:41:01,,,
2026-01-17 20:45:01,,,
2026-01-17 20:46:01,,,
2026-01-17 20:56:01,,,17.516
2026-01-17 20:57:01,19.071,19.363,
2026-01-17 21:04:01,,,
2026-01-17 21:10:01,,,
2026-01-17 21:11:01,,,
2026-01-17 21:15:01,,,
2026-01-17 21:16:01,,,
2026-01-17 21:26:01,,,17.516
2026-01-17 21:27:01,18.695,19.363,
2026-01-17 21:34:01,,,
2026-01-17 21:40:01,,,
2026-01-17 21:41:01,,,
2026-01-17 21:45:01,,,
2026-01-17 21:46:01,,,
2026-01-17 21:56:01,,,17.579
2026-01-17 21:57:01,18.382,19.363,
2026-01-17 22:04:01,,,
2026-01-17 22:10:01,,,
2026-01-17 22:11:01,,,
2026-01-17 22:15:01,,,
2026-01-17 22:16:01,,,
2026-01-17 22:26:01,,,17.642
2026-01-17 22:27:01,18.007,19.301,
2026-01-17 22:34:01,,,
2026-01-17 22:40:01,,,
2026-01-17 22:41:01,,,
2026-01-17 22:45:01,,,
2026-01-17 22:46:01,,,
2026-01-17 22:56:01,,,17.642
2026-01-17 22:57:01,17.694,19.238,
2026-01-17 23:04:01,,,
2026-01-17 23:10:01,,,
2026-01-17 23:11:01,,,
2026-01-17 23:15:01,,,
2026-01-17 23:16:01,,,
2026-01-17 23:26:01,,,17.704
2026-01-17 23:27:01,17.381,19.113,
2026-01-17 23:34:01,,,
2026-01-17 23:40:01,,,
2026-01-17 23:41:01,,,
2026-01-17 23:45:01,,,
2026-01-17 23:46:01,,,
2026-01-17 23:56:01,,,17.704
2026-01-17 23:57:01,17.13,18.988,
2026-01-18 00:04:01,,,
2026-01-18 00:10:01,,,
2026-01-18 00:11:01,,,
2026-01-18 00:15:01,,,
2026-01-18 00:16:01,,,
2026-01-18 00:26:01,,,17.767
2026-01-18 00:27:01,16.88,18.862,
2026-01-18 00:34:01,,,
2026-01-18 00:40:01,,,
2026-01-18 00:41:01,,,
2026-01-18 00:45:01,,,
2026-01-18 00:46:01,,,
2026-01-18 00:56:01,,,17.83
2026-01-18 00:57:01,16.692,18.737,
2026-01-18 01:04:01,,,
2026-01-18 01:10:01,,,
2026-01-18 01:11:01,,,
2026-01-18 01:15:01,,,
2026-01-18 01:16:01,,,
2026-01-18 01:26:01,,,17.83
2026-01-18 01:27:01,16.504,18.612,
2026-01-18 01:34:01,,,
2026-01-18 01:40:01,,,
2026-01-18 01:41:01,,,
2026-01-18 01:45:01,,,
2026-01-18 01:46:01,,,
2026-01-18 01:56:01,,,17.892
2026-01-18 01:57:01,16.379,18.487,
2026-01-18 02:04:01,,,
2026-01-18 02:10:01,,,
2026-01-18 02:11:01,,,
2026-01-18 02:15:01,,,
2026-01-18 02:16:01,,,
2026-01-18 02:26:01,,,17.892
2026-01-18 02:27:01,16.191,18.361,
2026-01-18 02:34:01,,,
2026-01-18 02:40:01,,,
2026-01-18 02:41:01,,,
2026-01-18 02:45:01,,,
2026-01-18 02:46:01,,,
2026-01-18 02:56:01,,,17.892
2026-01-18 02:57:01,16.066,18.236,
2026-01-18 03:04:01,,,
2026-01-18 03:10:01,,,
2026-01-18 03:11:01,,,
2026-01-18 03:15:01,,,
2026-01-18 03:16:01,,,
2026-01-18 03:26:01,,,17.892
2026-01-18 03:27:01,16.003,18.111,
2026-01-18 03:34:01,,,
2026-01-18 03:40:01,,,
2026-01-18 03:41:01,,,
2026-01-18 03:45:01,,,
2026-01-18 03:46:01,,,
2026-01-18 03:56:01,,,17.892
2026-01-18 03:57:01,15.94,18.048,
2026-01-18 04:04:01,,,
2026-01-18 04:10:01,,,
2026-01-18 04:11:01,,,
2026-01-18 04:15:01,,,
2026-01-18 04:16:01,,,
2026-01-18 04:26:01,,,17.892
2026-01-18 04:27:01,15.815,17.923,
2026-01-18 04:34:01,,,
2026-01-18 04:40:01,,,
2026-01-18 04:41:01,,,
2026-01-18 04:45:01,,,
2026-01-18 04:46:01,,,
2026-01-18 04:56:01,,,17.892
2026-01-18 04:57:01,15.69,17.798,
2026-01-18 05:04:01,,,
2026-01-18 05:10:01,,,
2026-01-18 05:11:01,,,
2026-01-18 05:15:01,,,
2026-01-18 05:16:01,,,
2026-01-18 05:26:01,,,17.892
2026-01-18 05:27:01,15.627,17.672,
2026-01-18 05:34:01,,,
2026-01-18 05:40:01,,,
2026-01-18 05:41:01,,,
2026-01-18 05:45:01,,,
2026-01-18 05:46:01,,,
2026-01-18 05:56:01,,,17.892
2026-01-18 05:57:01,15.502,17.61,
2026-01-18 06:04:01,,,
2026-01-18 06:10:01,,,
2026-01-18 06:11:01,,,
2026-01-18 06:15:01,,,
2026-01-18 06:16:01,,,
2026-01-18 06:26:01,,,17.892
2026-01-18 06:27:01,15.439,17.484,
2026-01-18 06:34:01,,,
2026-01-18 06:40:01,,,
2026-01-18 06:41:01,,,
2026-01-18 06:45:01,,,
2026-01-18 06:46:01,,,
2026-01-18 06:56:01,,,17.892
2026-01-18 06:57:01,15.377,17.359,
2026-01-18 07:04:01,,,
2026-01-18 07:10:01,,,
2026-01-18 07:11:01,,,
2026-01-18 07:15:01,,,
2026-01-18 07:16:01,,,
2026-01-18 07:26:01,,,17.892
2026-01-18 07:27:01,15.189,17.297,
2026-01-18 07:34:01,,,
2026-01-18 07:40:01,,,
2026-01-18 07:41:01,,,
2026-01-18 07:45:01,,,
2026-01-18 07:46:01,,,
2026-01-18 07:56:01,,,17.892
2026-01-18 07:57:01,15.189,17.171,
2026-01-18 08:04:01,,,
2026-01-18 08:10:01,,,
2026-01-18 08:11:01,,,
2026-01-18 08:15:01,,,
2026-01-18 08:16:01,,,
2026-01-18 08:26:01,,,17.83
2026-01-18 08:27:01,15.252,17.109,
2026-01-18 08:34:01,,,
2026-01-18 08:40:01,,,
2026-01-18 08:41:01,,,
2026-01-18 08:45:01,,,
2026-01-18 08:46:01,,,
2026-01-18 08:56:01,,,17.83
2026-01-18 08:57:01,15.377,17.046,
2026-01-18 09:04:01,,,
2026-01-18 09:10:01,,,
2026-01-18 09:11:01,,,
2026-01-18 09:15:01,,,
2026-01-18 09:16:01,,,
2026-01-18 09:26:01,,,17.83
2026-01-18 09:27:01,15.627,16.921,
2026-01-18 09:34:01,,,
2026-01-18 09:40:01,,,
2026-01-18 09:41:01,,,
2026-01-18 09:45:01,,,
2026-01-18 09:46:01,,,
2026-01-18 09:56:01,,,17.83
2026-01-18 09:57:01,15.94,16.858,
2026-01-18 10:04:01,,,
2026-01-18 10:10:01,,,
2026-01-18 10:11:01,,,
2026-01-18 10:15:01,,,
2026-01-18 10:16:01,,,
2026-01-18 10:26:01,,,17.83
2026-01-18 10:27:01,16.379,16.795,
2026-01-18 10:34:01,,,
2026-01-18 10:40:01,,,
2026-01-18 10:41:01,,,
2026-01-18 10:45:01,,,
2026-01-18 10:46:01,,,
2026-01-18 10:56:01,,,17.767
2026-01-18 10:57:01,16.755,16.795,
2026-01-18 11:04:01,,,
2026-01-18 11:10:01,,,
2026-01-18 11:11:01,,,
2026-01-18 11:15:01,,,
2026-01-18 11:16:01,,,
2026-01-18 11:26:01,,,17.767
2026-01-18 11:27:01,17.381,16.733,
2026-01-18 11:34:01,,,
2026-01-18 11:40:01,,,
2026-01-18 11:41:01,,,
2026-01-18 11:45:01,,,
2026-01-18 11:46:01,,,
2026-01-18 11:56:01,,,17.767
2026-01-18 11:57:01,18.069,16.733,
2026-01-18 12:04:01,,,
2026-01-18 12:10:01,,,
2026-01-18 12:11:01,,,
2026-01-18 12:15:01,,,
2026-01-18 12:16:01,,,
2026-01-18 12:26:01,,,17.767
2026-01-18 12:27:01,18.821,16.733,
2026-01-18 12:34:01,,,
2026-01-18 12:40:01,,,
2026-01-18 12:41:01,,,
2026-01-18 12:45:01,,,
2026-01-18 12:46:01,,,
2026-01-18 12:56:01,,,17.767
2026-01-18 12:57:01,19.697,16.795,
2026-01-18 13:04:01,,,
2026-01-18 13:10:01,,,
2026-01-18 13:11:01,,,
2026-01-18 13:15:01,,,
2026-01-18 13:16:01,,,
2026-01-18 13:26:01,,,17.704
2026-01-18 13:27:01,20.51,16.858,
2026-01-18 13:34:01,,,
2026-01-18 13:40:01,,,
2026-01-18 13:41:01,,,
2026-01-18 13:45:01,,,
2026-01-18 13:46:01,,,
2026-01-18 13:56:01,,,17.704
2026-01-18 13:57:01,21.386,16.983,
2026-01-18 14:04:01,,,
2026-01-18 14:10:01,,,
2026-01-18 14:11:01,,,
2026-01-18 14:15:01,,,
2026-01-18 14:16:01,,,
2026-01-18 14:26:01,,,17.704
2026-01-18 14:27:01,22.262,17.109,
2026-01-18 14:34:01,,,
2026-01-18 14:40:01,,,
2026-01-18 14:41:01,,,
2026-01-18 14:45:01,,,
2026-01-18 14:46:01,,,
2026-01-18 14:56:01,,,17.704
2026-01-18 14:57:01,22.762,17.297,
2026-01-18 15:04:01,,,
2026-01-18 15:10:01,,,
2026-01-18 15:11:01,,,
2026-01-18 15:15:01,,,
2026-01-18 15:16:01,,,
2026-01-18 15:26:01,,,17.704
2026-01-18 15:27:01,23.075,17.547,
2026-01-18 15:34:01,,,
2026-01-18 15:40:01,,,
2026-01-18 15:41:01,,,
2026-01-18 15:45:01,,,
2026-01-18 15:46:01,,,
2026-01-18 15:56:01,,,17.704
2026-01-18 15:57:01,23.388,17.798,
2026-01-18 16:04:01,,,
2026-01-18 16:10:01,,,
2026-01-18 16:11:01,,,
2026-01-18 16:15:01,,,
2026-01-18 16:16:01,,,
2026-01-18 16:26:01,,,17.642
2026-01-18 16:27:01,23.513,18.048,
2026-01-18 16:34:01,,,
2026-01-18 16:40:01,,,
2026-01-18 16:41:01,,,
2026-01-18 16:45:01,,,
2026-01-18 16:46:01,,,
2026-01-18 16:56:01,,,17.642
2026-01-18 16:57:01,23.45,18.361,
2026-01-18 17:04:01,,,
2026-01-18 17:10:01,,,
2026-01-18 17:11:01,,,
2026-01-18 17:15:01,,,
2026-01-18 17:16:01,,,
2026-01-18 17:26:01,,,17.642
2026-01-18 17:27:01,23.075,18.674,
2026-01-18 17:34:01,,,
2026-01-18 17:40:01,,,
2026-01-18 17:41:01,,,
2026-01-18 17:45:01,,,
2026-01-18 17:46:01,,,
2026-01-18 17:56:01,,,17.704
2026-01-18 17:57:01,22.637,18.925,
2026-01-18 18:04:01,,,
2026-01-18 18:10:01,,,
2026-01-18 18:11:01,,,
2026-01-18 18:15:01,,,
2026-01-18 18:16:01,,,
2026-01-18 18:26:01,,,17.704
2026-01-18 18:27:01,22.074,19.175,
2026-01-18 18:34:01,,,
2026-01-18 18:40:01,,,
2026-01-18 18:41:01,,,
2026-01-18 18:45:01,,,
2026-01-18 18:46:01,,,
2026-01-18 18:56:01,,,17.704
2026-01-18 18:57:01,21.449,19.426,
2026-01-18 19:04:01,,,
2026-01-18 19:10:01,,,
2026-01-18 19:11:01,,,
2026-01-18 19:15:01,,,
2026-01-18 19:16:01,,,
2026-01-18 19:26:01,,,17.767
2026-01-18 19:27:01,20.886,19.614,
2026-01-18 19:34:01,,,
2026-01-18 19:40:01,,,
2026-01-18 19:41:01,,,
2026-01-18 19:45:01,,,
2026-01-18 19:46:01,,,
2026-01-18 19:56:01,,,17.767
2026-01-18 19:57:01,20.385,19.739,
2026-01-18 20:04:01,,,
2026-01-18 20:10:01,,,
2026-01-18 20:11:01,,,
2026-01-18 20:15:01,,,
2026-01-18 20:16:01,,,
2026-01-18 20:26:01,,,17.83
2026-01-18 20:27:01,19.885,19.801,
2026-01-18 20:34:01,,,
2026-01-18 20:40:01,,,
2026-01-18 20:41:01,,,
2026-01-18 20:45:01,,,
2026-01-18 20:46:01,,,
2026-01-18 20:56:01,,,17.83
2026-01-18 20:57:01,19.447,19.864,
2026-01-18 21:04:01,,,
2026-01-18 21:10:01,,,
2026-01-18 21:11:01,,,
2026-01-18 21:15:01,,,
2026-01-18 21:16:01,,,
2026-01-18 21:26:01,,,17.892
2026-01-18 21:27:01,19.071,19.864,
2026-01-18 21:34:01,,,
2026-01-18 21:40:01,,,
2026-01-18 21:41:01,,,
2026-01-18 21:45:01,,,
2026-01-18 21:46:01,,,
2026-01-18 21:56:01,,,17.892
2026-01-18 21:57:01,18.758,19.801,
2026-01-18 22:04:01,,,
2026-01-18 22:10:01,,,
2026-01-18 22:11:01,,,
2026-01-18 22:15:01,,,
2026-01-18 22:16:01,,,
2026-01-18 22:26:01,,,17.955
2026-01-18 22:27:01,18.445,19.739,
2026-01-18 22:34:01,,,
2026-01-18 22:40:01,,,
2026-01-18 22:41:01,,,
2026-01-18 22:45:01,,,
2026-01-18 22:46:01,,,
2026-01-18 22:56:01,,,18.017
2026-01-18 22:57:01,18.069,19.676,
2026-01-18 23:04:01,,,
2026-01-18 23:10:01,,,
2026-01-18 23:11:01,,,
2026-01-18 23:15:01,,,
2026-01-18 23:16:01,,,
2026-01-18 23:26:01,,,18.08
2026-01-18 23:27:01,17.756,19.551,
2026-01-18 23:34:01,,,
2026-01-18 23:40:01,,,
2026-01-18 23:41:01,,,
2026-01-18 23:45:01,,,
2026-01-18 23:46:01,,,
2026-01-18 23:56:01,,,18.08
2026-01-18 23:57:01,17.506,19.426,
2026-01-19 00:04:01,,,
2026-01-19 00:10:01,,,
2026-01-19 00:11:01,,,
2026-01-19 00:15:01,,,
2026-01-19 00:16:01,,,
2026-01-19 00:26:01,,,18.143
2026-01-19 00:27:01,17.256,19.301,
2026-01-19 00:34:01,,,
2026-01-19 00:40:01,,,
2026-01-19 00:41:01,,,
2026-01-19 00:45:01,,,
2026-01-19 00:46:01,,,
2026-01-19 00:56:01,,,18.143
2026-01-19 00:57:01,17.13,19.175,
2026-01-19 01:04:01,,,
2026-01-19 01:10:01,,,
2026-01-19 01:11:01,,,
2026-01-19 01:15:01,,,
2026-01-19 01:16:01,,,
2026-01-19 01:26:01,,,18.205
2026-01-19 01:27:01,16.942,19.05,
2026-01-19 01:34:01,,,
2026-01-19 01:40:01,,,
2026-01-19 01:41:01,,,
2026-01-19 01:45:01,,,
2026-01-19 01:46:01,,,
2026-01-19 01:56:01,,,18.205
2026-01-19 01:57:01,16.817,18.925,
2026-01-19 02:04:01,,,
2026-01-19 02:10:01,,,
2026-01-19 02:11:01,,,
2026-01-19 02:15:01,,,
2026-01-19 02:16:01,,,
2026-01-19 02:26:01,,,18.205
2026-01-19 02:27:01,16.692,18.8,
2026-01-19 02:34:01,,,
2026-01-19 02:40:01,,,
2026-01-19 02:41:01,,,
2026-01-19 02:45:01,,,
2026-01-19 02:46:01,,,
2026-01-19 02:56:01,,,18.268
2026-01-19 02:57:01,16.567,18.674,
2026-01-19 03:04:01,,,
2026-01-19 03:10:01,,,
2026-01-19 03:11:01,,,
2026-01-19 03:15:01,,,
2026-01-19 03:16:01,,,
2026-01-19 03:26:01,,,18.268
2026-01-19 03:27:01,16.379,18.549,
2026-01-19 03:34:01,,,
2026-01-19 03:40:01,,,
2026-01-19 03:41:01,,,
2026-01-19 03:45:01,,,
2026-01-19 03:46:01,,,
2026-01-19 03:56:01,,,18.268
2026-01-19 03:57:01,16.254,18.424,
2026-01-19 04:04:01,,,
2026-01-19 04:10:01,,,
2026-01-19 04:11:01,,,
2026-01-19 04:15:01,,,
2026-01-19 04:16:01,,,
2026-01-19 04:26:01,,,18.268
2026-01-19 04:27:01,16.128,18.299,
2026-01-19 04:34:01,,,
2026-01-19 04:40:01,,,
2026-01-19 04:41:01,,,
2026-01-19 04:45:01,,,
2026-01-19 04:46:01,,,
2026-01-19 04:56:01,,,18.268
2026-01-19 04:57:01,16.066,18.173,
2026-01-19 05:04:01,,,
2026-01-19 05:10:01,,,
2026-01-19 05:11:01,,,
2026-01-19 05:15:01,,,
2026-01-19 05:16:01,,,
2026-01-19 05:26:01,,,18.268
2026-01-19 05:27:01,15.94,18.048,
2026-01-19 05:34:01,,,
2026-01-19 05:40:01,,,
2026-01-19 05:41:01,,,
2026-01-19 05:45:01,,,
2026-01-19 05:46:01,,,
2026-01-19 05:56:01,,,18.205
2026-01-19 05:57:01,15.815,17.986,
2026-01-19 06:04:01,,,
2026-01-19 06:10:01,,,
2026-01-19 06:11:01,,,
2026-01-19 06:15:01,,,
2026-01-19 06:16:01,,,
2026-01-19 06:26:01,,,18.205
2026-01-19 06:27:01,15.69,17.86,
2026-01-19 06:34:01,,,
2026-01-19 06:40:01,,,
2026-01-19 06:41:01,,,
2026-01-19 06:45:01,,,
2026-01-19 06:46:01,,,
2026-01-19 06:56:01,,,18.205
2026-01-19 06:57:01,15.565,17.798,
2026-01-19 07:04:01,,,
2026-01-19 07:10:01,,,
2026-01-19 07:11:01,,,
2026-01-19 07:15:01,,,
2026-01-19 07:16:01,,,
2026-01-19 07:26:01,,,18.205
2026-01-19 07:27:01,15.439,17.672,
2026-01-19 07:34:01,,,
2026-01-19 07:40:01,,,
2026-01-19 07:41:01,,,
2026-01-19 07:45:01,,,
2026-01-19 07:46:01,,,
2026-01-19 07:56:01,,,18.205
2026-01-19 07:57:01,15.314,17.61,
2026-01-19 08:04:01,,,
2026-01-19 08:10:01,,,
2026-01-19 08:11:01,,,
2026-01-19 08:15:01,,,
2026-01-19 08:16:01,,,
2026-01-19 08:26:01,,,18.205
2026-01-19 08:27:01,15.252,17.484,
2026-01-19 08:34:01,,,
2026-01-19 08:40:01,,,
2026-01-19 08:41:01,,,
2026-01-19 08:45:01,,,
2026-01-19 08:46:01,,,
2026-01-19 08:56:01,,,18.205
2026-01-19 08:57:01,15.314,17.422,
2026-01-19 09:04:01,,,
2026-01-19 09:10:01,,,
2026-01-19 09:11:01,,,
2026-01-19 09:15:01,,,
2026-01-19 09:16:01,,,
2026-01-19 09:26:01,,,18.143
2026-01-19 09:27:01,15.565,17.297,
2026-01-19 09:34:01,,,
2026-01-19 09:40:01,,,
2026-01-19 09:41:01,,,
2026-01-19 09:45:01,,,
2026-01-19 09:46:01,,,
2026-01-19 09:56:01,,,18.143
2026-01-19 09:57:01,15.94,17.234,
2026-01-19 10:04:01,,,
2026-01-19 10:10:01,,,
2026-01-19 10:11:01,,,
2026-01-19 10:15:01,,,
2026-01-19 10:16:01,,,
2026-01-19 10:26:01,,,18.143
2026-01-19 10:27:01,16.379,17.171,
2026-01-19 10:34:01,,,
2026-01-19 10:40:01,,,
2026-01-19 10:41:01,,,
2026-01-19 10:45:01,,,
2026-01-19 10:46:01,,,
2026-01-19 10:56:01,,,18.143
2026-01-19 10:57:01,16.88,17.109,
2026-01-19 11:04:01,,,
2026-01-19 11:10:01,,,
2026-01-19 11:11:01,,,
2026-01-19 11:15:01,,,
2026-01-19 11:16:01,,,
2026-01-19 11:26:01,,,18.08
2026-01-19 11:27:01,17.569,17.046,
2026-01-19 11:34:01,,,
2026-01-19 11:40:01,,,
2026-01-19 11:41:01,,,
2026-01-19 11:45:01,,,
2026-01-19 11:46:01,,,
2026-01-19 11:56:01,,,18.08
2026-01-19 11:57:01,18.257,17.046,
2026-01-19 12:04:01,,,
2026-01-19 12:10:01,,,
2026-01-19 12:11:01,,,
2026-01-19 12:15:01,,,
2026-01-19 12:16:01,,,
2026-01-19 12:26:01,,,18.08
2026-01-19 12:27:01,19.071,17.046,
2026-01-19 12:34:01,,,
2026-01-19 12:40:01,,,
2026-01-19 12:41:01,,,
2026-01-19 12:45:01,,,
2026-01-19 12:46:01,,,
2026-01-19 12:56:01,,,18.08
2026-01-19 12:57:01,19.885,17.046,
2026-01-19 13:04:01,,,
2026-01-19 13:10:01,,,
2026-01-19 13:11:01,,,
2026-01-19 13:15:01,,,
2026-01-19 13:16:01,,,
2026-01-19 13:26:01,,,18.08
2026-01-19 13:27:01,20.698,17.109,
2026-01-19 13:34:01,,,
2026-01-19 13:40:01,,,
2026-01-19 13:41:01,,,
2026-01-19 13:45:01,,,
2026-01-19 13:46:01,,,
2026-01-19 13:56:01,,,18.017
2026-01-19 13:57:01,21.574,17.234,
2026-01-19 14:04:01,,,
2026-01-19 14:10:01,,,
2026-01-19 14:11:01,,,
2026-01-19 14:15:01,,,
2026-01-19 14:16:01,,,
2026-01-19 14:26:01,,,18.017
2026-01-19 14:27:01,22.512,17.422,
2026-01-19 14:34:01,,,
2026-01-19 14:40:01,,,
2026-01-19 14:41:01,,,
2026-01-19 14:45:01,,,
2026-01-19 14:46:01,,,
2026-01-19 14:56:01,,,18.017
2026-01-19 14:57:01,22.95,17.547,
2026-01-19 15:04:01,,,
2026-01-19 15:10:01,,,
2026-01-19 15:11:01,,,
2026-01-19 15:15:01,,,
2026-01-19 15:16:01,,,
2026-01-19 15:26:01,,,18.017
2026-01-19 15:27:01,23.388,17.798,
2026-01-19 15:34:01,,,
2026-01-19 15:40:01,,,
2026-01-19 15:41:01,,,
2026-01-19 15:45:01,,,
2026-01-19 15:46:01,,,
2026-01-19 15:56:01,,,18.017
2026-01-19 15:57:01,23.701,18.048,
2026-01-19 16:04:01,,,
2026-01-19 16:10:01,,,
2026-01-19 16:11:01,,,
2026-01-19 16:15:01,,,
2026-01-19 16:16:01,,,
2026-01-19 16:26:01,,,17.955
2026-01-19 16:27:01,23.763,18.361,
2026-01-19 16:34:01,,,
2026-01-19 16:40:01,,,
2026-01-19 16:41:01,,,
2026-01-19 16:45:01,,,
2026-01-19 16:46:01,,,
2026-01-19 16:56:01,,,17.955
2026-01-19 16:57:01,23.575,18.612,
2026-01-19 17:04:01,,,
2026-01-19 17:10:01,,,
2026-01-19 17:11:01,,,
2026-01-19 17:15:01,,,
2026-01-19 17:16:01,,,
2026-01-19 17:26:01,,,17.955
2026-01-19 17:27:01,23.388,18.925,
2026-01-19 17:34:01,,,
2026-01-19 17:40:01,,,
2026-01-19 17:41:01,,,
2026-01-19 17:45:01,,,
2026-01-19 17:46:01,,,
2026-01-19 17:56:01,,,17.955
2026-01-19 17:57:01,22.95,19.175,
2026-01-19 18:04:01,,,
2026-01-19 18:10:01,,,
2026-01-19 18:11:01,,,
2026-01-19 18:15:01,,,
2026-01-19 18:16:01,,,
2026-01-19 18:26:01,,,18.017
2026-01-19 18:27:01,22.387,19.488,
2026-01-19 18:34:01,,,
2026-01-19 18:40:01,,,
2026-01-19 18:41:01,,,
2026-01-19 18:45:01,,,
2026-01-19 18:46:01,,,
2026-01-19 18:56:01,,,18.017
2026-01-19 18:57:01,21.824,19.676,
2026-01-19 19:04:01,,,
2026-01-19 19:10:01,,,
2026-01-19 19:11:01,,,
2026-01-19 19:15:01,,,
2026-01-19 19:16:01,,,
2026-01-19 19:26:01,,,18.017
2026-01-19 19:27:01,21.199,19.864,
2026-01-19 19:34:01,,,
2026-01-19 19:40:01,,,
2026-01-19 19:41:01,,,
2026-01-19 19:45:01,,,
2026-01-19 19:46:01,,,
2026-01-19 19:56:01,,,18.08
2026-01-19 19:57:01,20.635,20.052,
2026-01-19 20:04:01,,,
2026-01-19 20:10:01,,,
2026-01-19 20:11:01,,,
2026-01-19 20:15:01,,,
2026-01-19 20:16:01,,,
2026-01-19 20:26:01,,,18.08
2026-01-19 20:27:01,20.135,20.114,
2026-01-19 20:34:01,,,
2026-01-19 20:40:01,,,
2026-01-19 20:41:01,,,
2026-01-19 20:45:01,,,
2026-01-19 20:46:01,,,
2026-01-19 20:56:01,,,18.143
2026-01-19 20:57:01,19.697,20.177,
2026-01-19 21:04:01,,,
2026-01-19 21:10:01,,,
2026-01-19 21:11:01,,,
2026-01-19 21:15:01,,,
2026-01-19 21:16:01,,,
2026-01-19 21:26:01,,,18.143
2026-01-19 21:27:01,19.259,20.177,
2026-01-19 21:34:01,,,
2026-01-19 21:40:01,,,
2026-01-19 21:41:01,,,
2026-01-19 21:45:01,,,
2026-01-19 21:46:01,,,
2026-01-19 21:56:01,,,18.205
2026-01-19 21:57:01,18.946,20.114,
2026-01-19 22:04:01,,,
2026-01-19 22:10:01,,,
2026-01-19 22:11:01,,,
2026-01-19 22:15:01,,,
2026-01-19 22:16:01,,,
2026-01-19 22:26:01,,,18.268
2026-01-19 22:27:01,18.57,20.052,
2026-01-19 22:34:01,,,
2026-01-19 22:40:01,,,
2026-01-19 22:41:01,,,
2026-01-19 22:45:01,,,
2026-01-19 22:46:01,,,
2026-01-19 22:56:01,,,18.268
2026-01-19 22:57:01,18.257,19.989,
2026-01-19 23:04:01,,,
2026-01-19 23:10:01,,,
2026-01-19 23:11:01,,,
2026-01-19 23:15:01,,,
2026-01-19 23:16:01,,,
2026-01-19 23:26:01,,,18.331
2026-01-19 23:27:01,17.944,19.864,
2026-01-19 23:34:01,,,
2026-01-19 23:40:01,,,
2026-01-19 23:41:01,,,
2026-01-19 23:45:01,,,
2026-01-19 23:46:01,,,
2026-01-19 23:56:01,,,18.393
2026-01-19 23:57:01,17.694,19.739,
2026-01-20 00:04:01,,,
2026-01-20 00:10:01,,,
2026-01-20 00:11:01,,,
2026-01-20 00:15:01,,,
2026-01-20 00:16:01,,,
2026-01-20 00:26:01,,,18.393
2026-01-20 00:27:01,17.506,19.614,
2026-01-20 00:34:01,,,
2026-01-20 00:40:01,,,
2026-01-20 00:41:01,,,
2026-01-20 00:45:01,,,
2026-01-20 00:46:01,,,
2026-01-20 00:56:01,,,18.456
2026-01-20 00:57:01,17.318,19.488,
2026-01-20 01:04:01,,,
2026-01-20 01:10:01,,,
2026-01-20 01:11:01,,,
2026-01-20 01:15:01,,,
2026-01-20 01:16:01,,,
2026-01-20 01:26:01,,,18.456
2026-01-20 01:27:01,17.13,19.363,
2026-01-20 01:34:01,,,
2026-01-20 01:40:01,,,
2026-01-20 01:41:01,,,
2026-01-20 01:45:01,,,
2026-01-20 01:46:01,,,
2026-01-20 01:56:01,,,18.519
2026-01-20 01:57:01,17.005,19.238,
2026-01-20 02:04:01,,,
2026-01-20 02:10:01,,,
2026-01-20 02:11:01,,,
2026-01-20 02:15:01,,,
2026-01-20 02:16:01,,,
2026-01-20 02:26:01,,,18.519
2026-01-20 02:27:01,16.817,19.05,
2026-01-20 02:34:01,,,
2026-01-20 02:40:01,,,
2026-01-20 02:41:01,,,
2026-01-20 02:45:01,,,
2026-01-20 02:46:01,,,
2026-01-20 02:56:01,,,18.519
2026-01-20 02:57:01,16.692,18.925,
2026-01-20 03:04:01,,,
2026-01-20 03:10:01,,,
2026-01-20 03:11:01,,,
2026-01-20 03:15:01,,,
2026-01-20 03:16:01,,,
2026-01-20 03:26:01,,,18.519
2026-01-20 03:27:01,16.504,18.8,
2026-01-20 03:34:01,,,
2026-01-20 03:40:01,,,
2026-01-20 03:41:01,,,
2026-01-20 03:45:01,,,
2026-01-20 03:46:01,,,
2026-01-20 03:56:01,,,18.519
2026-01-20 03:57:01,16.316,18.674,
2026-01-20 04:04:01,,,
2026-01-20 04:10:01,,,
2026-01-20 04:11:01,,,
2026-01-20 04:15:01,,,
2026-01-20 04:16:01,,,
2026-01-20 04:26:01,,,18.519
2026-01-20 04:27:01,16.191,18.549,
2026-01-20 04:34:01,,,
2026-01-20 04:40:01,,,
2026-01-20 04:41:01,,,
2026-01-20 04:45:01,,,
2026-01-20 04:46:01,,,
2026-01-20 04:56:01,,,18.519
2026-01-20 04:57:01,16.066,18.424,
2026-01-20 05:04:01,,,
2026-01-20 05:10:01,,,
2026-01-20 05:11:01,,,
2026-01-20 05:15:01,,,
2026-01-20 05:16:01,,,
2026-01-20 05:26:01,,,18.519
2026-01-20 05:27:01,16.003,18.299,
2026-01-20 05:34:01,,,
2026-01-20 05:40:01,,,
2026-01-20 05:41:01,,,
2026-01-20 05:45:01,,,
2026-01-20 05:46:01,,,
2026-01-20 05:56:01,,,18.519
2026-01-20 05:57:01,15.878,18.173,
2026-01-20 06:04:01,,,
2026-01-20 06:10:01,,,
2026-01-20 06:11:01,,,
2026-01-20 06:15:01,,,
2026-01-20 06:16:01,,,
2026-01-20 06:26:01,,,18.519
2026-01-20 06:27:01,15.753,18.111,
2026-01-20 06:34:01,,,
2026-01-20 06:40:01,,,
2026-01-20 06:41:01,,,
2026-01-20 06:45:01,,,
2026-01-20 06:46:01,,,
2026-01-20 06:56:01,,,18.456
2026-01-20 06:57:01,15.69,17.986,
2026-01-20 07:04:01,,,
2026-01-20 07:10:01,,,
2026-01-20 07:11:01,,,
2026-01-20 07:15:01,,,
2026-01-20 07:16:01,,,
2026-01-20 07:26:01,,,18.456
2026-01-20 07:27:01,15.565,17.86,
2026-01-20 07:34:01,,,
2026-01-20 07:40:01,,,
2026-01-20 07:41:01,,,
2026-01-20 07:45:01,,,
2026-01-20 07:46:01,,,
2026-01-20 07:56:01,,,18.456
2026-01-20 07:57:01,15.439,17.735,
2026-01-20 08:04:01,,,
2026-01-20 08:10:01,,,
2026-01-20 08:11:01,,,
2026-01-20 08:15:01,,,
2026-01-20 08:16:01,,,
2026-01-20 08:26:01,,,18.456
2026-01-20 08:27:01,15.377,17.672,
2026-01-20 08:34:01,,,
2026-01-20 08:40:01,,,
2026-01-20 08:41:01,,,
2026-01-20 08:45:01,,,
2026-01-20 08:46:01,,,
2026-01-20 08:56:01,,,18.393
2026-01-20 08:57:01,15.439,17.547,
2026-01-20 09:04:01,,,
2026-01-20 09:10:01,,,
2026-01-20 09:11:01,,,
2026-01-20 09:15:01,,,
2026-01-20 09:16:01,,,
2026-01-20 09:26:01,,,18.393
2026-01-20 09:27:01,15.627,17.484,
2026-01-20 09:34:01,,,
2026-01-20 09:40:01,,,
2026-01-20 09:41:01,,,
2026-01-20 09:45:01,,,
2026-01-20 09:46:01,,,
2026-01-20 09:56:01,,,18.393
2026-01-20 09:57:01,15.94,17.422,
2026-01-20 10:04:01,,,
2026-01-20 10:10:01,,,
2026-01-20 10:11:01,,,
2026-01-20 10:15:01,,,
2026-01-20 10:16:01,,,
2026-01-20 10:26:01,,,18.393
2026-01-20 10:27:01,16.316,17.297,
2026-01-20 10:34:01,,,
2026-01-20 10:40:01,,,
2026-01-20 10:41:01,,,
2026-01-20 10:45:01,,,
2026-01-20 10:46:01,,,
2026-01-20 10:56:01,,,18.331
2026-01-20 10:57:01,16.817,17.234,
2026-01-20 11:04:01,,,
2026-01-20 11:10:01,,,
2026-01-20 11:11:01,,,
2026-01-20 11:15:01,,,
2026-01-20 11:16:01,,,
2026-01-20 11:26:01,,,18.331
2026-01-20 11:27:01,17.506,17.234,
2026-01-20 11:34:01,,,
2026-01-20 11:40:01,,,
2026-01-20 11:41:01,,,
2026-01-20 11:45:01,,,
2026-01-20 11:46:01,,,
2026-01-20 11:56:01,,,18.331
2026-01-20 11:57:01,18.195,17.171,
2026-01-20 12:04:01,,,
2026-01-20 12:10:01,,,
2026-01-20 12:11:01,,,
2026-01-20 12:15:01,,,
2026-01-20 12:16:01,,,
2026-01-20 12:26:01,,,18.268
2026-01-20 12:27:01,19.008,17.171,
2026-01-20 12:34:01,,,
2026-01-20 12:40:01,,,
2026-01-20 12:41:01,,,
2026-01-20 12:45:01,,,
2026-01-20 12:46:01,,,
2026-01-20 12:56:01,,,18.268
2026-01-20 12:57:01,19.822,17.234,
2026-01-20 13:04:01,,,
2026-01-20 13:10:01,,,
2026-01-20 13:11:01,,,
2026-01-20 13:15:01,,,
2026-01-20 13:16:01,,,
2026-01-20 13:26:01,,,18.268
2026-01-20 13:27:01,20.698,17.297,
2026-01-20 13:34:01,,,
2026-01-20 13:40:01,,,
2026-01-20 13:41:01,,,
2026-01-20 13:45:01,,,
2026-01-20 13:46:01,,,
2026-01-20 13:56:01,,,18.268
2026-01-20 13:57:01,21.574,17.422,
2026-01-20 14:04:01,,,
2026-01-20 14:10:01,,,
2026-01-20 14:11:01,,,
2026-01-20 14:15:01,,,
2026-01-20 14:16:01,,,
2026-01-20 14:26:01,,,18.268
2026-01-20 14:27:01,22.45,17.547,
2026-01-20 14:34:01,,,
2026-01-20 14:40:01,,,
2026-01-20 14:41:01,,,
2026-01-20 14:45:01,,,
2026-01-20 14:46:01,,,
2026-01-20 14:56:01,,,18.205
2026-01-20 14:57:01,22.888,17.735,
2026-01-20 15:04:01,,,
2026-01-20 15:10:01,,,
2026-01-20 15:11:01,,,
2026-01-20 15:15:01,,,
2026-01-20 15:16:01,,,
2026-01-20 15:26:01,,,18.205
2026-01-20 15:27:01,23.263,17.923,
2026-01-20 15:34:01,,,
2026-01-20 15:40:01,,,
2026-01-20 15:41:01,,,
2026-01-20 15:45:01,,,
2026-01-20 15:46:01,,,
2026-01-20 15:56:01,,,18.205
2026-01-20 15:57:01,23.638,18.236,
2026-01-20 16:04:01,,,
2026-01-20 16:10:01,,,
2026-01-20 16:11:01,,,
2026-01-20 16:15:01,,,
2026-01-20 16:16:01,,,
2026-01-20 16:26:01,,,18.205
2026-01-20 16:27:01,23.638,18.487,
2026-01-20 16:34:01,,,
2026-01-20 16:40:01,,,
2026-01-20 16:41:01,,,
2026-01-20 16:45:01,,,
2026-01-20 16:46:01,,,
2026-01-20 16:56:01,,,18.205
2026-01-20 16:57:01,23.513,18.8,
2026-01-20 17:04:01,,,
2026-01-20 17:10:01,,,
2026-01-20 17:11:01,,,
2026-01-20 17:15:01,,,
2026-01-20 17:16:01,,,
2026-01-20 17:26:01,,,18.205
2026-01-20 17:27:01,23.325,19.113,
2026-01-20 17:34:01,,,
2026-01-20 17:40:01,,,
2026-01-20 17:41:01,,,
2026-01-20 17:45:01,,,
2026-01-20 17:46:01,,,
2026-01-20 17:56:01,,,18.205
2026-01-20 17:57:01,23.075,19.426,
2026-01-20 18:04:01,,,
2026-01-20 18:10:01,,,
2026-01-20 18:11:01,,,
2026-01-20 18:15:01,,,
2026-01-20 18:16:01,,,
2026-01-20 18:26:01,,,18.205
2026-01-20 18:27:01,22.387,19.676,
2026-01-20 18:34:01,,,
2026-01-20 18:40:01,,,
2026-01-20 18:41:01,,,
2026-01-20 18:45:01,,,
2026-01-20 18:46:01,,,
2026-01-20 18:56:01,,,18.268
2026-01-20 18:57:01,21.699,19.864,
2026-01-20 19:04:01,,,
2026-01-20 19:10:01,,,
2026-01-20 19:11:01,,,
2026-01-20 19:15:01,,,
2026-01-20 19:16:01,,,
2026-01-20 19:26:01,,,18.331
2026-01-20 19:27:01,21.136,20.052,
2026-01-20 19:34:01,,,
2026-01-20 19:40:01,,,
2026-01-20 19:41:01,,,
2026-01-20 19:45:01,,,
2026-01-20 19:46:01,,,
2026-01-20 19:56:01,,,18.393
2026-01-20 19:57:01,20.698,20.177,
2026-01-20 20:04:01,,,
2026-01-20 20:10:01,,,
2026-01-20 20:11:01,,,
2026-01-20 20:15:01,,,
2026-01-20 20:16:01,,,
2026-01-20 20:26:01,,,18.393
2026-01-20 20:27:01,20.26,20.24,
2026-01-20 20:34:01,,,
2026-01-20 20:40:01,,,
2026-01-20 20:41:01,,,
2026-01-20 20:45:01,,,
2026-01-20 20:46:01,,,
2026-01-20 20:56:01,,,18.456
2026-01-20 20:57:01,19.947,20.302,
2026-01-20 21:04:01,,,
2026-01-20 21:10:01,,,
2026-01-20 21:11:01,,,
2026-01-20 21:15:01,,,
2026-01-20 21:16:01,,,
2026-01-20 21:26:01,,,18.519
2026-01-20 21:27:01,19.572,20.24,
2026-01-20 21:34:01,,,
2026-01-20 21:40:01,,,
2026-01-20 21:41:01,,,
2026-01-20 21:45:01,,,
2026-01-20 21:46:01,,,
2026-01-20 21:56:01,,,18.581
2026-01-20 21:57:01,19.071,20.177,
2026-01-20 22:04:01,,,
2026-01-20 22:10:01,,,
2026-01-20 22:11:01,,,
2026-01-20 22:15:01,,,
2026-01-20 22:16:01,,,
2026-01-20 22:26:01,,,18.644
2026-01-20 22:27:01,18.57,20.114,
2026-01-20 22:34:01,,,
2026-01-20 22:40:01,,,
2026-01-20 22:41:01,,,
2026-01-20 22:45:01,,,
2026-01-20 22:46:01,,,
2026-01-20 22:56:01,,,18.644
2026-01-20 22:57:01,18.132,19.989,
2026-01-20 23:04:01,,,
2026-01-20 23:10:01,,,
2026-01-20 23:11:01,,,
2026-01-20 23:15:01,,,
2026-01-20 23:16:01,,,
2026-01-20 23:26:01,,,18.707
2026-01-20 23:27:01,17.756,19.927,
2026-01-20 23:34:01,,,
2026-01-20 23:40:01,,,
2026-01-20 23:41:01,,,
2026-01-20 23:45:01,,,
2026-01-20 23:46:01,,,
2026-01-20 23:56:01,,,18.769
2026-01-20 23:57:01,17.506,19.801,
2026-01-21 00:04:01,,,
2026-01-21 00:10:01,,,
2026-01-21 00:11:01,,,
2026-01-21 00:15:01,,,
2026-01-21 00:16:01,,,
2026-01-21 00:26:01,,,18.769
2026-01-21 00:27:01,17.318,19.676,
2026-01-21 00:34:01,,,
2026-01-21 00:40:01,,,
2026-01-21 00:41:01,,,
2026-01-21 00:45:01,,,
2026-01-21 00:46:01,,,
2026-01-21 00:56:01,,,18.769
2026-01-21 00:57:01,17.13,19.551,
2026-01-21 01:04:01,,,
2026-01-21 01:10:01,,,
2026-01-21 01:11:01,,,
2026-01-21 01:15:01,,,
2026-01-21 01:16:01,,,
2026-01-21 01:26:01,,,18.769
2026-01-21 01:27:01,16.942,19.363,
2026-01-21 01:34:01,,,
2026-01-21 01:40:01,,,
2026-01-21 01:41:01,,,
2026-01-21 01:45:01,,,
2026-01-21 01:46:01,,,
2026-01-21 01:56:01,,,18.769
2026-01-21 01:57:01,16.755,19.238,
2026-01-21 02:04:01,,,
2026-01-21 02:10:01,,,
2026-01-21 02:11:01,,,
2026-01-21 02:15:01,,,
2026-01-21 02:16:01,,,
2026-01-21 02:26:01,,,18.769
2026-01-21 02:27:01,16.629,19.113,
2026-01-21 02:34:01,,,
2026-01-21 02:40:01,,,
2026-01-21 02:41:01,,,
2026-01-21 02:45:01,,,
2026-01-21 02:46:01,,,
2026-01-21 02:56:01,,,18.769
2026-01-21 02:57:01,16.504,18.988,
2026-01-21 03:04:01,,,
2026-01-21 03:10:01,,,
2026-01-21 03:11:01,,,
2026-01-21 03:15:01,,,
2026-01-21 03:16:01,,,
2026-01-21 03:26:01,,,18.769
2026-01-21 03:27:01,16.379,18.862,
2026-01-21 03:34:01,,,
2026-01-21 03:40:01,,,
2026-01-21 03:41:01,,,
2026-01-21 03:45:01,,,
2026-01-21 03:46:01,,,
2026-01-21 03:56:01,,,18.707
2026-01-21 03:57:01,16.316,18.737,
2026-01-21 04:04:01,,,
2026-01-21 04:10:01,,,
2026-01-21 04:11:01,,,
2026-01-21 04:15:01,,,
2026-01-21 04:16:01,,,
2026-01-21 04:26:01,,,18.707
2026-01-21 04:27:01,16.316,18.612,
2026-01-21 04:34:01,,,
2026-01-21 04:40:01,,,
2026-01-21 04:41:01,,,
2026-01-21 04:45:01,,,
2026-01-21 04:46:01,,,
2026-01-21 04:56:01,,,18.644
2026-01-21 04:57:01,16.254,18.487,
2026-01-21 05:04:01,,,
2026-01-21 05:10:01,,,
2026-01-21 05:11:01,,,
2026-01-21 05:15:01,,,
2026-01-21 05:16:01,,,
2026-01-21 05:26:01,,,18.644
2026-01-21 05:27:01,16.066,18.361,
2026-01-21 05:34:01,,,
2026-01-21 05:40:01,,,
2026-01-21 05:41:01,,,
2026-01-21 05:45:01,,,
2026-01-21 05:46:01,,,
2026-01-21 05:56:01,,,18.581
2026-01-21 05:57:01,15.878,18.299,
2026-01-21 06:04:01,,,
2026-01-21 06:10:01,,,
2026-01-21 06:11:01,,,
2026-01-21 06:15:01,,,
2026-01-21 06:16:01,,,
2026-01-21 06:26:01,,,18.519
2026-01-21 06:27:01,15.69,18.173,
2026-01-21 06:34:01,,,
2026-01-21 06:40:01,,,
2026-01-21 06:41:01,,,
2026-01-21 06:45:01,,,
2026-01-21 06:46:01,,,
2026-01-21 06:56:01,,,18.519
2026-01-21 06:57:01,15.502,18.048,
2026-01-21 07:04:01,,,
2026-01-21 07:10:01,,,
2026-01-21 07:11:01,,,
2026-01-21 07:15:01,,,
2026-01-21 07:16:01,,,
2026-01-21 07:26:01,,,18.456
2026-01-21 07:27:01,15.377,17.923,
2026-01-21 07:34:01,,,
2026-01-21 07:40:01,,,
2026-01-21 07:41:01,,,
2026-01-21 07:45:01,,,
2026-01-21 07:46:01,,,
2026-01-21 07:56:01,,,18.456
2026-01-21 07:57:01,15.252,17.798,
2026-01-21 08:04:01,,,
2026-01-21 08:10:01,,,
2026-01-21 08:11:01,,,
2026-01-21 08:15:01,,,
2026-01-21 08:16:01,,,
2026-01-21 08:26:01,,,18.393
2026-01-21 08:27:01,15.252,17.735,
2026-01-21 08:34:01,,,
2026-01-21 08:40:01,,,
2026-01-21 08:41:01,,,
2026-01-21 08:45:01,,,
2026-01-21 08:46:01,,,
2026-01-21 08:56:01,,,18.331
2026-01-21 08:57:01,15.252,17.61,
2026-01-21 09:04:01,,,
2026-01-21 09:10:01,,,
2026-01-21 09:11:01,,,
2026-01-21 09:15:01,,,
2026-01-21 09:16:01,,,
2026-01-21 09:26:01,,,18.331
2026-01-21 09:27:01,15.502,17.484,
2026-01-21 09:34:01,,,
2026-01-21 09:40:01,,,
2026-01-21 09:41:01,,,
2026-01-21 09:45:01,,,
2026-01-21 09:46:01,,,
2026-01-21 09:56:01,,,18.331
2026-01-21 09:57:01,15.815,17.422,
2026-01-21 10:04:01,,,
2026-01-21 10:10:01,,,
2026-01-21 10:11:01,,,
2026-01-21 10:15:01,,,
2026-01-21 10:16:01,,,
2026-01-21 10:26:01,,,18.268
2026-01-21 10:27:01,16.191,17.359,
2026-01-21 10:34:01,,,
2026-01-21 10:40:01,,,
2026-01-21 10:41:01,,,
2026-01-21 10:45:01,,,
2026-01-21 10:46:01,,,
2026-01-21 10:56:01,,,18.268
2026-01-21 10:57:01,16.692,17.234,
2026-01-21 11:04:01,,,
2026-01-21 11:10:01,,,
2026-01-21 11:11:01,,,
2026-01-21 11:15:01,,,
2026-01-21 11:16:01,,,
2026-01-21 11:26:01,,,18.205
2026-01-21 11:27:01,17.318,17.234,
2026-01-21 11:34:01,,,
2026-01-21 11:40:01,,,
2026-01-21 11:41:01,,,
2026-01-21 11:45:01,,,
2026-01-21 11:46:01,,,
2026-01-21 11:56:01,,,18.205
2026-01-21 11:57:01,18.007,17.171,
2026-01-21 12:04:01,,,
2026-01-21 12:10:01,,,
2026-01-21 12:11:01,,,
2026-01-21 12:15:01,,,
2026-01-21 12:16:01,,,
2026-01-21 12:26:01,,,18.205
2026-01-21 12:27:01,18.821,17.234,
2026-01-21 12:34:01,,,
2026-01-21 12:40:01,,,
2026-01-21 12:41:01,,,
2026-01-21 12:45:01,,,
2026-01-21 12:46:01,,,
2026-01-21 12:56:01,,,18.205
2026-01-21 12:57:01,19.634,17.234,
2026-01-21 13:04:01,,,
2026-01-21 13:10:01,,,
2026-01-21 13:11:01,,,
2026-01-21 13:15:01,,,
2026-01-21 13:16:01,,,
2026-01-21 13:26:01,,,18.205
2026-01-21 13:27:01,20.573,17.297,
2026-01-21 13:34:01,,,
2026-01-21 13:40:01,,,
2026-01-21 13:41:01,,,
2026-01-21 13:45:01,,,
2026-01-21 13:46:01,,,
2026-01-21 13:56:01,,,18.143
2026-01-21 13:57:01,21.449,17.422,
2026-01-21 14:04:01,,,
2026-01-21 14:10:01,,,
2026-01-21 14:11:01,,,
2026-01-21 14:15:01,,,
2026-01-21 14:16:01,,,
2026-01-21 14:26:01,,,18.143
2026-01-21 14:27:01,22.137,17.547,
2026-01-21 14:34:01,,,
2026-01-21 14:40:01,,,
2026-01-21 14:41:01,,,
2026-01-21 14:45:01,,,
2026-01-21 14:46:01,,,
2026-01-21 14:56:01,,,18.143
2026-01-21 14:57:01,22.637,17.672,
2026-01-21 15:04:01,,,
2026-01-21 15:10:01,,,
2026-01-21 15:11:01,,,
2026-01-21 15:15:01,,,
2026-01-21 15:16:01,,,
2026-01-21 15:26:01,,,18.143
2026-01-21 15:27:01,23.075,17.923,
2026-01-21 15:34:01,,,
2026-01-21 15:40:01,,,
2026-01-21 15:41:01,,,
2026-01-21 15:45:01,,,
2026-01-21 15:46:01,,,
2026-01-21 15:56:01,,,18.143
2026-01-21 15:57:01,23.325,18.173,
2026-01-21 16:04:01,,,
2026-01-21 16:10:01,,,
2026-01-21 16:11:01,,,
2026-01-21 16:15:01,,,
2026-01-21 16:16:01,,,
2026-01-21 16:26:01,,,18.205
2026-01-21 16:27:01,23.45,18.424,
2026-01-21 16:34:01,,,
2026-01-21 16:40:01,,,
2026-01-21 16:41:01,,,
2026-01-21 16:45:01,,,
2026-01-21 16:46:01,,,
2026-01-21 16:56:01,,,18.205
2026-01-21 16:57:01,23.325,18.737,
2026-01-21 17:04:01,,,
2026-01-21 17:10:01,,,
2026-01-21 17:11:01,,,
2026-01-21 17:15:01,,,
2026-01-21 17:16:01,,,
2026-01-21 17:26:01,,,18.205
2026-01-21 17:27:01,23.075,18.988,
2026-01-21 17:34:01,,,
2026-01-21 17:40:01,,,
2026-01-21 17:41:01,,,
2026-01-21 17:45:01,,,
2026-01-21 17:46:01,,,
2026-01-21 17:56:01,,,18.268
2026-01-21 17:57:01,22.637,19.301,
2026-01-21 18:04:01,,,
2026-01-21 18:10:01,,,
2026-01-21 18:11:01,,,
2026-01-21 18:15:01,,,
2026-01-21 18:16:01,,,
2026-01-21 18:26:01,,,18.268
2026-01-21 18:27:01,22.074,19.551,
2026-01-21 18:34:01,,,
2026-01-21 18:40:01,,,
2026-01-21 18:41:01,,,
2026-01-21 18:45:01,,,
2026-01-21 18:46:01,,,
2026-01-21 18:56:01,,,18.331
2026-01-21 18:57:01,21.511,19.739,
2026-01-21 19:04:01,,,
2026-01-21 19:10:01,,,
2026-01-21 19:11:01,,,
2026-01-21 19:15:01,,,
2026-01-21 19:16:01,,,
2026-01-21 19:26:01,,,18.393
2026-01-21 19:27:01,20.948,19.927,
2026-01-21 19:34:01,,,
2026-01-21 19:40:01,,,
2026-01-21 19:41:01,,,
2026-01-21 19:45:01,,,
2026-01-21 19:46:01,,,
2026-01-21 19:56:01,,,18.456
2026-01-21 19:57:01,20.51,20.052,
2026-01-21 20:04:01,,,
2026-01-21 20:10:01,,,
2026-01-21 20:11:01,,,
2026-01-21 20:15:01,,,
2026-01-21 20:16:01,,,
2026-01-21 20:26:01,,,18.519
2026-01-21 20:27:01,20.072,20.114,
2026-01-21 20:34:01,,,
2026-01-21 20:40:01,,,
2026-01-21 20:41:01,,,
2026-01-21 20:45:01,,,
2026-01-21 20:46:01,,,
2026-01-21 20:56:01,,,18.519
2026-01-21 20:57:01,19.697,20.114,
2026-01-21 21:04:01,,,
2026-01-21 21:10:01,,,
2026-01-21 21:11:01,,,
2026-01-21 21:15:01,,,
2026-01-21 21:16:01,,,
2026-01-21 21:26:01,,,18.581
2026-01-21 21:27:01,19.384,20.114,
2026-01-21 21:34:01,,,
2026-01-21 21:40:01,,,
2026-01-21 21:41:01,,,
2026-01-21 21:45:01,,,
2026-01-21 21:46:01,,,
2026-01-21 21:56:01,,,18.644
2026-01-21 21:57:01,19.071,20.052,
2026-01-21 22:04:01,,,
2026-01-21 22:10:01,,,
2026-01-21 22:11:01,,,
2026-01-21 22:15:01,,,
2026-01-21 22:16:01,,,
2026-01-21 22:26:01,,,18.707
2026-01-21 22:27:01,18.695,19.989,
2026-01-21 22:34:01,,,
2026-01-21 22:40:01,,,
2026-01-21 22:41:01,,,
2026-01-21 22:45:01,,,
2026-01-21 22:46:01,,,
2026-01-21 22:56:01,,,18.707
2026-01-21 22:57:01,18.257,19.927,
2026-01-21 23:04:01,,,
2026-01-21 23:10:01,,,
2026-01-21 23:11:01,,,
2026-01-21 23:15:01,,,
2026-01-21 23:16:01,,,
2026-01-21 23:26:01,,,18.769
2026-01-21 23:27:01,17.882,19.801,
2026-01-21 23:34:01,,,
2026-01-21 23:40:01,,,
2026-01-21 23:41:01,,,
2026-01-21 23:45:01,,,
2026-01-21 23:46:01,,,
2026-01-21 23:56:01,,,18.769
2026-01-21 23:57:01,17.569,19.676,
2026-01-22 00:04:01,,,
2026-01-22 00:10:01,,,
2026-01-22 00:11:01,,,
2026-01-22 00:15:01,,,
2026-01-22 00:16:01,,,
2026-01-22 00:26:01,,,18.832
2026-01-22 00:27:01,17.381,19.614,
2026-01-22 00:34:01,,,
2026-01-22 00:40:01,,,
2026-01-22 00:41:01,,,
2026-01-22 00:45:01,,,
2026-01-22 00:46:01,,,
2026-01-22 00:56:01,,,18.832
2026-01-22 00:57:01,17.256,19.488,
2026-01-22 01:04:01,,,
2026-01-22 01:10:01,,,
2026-01-22 01:11:01,,,
2026-01-22 01:15:01,,,
2026-01-22 01:16:01,,,
2026-01-22 01:26:01,,,18.832
2026-01-22 01:27:01,17.13,19.301,
2026-01-22 01:34:01,,,
2026-01-22 01:40:01,,,
2026-01-22 01:41:01,,,
2026-01-22 01:45:01,,,
2026-01-22 01:46:01,,,
2026-01-22 01:56:01,,,18.832
2026-01-22 01:57:01,17.005,19.238,
2026-01-22 02:04:01,,,
2026-01-22 02:10:01,,,
2026-01-22 02:11:01,,,
2026-01-22 02:15:01,,,
2026-01-22 02:16:01,,,
2026-01-22 02:26:01,,,18.769
2026-01-22 02:27:01,16.88,19.113,
2026-01-22 02:34:01,,,
2026-01-22 02:40:01,,,
2026-01-22 02:41:01,,,
2026-01-22 02:45:01,,,
2026-01-22 02:46:01,,,
2026-01-22 02:56:01,,,18.769
2026-01-22 02:57:01,16.817,18.988,
2026-01-22 03:04:01,,,
2026-01-22 03:10:01,,,
2026-01-22 03:11:01,,,
2026-01-22 03:15:01,,,
2026-01-22 03:16:01,,,
2026-01-22 03:26:01,,,18.707
2026-01-22 03:27:01,16.692,18.862,
2026-01-22 03:34:01,,,
2026-01-22 03:40:01,,,
2026-01-22 03:41:01,,,
2026-01-22 03:45:01,,,
2026-01-22 03:46:01,,,
2026-01-22 03:56:01,,,18.707
2026-01-22 03:57:01,16.629,18.737,
2026-01-22 04:04:01,,,
2026-01-22 04:10:01,,,
2026-01-22 04:11:01,,,
2026-01-22 04:15:01,,,
2026-01-22 04:16:01,,,
2026-01-22 04:26:01,,,18.707
2026-01-22 04:27:01,16.504,18.612,
2026-01-22 04:34:01,,,
2026-01-22 04:40:01,,,
2026-01-22 04:41:01,,,
2026-01-22 04:45:01,,,
2026-01-22 04:46:01,,,
2026-01-22 04:56:01,,,18.644
2026-01-22 04:57:01,16.379,18.549,
2026-01-22 05:04:01,,,
2026-01-22 05:10:01,,,
2026-01-22 05:11:01,,,
2026-01-22 05:15:01,,,
2026-01-22 05:16:01,,,
2026-01-22 05:26:01,,,18.581
2026-01-22 05:27:01,16.254,18.424,
2026-01-22 05:34:01,,,
2026-01-22 05:40:01,,,
2026-01-22 05:41:01,,,
2026-01-22 05:45:01,,,
2026-01-22 05:46:01,,,
2026-01-22 05:56:01,,,18.581
2026-01-22 05:57:01,16.128,18.299,
2026-01-22 06:04:01,,,
2026-01-22 06:10:01,,,
2026-01-22 06:11:01,,,
2026-01-22 06:15:01,,,
2026-01-22 06:16:01,,,
2026-01-22 06:26:01,,,18.581
2026-01-22 06:27:01,16.066,18.236,
2026-01-22 06:34:01,,,
2026-01-22 06:40:01,,,
2026-01-22 06:41:01,,,
2026-01-22 06:45:01,,,
2026-01-22 06:46:01,,,
2026-01-22 06:56:01,,,18.519
2026-01-22 06:57:01,15.94,18.111,
2026-01-22 07:04:01,,,
2026-01-22 07:10:01,,,
2026-01-22 07:11:01,,,
2026-01-22 07:15:01,,,
2026-01-22 07:16:01,,,
2026-01-22 07:26:01,,,18.519
2026-01-22 07:27:01,15.815,18.048,
2026-01-22 07:34:01,,,
2026-01-22 07:40:01,,,
2026-01-22 07:41:01,,,
2026-01-22 07:45:01,,,
2026-01-22 07:46:01,,,
2026-01-22 07:56:01,,,18.519
2026-01-22 07:57:01,15.815,17.923,
2026-01-22 08:04:01,,,
2026-01-22 08:10:01,,,
2026-01-22 08:11:01,,,
2026-01-22 08:15:01,,,
2026-01-22 08:16:01,,,
2026-01-22 08:26:01,,,18.456
2026-01-22 08:27:01,15.878,17.86,
2026-01-22 08:34:01,,,
2026-01-22 08:40:01,,,
2026-01-22 08:41:01,,,
2026-01-22 08:45:01,,,
2026-01-22 08:46:01,,,
2026-01-22 08:56:01,,,18.456
2026-01-22 08:57:01,15.94,17.735,
2026-01-22 09:04:01,,,
2026-01-22 09:10:01,,,
2026-01-22 09:11:01,,,
2026-01-22 09:15:01,,,
2026-01-22 09:16:01,,,
2026-01-22 09:26:01,,,18.456
2026-01-22 09:27:01,16.254,17.672,
2026-01-22 09:34:01,,,
2026-01-22 09:40:01,,,
2026-01-22 09:41:01,,,
2026-01-22 09:45:01,,,
2026-01-22 09:46:01,,,
2026-01-22 09:56:01,,,18.393
2026-01-22 09:57:01,16.629,17.61,
2026-01-22 10:04:01,,,
2026-01-22 10:10:01,,,
2026-01-22 10:11:01,,,
2026-01-22 10:15:01,,,
2026-01-22 10:16:01,,,
2026-01-22 10:26:01,,,18.393
2026-01-22 10:27:01,17.068,17.547,
2026-01-22 10:34:01,,,
2026-01-22 10:40:01,,,
2026-01-22 10:41:01,,,
2026-01-22 10:45:01,,,
2026-01-22 10:46:01,,,
2026-01-22 10:56:01,,,18.393
2026-01-22 10:57:01,17.569,17.484,
2026-01-22 11:04:01,,,
2026-01-22 11:10:01,,,
2026-01-22 11:11:01,,,
2026-01-22 11:15:01,,,
2026-01-22 11:16:01,,,
2026-01-22 11:26:01,,,18.331
2026-01-22 11:27:01,18.195,17.484,
2026-01-22 11:34:01,,,
2026-01-22 11:40:01,,,
2026-01-22 11:41:01,,,
2026-01-22 11:45:01,,,
2026-01-22 11:46:01,,,
2026-01-22 11:56:01,,,18.331
2026-01-22 11:57:01,18.883,17.484,
2026-01-22 12:04:01,,,
2026-01-22 12:10:01,,,
2026-01-22 12:11:01,,,
2026-01-22 12:15:01,,,
2026-01-22 12:16:01,,,
2026-01-22 12:26:01,,,18.331
2026-01-22 12:27:01,19.634,17.484,
2026-01-22 12:34:01,,,
2026-01-22 12:40:01,,,
2026-01-22 12:41:01,,,
2026-01-22 12:45:01,,,
2026-01-22 12:46:01,,,
2026-01-22 12:56:01,,,18.331
2026-01-22 12:57:01,20.323,17.547,
2026-01-22 13:04:01,,,
2026-01-22 13:10:01,,,
2026-01-22 13:11:01,,,
2026-01-22 13:15:01,,,
2026-01-22 13:16:01,,,
2026-01-22 13:26:01,,,18.331
2026-01-22 13:27:01,21.136,17.61,
2026-01-22 13:34:01,,,
2026-01-22 13:40:01,,,
2026-01-22 13:41:01,,,
2026-01-22 13:45:01,,,
2026-01-22 13:46:01,,,
2026-01-22 13:56:01,,,18.331
2026-01-22 13:57:01,21.824,17.735,
2026-01-22 14:04:01,,,
2026-01-22 14:10:01,,,
2026-01-22 14:11:01,,,
2026-01-22 14:15:01,,,
2026-01-22 14:16:01,,,
2026-01-22 14:26:01,,,18.331
2026-01-22 14:27:01,22.575,17.86,
2026-01-22 14:34:01,,,
2026-01-22 14:40:01,,,
2026-01-22 14:41:01,,,
2026-01-22 14:45:01,,,
2026-01-22 14:46:01,,,
2026-01-22 14:56:01,,,18.331
2026-01-22 14:57:01,23.075,18.048,
2026-01-22 15:04:01,,,
2026-01-22 15:10:01,,,
2026-01-22 15:11:01,,,
2026-01-22 15:15:01,,,
2026-01-22 15:16:01,,,
2026-01-22 15:26:01,,,18.331
2026-01-22 15:27:01,23.575,18.236,
2026-01-22 15:34:01,,,
2026-01-22 15:40:01,,,
2026-01-22 15:41:01,,,
2026-01-22 15:45:01,,,
2026-01-22 15:46:01,,,
2026-01-22 15:56:01,,,18.331
2026-01-22 15:57:01,23.888,18.487,
2026-01-22 16:04:01,,,
2026-01-22 16:10:01,,,
2026-01-22 16:11:01,,,
2026-01-22 16:15:01,,,
2026-01-22 16:16:01,,,
2026-01-22 16:26:01,,,28.901
2026-01-22 16:27:01,28.388,26.494,
2026-01-22 16:34:01,,,
2026-01-22 16:40:01,,,
2026-01-22 16:41:01,,,
2026-01-22 16:45:01,,,
2026-01-22 16:46:01,,,
2026-01-22 16:56:01,,,25.34
2026-01-22 16:57:01,30.2,26.744,
2026-01-22 17:04:01,,,
2026-01-22 17:10:01,,,
2026-01-22 17:11:01,,,
2026-01-22 17:15:01,,,
2026-01-22 17:16:01,,,
2026-01-22 17:26:01,,,19.396
2026-01-22 17:27:01,27.701,21.491,
2026-01-22 17:34:01,,,
2026-01-22 17:40:01,,,
2026-01-22 17:41:01,,,
2026-01-22 17:45:01,,,
2026-01-22 17:46:01,,,
2026-01-22 17:56:01,,,18.707
2026-01-22 17:57:01,26.451,20.866,
2026-01-22 18:04:01,,,
2026-01-22 18:10:01,,,
2026-01-22 18:11:01,,,
2026-01-22 18:15:01,,,
2026-01-22 18:16:01,,,
2026-01-22 18:26:01,,,18.707
2026-01-22 18:27:01,25.326,20.928,
2026-01-22 18:34:01,,,
2026-01-22 18:40:01,,,
2026-01-22 18:41:01,,,
2026-01-22 18:45:01,,,
2026-01-22 18:46:01,,,
2026-01-22 18:56:01,,,18.769
2026-01-22 18:57:01,24.388,20.991,
2026-01-22 19:04:01,,,
2026-01-22 19:10:01,,,
2026-01-22 19:11:01,,,
2026-01-22 19:15:01,,,
2026-01-22 19:16:01,,,
2026-01-22 19:26:01,,,18.894
2026-01-22 19:27:01,23.638,21.053,
2026-01-22 19:34:01,,,
2026-01-22 19:40:01,,,
2026-01-22 19:41:01,,,
2026-01-22 19:45:01,,,
2026-01-22 19:46:01,,,
2026-01-22 19:56:01,,,19.02
2026-01-22 19:57:01,22.888,20.991,
2026-01-22 20:04:01,,,
2026-01-22 20:10:01,,,
2026-01-22 20:11:01,,,
2026-01-22 20:15:01,,,
2026-01-22 20:16:01,,,
2026-01-22 20:26:01,,,19.145
2026-01-22 20:27:01,22.512,20.866,
2026-01-22 20:34:01,,,
2026-01-22 20:40:01,,,
2026-01-22 20:41:01,,,
2026-01-22 20:45:01,,,
2026-01-22 20:46:01,,,
2026-01-22 20:56:01,,,19.208
2026-01-22 20:57:01,21.887,20.74,
2026-01-22 21:04:01,,,
2026-01-22 21:10:01,,,
2026-01-22 21:11:01,,,
2026-01-22 21:15:01,,,
2026-01-22 21:16:01,,,
2026-01-22 21:26:01,,,19.27
2026-01-22 21:27:01,21.261,20.553,
2026-01-22 21:34:01,,,
2026-01-22 21:40:01,,,
2026-01-22 21:41:01,,,
2026-01-22 21:45:01,,,
2026-01-22 21:46:01,,,
2026-01-22 21:56:01,,,19.333
2026-01-22 21:57:01,20.635,20.365,
2026-01-22 22:04:01,,,
2026-01-22 22:10:01,,,
2026-01-22 22:11:01,,,
2026-01-22 22:15:01,,,
2026-01-22 22:16:01,,,
2026-01-22 22:26:01,,,19.396
2026-01-22 22:27:01,20.01,20.177,
2026-01-22 22:34:01,,,
2026-01-22 22:40:01,,,
2026-01-22 22:41:01,,,
2026-01-22 22:45:01,,,
2026-01-22 22:46:01,,,
2026-01-22 22:56:01,,,19.396
2026-01-22 22:57:01,18.883,19.989,
2026-01-22 23:04:01,,,
2026-01-22 23:10:01,,,
2026-01-22 23:11:01,,,
2026-01-22 23:15:01,,,
2026-01-22 23:16:01,,,
2026-01-22 23:26:01,,,19.396
2026-01-22 23:27:01,17.944,19.801,
2026-01-22 23:34:01,,,
2026-01-22 23:40:01,,,
2026-01-22 23:41:01,,,
2026-01-22 23:45:01,,,
2026-01-22 23:46:01,,,
2026-01-22 23:56:01,,,19.396
2026-01-22 23:57:01,17.256,19.614,
2026-01-23 00:04:01,,,
2026-01-23 00:10:01,,,
2026-01-23 00:11:01,,,
2026-01-23 00:15:01,,,
2026-01-23 00:16:01,,,
2026-01-23 00:26:01,,,19.333
2026-01-23 00:27:01,16.817,19.426,
2026-01-23 00:34:01,,,
2026-01-23 00:40:01,,,
2026-01-23 00:41:01,,,
2026-01-23 00:45:01,,,
2026-01-23 00:46:01,,,
2026-01-23 00:56:01,,,19.27
2026-01-23 00:57:01,16.441,19.238,
2026-01-23 01:04:01,,,
2026-01-23 01:10:01,,,
2026-01-23 01:11:01,,,
2026-01-23 01:15:01,,,
2026-01-23 01:16:01,,,
2026-01-23 01:26:01,,,19.208
2026-01-23 01:27:01,16.066,19.05,
2026-01-23 01:34:01,,,
2026-01-23 01:40:01,,,
2026-01-23 01:41:01,,,
2026-01-23 01:45:01,,,
2026-01-23 01:46:01,,,
2026-01-23 01:56:01,,,19.145
2026-01-23 01:57:01,15.753,18.925,
2026-01-23 02:04:01,,,
2026-01-23 02:10:01,,,
2026-01-23 02:11:01,,,
2026-01-23 02:15:01,,,
2026-01-23 02:16:01,,,
2026-01-23 02:26:01,,,19.082
2026-01-23 02:27:01,15.439,18.737,
2026-01-23 02:34:01,,,
2026-01-23 02:40:01,,,
2026-01-23 02:41:01,,,
2026-01-23 02:45:01,,,
2026-01-23 02:46:01,,,
2026-01-23 02:56:01,,,19.02
2026-01-23 02:57:01,15.064,18.612,
2026-01-23 03:04:01,,,
2026-01-23 03:10:01,,,
2026-01-23 03:11:01,,,
2026-01-23 03:15:01,,,
2026-01-23 03:16:01,,,
2026-01-23 03:26:01,,,18.957
2026-01-23 03:27:01,14.75,18.487,
2026-01-23 03:34:01,,,
2026-01-23 03:40:01,,,
2026-01-23 03:41:01,,,
2026-01-23 03:45:01,,,
2026-01-23 03:46:01,,,
2026-01-23 03:56:01,,,18.894
2026-01-23 03:57:01,14.437,18.361,
2026-01-23 04:04:01,,,
2026-01-23 04:10:01,,,
2026-01-23 04:11:01,,,
2026-01-23 04:15:01,,,
2026-01-23 04:16:01,,,
2026-01-23 04:26:01,,,18.832
2026-01-23 04:27:01,14.187,18.173,
2026-01-23 04:34:01,,,
2026-01-23 04:40:01,,,
2026-01-23 04:41:01,,,
2026-01-23 04:45:01,,,
2026-01-23 04:46:01,,,
2026-01-23 04:56:01,,,18.769
2026-01-23 04:57:01,13.999,18.048,
2026-01-23 05:04:01,,,
2026-01-23 05:10:01,,,
2026-01-23 05:11:01,,,
2026-01-23 05:15:01,,,
2026-01-23 05:16:01,,,
2026-01-23 05:26:01,,,18.707
2026-01-23 05:27:01,13.873,17.923,
2026-01-23 05:34:01,,,
2026-01-23 05:40:01,,,
2026-01-23 05:41:01,,,
2026-01-23 05:45:01,,,
2026-01-23 05:46:01,,,
2026-01-23 05:56:01,,,18.644
2026-01-23 05:57:01,13.748,17.735,
2026-01-23 06:04:01,,,
2026-01-23 06:10:01,,,
2026-01-23 06:11:01,,,
2026-01-23 06:15:01,,,
2026-01-23 06:16:01,,,
2026-01-23 06:26:01,,,18.581
2026-01-23 06:27:01,13.811,17.61,
2026-01-23 06:34:01,,,
2026-01-23 06:40:01,,,
2026-01-23 06:41:01,,,
2026-01-23 06:45:01,,,
2026-01-23 06:46:01,,,
2026-01-23 06:56:01,,,18.519
2026-01-23 06:57:01,13.685,17.484,
2026-01-23 07:04:01,,,
2026-01-23 07:10:01,,,
2026-01-23 07:11:01,,,
2026-01-23 07:15:01,,,
2026-01-23 07:16:01,,,
2026-01-23 07:26:01,,,18.519
2026-01-23 07:27:01,13.685,17.422,
2026-01-23 07:34:01,,,
2026-01-23 07:40:01,,,
2026-01-23 07:41:01,,,
2026-01-23 07:45:01,,,
2026-01-23 07:46:01,,,
2026-01-23 07:56:01,,,18.456
2026-01-23 07:57:01,13.748,17.297,
2026-01-23 08:04:01,,,
2026-01-23 08:10:01,,,
2026-01-23 08:11:01,,,
2026-01-23 08:15:01,,,
2026-01-23 08:16:01,,,
2026-01-23 08:26:01,,,18.393
2026-01-23 08:27:01,14.061,17.171,
2026-01-23 08:34:01,,,
2026-01-23 08:40:01,,,
2026-01-23 08:41:01,,,
2026-01-23 08:45:01,,,
2026-01-23 08:46:01,,,
2026-01-23 08:56:01,,,18.331
2026-01-23 08:57:01,14.688,17.046,
2026-01-23 09:04:01,,,
2026-01-23 09:10:01,,,
2026-01-23 09:11:01,,,
2026-01-23 09:15:01,,,
2026-01-23 09:16:01,,,
2026-01-23 09:26:01,,,18.331
2026-01-23 09:27:01,16.191,16.983,
2026-01-23 09:34:01,,,
2026-01-23 09:40:01,,,
2026-01-23 09:41:01,,,
2026-01-23 09:45:01,,,
2026-01-23 09:46:01,,,
2026-01-23 09:56:01,,,18.268
2026-01-23 09:57:01,17.631,16.921,
2026-01-23 10:04:01,,,
2026-01-23 10:10:01,,,
2026-01-23 10:11:01,,,
2026-01-23 10:15:01,,,
2026-01-23 10:16:01,,,
2026-01-23 10:26:01,,,18.205
2026-01-23 10:27:01,19.008,16.858,
2026-01-23 10:34:01,,,
2026-01-23 10:40:01,,,
2026-01-23 10:41:01,,,
2026-01-23 10:45:01,,,
2026-01-23 10:46:01,,,
2026-01-23 10:56:01,,,18.205
2026-01-23 10:57:01,20.448,16.858,
2026-01-23 11:04:01,,,
2026-01-23 11:10:01,,,
2026-01-23 11:11:01,,,
2026-01-23 11:15:01,,,
2026-01-23 11:16:01,,,
2026-01-23 11:26:01,,,18.143
2026-01-23 11:27:01,21.949,16.858,
2026-01-23 11:34:01,,,
2026-01-23 11:40:01,,,
2026-01-23 11:41:01,,,
2026-01-23 11:45:01,,,
2026-01-23 11:46:01,,,
2026-01-23 11:56:01,,,18.143
2026-01-23 11:57:01,23.138,16.921,
2026-01-23 12:04:01,,,
2026-01-23 12:10:01,,,
2026-01-23 12:11:01,,,
2026-01-23 12:15:01,,,
2026-01-23 12:16:01,,,
2026-01-23 12:26:01,,,18.08
2026-01-23 12:27:01,24.263,17.046,
2026-01-23 12:34:01,,,
2026-01-23 12:40:01,,,
2026-01-23 12:41:01,,,
2026-01-23 12:45:01,,,
2026-01-23 12:46:01,,,
2026-01-23 12:56:01,,,18.08
2026-01-23 12:57:01,25.514,17.234,
2026-01-23 13:02:01,,,
2026-01-23 13:03:01,,,
2026-01-23 13:04:01,,,
2026-01-23 13:10:01,,,
2026-01-23 13:11:01,,,
2026-01-23 13:15:01,,,
2026-01-23 13:16:01,,,
2026-01-23 13:26:01,,,18.08
2026-01-23 13:27:01,27.076,17.484,
2026-01-23 13:32:01,,,
2026-01-23 13:33:01,,,
2026-01-23 13:34:01,,,
2026-01-23 13:40:01,,,
2026-01-23 13:41:01,,,
2026-01-23 13:45:01,,,
2026-01-23 13:46:01,,,
2026-01-23 13:56:01,,,18.017
2026-01-23 13:57:01,27.951,17.735,
2026-01-23 14:02:01,,,
2026-01-23 14:03:01,,,
2026-01-23 14:04:01,,,
2026-01-23 14:10:01,,,
2026-01-23 14:11:01,,,
2026-01-23 14:15:01,,,
2026-01-23 14:16:01,,,
2026-01-23 14:26:01,,,18.08
2026-01-23 14:27:01,29.45,18.048,
2026-01-23 14:32:01,,,
2026-01-23 14:33:01,,,
2026-01-23 14:34:01,,,
2026-01-23 14:40:01,,,
2026-01-23 14:41:01,,,
2026-01-23 14:45:01,,,
2026-01-23 14:46:01,,,
2026-01-23 14:56:01,,,18.08
2026-01-23 14:57:01,29.013,18.424,
2026-01-23 15:02:01,,,
2026-01-23 15:03:01,,,
2026-01-23 15:04:01,,,
2026-01-23 15:10:01,,,
2026-01-23 15:11:01,,,
2026-01-23 15:15:01,,,
2026-01-23 15:16:01,,,
2026-01-23 15:26:01,,,18.08
2026-01-23 15:27:01,28.95,18.8,
2026-01-23 15:32:01,,,
2026-01-23 15:33:01,,,
2026-01-23 15:34:01,,,
2026-01-23 15:40:01,,,
2026-01-23 15:41:01,,,
2026-01-23 15:45:01,,,
2026-01-23 15:46:01,,,
2026-01-23 15:56:01,,,18.143
2026-01-23 15:57:01,29.138,19.238,
2026-01-23 16:02:01,,,
2026-01-23 16:03:01,,,
2026-01-23 16:04:01,,,
2026-01-23 16:10:01,,,
2026-01-23 16:11:01,,,
2026-01-23 16:15:01,,,
2026-01-23 16:16:01,,,
2026-01-23 16:26:01,,,18.205
2026-01-23 16:27:01,29.013,19.614,
2026-01-23 16:32:01,,,
2026-01-23 16:33:01,,,
2026-01-23 16:34:01,,,
2026-01-23 16:40:01,,,
2026-01-23 16:41:01,,,
2026-01-23 16:45:01,,,
2026-01-23 16:46:01,,,
2026-01-23 16:56:01,,,18.268
2026-01-23 16:57:01,28.451,19.927,
2026-01-23 17:02:01,,,
2026-01-23 17:03:01,,,
2026-01-23 17:04:01,,,
2026-01-23 17:10:01,,,
2026-01-23 17:11:01,,,
2026-01-23 17:15:01,,,
2026-01-23 17:16:01,,,
2026-01-23 17:26:01,,,18.331
2026-01-23 17:27:01,27.701,20.24,
2026-01-23 17:32:01,,,
2026-01-23 17:33:01,,,
2026-01-23 17:34:01,,,
2026-01-23 17:40:01,,,
2026-01-23 17:41:01,,,
2026-01-23 17:45:01,,,
2026-01-23 17:46:01,,,
2026-01-23 17:56:01,,,18.456
2026-01-23 17:57:01,26.576,20.427,
2026-01-23 18:02:01,,,
2026-01-23 18:03:01,,,
2026-01-23 18:04:01,,,
2026-01-23 18:10:01,,,
2026-01-23 18:11:01,,,
2026-01-23 18:15:01,,,
2026-01-23 18:16:01,,,
2026-01-23 18:26:01,,,18.519
2026-01-23 18:27:01,25.514,20.615,
2026-01-23 18:32:01,,,
2026-01-23 18:33:01,,,
2026-01-23 18:34:01,,,
2026-01-23 18:40:01,,,
2026-01-23 18:41:01,,,
2026-01-23 18:45:01,,,
2026-01-23 18:46:01,,,
2026-01-23 18:56:01,,,18.644
2026-01-23 18:57:01,24.513,20.74,
2026-01-23 19:02:01,,,
2026-01-23 19:03:01,,,
2026-01-23 19:04:01,,,
2026-01-23 19:10:01,,,
2026-01-23 19:11:01,,,
2026-01-23 19:15:01,,,
2026-01-23 19:16:01,,,
2026-01-23 19:26:01,,,18.769
2026-01-23 19:27:01,23.638,20.74,
2026-01-23 19:32:01,,,
2026-01-23 19:33:01,,,
2026-01-23 19:34:01,,,
2026-01-23 19:40:01,,,
2026-01-23 19:41:01,,,
2026-01-23 19:45:01,,,
2026-01-23 19:46:01,,,
2026-01-23 19:56:01,,,18.832
2026-01-23 19:57:01,22.95,20.74,
2026-01-23 20:02:01,,,
2026-01-23 20:03:01,,,
2026-01-23 20:04:01,,,
2026-01-23 20:10:01,,,
2026-01-23 20:11:01,,,
2026-01-23 20:15:01,,,
2026-01-23 20:16:01,,,
2026-01-23 20:26:01,,,18.957
2026-01-23 20:27:01,22.7,20.678,
2026-01-23 20:32:01,,,
2026-01-23 20:33:01,,,
2026-01-23 20:34:01,,,
2026-01-23 20:40:01,,,
2026-01-23 20:41:01,,,
2026-01-23 20:45:01,,,
2026-01-23 20:46:01,,,
2026-01-23 20:56:01,,,19.02
2026-01-23 20:57:01,22.012,20.553,
2026-01-23 21:02:01,,,
2026-01-23 21:03:01,,,
2026-01-23 21:04:01,,,
2026-01-23 21:10:01,,,
2026-01-23 21:11:01,,,
2026-01-23 21:15:01,,,
2026-01-23 21:16:01,,,
2026-01-23 21:26:01,,,19.082
2026-01-23 21:27:01,21.261,20.365,
2026-01-23 21:32:01,,,
2026-01-23 21:33:01,,,
2026-01-23 21:34:01,,,
2026-01-23 21:40:01,,,
2026-01-23 21:41:01,,,
2026-01-23 21:45:01,,,
2026-01-23 21:46:01,,,
2026-01-23 21:56:01,,,19.145
2026-01-23 21:57:01,20.573,20.24,
2026-01-23 22:02:01,,,
2026-01-23 22:03:01,,,
2026-01-23 22:04:01,,,
2026-01-23 22:10:01,,,
2026-01-23 22:11:01,,,
2026-01-23 22:15:01,,,
2026-01-23 22:16:01,,,
2026-01-23 22:26:01,,,19.208
2026-01-23 22:27:01,19.697,19.989,
2026-01-23 22:32:01,,,
2026-01-23 22:33:01,,,
2026-01-23 22:34:01,,,
2026-01-23 22:40:01,,,
2026-01-23 22:41:01,,,
2026-01-23 22:45:01,,,
2026-01-23 22:46:01,,,
2026-01-23 22:56:01,,,19.208
2026-01-23 22:57:01,18.883,19.801,
2026-01-23 23:02:01,,,
2026-01-23 23:03:01,,,
2026-01-23 23:04:01,,,
2026-01-23 23:10:01,,,
2026-01-23 23:11:01,,,
2026-01-23 23:15:01,,,
2026-01-23 23:16:01,,,
2026-01-23 23:26:01,,,19.208
2026-01-23 23:27:01,18.069,19.614,
2026-01-23 23:32:01,,,
2026-01-23 23:33:01,,,
2026-01-23 23:34:01,,,
2026-01-23 23:40:01,,,
2026-01-23 23:41:01,,,
2026-01-23 23:45:01,,,
2026-01-23 23:46:01,,,
2026-01-23 23:56:01,,,19.208
2026-01-23 23:57:01,17.193,19.426,
2026-01-24 00:02:01,,,
2026-01-24 00:03:01,,,
2026-01-24 00:04:01,,,
2026-01-24 00:10:01,,,
2026-01-24 00:11:01,,,
2026-01-24 00:15:01,,,
2026-01-24 00:16:01,,,
2026-01-24 00:26:01,,,19.145
2026-01-24 00:27:01,16.504,19.238,
2026-01-24 00:32:01,,,
2026-01-24 00:33:01,,,
2026-01-24 00:34:01,,,
2026-01-24 00:40:01,,,
2026-01-24 00:41:01,,,
2026-01-24 00:45:01,,,
2026-01-24 00:46:01,,,
2026-01-24 00:56:01,,,19.082
2026-01-24 00:57:01,15.94,19.05,
2026-01-24 01:02:01,,,
2026-01-24 01:03:01,,,
2026-01-24 01:04:01,,,
2026-01-24 01:10:01,,,
2026-01-24 01:11:01,,,
2026-01-24 01:15:01,,,
2026-01-24 01:16:01,,,
2026-01-24 01:26:01,,,19.02
2026-01-24 01:27:01,15.565,18.925,
2026-01-24 01:32:01,,,
2026-01-24 01:33:01,,,
2026-01-24 01:34:01,,,
2026-01-24 01:40:01,,,
2026-01-24 01:41:01,,,
2026-01-24 01:45:01,,,
2026-01-24 01:46:01,,,
2026-01-24 01:56:01,,,18.957
2026-01-24 01:57:01,15.189,18.737,
2026-01-24 02:02:01,,,
2026-01-24 02:03:01,,,
2026-01-24 02:04:01,,,
2026-01-24 02:10:01,,,
2026-01-24 02:11:01,,,
2026-01-24 02:15:01,,,
2026-01-24 02:16:01,,,
2026-01-24 02:26:01,,,18.894
2026-01-24 02:27:01,15.001,18.549,
2026-01-24 02:32:01,,,
2026-01-24 02:33:01,,,
2026-01-24 02:34:01,,,
2026-01-24 02:40:01,,,
2026-01-24 02:41:01,,,
2026-01-24 02:45:01,,,
2026-01-24 02:46:01,,,
2026-01-24 02:56:01,,,18.832
2026-01-24 02:57:01,14.625,18.424,
2026-01-24 03:02:01,,,
2026-01-24 03:03:01,,,
2026-01-24 03:04:01,,,
2026-01-24 03:10:01,,,
2026-01-24 03:11:01,,,
2026-01-24 03:15:01,,,
2026-01-24 03:16:01,,,
2026-01-24 03:26:01,,,18.769
2026-01-24 03:27:01,14.437,18.299,
2026-01-24 03:32:01,,,
2026-01-24 03:33:01,,,
2026-01-24 03:34:01,,,
2026-01-24 03:40:01,,,
2026-01-24 03:41:01,,,
2026-01-24 03:45:01,,,
2026-01-24 03:46:01,,,
2026-01-24 03:56:01,,,18.707
2026-01-24 03:57:01,14.312,18.111,
2026-01-24 04:02:01,,,
2026-01-24 04:03:01,,,
2026-01-24 04:04:01,,,
2026-01-24 04:10:01,,,
2026-01-24 04:11:01,,,
2026-01-24 04:15:01,,,
2026-01-24 04:16:01,,,
2026-01-24 04:26:01,,,18.581
2026-01-24 04:27:01,14.061,17.986,
2026-01-24 04:32:01,,,
2026-01-24 04:33:01,,,
2026-01-24 04:34:01,,,
2026-01-24 04:40:01,,,
2026-01-24 04:41:01,,,
2026-01-24 04:45:01,,,
2026-01-24 04:46:01,,,
2026-01-24 04:56:01,,,18.519
2026-01-24 04:57:01,13.748,17.86,
2026-01-24 05:02:01,,,
2026-01-24 05:03:01,,,
2026-01-24 05:04:01,,,
2026-01-24 05:10:01,,,
2026-01-24 05:11:01,,,
2026-01-24 05:15:01,,,
2026-01-24 05:16:01,,,
2026-01-24 05:26:01,,,18.456
2026-01-24 05:27:01,13.56,17.735,
2026-01-24 05:32:01,,,
2026-01-24 05:33:01,,,
2026-01-24 05:34:01,,,
2026-01-24 05:40:01,,,
2026-01-24 05:41:01,,,
2026-01-24 05:45:01,,,
2026-01-24 05:46:01,,,
2026-01-24 05:56:01,,,18.456
2026-01-24 05:57:01,13.497,17.547,
2026-01-24 06:02:01,,,
2026-01-24 06:03:01,,,
2026-01-24 06:04:01,,,
2026-01-24 06:10:01,,,
2026-01-24 06:11:01,,,
2026-01-24 06:15:01,,,
2026-01-24 06:16:01,,,
2026-01-24 06:26:01,,,18.393
2026-01-24 06:27:01,13.372,17.422,
2026-01-24 06:32:01,,,
2026-01-24 06:33:01,,,
2026-01-24 06:34:01,,,
2026-01-24 06:40:01,,,
2026-01-24 06:41:01,,,
2026-01-24 06:45:01,,,
2026-01-24 06:46:01,,,
2026-01-24 06:56:01,,,18.331
2026-01-24 06:57:01,13.121,17.297,
2026-01-24 07:02:01,,,
2026-01-24 07:03:01,,,
2026-01-24 07:04:01,,,
2026-01-24 07:10:01,,,
2026-01-24 07:11:01,,,
2026-01-24 07:15:01,,,
2026-01-24 07:16:01,,,
2026-01-24 07:26:01,,,18.268
2026-01-24 07:27:01,12.996,17.171,
2026-01-24 07:32:01,,,
2026-01-24 07:33:01,,,
2026-01-24 07:34:01,,,
2026-01-24 07:40:01,,,
2026-01-24 07:41:01,,,
2026-01-24 07:45:01,,,
2026-01-24 07:46:01,,,
2026-01-24 07:56:01,,,18.205
2026-01-24 07:57:01,13.121,17.046,
2026-01-24 08:02:01,,,
2026-01-24 08:03:01,,,
2026-01-24 08:04:01,,,
2026-01-24 08:10:01,,,
2026-01-24 08:11:01,,,
2026-01-24 08:15:01,,,
2026-01-24 08:16:01,,,
2026-01-24 08:26:01,,,18.143
2026-01-24 08:27:01,13.372,16.983,
2026-01-24 08:32:01,,,
2026-01-24 08:33:01,,,
2026-01-24 08:34:01,,,
2026-01-24 08:40:01,,,
2026-01-24 08:41:01,,,
2026-01-24 08:45:01,,,
2026-01-24 08:46:01,,,
2026-01-24 08:56:01,,,18.08
2026-01-24 08:57:01,13.873,16.858,
2026-01-24 09:02:01,,,
2026-01-24 09:03:01,,,
2026-01-24 09:04:01,,,
2026-01-24 09:10:01,,,
2026-01-24 09:11:01,,,
2026-01-24 09:15:01,,,
2026-01-24 09:16:01,,,
2026-01-24 09:26:01,,,18.08
2026-01-24 09:27:01,15.565,16.733,
2026-01-24 09:32:01,,,
2026-01-24 09:33:01,,,
2026-01-24 09:34:01,,,
2026-01-24 09:40:01,,,
2026-01-24 09:41:01,,,
2026-01-24 09:45:01,,,
2026-01-24 09:46:01,,,
2026-01-24 09:56:01,,,18.017
2026-01-24 09:57:01,17.13,16.67,
2026-01-24 10:02:01,,,
2026-01-24 10:03:01,,,
2026-01-24 10:04:01,,,
2026-01-24 10:10:01,,,
2026-01-24 10:11:01,,,
2026-01-24 10:15:01,,,
2026-01-24 10:16:01,,,
2026-01-24 10:26:01,,,17.955
2026-01-24 10:27:01,18.445,16.607,
2026-01-24 10:32:01,,,
2026-01-24 10:33:01,,,
2026-01-24 10:34:01,,,
2026-01-24 10:40:01,,,
2026-01-24 10:41:01,,,
2026-01-24 10:45:01,,,
2026-01-24 10:46:01,,,
2026-01-24 10:56:01,,,17.892
2026-01-24 10:57:01,19.759,16.545,
2026-01-24 11:02:01,,,
2026-01-24 11:03:01,,,
2026-01-24 11:04:01,,,
2026-01-24 11:10:01,,,
2026-01-24 11:11:01,,,
2026-01-24 11:15:01,,,
2026-01-24 11:16:01,,,
2026-01-24 11:26:01,,,17.892
2026-01-24 11:27:01,20.948,16.545,
2026-01-24 11:32:01,,,
2026-01-24 11:33:01,,,
2026-01-24 11:34:01,,,
2026-01-24 11:40:01,,,
2026-01-24 11:41:01,,,
2026-01-24 11:45:01,,,
2026-01-24 11:46:01,,,
2026-01-24 11:56:01,,,17.83
2026-01-24 11:57:01,22.2,16.607,
2026-01-24 12:02:01,,,
2026-01-24 12:03:01,,,
2026-01-24 12:04:01,,,
2026-01-24 12:10:01,,,
2026-01-24 12:11:01,,,
2026-01-24 12:15:01,,,
2026-01-24 12:16:01,,,
2026-01-24 12:26:01,,,17.83
2026-01-24 12:27:01,23.575,16.733,
2026-01-24 12:32:01,,,
2026-01-24 12:33:01,,,
2026-01-24 12:34:01,,,
2026-01-24 12:40:01,,,
2026-01-24 12:41:01,,,
2026-01-24 12:45:01,,,
2026-01-24 12:46:01,,,
2026-01-24 12:56:01,,,17.83
2026-01-24 12:57:01,25.326,16.858,
2026-01-24 13:02:01,,,
2026-01-24 13:03:01,,,
2026-01-24 13:04:01,,,
2026-01-24 13:10:01,,,
2026-01-24 13:11:01,,,
2026-01-24 13:15:01,,,
2026-01-24 13:16:01,,,
2026-01-24 13:26:01,,,17.83
2026-01-24 13:27:01,27.264,17.109,
2026-01-24 13:32:01,,,
2026-01-24 13:33:01,,,
2026-01-24 13:34:01,,,
2026-01-24 13:40:01,,,
2026-01-24 13:41:01,,,
2026-01-24 13:45:01,,,
2026-01-24 13:46:01,,,
2026-01-24 13:56:01,,,17.83
2026-01-24 13:57:01,28.701,17.422,
2026-01-24 14:02:01,,,
2026-01-24 14:03:01,,,
2026-01-24 14:04:01,,,
2026-01-24 14:10:01,,,
2026-01-24 14:11:01,,,
2026-01-24 14:15:01,,,
2026-01-24 14:16:01,,,
2026-01-24 14:26:01,,,17.83
2026-01-24 14:27:01,30.137,17.735,
2026-01-24 14:32:01,,,
2026-01-24 14:33:01,,,
2026-01-24 14:34:01,,,
2026-01-24 14:40:01,,,
2026-01-24 14:41:01,,,
2026-01-24 14:45:01,,,
2026-01-24 14:46:01,,,
2026-01-24 14:56:01,,,17.83
2026-01-24 14:57:01,29.45,18.111,
2026-01-24 15:02:01,,,
2026-01-24 15:03:01,,,
2026-01-24 15:04:01,,,
2026-01-24 15:10:01,,,
2026-01-24 15:11:01,,,
2026-01-24 15:15:01,,,
2026-01-24 15:16:01,,,
2026-01-24 15:26:01,,,17.892
2026-01-24 15:27:01,28.95,18.487,
2026-01-24 15:32:01,,,
2026-01-24 15:33:01,,,
2026-01-24 15:34:01,,,
2026-01-24 15:40:01,,,
2026-01-24 15:41:01,,,
2026-01-24 15:45:01,,,
2026-01-24 15:46:01,,,
2026-01-24 15:56:01,,,17.892
2026-01-24 15:57:01,29.075,18.862,
2026-01-24 16:02:01,,,
2026-01-24 16:03:01,,,
2026-01-24 16:04:01,,,
2026-01-24 16:10:01,,,
2026-01-24 16:11:01,,,
2026-01-24 16:15:01,,,
2026-01-24 16:16:01,,,
2026-01-24 16:26:01,,,17.955
2026-01-24 16:27:01,28.763,19.301,
2026-01-24 16:32:01,,,
2026-01-24 16:33:01,,,
2026-01-24 16:34:01,,,
2026-01-24 16:40:01,,,
2026-01-24 16:41:01,,,
2026-01-24 16:45:01,,,
2026-01-24 16:46:01,,,
2026-01-24 16:56:01,,,18.08
2026-01-24 16:57:01,28.326,19.676,
2026-01-24 17:02:01,,,
2026-01-24 17:03:01,,,
2026-01-24 17:04:01,,,
2026-01-24 17:10:01,,,
2026-01-24 17:11:01,,,
2026-01-24 17:15:01,,,
2026-01-24 17:16:01,,,
2026-01-24 17:26:01,,,18.143
2026-01-24 17:27:01,27.639,19.989,
2026-01-24 17:32:01,,,
2026-01-24 17:33:01,,,
2026-01-24 17:34:01,,,
2026-01-24 17:40:01,,,
2026-01-24 17:41:01,,,
2026-01-24 17:45:01,,,
2026-01-24 17:46:01,,,
2026-01-24 17:56:01,,,18.268
2026-01-24 17:57:01,26.701,20.302,
2026-01-24 18:02:01,,,
2026-01-24 18:03:01,,,
2026-01-24 18:04:01,,,
2026-01-24 18:10:01,,,
2026-01-24 18:11:01,,,
2026-01-24 18:15:01,,,
2026-01-24 18:16:01,,,
2026-01-24 18:26:01,,,18.331
2026-01-24 18:27:01,25.451,20.553,
2026-01-24 18:32:01,,,
2026-01-24 18:33:01,,,
2026-01-24 18:34:01,,,
2026-01-24 18:40:01,,,
2026-01-24 18:41:01,,,
2026-01-24 18:45:01,,,
2026-01-24 18:46:01,,,
2026-01-24 18:56:01,,,18.519
2026-01-24 18:57:01,24.513,20.74,
2026-01-24 19:02:01,,,
2026-01-24 19:03:01,,,
2026-01-24 19:04:01,,,
2026-01-24 19:10:01,,,
2026-01-24 19:11:01,,,
2026-01-24 19:15:01,,,
2026-01-24 19:16:01,,,
2026-01-24 19:26:01,,,18.644
2026-01-24 19:27:01,23.826,20.866,
2026-01-24 19:32:01,,,
2026-01-24 19:33:01,,,
2026-01-24 19:34:01,,,
2026-01-24 19:40:01,,,
2026-01-24 19:41:01,,,
2026-01-24 19:45:01,,,
2026-01-24 19:46:01,,,
2026-01-24 19:56:01,,,18.832
2026-01-24 19:57:01,23.263,20.928,
2026-01-24 20:02:01,,,
2026-01-24 20:03:01,,,
2026-01-24 20:04:01,,,
2026-01-24 20:10:01,,,
2026-01-24 20:11:01,,,
2026-01-24 20:15:01,,,
2026-01-24 20:16:01,,,
2026-01-24 20:26:01,,,19.02
2026-01-24 20:27:01,22.762,20.866,
2026-01-24 20:32:01,,,
2026-01-24 20:33:01,,,
2026-01-24 20:34:01,,,
2026-01-24 20:40:01,,,
2026-01-24 20:41:01,,,
2026-01-24 20:45:01,,,
2026-01-24 20:46:01,,,
2026-01-24 20:56:01,,,19.082
2026-01-24 20:57:01,22.012,20.803,
2026-01-24 21:02:01,,,
2026-01-24 21:03:01,,,
2026-01-24 21:04:01,,,
2026-01-24 21:10:01,,,
2026-01-24 21:11:01,,,
2026-01-24 21:15:01,,,
2026-01-24 21:16:01,,,
2026-01-24 21:26:01,,,19.208
2026-01-24 21:27:01,21.324,20.615,
2026-01-24 21:32:01,,,
2026-01-24 21:33:01,,,
2026-01-24 21:34:01,,,
2026-01-24 21:40:01,,,
2026-01-24 21:41:01,,,
2026-01-24 21:45:01,,,
2026-01-24 21:46:01,,,
2026-01-24 21:56:01,,,19.27
2026-01-24 21:57:01,20.698,20.427,
2026-01-24 22:02:01,,,
2026-01-24 22:03:01,,,
2026-01-24 22:04:01,,,
2026-01-24 22:10:01,,,
2026-01-24 22:11:01,,,
2026-01-24 22:15:01,,,
2026-01-24 22:16:01,,,
2026-01-24 22:26:01,,,19.27
2026-01-24 22:27:01,19.572,20.24,
2026-01-24 22:32:01,,,
2026-01-24 22:33:01,,,
2026-01-24 22:34:01,,,
2026-01-24 22:40:01,,,
2026-01-24 22:41:01,,,
2026-01-24 22:45:01,,,
2026-01-24 22:46:01,,,
2026-01-24 22:56:01,,,19.333
2026-01-24 22:57:01,18.32,20.052,
2026-01-24 23:02:01,,,
2026-01-24 23:03:01,,,
2026-01-24 23:04:01,,,
2026-01-24 23:10:01,,,
2026-01-24 23:11:01,,,
2026-01-24 23:15:01,,,
2026-01-24 23:16:01,,,
2026-01-24 23:26:01,,,19.27
2026-01-24 23:27:01,17.443,19.801,
2026-01-24 23:32:01,,,
2026-01-24 23:33:01,,,
2026-01-24 23:34:01,,,
2026-01-24 23:40:01,,,
2026-01-24 23:41:01,,,
2026-01-24 23:45:01,,,
2026-01-24 23:46:01,,,
2026-01-24 23:56:01,,,19.27
2026-01-24 23:57:01,16.817,19.614,
2026-01-25 00:02:01,,,
2026-01-25 00:03:01,,,
2026-01-25 00:04:01,,,
2026-01-25 00:10:01,,,
2026-01-25 00:11:01,,,
2026-01-25 00:15:01,,,
2026-01-25 00:16:01,,,
2026-01-25 00:26:01,,,19.27
2026-01-25 00:27:01,16.254,19.426,
2026-01-25 00:32:01,,,
2026-01-25 00:33:01,,,
2026-01-25 00:34:01,,,
2026-01-25 00:40:01,,,
2026-01-25 00:41:01,,,
2026-01-25 00:45:01,,,
2026-01-25 00:46:01,,,
2026-01-25 00:56:01,,,19.208
2026-01-25 00:57:01,16.066,19.238,
2026-01-25 01:02:01,,,
2026-01-25 01:03:01,,,
2026-01-25 01:04:01,,,
2026-01-25 01:10:01,,,
2026-01-25 01:11:01,,,
2026-01-25 01:15:01,,,
2026-01-25 01:16:01,,,
2026-01-25 01:26:01,,,19.145
2026-01-25 01:27:01,15.627,18.988,
2026-01-25 01:32:01,,,
2026-01-25 01:33:01,,,
2026-01-25 01:34:01,,,
2026-01-25 01:40:01,,,
2026-01-25 01:41:01,,,
2026-01-25 01:45:01,,,
2026-01-25 01:46:01,,,
2026-01-25 01:56:01,,,19.082
2026-01-25 01:57:01,15.252,18.862,
2026-01-25 02:02:01,,,
2026-01-25 02:03:01,,,
2026-01-25 02:04:01,,,
2026-01-25 02:10:01,,,
2026-01-25 02:11:01,,,
2026-01-25 02:15:01,,,
2026-01-25 02:16:01,,,
2026-01-25 02:26:01,,,19.02
2026-01-25 02:27:01,14.876,18.674,
2026-01-25 02:32:01,,,
2026-01-25 02:33:01,,,
2026-01-25 02:34:01,,,
2026-01-25 02:40:01,,,
2026-01-25 02:41:01,,,
2026-01-25 02:45:01,,,
2026-01-25 02:46:01,,,
2026-01-25 02:56:01,,,18.894
2026-01-25 02:57:01,14.437,18.487,
2026-01-25 03:02:01,,,
2026-01-25 03:03:01,,,
2026-01-25 03:04:01,,,
2026-01-25 03:10:01,,,
2026-01-25 03:11:01,,,
2026-01-25 03:15:01,,,
2026-01-25 03:16:01,,,
2026-01-25 03:26:01,,,18.832
2026-01-25 03:27:01,14.187,18.299,
2026-01-25 03:32:01,,,
2026-01-25 03:33:01,,,
2026-01-25 03:34:01,,,
2026-01-25 03:40:01,,,
2026-01-25 03:41:01,,,
2026-01-25 03:45:01,,,
2026-01-25 03:46:01,,,
2026-01-25 03:56:01,,,18.769
2026-01-25 03:57:01,14.061,18.173,
2026-01-25 04:02:01,,,
2026-01-25 04:03:01,,,
2026-01-25 04:04:01,,,
2026-01-25 04:10:01,,,
2026-01-25 04:11:01,,,
2026-01-25 04:15:01,,,
2026-01-25 04:16:01,,,
2026-01-25 04:26:01,,,18.644
2026-01-25 04:27:01,13.999,17.986,
2026-01-25 04:32:01,,,
2026-01-25 04:33:01,,,
2026-01-25 04:34:01,,,
2026-01-25 04:40:01,,,
2026-01-25 04:41:01,,,
2026-01-25 04:45:01,,,
2026-01-25 04:46:01,,,
2026-01-25 04:56:01,,,18.581
2026-01-25 04:57:01,13.685,17.86,
2026-01-25 05:02:01,,,
2026-01-25 05:03:01,,,
2026-01-25 05:04:01,,,
2026-01-25 05:10:01,,,
2026-01-25 05:11:01,,,
2026-01-25 05:15:01,,,
2026-01-25 05:16:01,,,
2026-01-25 05:26:01,,,18.456
2026-01-25 05:27:01,13.56,17.672,
2026-01-25 05:32:01,,,
2026-01-25 05:33:01,,,
2026-01-25 05:34:01,,,
2026-01-25 05:40:01,,,
2026-01-25 05:41:01,,,
2026-01-25 05:45:01,,,
2026-01-25 05:46:01,,,
2026-01-25 05:56:01,,,18.393
2026-01-25 05:57:01,13.309,17.547,
2026-01-25 06:02:01,,,
2026-01-25 06:03:01,,,
2026-01-25 06:04:01,,,
2026-01-25 06:10:01,,,
2026-01-25 06:11:01,,,
2026-01-25 06:15:01,,,
2026-01-25 06:16:01,,,
2026-01-25 06:26:01,,,18.331
2026-01-25 06:27:01,12.996,17.422,
2026-01-25 06:32:01,,,
2026-01-25 06:33:01,,,
2026-01-25 06:34:01,,,
2026-01-25 06:40:01,,,
2026-01-25 06:41:01,,,
2026-01-25 06:45:01,,,
2026-01-25 06:46:01,,,
2026-01-25 06:56:01,,,18.205
2026-01-25 06:57:01,12.808,17.234,
2026-01-25 07:02:01,,,
2026-01-25 07:03:01,,,
2026-01-25 07:04:01,,,
2026-01-25 07:10:01,,,
2026-01-25 07:11:01,,,
2026-01-25 07:15:01,,,
2026-01-25 07:16:01,,,
2026-01-25 07:26:01,,,18.143
2026-01-25 07:27:01,12.933,17.109,
2026-01-25 07:32:01,,,
2026-01-25 07:33:01,,,
2026-01-25 07:34:01,,,
2026-01-25 07:40:01,,,
2026-01-25 07:41:01,,,
2026-01-25 07:45:01,,,
2026-01-25 07:46:01,,,
2026-01-25 07:56:01,,,18.08
2026-01-25 07:57:01,12.933,16.983,
2026-01-25 08:02:01,,,
2026-01-25 08:03:01,,,
2026-01-25 08:04:01,,,
2026-01-25 08:10:01,,,
2026-01-25 08:11:01,,,
2026-01-25 08:15:01,,,
2026-01-25 08:16:01,,,
2026-01-25 08:26:01,,,17.955
2026-01-25 08:27:01,13.121,16.858,
2026-01-25 08:32:01,,,
2026-01-25 08:33:01,,,
2026-01-25 08:34:01,,,
2026-01-25 08:40:01,,,
2026-01-25 08:41:01,,,
2026-01-25 08:45:01,,,
2026-01-25 08:46:01,,,
2026-01-25 08:56:01,,,17.892
2026-01-25 08:57:01,13.748,16.733,
2026-01-25 09:02:01,,,
2026-01-25 09:03:01,,,
2026-01-25 09:04:01,,,
2026-01-25 09:10:01,,,
2026-01-25 09:11:01,,,
2026-01-25 09:15:01,,,
2026-01-25 09:16:01,,,
2026-01-25 09:26:01,,,17.83
2026-01-25 09:27:01,15.064,16.67,
2026-01-25 09:32:01,,,
2026-01-25 09:33:01,,,
2026-01-25 09:34:01,,,
2026-01-25 09:40:01,,,
2026-01-25 09:41:01,,,
2026-01-25 09:45:01,,,
2026-01-25 09:46:01,,,
2026-01-25 09:56:01,,,17.767
2026-01-25 09:57:01,16.128,16.607,
2026-01-25 10:02:01,,,
2026-01-25 10:03:01,,,
2026-01-25 10:04:01,,,
2026-01-25 10:10:01,,,
2026-01-25 10:11:01,,,
2026-01-25 10:15:01,,,
2026-01-25 10:16:01,,,
2026-01-25 10:26:01,,,17.704
2026-01-25 10:27:01,17.381,16.482,
2026-01-25 10:32:01,,,
2026-01-25 10:33:01,,,
2026-01-25 10:34:01,,,
2026-01-25 10:40:01,,,
2026-01-25 10:41:01,,,
2026-01-25 10:45:01,,,
2026-01-25 10:46:01,,,
2026-01-25 10:56:01,,,17.642
2026-01-25 10:57:01,18.695,16.482,
2026-01-25 11:02:01,,,
2026-01-25 11:03:01,,,
2026-01-25 11:04:01,,,
2026-01-25 11:10:01,,,
2026-01-25 11:11:01,,,
2026-01-25 11:15:01,,,
2026-01-25 11:16:01,,,
2026-01-25 11:26:01,,,17.579
2026-01-25 11:27:01,19.759,16.482,
2026-01-25 11:32:01,,,
2026-01-25 11:33:01,,,
2026-01-25 11:34:01,,,
2026-01-25 11:40:01,,,
2026-01-25 11:41:01,,,
2026-01-25 11:45:01,,,
2026-01-25 11:46:01,,,
2026-01-25 11:56:01,,,17.579
2026-01-25 11:57:01,21.011,16.545,
2026-01-25 12:02:01,,,
2026-01-25 12:03:01,,,
2026-01-25 12:04:01,,,
2026-01-25 12:10:01,,,
2026-01-25 12:11:01,,,
2026-01-25 12:15:01,,,
2026-01-25 12:16:01,,,
2026-01-25 12:26:01,,,17.516
2026-01-25 12:27:01,22.012,16.607,
2026-01-25 12:32:01,,,
2026-01-25 12:33:01,,,
2026-01-25 12:34:01,,,
2026-01-25 12:40:01,,,
2026-01-25 12:41:01,,,
2026-01-25 12:45:01,,,
2026-01-25 12:46:01,,,
2026-01-25 12:56:01,,,17.516
2026-01-25 12:57:01,23.45,16.795,
2026-01-25 13:02:01,,,
2026-01-25 13:03:01,,,
2026-01-25 13:04:01,,,
2026-01-25 13:10:01,,,
2026-01-25 13:11:01,,,
2026-01-25 13:15:01,,,
2026-01-25 13:16:01,,,
2026-01-25 13:26:01,,,17.516
2026-01-25 13:27:01,25.264,16.983,
2026-01-25 13:32:01,,,
2026-01-25 13:33:01,,,
2026-01-25 13:34:01,,,
2026-01-25 13:40:01,,,
2026-01-25 13:41:01,,,
2026-01-25 13:45:01,,,
2026-01-25 13:46:01,,,
2026-01-25 13:56:01,,,17.579
2026-01-25 13:57:01,27.014,17.297,
2026-01-25 14:02:01,,,
2026-01-25 14:03:01,,,
2026-01-25 14:04:01,,,
2026-01-25 14:10:01,,,
2026-01-25 14:11:01,,,
2026-01-25 14:15:01,,,
2026-01-25 14:16:01,,,
2026-01-25 14:26:01,,,17.579
2026-01-25 14:27:01,28.638,17.61,
2026-01-25 14:32:01,,,
2026-01-25 14:33:01,,,
2026-01-25 14:34:01,,,
2026-01-25 14:40:01,,,
2026-01-25 14:41:01,,,
2026-01-25 14:45:01,,,
2026-01-25 14:46:01,,,
2026-01-25 14:56:01,,,17.704
2026-01-25 14:57:01,28.201,18.048,
2026-01-25 15:02:01,,,
2026-01-25 15:03:01,,,
2026-01-25 15:04:01,,,
2026-01-25 15:10:01,,,
2026-01-25 15:11:01,,,
2026-01-25 15:15:01,,,
2026-01-25 15:16:01,,,
2026-01-25 15:26:01,,,17.767
2026-01-25 15:27:01,27.076,18.487,
2026-01-25 15:32:01,,,
2026-01-25 15:33:01,,,
2026-01-25 15:34:01,,,
2026-01-25 15:40:01,,,
2026-01-25 15:41:01,,,
2026-01-25 15:45:01,,,
2026-01-25 15:46:01,,,
2026-01-25 15:56:01,,,17.892
2026-01-25 15:57:01,27.201,18.862,
2026-01-25 16:02:01,,,
2026-01-25 16:03:01,,,
2026-01-25 16:04:01,,,
2026-01-25 16:10:01,,,
2026-01-25 16:11:01,,,
2026-01-25 16:15:01,,,
2026-01-25 16:16:01,,,
2026-01-25 16:26:01,,,18.017
2026-01-25 16:27:01,27.326,19.301,
2026-01-25 16:32:01,,,
2026-01-25 16:33:01,,,
2026-01-25 16:34:01,,,
2026-01-25 16:40:01,,,
2026-01-25 16:41:01,,,
2026-01-25 16:45:01,,,
2026-01-25 16:46:01,,,
2026-01-25 16:56:01,,,18.143
2026-01-25 16:57:01,26.639,19.614,
2026-01-25 17:02:01,,,
2026-01-25 17:03:01,,,
2026-01-25 17:04:01,,,
2026-01-25 17:10:01,,,
2026-01-25 17:11:01,,,
2026-01-25 17:15:01,,,
2026-01-25 17:16:01,,,
2026-01-25 17:26:01,,,18.331
2026-01-25 17:27:01,25.201,19.927,
2026-01-25 17:32:01,,,
2026-01-25 17:33:01,,,
2026-01-25 17:34:01,,,
2026-01-25 17:40:01,,,
2026-01-25 17:41:01,,,
2026-01-25 17:45:01,,,
2026-01-25 17:46:01,,,
2026-01-25 17:56:01,,,18.456
2026-01-25 17:57:01,23.826,20.114,
2026-01-25 18:02:01,,,
2026-01-25 18:03:01,,,
2026-01-25 18:04:01,,,
2026-01-25 18:10:01,,,
2026-01-25 18:11:01,,,
2026-01-25 18:15:01,,,
2026-01-25 18:16:01,,,
2026-01-25 18:26:01,,,18.581
2026-01-25 18:27:01,22.387,20.302,
2026-01-25 18:32:01,,,
2026-01-25 18:33:01,,,
2026-01-25 18:34:01,,,
2026-01-25 18:40:01,,,
2026-01-25 18:41:01,,,
2026-01-25 18:45:01,,,
2026-01-25 18:46:01,,,
2026-01-25 18:56:01,,,18.707
2026-01-25 18:57:01,21.324,20.365,
2026-01-25 19:02:01,,,
2026-01-25 19:03:01,,,
2026-01-25 19:04:01,,,
2026-01-25 19:10:01,,,
2026-01-25 19:11:01,,,
2026-01-25 19:15:01,,,
2026-01-25 19:16:01,,,
2026-01-25 19:26:01,,,18.769
2026-01-25 19:27:01,20.323,20.365,
2026-01-25 19:32:01,,,
2026-01-25 19:33:01,,,
2026-01-25 19:34:01,,,
2026-01-25 19:40:01,,,
2026-01-25 19:41:01,,,
2026-01-25 19:45:01,,,
2026-01-25 19:46:01,,,
2026-01-25 19:56:01,,,18.894
2026-01-25 19:57:01,19.634,20.302,
2026-01-25 20:02:01,,,
2026-01-25 20:03:01,,,
2026-01-25 20:04:01,,,
2026-01-25 20:10:01,,,
2026-01-25 20:11:01,,,
2026-01-25 20:15:01,,,
2026-01-25 20:16:01,,,
2026-01-25 20:26:01,,,18.957
2026-01-25 20:27:01,18.883,20.24,
2026-01-25 20:32:01,,,
2026-01-25 20:33:01,,,
2026-01-25 20:34:01,,,
2026-01-25 20:40:01,,,
2026-01-25 20:41:01,,,
2026-01-25 20:45:01,,,
2026-01-25 20:46:01,,,
2026-01-25 20:56:01,,,18.957
2026-01-25 20:57:01,18.257,20.052,
2026-01-25 21:02:01,,,
2026-01-25 21:03:01,,,
2026-01-25 21:04:01,,,
2026-01-25 21:10:01,,,
2026-01-25 21:11:01,,,
2026-01-25 21:15:01,,,
2026-01-25 21:16:01,,,
2026-01-25 21:26:01,,,19.02
2026-01-25 21:27:01,17.381,19.864,
2026-01-25 21:32:01,,,
2026-01-25 21:33:01,,,
2026-01-25 21:34:01,,,
2026-01-25 21:40:01,,,
2026-01-25 21:41:01,,,
2026-01-25 21:45:01,,,
2026-01-25 21:46:01,,,
2026-01-25 21:56:01,,,19.02
2026-01-25 21:57:01,16.191,19.676,
2026-01-25 22:02:01,,,
2026-01-25 22:03:01,,,
2026-01-25 22:04:01,,,
2026-01-25 22:10:01,,,
2026-01-25 22:11:01,,,
2026-01-25 22:15:01,,,
2026-01-25 22:16:01,,,
2026-01-25 22:26:01,,,19.02
2026-01-25 22:27:01,15.753,19.488,
2026-01-25 22:32:01,,,
2026-01-25 22:33:01,,,
2026-01-25 22:34:01,,,
2026-01-25 22:40:01,,,
2026-01-25 22:41:01,,,
2026-01-25 22:45:01,,,
2026-01-25 22:46:01,,,
2026-01-25 22:56:01,,,19.02
2026-01-25 22:57:01,15.627,19.301,
2026-01-25 23:02:01,,,
2026-01-25 23:03:01,,,
2026-01-25 23:04:01,,,
2026-01-25 23:10:01,,,
2026-01-25 23:11:01,,,
2026-01-25 23:15:01,,,
2026-01-25 23:16:01,,,
2026-01-25 23:26:01,,,18.957
2026-01-25 23:27:01,16.003,19.113,
2026-01-25 23:32:01,,,
2026-01-25 23:33:01,,,
2026-01-25 23:34:01,,,
2026-01-25 23:40:01,,,
2026-01-25 23:41:01,,,
2026-01-25 23:45:01,,,
2026-01-25 23:46:01,,,
2026-01-25 23:56:01,,,18.894
2026-01-25 23:57:01,15.815,18.925,
2026-01-26 00:02:01,,,
2026-01-26 00:03:01,,,
2026-01-26 00:04:01,,,
2026-01-26 00:10:01,,,
2026-01-26 00:11:01,,,
2026-01-26 00:15:01,,,
2026-01-26 00:16:01,,,
2026-01-26 00:26:01,,,18.894
2026-01-26 00:27:01,14.813,18.737,
2026-01-26 00:32:01,,,
2026-01-26 00:33:01,,,
2026-01-26 00:34:01,,,
2026-01-26 00:40:01,,,
2026-01-26 00:41:01,,,
2026-01-26 00:45:01,,,
2026-01-26 00:46:01,,,
2026-01-26 00:56:01,,,18.832
2026-01-26 00:57:01,14.5,18.612,
2026-01-26 01:02:01,,,
2026-01-26 01:03:01,,,
2026-01-26 01:04:01,,,
2026-01-26 01:10:01,,,
2026-01-26 01:11:01,,,
2026-01-26 01:15:01,,,
2026-01-26 01:16:01,,,
2026-01-26 01:26:01,,,18.769
2026-01-26 01:27:01,14.562,18.487,
2026-01-26 01:32:01,,,
2026-01-26 01:33:01,,,
2026-01-26 01:34:01,,,
2026-01-26 01:40:01,,,
2026-01-26 01:41:01,,,
2026-01-26 01:45:01,,,
2026-01-26 01:46:01,,,
2026-01-26 01:56:01,,,18.707
2026-01-26 01:57:01,14.625,18.299,
2026-01-26 02:02:01,,,
2026-01-26 02:03:01,,,
2026-01-26 02:04:01,,,
2026-01-26 02:10:01,,,
2026-01-26 02:11:01,,,
2026-01-26 02:15:01,,,
2026-01-26 02:16:01,,,
2026-01-26 02:26:01,,,18.707
2026-01-26 02:27:01,14.688,18.173,
2026-01-26 02:32:01,,,
2026-01-26 02:33:01,,,
2026-01-26 02:34:01,,,
2026-01-26 02:40:01,,,
2026-01-26 02:41:01,,,
2026-01-26 02:45:01,,,
2026-01-26 02:46:01,,,
2026-01-26 02:56:01,,,18.644
2026-01-26 02:57:01,14.625,18.048,
2026-01-26 03:02:01,,,
2026-01-26 03:03:01,,,
2026-01-26 03:04:01,,,
2026-01-26 03:10:01,,,
2026-01-26 03:11:01,,,
2026-01-26 03:15:01,,,
2026-01-26 03:16:01,,,
2026-01-26 03:26:01,,,18.581
2026-01-26 03:27:01,14.562,17.923,
2026-01-26 03:32:01,,,
2026-01-26 03:33:01,,,
2026-01-26 03:34:01,,,
2026-01-26 03:40:01,,,
2026-01-26 03:41:01,,,
2026-01-26 03:45:01,,,
2026-01-26 03:46:01,,,
2026-01-26 03:56:01,,,18.581
2026-01-26 03:57:01,14.374,17.798,
2026-01-26 04:02:01,,,
2026-01-26 04:03:01,,,
2026-01-26 04:04:01,,,
2026-01-26 04:10:01,,,
2026-01-26 04:11:01,,,
2026-01-26 04:15:01,,,
2026-01-26 04:16:01,,,
2026-01-26 04:26:01,,,18.519
2026-01-26 04:27:01,14.374,17.672,
2026-01-26 04:32:01,,,
2026-01-26 04:33:01,,,
2026-01-26 04:34:01,,,
2026-01-26 04:40:01,,,
2026-01-26 04:41:01,,,
2026-01-26 04:45:01,,,
2026-01-26 04:46:01,,,
2026-01-26 04:56:01,,,18.456
2026-01-26 04:57:01,14.312,17.61,
2026-01-26 05:02:01,,,
2026-01-26 05:03:01,,,
2026-01-26 05:04:01,,,
2026-01-26 05:10:01,,,
2026-01-26 05:11:01,,,
2026-01-26 05:15:01,,,
2026-01-26 05:16:01,,,
2026-01-26 05:26:01,,,18.393
2026-01-26 05:27:01,14.249,17.484,
2026-01-26 05:32:01,,,
2026-01-26 05:33:01,,,
2026-01-26 05:34:01,,,
2026-01-26 05:40:01,,,
2026-01-26 05:41:01,,,
2026-01-26 05:45:01,,,
2026-01-26 05:46:01,,,
2026-01-26 05:56:01,,,18.393
2026-01-26 05:57:01,14.187,17.422,
2026-01-26 06:02:01,,,
2026-01-26 06:03:01,,,
2026-01-26 06:04:01,,,
2026-01-26 06:10:01,,,
2026-01-26 06:11:01,,,
2026-01-26 06:15:01,,,
2026-01-26 06:16:01,,,
2026-01-26 06:26:01,,,18.331
2026-01-26 06:27:01,14.187,17.297,
2026-01-26 06:32:01,,,
2026-01-26 06:33:01,,,
2026-01-26 06:34:01,,,
2026-01-26 06:40:01,,,
2026-01-26 06:41:01,,,
2026-01-26 06:45:01,,,
2026-01-26 06:46:01,,,
2026-01-26 06:56:01,,,18.268
2026-01-26 06:57:01,14.187,17.234,
2026-01-26 07:02:01,,,
2026-01-26 07:03:01,,,
2026-01-26 07:04:01,,,
2026-01-26 07:10:01,,,
2026-01-26 07:11:01,,,
2026-01-26 07:15:01,,,
2026-01-26 07:16:01,,,
2026-01-26 07:26:01,,,18.268
2026-01-26 07:27:01,14.249,17.109,
2026-01-26 07:32:01,,,
2026-01-26 07:33:01,,,
2026-01-26 07:34:01,,,
2026-01-26 07:40:01,,,
2026-01-26 07:41:01,,,
2026-01-26 07:45:01,,,
2026-01-26 07:46:01,,,
2026-01-26 07:56:01,,,18.205
2026-01-26 07:57:01,14.249,17.046,
2026-01-26 08:02:01,,,
2026-01-26 08:03:01,,,
2026-01-26 08:04:01,,,
2026-01-26 08:10:01,,,
2026-01-26 08:11:01,,,
2026-01-26 08:15:01,,,
2026-01-26 08:16:01,,,
2026-01-26 08:26:01,,,18.143
2026-01-26 08:27:01,14.5,16.983,
2026-01-26 08:32:01,,,
2026-01-26 08:33:01,,,
2026-01-26 08:34:01,,,
2026-01-26 08:40:01,,,
2026-01-26 08:41:01,,,
2026-01-26 08:45:01,,,
2026-01-26 08:46:01,,,
2026-01-26 08:56:01,,,18.143
2026-01-26 08:57:01,14.876,16.921,
2026-01-26 09:02:01,,,
2026-01-26 09:03:01,,,
2026-01-26 09:04:01,,,
2026-01-26 09:10:01,,,
2026-01-26 09:11:01,,,
2026-01-26 09:15:01,,,
2026-01-26 09:16:01,,,
2026-01-26 09:26:01,,,18.08
2026-01-26 09:27:01,15.314,16.795,
2026-01-26 09:32:01,,,
2026-01-26 09:33:01,,,
2026-01-26 09:34:01,,,
2026-01-26 09:40:01,,,
2026-01-26 09:41:01,,,
2026-01-26 09:45:01,,,
2026-01-26 09:46:01,,,
2026-01-26 09:56:01,,,18.017
2026-01-26 09:57:01,16.003,16.733,
2026-01-26 10:02:01,,,
2026-01-26 10:03:01,,,
2026-01-26 10:04:01,,,
2026-01-26 10:10:01,,,
2026-01-26 10:11:01,,,
2026-01-26 10:15:01,,,
2026-01-26 10:16:01,,,
2026-01-26 10:26:01,,,18.017
2026-01-26 10:27:01,17.256,16.733,
2026-01-26 10:32:01,,,
2026-01-26 10:33:01,,,
2026-01-26 10:34:01,,,
2026-01-26 10:40:01,,,
2026-01-26 10:41:01,,,
2026-01-26 10:45:01,,,
2026-01-26 10:46:01,,,
2026-01-26 10:56:01,,,17.955
2026-01-26 10:57:01,18.445,16.733,
2026-01-26 11:02:01,,,
2026-01-26 11:03:01,,,
2026-01-26 11:04:01,,,
2026-01-26 11:10:01,,,
2026-01-26 11:11:01,,,
2026-01-26 11:15:01,,,
2026-01-26 11:16:01,,,
2026-01-26 11:26:01,,,17.955
2026-01-26 11:27:01,19.321,16.733,
2026-01-26 11:32:01,,,
2026-01-26 11:33:01,,,
2026-01-26 11:34:01,,,
2026-01-26 11:40:01,,,
2026-01-26 11:41:01,,,
2026-01-26 11:45:01,,,
2026-01-26 11:46:01,,,
2026-01-26 11:56:01,,,17.892
2026-01-26 11:57:01,19.947,16.733,
2026-01-26 12:02:01,,,
2026-01-26 12:03:01,,,
2026-01-26 12:04:01,,,
2026-01-26 12:10:01,,,
2026-01-26 12:11:01,,,
2026-01-26 12:15:01,,,
2026-01-26 12:16:01,,,
2026-01-26 12:26:01,,,17.892
2026-01-26 12:27:01,20.948,16.858,
2026-01-26 12:32:01,,,
2026-01-26 12:33:01,,,
2026-01-26 12:34:01,,,
2026-01-26 12:40:01,,,
2026-01-26 12:41:01,,,
2026-01-26 12:45:01,,,
2026-01-26 12:46:01,,,
2026-01-26 12:56:01,,,17.892
2026-01-26 12:57:01,22.387,16.983,
2026-01-26 13:02:01,,,
2026-01-26 13:03:01,,,
2026-01-26 13:04:01,,,
2026-01-26 13:10:01,,,
2026-01-26 13:11:01,,,
2026-01-26 13:15:01,,,
2026-01-26 13:16:01,,,
2026-01-26 13:26:01,,,17.892
2026-01-26 13:27:01,24.076,17.171,
2026-01-26 13:32:01,,,
2026-01-26 13:33:01,,,
2026-01-26 13:34:01,,,
2026-01-26 13:40:01,,,
2026-01-26 13:41:01,,,
2026-01-26 13:45:01,,,
2026-01-26 13:46:01,,,
2026-01-26 13:56:01,,,17.83
2026-01-26 13:57:01,25.951,17.359,
2026-01-26 14:02:01,,,
2026-01-26 14:03:01,,,
2026-01-26 14:04:01,,,
2026-01-26 14:10:01,,,
2026-01-26 14:11:01,,,
2026-01-26 14:15:01,,,
2026-01-26 14:16:01,,,
2026-01-26 14:26:01,,,17.83
2026-01-26 14:27:01,24.888,17.672,
2026-01-26 14:32:01,,,
2026-01-26 14:33:01,,,
2026-01-26 14:34:01,,,
2026-01-26 14:40:01,,,
2026-01-26 14:41:01,,,
2026-01-26 14:45:01,,,
2026-01-26 14:46:01,,,
2026-01-26 14:56:01,,,17.83
2026-01-26 14:57:01,25.264,17.986,
2026-01-26 15:02:01,,,
2026-01-26 15:03:01,,,
2026-01-26 15:04:01,,,
2026-01-26 15:10:01,,,
2026-01-26 15:11:01,,,
2026-01-26 15:15:01,,,
2026-01-26 15:16:01,,,
2026-01-26 15:26:01,,,17.83
2026-01-26 15:27:01,26.201,18.236,
2026-01-26 15:32:01,,,
2026-01-26 15:33:01,,,
2026-01-26 15:34:01,,,
2026-01-26 15:40:01,,,
2026-01-26 15:41:01,,,
2026-01-26 15:45:01,,,
2026-01-26 15:46:01,,,
2026-01-26 15:56:01,,,17.83
2026-01-26 15:57:01,25.139,18.549,
2026-01-26 16:02:01,,,
2026-01-26 16:03:01,,,
2026-01-26 16:04:01,,,
2026-01-26 16:10:01,,,
2026-01-26 16:11:01,,,
2026-01-26 16:15:01,,,
2026-01-26 16:16:01,,,
2026-01-26 16:26:01,,,17.892
2026-01-26 16:27:01,24.138,18.737,
2026-01-26 16:32:01,,,
2026-01-26 16:33:01,,,
2026-01-26 16:34:01,,,
2026-01-26 16:40:01,,,
2026-01-26 16:41:01,,,
2026-01-26 16:45:01,,,
2026-01-26 16:46:01,,,
2026-01-26 16:56:01,,,17.892
2026-01-26 16:57:01,24.138,18.925,
2026-01-26 17:02:01,,,
2026-01-26 17:03:01,,,
2026-01-26 17:04:01,,,
2026-01-26 17:10:01,,,
2026-01-26 17:11:01,,,
2026-01-26 17:15:01,,,
2026-01-26 17:16:01,,,
2026-01-26 17:26:01,,,17.955
2026-01-26 17:27:01,24.701,19.113,
2026-01-26 17:32:01,,,
2026-01-26 17:33:01,,,
2026-01-26 17:34:01,,,
2026-01-26 17:40:01,,,
2026-01-26 17:41:01,,,
2026-01-26 17:45:01,,,
2026-01-26 17:46:01,,,
2026-01-26 17:56:01,,,18.017
2026-01-26 17:57:01,24.576,19.238,
2026-01-26 18:02:01,,,
2026-01-26 18:03:01,,,
2026-01-26 18:04:01,,,
2026-01-26 18:10:01,,,
2026-01-26 18:11:01,,,
2026-01-26 18:15:01,,,
2026-01-26 18:16:01,,,
2026-01-26 18:26:01,,,18.017
2026-01-26 18:27:01,23.325,19.301,
2026-01-26 18:32:01,,,
2026-01-26 18:33:01,,,
2026-01-26 18:34:01,,,
2026-01-26 18:40:01,,,
2026-01-26 18:41:01,,,
2026-01-26 18:45:01,,,
2026-01-26 18:46:01,,,
2026-01-26 18:56:01,,,18.08
2026-01-26 18:57:01,22.762,19.363,
2026-01-26 19:02:01,,,
2026-01-26 19:03:01,,,
2026-01-26 19:04:01,,,
2026-01-26 19:10:01,,,
2026-01-26 19:11:01,,,
2026-01-26 19:15:01,,,
2026-01-26 19:16:01,,,
2026-01-26 19:26:01,,,18.143
2026-01-26 19:27:01,22.2,19.426,
2026-01-26 19:32:01,,,
2026-01-26 19:33:01,,,
2026-01-26 19:34:01,,,
2026-01-26 19:40:01,,,
2026-01-26 19:41:01,,,
2026-01-26 19:45:01,,,
2026-01-26 19:46:01,,,
2026-01-26 19:56:01,,,18.205
2026-01-26 19:57:01,21.386,19.426,
2026-01-26 20:02:01,,,
2026-01-26 20:03:01,,,
2026-01-26 20:04:01,,,
2026-01-26 20:10:01,,,
2026-01-26 20:11:01,,,
2026-01-26 20:15:01,,,
2026-01-26 20:16:01,,,
2026-01-26 20:26:01,,,18.268
2026-01-26 20:27:01,20.51,19.426,
2026-01-26 20:32:01,,,
2026-01-26 20:33:01,,,
2026-01-26 20:34:01,,,
2026-01-26 20:40:01,,,
2026-01-26 20:41:01,,,
2026-01-26 20:45:01,,,
2026-01-26 20:46:01,,,
2026-01-26 20:56:01,,,18.331
2026-01-26 20:57:01,19.759,19.363,
2026-01-26 21:02:01,,,
2026-01-26 21:03:01,,,
2026-01-26 21:04:01,,,
2026-01-26 21:10:01,,,
2026-01-26 21:11:01,,,
2026-01-26 21:15:01,,,
2026-01-26 21:16:01,,,
2026-01-26 21:26:01,,,18.331
2026-01-26 21:27:01,19.134,19.238,
2026-01-26 21:32:01,,,
2026-01-26 21:33:01,,,
2026-01-26 21:34:01,,,
2026-01-26 21:40:01,,,
2026-01-26 21:41:01,,,
2026-01-26 21:45:01,,,
2026-01-26 21:46:01,,,
2026-01-26 21:56:01,,,18.393
2026-01-26 21:57:01,18.382,19.113,
2026-01-26 22:02:01,,,
2026-01-26 22:03:01,,,
2026-01-26 22:04:01,,,
2026-01-26 22:10:01,,,
2026-01-26 22:11:01,,,
2026-01-26 22:15:01,,,
2026-01-26 22:16:01,,,
2026-01-26 22:26:01,,,18.393
2026-01-26 22:27:01,17.381,18.988,
2026-01-26 22:32:01,,,
2026-01-26 22:33:01,,,
2026-01-26 22:34:01,,,
2026-01-26 22:40:01,,,
2026-01-26 22:41:01,,,
2026-01-26 22:45:01,,,
2026-01-26 22:46:01,,,
2026-01-26 22:56:01,,,18.456
2026-01-26 22:57:01,16.567,18.862,
2026-01-26 23:02:01,,,
2026-01-26 23:03:01,,,
2026-01-26 23:04:01,,,
2026-01-26 23:10:01,,,
2026-01-26 23:11:01,,,
2026-01-26 23:15:01,,,
2026-01-26 23:16:01,,,
2026-01-26 23:26:01,,,18.456
2026-01-26 23:27:01,16.003,18.674,
2026-01-26 23:32:01,,,
2026-01-26 23:33:01,,,
2026-01-26 23:34:01,,,
2026-01-26 23:40:01,,,
2026-01-26 23:41:01,,,
2026-01-26 23:45:01,,,
2026-01-26 23:46:01,,,
2026-01-26 23:56:01,,,18.456
2026-01-26 23:57:01,15.377,18.549,
2026-01-27 00:02:01,,,
2026-01-27 00:03:01,,,
2026-01-27 00:04:01,,,
2026-01-27 00:10:01,,,
2026-01-27 00:11:01,,,
2026-01-27 00:15:01,,,
2026-01-27 00:16:01,,,
2026-01-27 00:26:01,,,18.456
2026-01-27 00:27:01,14.938,18.361,
2026-01-27 00:32:01,,,
2026-01-27 00:33:01,,,
2026-01-27 00:34:01,,,
2026-01-27 00:40:01,,,
2026-01-27 00:41:01,,,
2026-01-27 00:45:01,,,
2026-01-27 00:46:01,,,
2026-01-27 00:56:01,,,18.456
2026-01-27 00:57:01,14.876,18.236,
2026-01-27 01:02:01,,,
2026-01-27 01:03:01,,,
2026-01-27 01:04:01,,,
2026-01-27 01:10:01,,,
2026-01-27 01:11:01,,,
2026-01-27 01:15:01,,,
2026-01-27 01:16:01,,,
2026-01-27 01:26:01,,,18.456
2026-01-27 01:27:01,14.813,18.111,
2026-01-27 01:32:01,,,
2026-01-27 01:33:01,,,
2026-01-27 01:34:01,,,
2026-01-27 01:40:01,,,
2026-01-27 01:41:01,,,
2026-01-27 01:45:01,,,
2026-01-27 01:46:01,,,
2026-01-27 01:56:01,,,18.393
2026-01-27 01:57:01,14.437,17.986,
2026-01-27 02:02:01,,,
2026-01-27 02:03:01,,,
2026-01-27 02:04:01,,,
2026-01-27 02:10:01,,,
2026-01-27 02:11:01,,,
2026-01-27 02:15:01,,,
2026-01-27 02:16:01,,,
2026-01-27 02:26:01,,,18.393
2026-01-27 02:27:01,14.187,17.86,
2026-01-27 02:32:01,,,
2026-01-27 02:33:01,,,
2026-01-27 02:34:01,,,
2026-01-27 02:40:01,,,
2026-01-27 02:41:01,,,
2026-01-27 02:45:01,,,
2026-01-27 02:46:01,,,
2026-01-27 02:56:01,,,18.331
2026-01-27 02:57:01,13.999,17.672,
2026-01-27 03:02:01,,,
2026-01-27 03:03:01,,,
2026-01-27 03:04:01,,,
2026-01-27 03:10:01,,,
2026-01-27 03:11:01,,,
2026-01-27 03:15:01,,,
2026-01-27 03:16:01,,,
2026-01-27 03:26:01,,,18.331
2026-01-27 03:27:01,13.623,17.61,
2026-01-27 03:32:01,,,
2026-01-27 03:33:01,,,
2026-01-27 03:34:01,,,
2026-01-27 03:40:01,,,
2026-01-27 03:41:01,,,
2026-01-27 03:45:01,,,
2026-01-27 03:46:01,,,
2026-01-27 03:56:01,,,18.268
2026-01-27 03:57:01,13.623,17.422,
2026-01-27 04:02:01,,,
2026-01-27 04:03:01,,,
2026-01-27 04:04:01,,,
2026-01-27 04:10:01,,,
2026-01-27 04:11:01,,,
2026-01-27 04:15:01,,,
2026-01-27 04:16:01,,,
2026-01-27 04:26:01,,,18.205
2026-01-27 04:27:01,14.061,17.297,
2026-01-27 04:32:01,,,
2026-01-27 04:33:01,,,
2026-01-27 04:34:01,,,
2026-01-27 04:40:01,,,
2026-01-27 04:41:01,,,
2026-01-27 04:45:01,,,
2026-01-27 04:46:01,,,
2026-01-27 04:56:01,,,18.205
2026-01-27 04:57:01,13.811,17.171,
2026-01-27 05:02:01,,,
2026-01-27 05:03:01,,,
2026-01-27 05:04:01,,,
2026-01-27 05:10:01,,,
2026-01-27 05:11:01,,,
2026-01-27 05:15:01,,,
2026-01-27 05:16:01,,,
2026-01-27 05:26:01,,,18.143
2026-01-27 05:27:01,13.372,17.109,
2026-01-27 05:32:01,,,
2026-01-27 05:33:01,,,
2026-01-27 05:34:01,,,
2026-01-27 05:40:01,,,
2026-01-27 05:41:01,,,
2026-01-27 05:45:01,,,
2026-01-27 05:46:01,,,
2026-01-27 05:56:01,,,18.08
2026-01-27 05:57:01,13.121,16.983,
2026-01-27 06:02:01,,,
2026-01-27 06:03:01,,,
2026-01-27 06:04:01,,,
2026-01-27 06:10:01,,,
2026-01-27 06:11:01,,,
2026-01-27 06:15:01,,,
2026-01-27 06:16:01,,,
2026-01-27 06:26:01,,,18.08
2026-01-27 06:27:01,12.745,16.858,
2026-01-27 06:32:01,,,
2026-01-27 06:33:01,,,
2026-01-27 06:34:01,,,
2026-01-27 06:40:01,,,
2026-01-27 06:41:01,,,
2026-01-27 06:45:01,,,
2026-01-27 06:46:01,,,
2026-01-27 06:56:01,,,18.017
2026-01-27 06:57:01,12.495,16.733,
2026-01-27 07:02:01,,,
2026-01-27 07:03:01,,,
2026-01-27 07:04:01,,,
2026-01-27 07:10:01,,,
2026-01-27 07:11:01,,,
2026-01-27 07:15:01,,,
2026-01-27 07:16:01,,,
2026-01-27 07:26:01,,,17.955
2026-01-27 07:27:01,12.369,16.67,
2026-01-27 07:32:01,,,
2026-01-27 07:33:01,,,
2026-01-27 07:34:01,,,
2026-01-27 07:40:01,,,
2026-01-27 07:41:01,,,
2026-01-27 07:45:01,,,
2026-01-27 07:46:01,,,
2026-01-27 07:56:01,,,17.955
2026-01-27 07:57:01,12.369,16.545,
2026-01-27 08:02:01,,,
2026-01-27 08:03:01,,,
2026-01-27 08:04:01,,,
2026-01-27 08:10:01,,,
2026-01-27 08:11:01,,,
2026-01-27 08:15:01,,,
2026-01-27 08:16:01,,,
2026-01-27 08:26:01,,,17.892
2026-01-27 08:27:01,12.745,16.419,
2026-01-27 08:32:01,,,
2026-01-27 08:33:01,,,
2026-01-27 08:34:01,,,
2026-01-27 08:40:01,,,
2026-01-27 08:41:01,,,
2026-01-27 08:45:01,,,
2026-01-27 08:46:01,,,
2026-01-27 08:56:01,,,17.83
2026-01-27 08:57:01,13.184,16.357,
2026-01-27 09:02:01,,,
2026-01-27 09:03:01,,,
2026-01-27 09:04:01,,,
2026-01-27 09:10:01,,,
2026-01-27 09:11:01,,,
2026-01-27 09:15:01,,,
2026-01-27 09:16:01,,,
2026-01-27 09:26:01,,,17.83
2026-01-27 09:27:01,14.312,16.231,
2026-01-27 09:32:01,,,
2026-01-27 09:33:01,,,
2026-01-27 09:34:01,,,
2026-01-27 09:40:01,,,
2026-01-27 09:41:01,,,
2026-01-27 09:45:01,,,
2026-01-27 09:46:01,,,
2026-01-27 09:56:01,,,17.767
2026-01-27 09:57:01,15.502,16.169,
2026-01-27 10:02:01,,,
2026-01-27 10:03:01,,,
2026-01-27 10:04:01,,,
2026-01-27 10:10:01,,,
2026-01-27 10:11:01,,,
2026-01-27 10:15:01,,,
2026-01-27 10:16:01,,,
2026-01-27 10:26:01,,,17.704
2026-01-27 10:27:01,16.629,16.106,
2026-01-27 10:32:01,,,
2026-01-27 10:33:01,,,
2026-01-27 10:34:01,,,
2026-01-27 10:40:01,,,
2026-01-27 10:41:01,,,
2026-01-27 10:45:01,,,
2026-01-27 10:46:01,,,
2026-01-27 10:56:01,,,17.704
2026-01-27 10:57:01,17.882,16.043,
2026-01-27 11:02:01,,,
2026-01-27 11:03:01,,,
2026-01-27 11:04:01,,,
2026-01-27 11:10:01,,,
2026-01-27 11:11:01,,,
2026-01-27 11:15:01,,,
2026-01-27 11:16:01,,,
2026-01-27 11:26:01,,,17.642
2026-01-27 11:27:01,19.384,16.043,
2026-01-27 11:32:01,,,
2026-01-27 11:33:01,,,
2026-01-27 11:34:01,,,
2026-01-27 11:40:01,,,
2026-01-27 11:41:01,,,
2026-01-27 11:45:01,,,
2026-01-27 11:46:01,,,
2026-01-27 11:56:01,,,17.579
2026-01-27 11:57:01,20.635,16.106,
2026-01-27 12:02:01,,,
2026-01-27 12:03:01,,,
2026-01-27 12:04:01,,,
2026-01-27 12:10:01,,,
2026-01-27 12:11:01,,,
2026-01-27 12:15:01,,,
2026-01-27 12:16:01,,,
2026-01-27 12:26:01,,,17.579
2026-01-27 12:27:01,21.949,16.169,
2026-01-27 12:32:01,,,
2026-01-27 12:33:01,,,
2026-01-27 12:34:01,,,
2026-01-27 12:40:01,,,
2026-01-27 12:41:01,,,
2026-01-27 12:45:01,,,
2026-01-27 12:46:01,,,
2026-01-27 12:56:01,,,17.516
2026-01-27 12:57:01,23.701,16.294,
2026-01-27 13:02:01,,,
2026-01-27 13:03:01,,,
2026-01-27 13:04:01,,,
2026-01-27 13:10:01,,,
2026-01-27 13:11:01,,,
2026-01-27 13:15:01,,,
2026-01-27 13:16:01,,,
2026-01-27 13:26:01,,,17.516
2026-01-27 13:27:01,25.514,16.482,
2026-01-27 13:32:01,,,
2026-01-27 13:33:01,,,
2026-01-27 13:34:01,,,
2026-01-27 13:40:01,,,
2026-01-27 13:41:01,,,
2026-01-27 13:45:01,,,
2026-01-27 13:46:01,,,
2026-01-27 13:56:01,,,17.516
2026-01-27 13:57:01,27.326,16.733,
2026-01-27 14:02:01,,,
2026-01-27 14:03:01,,,
2026-01-27 14:04:01,,,
2026-01-27 14:10:01,,,
2026-01-27 14:11:01,,,
2026-01-27 14:15:01,,,
2026-01-27 14:16:01,,,
2026-01-27 14:26:01,,,17.454
2026-01-27 14:27:01,29.138,17.046,
2026-01-27 14:32:01,,,
2026-01-27 14:33:01,,,
2026-01-27 14:34:01,,,
2026-01-27 14:40:01,,,
2026-01-27 14:41:01,,,
2026-01-27 14:45:01,,,
2026-01-27 14:46:01,,,
2026-01-27 14:56:01,,,17.454
2026-01-27 14:57:01,28.576,17.359,
2026-01-27 15:02:01,,,
2026-01-27 15:03:01,,,
2026-01-27 15:04:01,,,
2026-01-27 15:10:01,,,
2026-01-27 15:11:01,,,
2026-01-27 15:15:01,,,
2026-01-27 15:16:01,,,
2026-01-27 15:26:01,,,17.454
2026-01-27 15:27:01,28.138,17.735,
2026-01-27 15:32:01,,,
2026-01-27 15:33:01,,,
2026-01-27 15:34:01,,,
2026-01-27 15:40:01,,,
2026-01-27 15:41:01,,,
2026-01-27 15:45:01,,,
2026-01-27 15:46:01,,,
2026-01-27 15:56:01,,,17.454
2026-01-27 15:57:01,28.451,18.173,
2026-01-27 16:02:01,,,
2026-01-27 16:03:01,,,
2026-01-27 16:04:01,,,
2026-01-27 16:10:01,,,
2026-01-27 16:11:01,,,
2026-01-27 16:15:01,,,
2026-01-27 16:16:01,,,
2026-01-27 16:26:01,,,17.516
2026-01-27 16:27:01,28.326,18.549,
2026-01-27 16:32:01,,,
2026-01-27 16:33:01,,,
2026-01-27 16:34:01,,,
2026-01-27 16:40:01,,,
2026-01-27 16:41:01,,,
2026-01-27 16:45:01,,,
2026-01-27 16:46:01,,,
2026-01-27 16:56:01,,,17.516
2026-01-27 16:57:01,27.888,18.925,
2026-01-27 17:02:01,,,
2026-01-27 17:03:01,,,
2026-01-27 17:04:01,,,
2026-01-27 17:10:01,,,
2026-01-27 17:11:01,,,
2026-01-27 17:15:01,,,
2026-01-27 17:16:01,,,
2026-01-27 17:26:01,,,17.516
2026-01-27 17:27:01,27.264,19.238,
2026-01-27 17:32:01,,,
2026-01-27 17:33:01,,,
2026-01-27 17:34:01,,,
2026-01-27 17:40:01,,,
2026-01-27 17:41:01,,,
2026-01-27 17:45:01,,,
2026-01-27 17:46:01,,,
2026-01-27 17:56:01,,,17.579
2026-01-27 17:57:01,26.201,19.488,
2026-01-27 18:02:01,,,
2026-01-27 18:03:01,,,
2026-01-27 18:04:01,,,
2026-01-27 18:10:01,,,
2026-01-27 18:11:01,,,
2026-01-27 18:15:01,,,
2026-01-27 18:16:01,,,
2026-01-27 18:26:01,,,17.642
2026-01-27 18:27:01,24.888,19.739,
2026-01-27 18:32:01,,,
2026-01-27 18:33:01,,,
2026-01-27 18:34:01,,,
2026-01-27 18:40:01,,,
2026-01-27 18:41:01,,,
2026-01-27 18:45:01,,,
2026-01-27 18:46:01,,,
2026-01-27 18:56:01,,,17.704
2026-01-27 18:57:01,23.951,19.864,
2026-01-27 19:02:01,,,
2026-01-27 19:03:01,,,
2026-01-27 19:04:01,,,
2026-01-27 19:10:01,,,
2026-01-27 19:11:01,,,
2026-01-27 19:15:01,,,
2026-01-27 19:16:01,,,
2026-01-27 19:26:01,,,17.767
2026-01-27 19:27:01,23.2,19.989,
2026-01-27 19:32:01,,,
2026-01-27 19:33:01,,,
2026-01-27 19:34:01,,,
2026-01-27 19:40:01,,,
2026-01-27 19:41:01,,,
2026-01-27 19:45:01,,,
2026-01-27 19:46:01,,,
2026-01-27 19:56:01,,,17.892
2026-01-27 19:57:01,22.7,19.989,
2026-01-27 20:02:01,,,
2026-01-27 20:03:01,,,
2026-01-27 20:04:01,,,
2026-01-27 20:10:01,,,
2026-01-27 20:11:01,,,
2026-01-27 20:15:01,,,
2026-01-27 20:16:01,,,
2026-01-27 20:26:01,,,17.955
2026-01-27 20:27:01,21.887,19.989,
2026-01-27 20:32:01,,,
2026-01-27 20:33:01,,,
2026-01-27 20:34:01,,,
2026-01-27 20:40:01,,,
2026-01-27 20:41:01,,,
2026-01-27 20:45:01,,,
2026-01-27 20:46:01,,,
2026-01-27 20:56:01,,,18.017
2026-01-27 20:57:01,21.073,19.864,
2026-01-27 21:02:01,,,
2026-01-27 21:03:01,,,
2026-01-27 21:04:01,,,
2026-01-27 21:10:01,,,
2026-01-27 21:11:01,,,
2026-01-27 21:15:01,,,
2026-01-27 21:16:01,,,
2026-01-27 21:26:01,,,18.08
2026-01-27 21:27:01,20.448,19.801,
2026-01-27 21:32:01,,,
2026-01-27 21:33:01,,,
2026-01-27 21:34:01,,,
2026-01-27 21:40:01,,,
2026-01-27 21:41:01,,,
2026-01-27 21:45:01,,,
2026-01-27 21:46:01,,,
2026-01-27 21:56:01,,,18.143
2026-01-27 21:57:01,19.697,19.614,
2026-01-27 22:02:01,,,
2026-01-27 22:03:01,,,
2026-01-27 22:04:01,,,
2026-01-27 22:10:01,,,
2026-01-27 22:11:01,,,
2026-01-27 22:15:01,,,
2026-01-27 22:16:01,,,
2026-01-27 22:26:01,,,18.268
2026-01-27 22:27:01,18.821,19.488,
2026-01-27 22:32:01,,,
2026-01-27 22:33:01,,,
2026-01-27 22:34:01,,,
2026-01-27 22:40:01,,,
2026-01-27 22:41:01,,,
2026-01-27 22:45:01,,,
2026-01-27 22:46:01,,,
2026-01-27 22:56:01,,,18.268
2026-01-27 22:57:01,17.756,19.301,
2026-01-27 23:02:01,,,
2026-01-27 23:03:01,,,
2026-01-27 23:04:01,,,
2026-01-27 23:10:01,,,
2026-01-27 23:11:01,,,
2026-01-27 23:15:01,,,
2026-01-27 23:16:01,,,
2026-01-27 23:26:01,,,18.331
2026-01-27 23:27:01,16.942,19.113,
2026-01-27 23:32:01,,,
2026-01-27 23:33:01,,,
2026-01-27 23:34:01,,,
2026-01-27 23:40:01,,,
2026-01-27 23:41:01,,,
2026-01-27 23:45:01,,,
2026-01-27 23:46:01,,,
2026-01-27 23:56:01,,,18.393
2026-01-27 23:57:01,16.379,18.925,
2026-01-28 00:02:01,,,
2026-01-28 00:03:01,,,
2026-01-28 00:04:01,,,
2026-01-28 00:10:01,,,
2026-01-28 00:11:01,,,
2026-01-28 00:15:01,,,
2026-01-28 00:16:01,,,
2026-01-28 00:26:01,,,18.393
2026-01-28 00:27:01,15.878,18.8,
2026-01-28 00:32:01,,,
2026-01-28 00:33:01,,,
2026-01-28 00:34:01,,,
2026-01-28 00:40:01,,,
2026-01-28 00:41:01,,,
2026-01-28 00:45:01,,,
2026-01-28 00:46:01,,,
2026-01-28 00:56:01,,,18.456
2026-01-28 00:57:01,15.69,18.612,
2026-01-28 01:02:01,,,
2026-01-28 01:03:01,,,
2026-01-28 01:04:01,,,
2026-01-28 01:10:01,,,
2026-01-28 01:11:01,,,
2026-01-28 01:15:01,,,
2026-01-28 01:16:01,,,
2026-01-28 01:26:01,,,18.456
2026-01-28 01:27:01,15.565,18.487,
2026-01-28 01:32:01,,,
2026-01-28 01:33:01,,,
2026-01-28 01:34:01,,,
2026-01-28 01:40:01,,,
2026-01-28 01:41:01,,,
2026-01-28 01:45:01,,,
2026-01-28 01:46:01,,,
2026-01-28 01:56:01,,,18.456
2026-01-28 01:57:01,15.126,18.299,
2026-01-28 02:02:01,,,
2026-01-28 02:03:01,,,
2026-01-28 02:04:01,,,
2026-01-28 02:10:01,,,
2026-01-28 02:11:01,,,
2026-01-28 02:15:01,,,
2026-01-28 02:16:01,,,
2026-01-28 02:26:01,,,18.393
2026-01-28 02:27:01,14.75,18.173,
2026-01-28 02:32:01,,,
2026-01-28 02:33:01,,,
2026-01-28 02:34:01,,,
2026-01-28 02:40:01,,,
2026-01-28 02:41:01,,,
2026-01-28 02:45:01,,,
2026-01-28 02:46:01,,,
2026-01-28 02:56:01,,,18.393
2026-01-28 02:57:01,14.625,18.048,
2026-01-28 03:02:01,,,
2026-01-28 03:03:01,,,
2026-01-28 03:04:01,,,
2026-01-28 03:10:01,,,
2026-01-28 03:11:01,,,
2026-01-28 03:15:01,,,
2026-01-28 03:16:01,,,
2026-01-28 03:26:01,,,18.393
2026-01-28 03:27:01,14.876,17.923,
2026-01-28 03:32:01,,,
2026-01-28 03:33:01,,,
2026-01-28 03:34:01,,,
2026-01-28 03:40:01,,,
2026-01-28 03:41:01,,,
2026-01-28 03:45:01,,,
2026-01-28 03:46:01,,,
2026-01-28 03:56:01,,,18.331
2026-01-28 03:57:01,14.688,17.798,
2026-01-28 04:02:01,,,
2026-01-28 04:03:01,,,
2026-01-28 04:04:01,,,
2026-01-28 04:10:01,,,
2026-01-28 04:11:01,,,
2026-01-28 04:15:01,,,
2026-01-28 04:16:01,,,
2026-01-28 04:26:01,,,18.331
2026-01-28 04:27:01,14.124,17.672,
2026-01-28 04:32:01,,,
2026-01-28 04:33:01,,,
2026-01-28 04:34:01,,,
2026-01-28 04:40:01,,,
2026-01-28 04:41:01,,,
2026-01-28 04:45:01,,,
2026-01-28 04:46:01,,,
2026-01-28 04:56:01,,,18.268
2026-01-28 04:57:01,13.873,17.547,
2026-01-28 05:02:01,,,
2026-01-28 05:03:01,,,
2026-01-28 05:04:01,,,
2026-01-28 05:10:01,,,
2026-01-28 05:11:01,,,
2026-01-28 05:15:01,,,
2026-01-28 05:16:01,,,
2026-01-28 05:26:01,,,18.268
2026-01-28 05:27:01,13.748,17.422,
2026-01-28 05:32:01,,,
2026-01-28 05:33:01,,,
2026-01-28 05:34:01,,,
2026-01-28 05:40:01,,,
2026-01-28 05:41:01,,,
2026-01-28 05:45:01,,,
2026-01-28 05:46:01,,,
2026-01-28 05:56:01,,,18.205
2026-01-28 05:57:01,13.56,17.297,
2026-01-28 06:02:01,,,
2026-01-28 06:03:01,,,
2026-01-28 06:04:01,,,
2026-01-28 06:10:01,,,
2026-01-28 06:11:01,,,
2026-01-28 06:15:01,,,
2026-01-28 06:16:01,,,
2026-01-28 06:26:01,,,18.205
2026-01-28 06:27:01,13.309,17.171,
2026-01-28 06:32:01,,,
2026-01-28 06:33:01,,,
2026-01-28 06:34:01,,,
2026-01-28 06:40:01,,,
2026-01-28 06:41:01,,,
2026-01-28 06:45:01,,,
2026-01-28 06:46:01,,,
2026-01-28 06:56:01,,,18.143
2026-01-28 06:57:01,13.059,17.046,
2026-01-28 07:02:01,,,
2026-01-28 07:03:01,,,
2026-01-28 07:04:01,,,
2026-01-28 07:10:01,,,
2026-01-28 07:11:01,,,
2026-01-28 07:15:01,,,
2026-01-28 07:16:01,,,
2026-01-28 07:26:01,,,18.08
2026-01-28 07:27:01,13.059,16.921,
2026-01-28 07:32:01,,,
2026-01-28 07:33:01,,,
2026-01-28 07:34:01,,,
2026-01-28 07:40:01,,,
2026-01-28 07:41:01,,,
2026-01-28 07:45:01,,,
2026-01-28 07:46:01,,,
2026-01-28 07:56:01,,,18.08
2026-01-28 07:57:01,13.121,16.795,
2026-01-28 08:02:01,,,
2026-01-28 08:03:01,,,
2026-01-28 08:04:01,,,
2026-01-28 08:10:01,,,
2026-01-28 08:11:01,,,
2026-01-28 08:15:01,,,
2026-01-28 08:16:01,,,
2026-01-28 08:26:01,,,18.017
2026-01-28 08:27:01,13.497,16.733,
2026-01-28 08:32:01,,,
2026-01-28 08:33:01,,,
2026-01-28 08:34:01,,,
2026-01-28 08:40:01,,,
2026-01-28 08:41:01,,,
2026-01-28 08:45:01,,,
2026-01-28 08:46:01,,,
2026-01-28 08:56:01,,,18.017
2026-01-28 08:57:01,13.936,16.607,
2026-01-28 09:02:01,,,
2026-01-28 09:03:01,,,
2026-01-28 09:04:01,,,
2026-01-28 09:10:01,,,
2026-01-28 09:11:01,,,
2026-01-28 09:15:01,,,
2026-01-28 09:16:01,,,
2026-01-28 09:26:01,,,17.955
2026-01-28 09:27:01,15.377,16.482,
2026-01-28 09:32:01,,,
2026-01-28 09:33:01,,,
2026-01-28 09:34:01,,,
2026-01-28 09:40:01,,,
2026-01-28 09:41:01,,,
2026-01-28 09:45:01,,,
2026-01-28 09:46:01,,,
2026-01-28 09:56:01,,,17.892
2026-01-28 09:57:01,16.817,16.419,
2026-01-28 10:02:01,,,
2026-01-28 10:03:01,,,
2026-01-28 10:04:01,,,
2026-01-28 10:10:01,,,
2026-01-28 10:11:01,,,
2026-01-28 10:15:01,,,
2026-01-28 10:16:01,,,
2026-01-28 10:26:01,,,17.892
2026-01-28 10:27:01,18.382,16.357,
2026-01-28 10:32:01,,,
2026-01-28 10:33:01,,,
2026-01-28 10:34:01,,,
2026-01-28 10:40:01,,,
2026-01-28 10:41:01,,,
2026-01-28 10:45:01,,,
2026-01-28 10:46:01,,,
2026-01-28 10:56:01,,,17.83
2026-01-28 10:57:01,19.697,16.294,
2026-01-28 11:02:01,,,
2026-01-28 11:03:01,,,
2026-01-28 11:04:01,,,
2026-01-28 11:10:01,,,
2026-01-28 11:11:01,,,
2026-01-28 11:15:01,,,
2026-01-28 11:16:01,,,
2026-01-28 11:26:01,,,17.767
2026-01-28 11:27:01,21.324,16.294,
2026-01-28 11:32:01,,,
2026-01-28 11:33:01,,,
2026-01-28 11:34:01,,,
2026-01-28 11:40:01,,,
2026-01-28 11:41:01,,,
2026-01-28 11:45:01,,,
2026-01-28 11:46:01,,,
2026-01-28 11:56:01,,,17.767
2026-01-28 11:57:01,22.575,16.357,
2026-01-28 12:02:01,,,
2026-01-28 12:03:01,,,
2026-01-28 12:04:01,,,
2026-01-28 12:10:01,,,
2026-01-28 12:11:01,,,
2026-01-28 12:15:01,,,
2026-01-28 12:16:01,,,
2026-01-28 12:26:01,,,17.704
2026-01-28 12:27:01,23.888,16.419,
2026-01-28 12:32:01,,,
2026-01-28 12:33:01,,,
2026-01-28 12:34:01,,,
2026-01-28 12:40:01,,,
2026-01-28 12:41:01,,,
2026-01-28 12:45:01,,,
2026-01-28 12:46:01,,,
2026-01-28 12:56:01,,,17.704
2026-01-28 12:57:01,25.639,16.545,
2026-01-28 13:02:01,,,
2026-01-28 13:03:01,,,
2026-01-28 13:04:01,,,
2026-01-28 13:10:01,,,
2026-01-28 13:11:01,,,
2026-01-28 13:15:01,,,
2026-01-28 13:16:01,,,
2026-01-28 13:26:01,,,17.704
2026-01-28 13:27:01,27.451,16.733,
2026-01-28 13:32:01,,,
2026-01-28 13:33:01,,,
2026-01-28 13:34:01,,,
2026-01-28 13:40:01,,,
2026-01-28 13:41:01,,,
2026-01-28 13:45:01,,,
2026-01-28 13:46:01,,,
2026-01-28 13:56:01,,,17.642
2026-01-28 13:57:01,29.138,16.983,
2026-01-28 14:02:01,,,
2026-01-28 14:03:01,,,
2026-01-28 14:04:01,,,
2026-01-28 14:10:01,,,
2026-01-28 14:11:01,,,
2026-01-28 14:15:01,,,
2026-01-28 14:16:01,,,
2026-01-28 14:26:01,,,17.642
2026-01-28 14:27:01,30.512,17.297,
2026-01-28 14:32:01,,,
2026-01-28 14:33:01,,,
2026-01-28 14:34:01,,,
2026-01-28 14:40:01,,,
2026-01-28 14:41:01,,,
2026-01-28 14:45:01,,,
2026-01-28 14:46:01,,,
2026-01-28 14:56:01,,,17.642
2026-01-28 14:57:01,29.887,17.672,
2026-01-28 15:02:01,,,
2026-01-28 15:03:01,,,
2026-01-28 15:04:01,,,
2026-01-28 15:10:01,,,
2026-01-28 15:11:01,,,
2026-01-28 15:15:01,,,
2026-01-28 15:16:01,,,
2026-01-28 15:26:01,,,17.642
2026-01-28 15:27:01,29.95,18.048,
2026-01-28 15:32:01,,,
2026-01-28 15:33:01,,,
2026-01-28 15:34:01,,,
2026-01-28 15:40:01,,,
2026-01-28 15:41:01,,,
2026-01-28 15:45:01,,,
2026-01-28 15:46:01,,,
2026-01-28 15:56:01,,,17.642
2026-01-28 15:57:01,29.95,18.424,
2026-01-28 16:02:01,,,
2026-01-28 16:03:01,,,
2026-01-28 16:04:01,,,
2026-01-28 16:10:01,,,
2026-01-28 16:11:01,,,
2026-01-28 16:15:01,,,
2026-01-28 16:16:01,,,
2026-01-28 16:26:01,,,17.642
2026-01-28 16:27:01,29.762,18.8,
2026-01-28 16:32:01,,,
2026-01-28 16:33:01,,,
2026-01-28 16:34:01,,,
2026-01-28 16:40:01,,,
2026-01-28 16:41:01,,,
2026-01-28 16:45:01,,,
2026-01-28 16:46:01,,,
2026-01-28 16:56:01,,,17.642
2026-01-28 16:57:01,29.2,19.175,
2026-01-28 17:02:01,,,
2026-01-28 17:03:01,,,
2026-01-28 17:04:01,,,
2026-01-28 17:10:01,,,
2026-01-28 17:11:01,,,
2026-01-28 17:15:01,,,
2026-01-28 17:16:01,,,
2026-01-28 17:26:01,,,17.704
2026-01-28 17:27:01,28.388,19.551,
2026-01-28 17:32:01,,,
2026-01-28 17:33:01,,,
2026-01-28 17:34:01,,,
2026-01-28 17:40:01,,,
2026-01-28 17:41:01,,,
2026-01-28 17:45:01,,,
2026-01-28 17:46:01,,,
2026-01-28 17:56:01,,,17.767
2026-01-28 17:57:01,27.326,19.864,
2026-01-28 18:02:01,,,
2026-01-28 18:03:01,,,
2026-01-28 18:04:01,,,
2026-01-28 18:10:01,,,
2026-01-28 18:11:01,,,
2026-01-28 18:15:01,,,
2026-01-28 18:16:01,,,
2026-01-28 18:26:01,,,17.83
2026-01-28 18:27:01,26.389,20.052,
2026-01-28 18:32:01,,,
2026-01-28 18:33:01,,,
2026-01-28 18:34:01,,,
2026-01-28 18:40:01,,,
2026-01-28 18:41:01,,,
2026-01-28 18:45:01,,,
2026-01-28 18:46:01,,,
2026-01-28 18:56:01,,,17.892
2026-01-28 18:57:01,25.326,20.24,
2026-01-28 19:02:01,,,
2026-01-28 19:03:01,,,
2026-01-28 19:04:01,,,
2026-01-28 19:10:01,,,
2026-01-28 19:11:01,,,
2026-01-28 19:15:01,,,
2026-01-28 19:16:01,,,
2026-01-28 19:26:01,,,17.955
2026-01-28 19:27:01,24.451,20.365,
2026-01-28 19:32:01,,,
2026-01-28 19:33:01,,,
2026-01-28 19:34:01,,,
2026-01-28 19:40:01,,,
2026-01-28 19:41:01,,,
2026-01-28 19:45:01,,,
2026-01-28 19:46:01,,,
2026-01-28 19:56:01,,,18.08
2026-01-28 19:57:01,23.701,20.365,
2026-01-28 20:02:01,,,
2026-01-28 20:03:01,,,
2026-01-28 20:04:01,,,
2026-01-28 20:10:01,,,
2026-01-28 20:11:01,,,
2026-01-28 20:15:01,,,
2026-01-28 20:16:01,,,
2026-01-28 20:26:01,,,18.143
2026-01-28 20:27:01,23.2,20.365,
2026-01-28 20:32:01,,,
2026-01-28 20:33:01,,,
2026-01-28 20:34:01,,,
2026-01-28 20:40:01,,,
2026-01-28 20:41:01,,,
2026-01-28 20:45:01,,,
2026-01-28 20:46:01,,,
2026-01-28 20:56:01,,,18.268
2026-01-28 20:57:01,22.762,20.302,
2026-01-28 21:02:01,,,
2026-01-28 21:03:01,,,
2026-01-28 21:04:01,,,
2026-01-28 21:10:01,,,
2026-01-28 21:11:01,,,
2026-01-28 21:15:01,,,
2026-01-28 21:16:01,,,
2026-01-28 21:26:01,,,18.331
2026-01-28 21:27:01,22.2,20.24,
2026-01-28 21:32:01,,,
2026-01-28 21:33:01,,,
2026-01-28 21:34:01,,,
2026-01-28 21:40:01,,,
2026-01-28 21:41:01,,,
2026-01-28 21:45:01,,,
2026-01-28 21:46:01,,,
2026-01-28 21:56:01,,,18.393
2026-01-28 21:57:01,21.574,20.114,
2026-01-28 22:02:01,,,
2026-01-28 22:03:01,,,
2026-01-28 22:04:01,,,
2026-01-28 22:10:01,,,
2026-01-28 22:11:01,,,
2026-01-28 22:15:01,,,
2026-01-28 22:16:01,,,
2026-01-28 22:26:01,,,18.456
2026-01-28 22:27:01,20.698,19.927,
2026-01-28 22:32:01,,,
2026-01-28 22:33:01,,,
2026-01-28 22:34:01,,,
2026-01-28 22:40:01,,,
2026-01-28 22:41:01,,,
2026-01-28 22:45:01,,,
2026-01-28 22:46:01,,,
2026-01-28 22:56:01,,,18.519
2026-01-28 22:57:01,19.509,19.801,
2026-01-28 23:02:01,,,
2026-01-28 23:03:01,,,
2026-01-28 23:04:01,,,
2026-01-28 23:10:01,,,
2026-01-28 23:11:01,,,
2026-01-28 23:15:01,,,
2026-01-28 23:16:01,,,
2026-01-28 23:26:01,,,18.581
2026-01-28 23:27:01,18.633,19.614,
2026-01-28 23:32:01,,,
2026-01-28 23:33:01,,,
2026-01-28 23:34:01,,,
2026-01-28 23:40:01,,,
2026-01-28 23:41:01,,,
2026-01-28 23:45:01,,,
2026-01-28 23:46:01,,,
2026-01-28 23:56:01,,,18.644
2026-01-28 23:57:01,17.882,19.488,
2026-01-29 00:02:01,,,
2026-01-29 00:03:01,,,
2026-01-29 00:04:01,,,
2026-01-29 00:10:01,,,
2026-01-29 00:11:01,,,
2026-01-29 00:15:01,,,
2026-01-29 00:16:01,,,
2026-01-29 00:26:01,,,18.644
2026-01-29 00:27:01,17.569,19.301,
2026-01-29 00:32:01,,,
2026-01-29 00:33:01,,,
2026-01-29 00:34:01,,,
2026-01-29 00:40:01,,,
2026-01-29 00:41:01,,,
2026-01-29 00:45:01,,,
2026-01-29 00:46:01,,,
2026-01-29 00:56:01,,,18.707
2026-01-29 00:57:01,17.193,19.175,
2026-01-29 01:02:01,,,
2026-01-29 01:03:01,,,
2026-01-29 01:04:01,,,
2026-01-29 01:10:01,,,
2026-01-29 01:11:01,,,
2026-01-29 01:15:01,,,
2026-01-29 01:16:01,,,
2026-01-29 01:26:01,,,18.707
2026-01-29 01:27:01,16.88,18.988,
2026-01-29 01:32:01,,,
2026-01-29 01:33:01,,,
2026-01-29 01:34:01,,,
2026-01-29 01:40:01,,,
2026-01-29 01:41:01,,,
2026-01-29 01:45:01,,,
2026-01-29 01:46:01,,,
2026-01-29 01:56:01,,,18.707
2026-01-29 01:57:01,16.692,18.862,
2026-01-29 02:02:01,,,
2026-01-29 02:03:01,,,
2026-01-29 02:04:01,,,
2026-01-29 02:10:01,,,
2026-01-29 02:11:01,,,
2026-01-29 02:15:01,,,
2026-01-29 02:16:01,,,
2026-01-29 02:26:01,,,18.707
2026-01-29 02:27:01,16.379,18.737,
2026-01-29 02:32:01,,,
2026-01-29 02:33:01,,,
2026-01-29 02:34:01,,,
2026-01-29 02:40:01,,,
2026-01-29 02:41:01,,,
2026-01-29 02:45:01,,,
2026-01-29 02:46:01,,,
2026-01-29 02:56:01,,,18.707
2026-01-29 02:57:01,16.066,18.612,
2026-01-29 03:02:01,,,
2026-01-29 03:03:01,,,
2026-01-29 03:04:01,,,
2026-01-29 03:10:01,,,
2026-01-29 03:11:01,,,
2026-01-29 03:15:01,,,
2026-01-29 03:16:01,,,
2026-01-29 03:26:01,,,18.644
2026-01-29 03:27:01,16.629,18.487,
2026-01-29 03:32:01,,,
2026-01-29 03:33:01,,,
2026-01-29 03:34:01,,,
2026-01-29 03:40:01,,,
2026-01-29 03:41:01,,,
2026-01-29 03:45:01,,,
2026-01-29 03:46:01,,,
2026-01-29 03:56:01,,,18.644
2026-01-29 03:57:01,17.569,18.361,
2026-01-29 04:02:01,,,
2026-01-29 04:03:01,,,
2026-01-29 04:04:01,,,
2026-01-29 04:10:01,,,
2026-01-29 04:11:01,,,
2026-01-29 04:15:01,,,
2026-01-29 04:16:01,,,
2026-01-29 04:26:01,,,18.581
2026-01-29 04:27:01,17.694,18.236,
2026-01-29 04:32:01,,,
2026-01-29 04:33:01,,,
2026-01-29 04:34:01,,,
2026-01-29 04:40:01,,,
2026-01-29 04:41:01,,,
2026-01-29 04:45:01,,,
2026-01-29 04:46:01,,,
2026-01-29 04:56:01,,,18.581
2026-01-29 04:57:01,16.817,18.111,
2026-01-29 05:02:01,,,
2026-01-29 05:03:01,,,
2026-01-29 05:04:01,,,
2026-01-29 05:10:01,,,
2026-01-29 05:11:01,,,
2026-01-29 05:15:01,,,
2026-01-29 05:16:01,,,
2026-01-29 05:26:01,,,18.519
2026-01-29 05:27:01,16.003,17.986,
2026-01-29 05:32:01,,,
2026-01-29 05:33:01,,,
2026-01-29 05:34:01,,,
2026-01-29 05:40:01,,,
2026-01-29 05:41:01,,,
2026-01-29 05:45:01,,,
2026-01-29 05:46:01,,,
2026-01-29 05:56:01,,,18.519
2026-01-29 05:57:01,15.439,17.86,
2026-01-29 06:02:01,,,
2026-01-29 06:03:01,,,
2026-01-29 06:04:01,,,
2026-01-29 06:10:01,,,
2026-01-29 06:11:01,,,
2026-01-29 06:15:01,,,
2026-01-29 06:16:01,,,
2026-01-29 06:26:01,,,18.456
2026-01-29 06:27:01,14.876,17.798,
2026-01-29 06:32:01,,,
2026-01-29 06:33:01,,,
2026-01-29 06:34:01,,,
2026-01-29 06:40:01,,,
2026-01-29 06:41:01,,,
2026-01-29 06:45:01,,,
2026-01-29 06:46:01,,,
2026-01-29 06:56:01,,,18.456
2026-01-29 06:57:01,14.562,17.672,
2026-01-29 07:02:01,,,
2026-01-29 07:03:01,,,
2026-01-29 07:04:01,,,
2026-01-29 07:10:01,,,
2026-01-29 07:11:01,,,
2026-01-29 07:15:01,,,
2026-01-29 07:16:01,,,
2026-01-29 07:26:01,,,18.393
2026-01-29 07:27:01,14.374,17.547,
2026-01-29 07:32:01,,,
2026-01-29 07:33:01,,,
2026-01-29 07:34:01,,,
2026-01-29 07:40:01,,,
2026-01-29 07:41:01,,,
2026-01-29 07:45:01,,,
2026-01-29 07:46:01,,,
2026-01-29 07:56:01,,,18.331
2026-01-29 07:57:01,14.374,17.422,
2026-01-29 08:02:01,,,
2026-01-29 08:03:01,,,
2026-01-29 08:04:01,,,
2026-01-29 08:10:01,,,
2026-01-29 08:11:01,,,
2026-01-29 08:15:01,,,
2026-01-29 08:16:01,,,
2026-01-29 08:26:01,,,18.331
2026-01-29 08:27:01,14.5,17.297,
2026-01-29 08:32:01,,,
2026-01-29 08:33:01,,,
2026-01-29 08:34:01,,,
2026-01-29 08:40:01,,,
2026-01-29 08:41:01,,,
2026-01-29 08:45:01,,,
2026-01-29 08:46:01,,,
2026-01-29 08:56:01,,,18.268
2026-01-29 08:57:01,14.75,17.234,
2026-01-29 09:02:01,,,
2026-01-29 09:03:01,,,
2026-01-29 09:04:01,,,
2026-01-29 09:10:01,,,
2026-01-29 09:11:01,,,
2026-01-29 09:15:01,,,
2026-01-29 09:16:01,,,
2026-01-29 09:26:01,,,18.268
2026-01-29 09:27:01,16.316,17.109,
2026-01-29 09:32:01,,,
2026-01-29 09:33:01,,,
2026-01-29 09:34:01,,,
2026-01-29 09:40:01,,,
2026-01-29 09:41:01,,,
2026-01-29 09:45:01,,,
2026-01-29 09:46:01,,,
2026-01-29 09:56:01,,,18.205
2026-01-29 09:57:01,17.944,17.046,
2026-01-29 10:02:01,,,
2026-01-29 10:03:01,,,
2026-01-29 10:04:01,,,
2026-01-29 10:10:01,,,
2026-01-29 10:11:01,,,
2026-01-29 10:15:01,,,
2026-01-29 10:16:01,,,
2026-01-29 10:26:01,,,18.205
2026-01-29 10:27:01,19.196,16.983,
2026-01-29 10:32:01,,,
2026-01-29 10:33:01,,,
2026-01-29 10:34:01,,,
2026-01-29 10:40:01,,,
2026-01-29 10:41:01,,,
2026-01-29 10:45:01,,,
2026-01-29 10:46:01,,,
2026-01-29 10:56:01,,,18.143
2026-01-29 10:57:01,20.573,16.983,
2026-01-29 11:02:01,,,
2026-01-29 11:03:01,,,
2026-01-29 11:04:01,,,
2026-01-29 11:10:01,,,
2026-01-29 11:11:01,,,
2026-01-29 11:15:01,,,
2026-01-29 11:16:01,,,
2026-01-29 11:26:01,,,18.08
2026-01-29 11:27:01,22.012,16.921,
2026-01-29 11:32:01,,,
2026-01-29 11:33:01,,,
2026-01-29 11:34:01,,,
2026-01-29 11:40:01,,,
2026-01-29 11:41:01,,,
2026-01-29 11:45:01,,,
2026-01-29 11:46:01,,,
2026-01-29 11:56:01,,,18.08
2026-01-29 11:57:01,22.95,16.983,
2026-01-29 12:02:01,,,
2026-01-29 12:03:01,,,
2026-01-29 12:04:01,,,
2026-01-29 12:10:01,,,
2026-01-29 12:11:01,,,
2026-01-29 12:15:01,,,
2026-01-29 12:16:01,,,
2026-01-29 12:26:01,,,18.08
2026-01-29 12:27:01,24.076,17.046,
2026-01-29 12:32:01,,,
2026-01-29 12:33:01,,,
2026-01-29 12:34:01,,,
2026-01-29 12:40:01,,,
2026-01-29 12:41:01,,,
2026-01-29 12:45:01,,,
2026-01-29 12:46:01,,,
2026-01-29 12:56:01,,,18.017
2026-01-29 12:57:01,25.826,17.171,
2026-01-29 13:02:01,,,
2026-01-29 13:03:01,,,
2026-01-29 13:04:01,,,
2026-01-29 13:10:01,,,
2026-01-29 13:11:01,,,
2026-01-29 13:15:01,,,
2026-01-29 13:16:01,,,
2026-01-29 13:26:01,,,18.017
2026-01-29 13:27:01,27.201,17.359,
2026-01-29 13:32:01,,,
2026-01-29 13:33:01,,,
2026-01-29 13:34:01,,,
2026-01-29 13:40:01,,,
2026-01-29 13:41:01,,,
2026-01-29 13:45:01,,,
2026-01-29 13:46:01,,,
2026-01-29 13:56:01,,,17.955
2026-01-29 13:57:01,28.763,17.61,
2026-01-29 14:02:01,,,
2026-01-29 14:03:01,,,
2026-01-29 14:04:01,,,
2026-01-29 14:10:01,,,
2026-01-29 14:11:01,,,
2026-01-29 14:15:01,,,
2026-01-29 14:16:01,,,
2026-01-29 14:26:01,,,17.955
2026-01-29 14:27:01,30.075,17.923,
2026-01-29 14:32:01,,,
2026-01-29 14:33:01,,,
2026-01-29 14:34:01,,,
2026-01-29 14:40:01,,,
2026-01-29 14:41:01,,,
2026-01-29 14:45:01,,,
2026-01-29 14:46:01,,,
2026-01-29 14:56:01,,,17.955
2026-01-29 14:57:01,29.7,18.236,
2026-01-29 15:02:01,,,
2026-01-29 15:03:01,,,
2026-01-29 15:04:01,,,
2026-01-29 15:10:01,,,
2026-01-29 15:11:01,,,
2026-01-29 15:15:01,,,
2026-01-29 15:16:01,,,
2026-01-29 15:26:01,,,17.955
2026-01-29 15:27:01,29.263,18.549,
2026-01-29 15:32:01,,,
2026-01-29 15:33:01,,,
2026-01-29 15:34:01,,,
2026-01-29 15:40:01,,,
2026-01-29 15:41:01,,,
2026-01-29 15:45:01,,,
2026-01-29 15:46:01,,,
2026-01-29 15:56:01,,,17.955
2026-01-29 15:57:01,29.388,18.988,
2026-01-29 16:02:01,,,
2026-01-29 16:03:01,,,
2026-01-29 16:04:01,,,
2026-01-29 16:10:01,,,
2026-01-29 16:11:01,,,
2026-01-29 16:15:01,,,
2026-01-29 16:16:01,,,
2026-01-29 16:26:01,,,18.017
2026-01-29 16:27:01,29.325,19.363,
2026-01-29 16:32:01,,,
2026-01-29 16:33:01,,,
2026-01-29 16:34:01,,,
2026-01-29 16:40:01,,,
2026-01-29 16:41:01,,,
2026-01-29 16:45:01,,,
2026-01-29 16:46:01,,,
2026-01-29 16:56:01,,,18.017
2026-01-29 16:57:01,28.701,19.676,
2026-01-29 17:02:01,,,
2026-01-29 17:03:01,,,
2026-01-29 17:04:01,,,
2026-01-29 17:10:01,,,
2026-01-29 17:11:01,,,
2026-01-29 17:15:01,,,
2026-01-29 17:16:01,,,
2026-01-29 17:26:01,,,18.08
2026-01-29 17:27:01,27.888,19.989,
2026-01-29 17:32:01,,,
2026-01-29 17:33:01,,,
2026-01-29 17:34:01,,,
2026-01-29 17:40:01,,,
2026-01-29 17:41:01,,,
2026-01-29 17:45:01,,,
2026-01-29 17:46:01,,,
2026-01-29 17:56:01,,,18.143
2026-01-29 17:57:01,26.639,20.302,
2026-01-29 18:02:01,,,
2026-01-29 18:03:01,,,
2026-01-29 18:04:01,,,
2026-01-29 18:10:01,,,
2026-01-29 18:11:01,,,
2026-01-29 18:15:01,,,
2026-01-29 18:16:01,,,
2026-01-29 18:26:01,,,18.205
2026-01-29 18:27:01,25.326,20.49,
2026-01-29 18:32:01,,,
2026-01-29 18:33:01,,,
2026-01-29 18:34:01,,,
2026-01-29 18:40:01,,,
2026-01-29 18:41:01,,,
2026-01-29 18:45:01,,,
2026-01-29 18:46:01,,,
2026-01-29 18:56:01,,,18.268
2026-01-29 18:57:01,24.701,20.678,
2026-01-29 19:02:01,,,
2026-01-29 19:03:01,,,
2026-01-29 19:04:01,,,
2026-01-29 19:10:01,,,
2026-01-29 19:11:01,,,
2026-01-29 19:15:01,,,
2026-01-29 19:16:01,,,
2026-01-29 19:26:01,,,18.393
2026-01-29 19:27:01,24.201,20.74,
2026-01-29 19:32:01,,,
2026-01-29 19:33:01,,,
2026-01-29 19:34:01,,,
2026-01-29 19:40:01,,,
2026-01-29 19:41:01,,,
2026-01-29 19:45:01,,,
2026-01-29 19:46:01,,,
2026-01-29 19:56:01,,,18.456
2026-01-29 19:57:01,23.575,20.803,
2026-01-29 20:02:01,,,
2026-01-29 20:03:01,,,
2026-01-29 20:04:01,,,
2026-01-29 20:10:01,,,
2026-01-29 20:11:01,,,
2026-01-29 20:15:01,,,
2026-01-29 20:16:01,,,
2026-01-29 20:26:01,,,18.581
2026-01-29 20:27:01,23.075,20.74,
2026-01-29 20:32:01,,,
2026-01-29 20:33:01,,,
2026-01-29 20:34:01,,,
2026-01-29 20:40:01,,,
2026-01-29 20:41:01,,,
2026-01-29 20:45:01,,,
2026-01-29 20:46:01,,,
2026-01-29 20:56:01,,,18.644
2026-01-29 20:57:01,22.637,20.678,
2026-01-29 21:02:01,,,
2026-01-29 21:03:01,,,
2026-01-29 21:04:01,,,
2026-01-29 21:10:01,,,
2026-01-29 21:11:01,,,
2026-01-29 21:15:01,,,
2026-01-29 21:16:01,,,
2026-01-29 21:26:01,,,18.769
2026-01-29 21:27:01,21.949,20.553,
2026-01-29 21:32:01,,,
2026-01-29 21:33:01,,,
2026-01-29 21:34:01,,,
2026-01-29 21:40:01,,,
2026-01-29 21:41:01,,,
2026-01-29 21:45:01,,,
2026-01-29 21:46:01,,,
2026-01-29 21:56:01,,,18.832
2026-01-29 21:57:01,21.073,20.427,
2026-01-29 22:02:01,,,
2026-01-29 22:03:01,,,
2026-01-29 22:04:01,,,
2026-01-29 22:10:01,,,
2026-01-29 22:11:01,,,
2026-01-29 22:15:01,,,
2026-01-29 22:16:01,,,
2026-01-29 22:26:01,,,18.894
2026-01-29 22:27:01,19.947,20.302,
2026-01-29 22:32:01,,,
2026-01-29 22:33:01,,,
2026-01-29 22:34:01,,,
2026-01-29 22:40:01,,,
2026-01-29 22:41:01,,,
2026-01-29 22:45:01,,,
2026-01-29 22:46:01,,,
2026-01-29 22:56:01,,,18.957
2026-01-29 22:57:01,18.946,20.114,
2026-01-29 23:02:01,,,
2026-01-29 23:03:01,,,
2026-01-29 23:04:01,,,
2026-01-29 23:10:01,,,
2026-01-29 23:11:01,,,
2026-01-29 23:15:01,,,
2026-01-29 23:16:01,,,
2026-01-29 23:26:01,,,19.02
2026-01-29 23:27:01,18.195,19.927,
2026-01-29 23:32:01,,,
2026-01-29 23:33:01,,,
2026-01-29 23:34:01,,,
2026-01-29 23:40:01,,,
2026-01-29 23:41:01,,,
2026-01-29 23:45:01,,,
2026-01-29 23:46:01,,,
2026-01-29 23:56:01,,,19.02
2026-01-29 23:57:01,17.569,19.739,
2026-01-30 00:02:01,,,
2026-01-30 00:03:01,,,
2026-01-30 00:04:01,,,
2026-01-30 00:10:01,,,
2026-01-30 00:11:01,,,
2026-01-30 00:15:01,,,
2026-01-30 00:16:01,,,
2026-01-30 00:26:01,,,19.02
2026-01-30 00:27:01,17.13,19.614,
2026-01-30 00:32:01,,,
2026-01-30 00:33:01,,,
2026-01-30 00:34:01,,,
2026-01-30 00:40:01,,,
2026-01-30 00:41:01,,,
2026-01-30 00:45:01,,,
2026-01-30 00:46:01,,,
2026-01-30 00:56:01,,,19.02
2026-01-30 00:57:01,16.817,19.426,
2026-01-30 01:02:01,,,
2026-01-30 01:03:01,,,
2026-01-30 01:04:01,,,
2026-01-30 01:10:01,,,
2026-01-30 01:11:01,,,
2026-01-30 01:15:01,,,
2026-01-30 01:16:01,,,
2026-01-30 01:26:01,,,19.02
2026-01-30 01:27:01,16.441,19.301,
2026-01-30 01:32:01,,,
2026-01-30 01:33:01,,,
2026-01-30 01:34:01,,,
2026-01-30 01:40:01,,,
2026-01-30 01:41:01,,,
2026-01-30 01:45:01,,,
2026-01-30 01:46:01,,,
2026-01-30 01:56:01,,,19.02
2026-01-30 01:57:01,16.066,19.113,
2026-01-30 02:02:01,,,
2026-01-30 02:03:01,,,
2026-01-30 02:04:01,,,
2026-01-30 02:10:01,,,
2026-01-30 02:11:01,,,
2026-01-30 02:15:01,,,
2026-01-30 02:16:01,,,
2026-01-30 02:26:01,,,19.02
2026-01-30 02:27:01,15.815,18.988,
2026-01-30 02:32:01,,,
2026-01-30 02:33:01,,,
2026-01-30 02:34:01,,,
2026-01-30 02:40:01,,,
2026-01-30 02:41:01,,,
2026-01-30 02:45:01,,,
2026-01-30 02:46:01,,,
2026-01-30 02:56:01,,,18.957
2026-01-30 02:57:01,15.565,18.862,
2026-01-30 03:02:01,,,
2026-01-30 03:03:01,,,
2026-01-30 03:04:01,,,
2026-01-30 03:10:01,,,
2026-01-30 03:11:01,,,
2026-01-30 03:15:01,,,
2026-01-30 03:16:01,,,
2026-01-30 03:26:01,,,18.957
2026-01-30 03:27:01,15.753,18.674,
2026-01-30 03:32:01,,,
2026-01-30 03:33:01,,,
2026-01-30 03:34:01,,,
2026-01-30 03:40:01,,,
2026-01-30 03:41:01,,,
2026-01-30 03:45:01,,,
2026-01-30 03:46:01,,,
2026-01-30 03:56:01,,,18.894
2026-01-30 03:57:01,16.504,18.549,
2026-01-30 04:02:01,,,
2026-01-30 04:03:01,,,
2026-01-30 04:04:01,,,
2026-01-30 04:10:01,,,
2026-01-30 04:11:01,,,
2026-01-30 04:15:01,,,
2026-01-30 04:16:01,,,
2026-01-30 04:26:01,,,18.894
2026-01-30 04:27:01,16.817,18.424,
2026-01-30 04:32:01,,,
2026-01-30 04:33:01,,,
2026-01-30 04:34:01,,,
2026-01-30 04:40:01,,,
2026-01-30 04:41:01,,,
2026-01-30 04:45:01,,,
2026-01-30 04:46:01,,,
2026-01-30 04:56:01,,,18.832
2026-01-30 04:57:01,16.254,18.299,
2026-01-30 05:02:01,,,
2026-01-30 05:03:01,,,
2026-01-30 05:04:01,,,
2026-01-30 05:10:01,,,
2026-01-30 05:11:01,,,
2026-01-30 05:15:01,,,
2026-01-30 05:16:01,,,
2026-01-30 05:26:01,,,18.832
2026-01-30 05:27:01,15.753,18.173,
2026-01-30 05:32:01,,,
2026-01-30 05:33:01,,,
2026-01-30 05:34:01,,,
2026-01-30 05:40:01,,,
2026-01-30 05:41:01,,,
2026-01-30 05:45:01,,,
2026-01-30 05:46:01,,,
2026-01-30 05:56:01,,,18.769
2026-01-30 05:57:01,15.314,18.111,
2026-01-30 06:02:01,,,
2026-01-30 06:03:01,,,
2026-01-30 06:04:01,,,
2026-01-30 06:10:01,,,
2026-01-30 06:11:01,,,
2026-01-30 06:15:01,,,
2026-01-30 06:16:01,,,
2026-01-30 06:26:01,,,18.769
2026-01-30 06:27:01,14.938,17.986,
2026-01-30 06:32:01,,,
2026-01-30 06:33:01,,,
2026-01-30 06:34:01,,,
2026-01-30 06:40:01,,,
2026-01-30 06:41:01,,,
2026-01-30 06:45:01,,,
2026-01-30 06:46:01,,,
2026-01-30 06:56:01,,,18.707
2026-01-30 06:57:01,14.625,17.86,
2026-01-30 07:02:01,,,
2026-01-30 07:03:01,,,
2026-01-30 07:04:01,,,
2026-01-30 07:10:01,,,
2026-01-30 07:11:01,,,
2026-01-30 07:15:01,,,
2026-01-30 07:16:01,,,
2026-01-30 07:26:01,,,18.707
2026-01-30 07:27:01,14.374,17.735,
2026-01-30 07:32:01,,,
2026-01-30 07:33:01,,,
2026-01-30 07:34:01,,,
2026-01-30 07:40:01,,,
2026-01-30 07:41:01,,,
2026-01-30 07:45:01,,,
2026-01-30 07:46:01,,,
2026-01-30 07:56:01,,,18.644
2026-01-30 07:57:01,14.249,17.61,
2026-01-30 08:02:01,,,
2026-01-30 08:03:01,,,
2026-01-30 08:04:01,,,
2026-01-30 08:10:01,,,
2026-01-30 08:11:01,,,
2026-01-30 08:15:01,,,
2026-01-30 08:16:01,,,
2026-01-30 08:26:01,,,18.581
2026-01-30 08:27:01,14.437,17.547,
2026-01-30 08:32:01,,,
2026-01-30 08:33:01,,,
2026-01-30 08:34:01,,,
2026-01-30 08:40:01,,,
2026-01-30 08:41:01,,,
2026-01-30 08:45:01,,,
2026-01-30 08:46:01,,,
2026-01-30 08:56:01,,,18.581
2026-01-30 08:57:01,14.688,17.422,
2026-01-30 09:02:01,,,
2026-01-30 09:03:01,,,
2026-01-30 09:04:01,,,
2026-01-30 09:10:01,,,
2026-01-30 09:11:01,,,
2026-01-30 09:15:01,,,
2026-01-30 09:16:01,,,
2026-01-30 09:26:01,,,18.519
2026-01-30 09:27:01,16.003,17.297,
2026-01-30 09:32:01,,,
2026-01-30 09:33:01,,,
2026-01-30 09:34:01,,,
2026-01-30 09:40:01,,,
2026-01-30 09:41:01,,,
2026-01-30 09:45:01,,,
2026-01-30 09:46:01,,,
2026-01-30 09:56:01,,,18.519
2026-01-30 09:57:01,17.569,17.234,
2026-01-30 10:02:01,,,
2026-01-30 10:03:01,,,
2026-01-30 10:04:01,,,
2026-01-30 10:10:01,,,
2026-01-30 10:11:01,,,
2026-01-30 10:15:01,,,
2026-01-30 10:16:01,,,
2026-01-30 10:26:01,,,18.456
2026-01-30 10:27:01,18.883,17.171,
2026-01-30 10:32:01,,,
2026-01-30 10:33:01,,,
2026-01-30 10:34:01,,,
2026-01-30 10:40:01,,,
2026-01-30 10:41:01,,,
2026-01-30 10:45:01,,,
2026-01-30 10:46:01,,,
2026-01-30 10:56:01,,,18.393
2026-01-30 10:57:01,20.385,17.109,
2026-01-30 11:02:01,,,
2026-01-30 11:03:01,,,
2026-01-30 11:04:01,,,
2026-01-30 11:10:01,,,
2026-01-30 11:11:01,,,
2026-01-30 11:15:01,,,
2026-01-30 11:16:01,,,
2026-01-30 11:26:01,,,18.393
2026-01-30 11:27:01,21.762,17.109,
2026-01-30 11:32:01,,,
2026-01-30 11:33:01,,,
2026-01-30 11:34:01,,,
2026-01-30 11:40:01,,,
2026-01-30 11:41:01,,,
2026-01-30 11:45:01,,,
2026-01-30 11:46:01,,,
2026-01-30 11:56:01,,,18.331
2026-01-30 11:57:01,22.888,17.109,
2026-01-30 12:02:01,,,
2026-01-30 12:03:01,,,
2026-01-30 12:04:01,,,
2026-01-30 12:10:01,,,
2026-01-30 12:11:01,,,
2026-01-30 12:15:01,,,
2026-01-30 12:16:01,,,
2026-01-30 12:26:01,,,18.331
2026-01-30 12:27:01,24.263,17.171,
2026-01-30 12:32:01,,,
2026-01-30 12:33:01,,,
2026-01-30 12:34:01,,,
2026-01-30 12:40:01,,,
2026-01-30 12:41:01,,,
2026-01-30 12:45:01,,,
2026-01-30 12:46:01,,,
2026-01-30 12:56:01,,,18.268
2026-01-30 12:57:01,26.139,17.297,
2026-01-30 13:02:01,,,
2026-01-30 13:03:01,,,
2026-01-30 13:04:01,,,
2026-01-30 13:10:01,,,
2026-01-30 13:11:01,,,
2026-01-30 13:15:01,,,
2026-01-30 13:16:01,,,
2026-01-30 13:26:01,,,18.268
2026-01-30 13:27:01,27.514,17.484,
2026-01-30 13:32:01,,,
2026-01-30 13:33:01,,,
2026-01-30 13:34:01,,,
2026-01-30 13:40:01,,,
2026-01-30 13:41:01,,,
2026-01-30 13:45:01,,,
2026-01-30 13:46:01,,,
2026-01-30 13:56:01,,,18.268
2026-01-30 13:57:01,29.45,17.672,
2026-01-30 14:02:01,,,
2026-01-30 14:03:01,,,
2026-01-30 14:04:01,,,
2026-01-30 14:10:01,,,
2026-01-30 14:11:01,,,
2026-01-30 14:15:01,,,
2026-01-30 14:16:01,,,
2026-01-30 14:26:01,,,18.205
2026-01-30 14:27:01,31.324,17.986,
2026-01-30 14:32:01,,,
2026-01-30 14:33:01,,,
2026-01-30 14:34:01,,,
2026-01-30 14:40:01,,,
2026-01-30 14:41:01,,,
2026-01-30 14:45:01,,,
2026-01-30 14:46:01,,,
2026-01-30 14:56:01,,,18.205
2026-01-30 14:57:01,30.887,18.236,
2026-01-30 15:02:01,,,
2026-01-30 15:03:01,,,
2026-01-30 15:04:01,,,
2026-01-30 15:10:01,,,
2026-01-30 15:11:01,,,
2026-01-30 15:15:01,,,
2026-01-30 15:16:01,,,
2026-01-30 15:26:01,,,18.205
2026-01-30 15:27:01,30.137,18.612,
2026-01-30 15:32:01,,,
2026-01-30 15:33:01,,,
2026-01-30 15:34:01,,,
2026-01-30 15:40:01,,,
2026-01-30 15:41:01,,,
2026-01-30 15:45:01,,,
2026-01-30 15:46:01,,,
2026-01-30 15:56:01,,,18.205
2026-01-30 15:57:01,29.95,18.925,
2026-01-30 16:02:01,,,
2026-01-30 16:03:01,,,
2026-01-30 16:04:01,,,
2026-01-30 16:10:01,,,
2026-01-30 16:11:01,,,
2026-01-30 16:15:01,,,
2026-01-30 16:16:01,,,
2026-01-30 16:26:01,,,18.205
2026-01-30 16:27:01,29.7,19.301,
2026-01-30 16:32:01,,,
2026-01-30 16:33:01,,,
2026-01-30 16:34:01,,,
2026-01-30 16:40:01,,,
2026-01-30 16:41:01,,,
2026-01-30 16:45:01,,,
2026-01-30 16:46:01,,,
2026-01-30 16:56:01,,,18.268
2026-01-30 16:57:01,29.075,19.614,
2026-01-30 17:02:01,,,
2026-01-30 17:03:01,,,
2026-01-30 17:04:01,,,
2026-01-30 17:10:01,,,
2026-01-30 17:11:01,,,
2026-01-30 17:15:01,,,
2026-01-30 17:16:01,,,
2026-01-30 17:26:01,,,18.331
2026-01-30 17:27:01,28.138,19.927,
2026-01-30 17:32:01,,,
2026-01-30 17:33:01,,,
2026-01-30 17:34:01,,,
2026-01-30 17:40:01,,,
2026-01-30 17:41:01,,,
2026-01-30 17:45:01,,,
2026-01-30 17:46:01,,,
2026-01-30 17:56:01,,,18.331
2026-01-30 17:57:01,26.826,20.177,
2026-01-30 18:02:01,,,
2026-01-30 18:03:01,,,
2026-01-30 18:04:01,,,
2026-01-30 18:10:01,,,
2026-01-30 18:11:01,,,
2026-01-30 18:15:01,,,
2026-01-30 18:16:01,,,
2026-01-30 18:26:01,,,18.456
2026-01-30 18:27:01,25.514,20.365,
2026-01-30 18:32:01,,,
2026-01-30 18:33:01,,,
2026-01-30 18:34:01,,,
2026-01-30 18:40:01,,,
2026-01-30 18:41:01,,,
2026-01-30 18:45:01,,,
2026-01-30 18:46:01,,,
2026-01-30 18:56:01,,,18.519
2026-01-30 18:57:01,24.701,20.49,
2026-01-30 19:02:01,,,
2026-01-30 19:03:01,,,
2026-01-30 19:04:01,,,
2026-01-30 19:10:01,,,
2026-01-30 19:11:01,,,
2026-01-30 19:15:01,,,
2026-01-30 19:16:01,,,
2026-01-30 19:26:01,,,18.581
2026-01-30 19:27:01,23.888,20.553,
2026-01-30 19:32:01,,,
2026-01-30 19:33:01,,,
2026-01-30 19:34:01,,,
2026-01-30 19:40:01,,,
2026-01-30 19:41:01,,,
2026-01-30 19:45:01,,,
2026-01-30 19:46:01,,,
2026-01-30 19:56:01,,,18.707
2026-01-30 19:57:01,23.075,20.615,
2026-01-30 20:02:01,,,
2026-01-30 20:03:01,,,
2026-01-30 20:04:01,,,
2026-01-30 20:10:01,,,
2026-01-30 20:11:01,,,
2026-01-30 20:15:01,,,
2026-01-30 20:16:01,,,
2026-01-30 20:26:01,,,18.769
2026-01-30 20:27:01,22.637,20.553,
2026-01-30 20:32:01,,,
2026-01-30 20:33:01,,,
2026-01-30 20:34:01,,,
2026-01-30 20:40:01,,,
2026-01-30 20:41:01,,,
2026-01-30 20:45:01,,,
2026-01-30 20:46:01,,,
2026-01-30 20:56:01,,,18.832
2026-01-30 20:57:01,22.2,20.49,
2026-01-30 21:02:01,,,
2026-01-30 21:03:01,,,
2026-01-30 21:04:01,,,
2026-01-30 21:10:01,,,
2026-01-30 21:11:01,,,
2026-01-30 21:15:01,,,
2026-01-30 21:16:01,,,
2026-01-30 21:26:01,,,18.894
2026-01-30 21:27:01,21.699,20.365,
2026-01-30 21:32:01,,,
2026-01-30 21:33:01,,,
2026-01-30 21:34:01,,,
2026-01-30 21:40:01,,,
2026-01-30 21:41:01,,,
2026-01-30 21:45:01,,,
2026-01-30 21:46:01,,,
2026-01-30 21:56:01,,,18.957
2026-01-30 21:57:01,21.011,20.24,
2026-01-30 22:02:01,,,
2026-01-30 22:03:01,,,
2026-01-30 22:04:01,,,
2026-01-30 22:10:01,,,
2026-01-30 22:11:01,,,
2026-01-30 22:15:01,,,
2026-01-30 22:16:01,,,
2026-01-30 22:26:01,,,19.02
2026-01-30 22:27:01,20.197,20.052,
2026-01-30 22:32:01,,,
2026-01-30 22:33:01,,,
2026-01-30 22:34:01,,,
2026-01-30 22:40:01,,,
2026-01-30 22:41:01,,,
2026-01-30 22:45:01,,,
2026-01-30 22:46:01,,,
2026-01-30 22:56:01,,,19.082
2026-01-30 22:57:01,19.196,19.927,
2026-01-30 23:02:01,,,
2026-01-30 23:03:01,,,
2026-01-30 23:04:01,,,
2026-01-30 23:10:01,,,
2026-01-30 23:11:01,,,
2026-01-30 23:15:01,,,
2026-01-30 23:16:01,,,
2026-01-30 23:26:01,,,19.082
2026-01-30 23:27:01,18.195,19.739,
2026-01-30 23:32:01,,,
2026-01-30 23:33:01,,,
2026-01-30 23:34:01,,,
2026-01-30 23:40:01,,,
2026-01-30 23:41:01,,,
2026-01-30 23:45:01,,,
2026-01-30 23:46:01,,,
2026-01-30 23:56:01,,,19.082
2026-01-30 23:57:01,17.381,19.551,
2026-01-31 00:02:01,,,
2026-01-31 00:03:01,,,
2026-01-31 00:04:01,,,
2026-01-31 00:10:01,,,
2026-01-31 00:11:01,,,
2026-01-31 00:15:01,,,
2026-01-31 00:16:01,,,
2026-01-31 00:26:01,,,19.082
2026-01-31 00:27:01,16.755,19.363,
2026-01-31 00:32:01,,,
2026-01-31 00:33:01,,,
2026-01-31 00:34:01,,,
2026-01-31 00:40:01,,,
2026-01-31 00:41:01,,,
2026-01-31 00:45:01,,,
2026-01-31 00:46:01,,,
2026-01-31 00:56:01,,,19.082
2026-01-31 00:57:01,16.379,19.238,
2026-01-31 01:02:01,,,
2026-01-31 01:03:01,,,
2026-01-31 01:04:01,,,
2026-01-31 01:10:01,,,
2026-01-31 01:11:01,,,
2026-01-31 01:15:01,,,
2026-01-31 01:16:01,,,
2026-01-31 01:26:01,,,19.082
2026-01-31 01:27:01,16.128,19.05,
2026-01-31 01:32:01,,,
2026-01-31 01:33:01,,,
2026-01-31 01:34:01,,,
2026-01-31 01:40:01,,,
2026-01-31 01:41:01,,,
2026-01-31 01:45:01,,,
2026-01-31 01:46:01,,,
2026-01-31 01:56:01,,,19.02
2026-01-31 01:57:01,15.878,18.925,
2026-01-31 02:02:01,,,
2026-01-31 02:03:01,,,
2026-01-31 02:04:01,,,
2026-01-31 02:10:01,,,
2026-01-31 02:11:01,,,
2026-01-31 02:15:01,,,
2026-01-31 02:16:01,,,
2026-01-31 02:26:01,,,19.02
2026-01-31 02:27:01,15.502,18.8,
2026-01-31 02:32:01,,,
2026-01-31 02:33:01,,,
2026-01-31 02:34:01,,,
2026-01-31 02:40:01,,,
2026-01-31 02:41:01,,,
2026-01-31 02:45:01,,,
2026-01-31 02:46:01,,,
2026-01-31 02:56:01,,,18.957
2026-01-31 02:57:01,15.314,18.674,
2026-01-31 03:02:01,,,
2026-01-31 03:03:01,,,
2026-01-31 03:04:01,,,
2026-01-31 03:10:01,,,
2026-01-31 03:11:01,,,
2026-01-31 03:15:01,,,
2026-01-31 03:16:01,,,
2026-01-31 03:26:01,,,18.957
2026-01-31 03:27:01,15.126,18.487,
2026-01-31 03:32:01,,,
2026-01-31 03:33:01,,,
2026-01-31 03:34:01,,,
2026-01-31 03:40:01,,,
2026-01-31 03:41:01,,,
2026-01-31 03:45:01,,,
2026-01-31 03:46:01,,,
2026-01-31 03:56:01,,,18.894
2026-01-31 03:57:01,15.001,18.361,
2026-01-31 04:02:01,,,
2026-01-31 04:03:01,,,
2026-01-31 04:04:01,,,
2026-01-31 04:10:01,,,
2026-01-31 04:11:01,,,
2026-01-31 04:15:01,,,
2026-01-31 04:16:01,,,
2026-01-31 04:26:01,,,18.832
2026-01-31 04:27:01,14.75,18.236,
2026-01-31 04:32:01,,,
2026-01-31 04:33:01,,,
2026-01-31 04:34:01,,,
2026-01-31 04:40:01,,,
2026-01-31 04:41:01,,,
2026-01-31 04:45:01,,,
2026-01-31 04:46:01,,,
2026-01-31 04:56:01,,,18.832
2026-01-31 04:57:01,14.876,18.111,
2026-01-31 05:02:01,,,
2026-01-31 05:03:01,,,
2026-01-31 05:04:01,,,
2026-01-31 05:10:01,,,
2026-01-31 05:11:01,,,
2026-01-31 05:15:01,,,
2026-01-31 05:16:01,,,
2026-01-31 05:26:01,,,18.769
2026-01-31 05:27:01,14.876,17.986,
2026-01-31 05:32:01,,,
2026-01-31 05:33:01,,,
2026-01-31 05:34:01,,,
2026-01-31 05:40:01,,,
2026-01-31 05:41:01,,,
2026-01-31 05:45:01,,,
2026-01-31 05:46:01,,,
2026-01-31 05:56:01,,,18.707
2026-01-31 05:57:01,14.312,17.86,
2026-01-31 06:02:01,,,
2026-01-31 06:03:01,,,
2026-01-31 06:04:01,,,
2026-01-31 06:10:01,,,
2026-01-31 06:11:01,,,
2026-01-31 06:15:01,,,
2026-01-31 06:16:01,,,
2026-01-31 06:26:01,,,18.707
2026-01-31 06:27:01,13.811,17.735,
2026-01-31 06:32:01,,,
2026-01-31 06:33:01,,,
2026-01-31 06:34:01,,,
2026-01-31 06:40:01,,,
2026-01-31 06:41:01,,,
2026-01-31 06:45:01,,,
2026-01-31 06:46:01,,,
2026-01-31 06:56:01,,,18.644
2026-01-31 06:57:01,13.623,17.61,
2026-01-31 07:02:01,,,
2026-01-31 07:03:01,,,
2026-01-31 07:04:01,,,
2026-01-31 07:10:01,,,
2026-01-31 07:11:01,,,
2026-01-31 07:15:01,,,
2026-01-31 07:16:01,,,
2026-01-31 07:26:01,,,18.581
2026-01-31 07:27:01,13.435,17.484,
2026-01-31 07:32:01,,,
2026-01-31 07:33:01,,,
2026-01-31 07:34:01,,,
2026-01-31 07:40:01,,,
2026-01-31 07:41:01,,,
2026-01-31 07:45:01,,,
2026-01-31 07:46:01,,,
2026-01-31 07:56:01,,,18.581
2026-01-31 07:57:01,13.309,17.359,
2026-01-31 08:02:01,,,
2026-01-31 08:03:01,,,
2026-01-31 08:04:01,,,
2026-01-31 08:10:01,,,
2026-01-31 08:11:01,,,
2026-01-31 08:15:01,,,
2026-01-31 08:16:01,,,
2026-01-31 08:26:01,,,18.519
2026-01-31 08:27:01,13.748,17.234,
2026-01-31 08:32:01,,,
2026-01-31 08:33:01,,,
2026-01-31 08:34:01,,,
2026-01-31 08:40:01,,,
2026-01-31 08:41:01,,,
2026-01-31 08:45:01,,,
2026-01-31 08:46:01,,,
2026-01-31 08:56:01,,,18.519
2026-01-31 08:57:01,14.249,17.171,
2026-01-31 09:02:01,,,
2026-01-31 09:03:01,,,
2026-01-31 09:04:01,,,
2026-01-31 09:10:01,,,
2026-01-31 09:11:01,,,
2026-01-31 09:15:01,,,
2026-01-31 09:16:01,,,
2026-01-31 09:26:01,,,18.456
2026-01-31 09:27:01,15.627,17.046,
2026-01-31 09:32:01,,,
2026-01-31 09:33:01,,,
2026-01-31 09:34:01,,,
2026-01-31 09:40:01,,,
2026-01-31 09:41:01,,,
2026-01-31 09:45:01,,,
2026-01-31 09:46:01,,,
2026-01-31 09:56:01,,,18.393
2026-01-31 09:57:01,17.443,16.921,
2026-01-31 10:02:01,,,
2026-01-31 10:03:01,,,
2026-01-31 10:04:01,,,
2026-01-31 10:10:01,,,
2026-01-31 10:11:01,,,
2026-01-31 10:15:01,,,
2026-01-31 10:16:01,,,
2026-01-31 10:26:01,,,18.393
2026-01-31 10:27:01,19.008,16.858,
2026-01-31 10:32:01,,,
2026-01-31 10:33:01,,,
2026-01-31 10:34:01,,,
2026-01-31 10:40:01,,,
2026-01-31 10:41:01,,,
2026-01-31 10:45:01,,,
2026-01-31 10:46:01,,,
2026-01-31 10:56:01,,,18.331
2026-01-31 10:57:01,19.572,16.858,
2026-01-31 11:02:01,,,
2026-01-31 11:03:01,,,
2026-01-31 11:04:01,,,
2026-01-31 11:10:01,,,
2026-01-31 11:11:01,,,
2026-01-31 11:15:01,,,
2026-01-31 11:16:01,,,
2026-01-31 11:26:01,,,18.268
2026-01-31 11:27:01,19.759,16.795,
2026-01-31 11:32:01,,,
2026-01-31 11:33:01,,,
2026-01-31 11:34:01,,,
2026-01-31 11:40:01,,,
2026-01-31 11:41:01,,,
2026-01-31 11:45:01,,,
2026-01-31 11:46:01,,,
2026-01-31 11:56:01,,,18.268
2026-01-31 11:57:01,20.948,16.858,
2026-01-31 12:02:01,,,
2026-01-31 12:03:01,,,
2026-01-31 12:04:01,,,
2026-01-31 12:10:01,,,
2026-01-31 12:11:01,,,
2026-01-31 12:15:01,,,
2026-01-31 12:16:01,,,
2026-01-31 12:26:01,,,18.205
2026-01-31 12:27:01,21.949,16.858,
2026-01-31 12:32:01,,,
2026-01-31 12:33:01,,,
2026-01-31 12:34:01,,,
2026-01-31 12:40:01,,,
2026-01-31 12:41:01,,,
2026-01-31 12:45:01,,,
2026-01-31 12:46:01,,,
2026-01-31 12:56:01,,,18.205
2026-01-31 12:57:01,23.263,16.983,
2026-01-31 13:02:01,,,
2026-01-31 13:03:01,,,
2026-01-31 13:04:01,,,
2026-01-31 13:10:01,,,
2026-01-31 13:11:01,,,
2026-01-31 13:15:01,,,
2026-01-31 13:16:01,,,
2026-01-31 13:26:01,,,18.143
2026-01-31 13:27:01,24.513,17.109,
2026-01-31 13:32:01,,,
2026-01-31 13:33:01,,,
2026-01-31 13:34:01,,,
2026-01-31 13:40:01,,,
2026-01-31 13:41:01,,,
2026-01-31 13:45:01,,,
2026-01-31 13:46:01,,,
2026-01-31 13:56:01,,,18.143
2026-01-31 13:57:01,26.639,17.297,
2026-01-31 14:02:01,,,
2026-01-31 14:03:01,,,
2026-01-31 14:04:01,,,
2026-01-31 14:10:01,,,
2026-01-31 14:11:01,,,
2026-01-31 14:15:01,,,
2026-01-31 14:16:01,,,
2026-01-31 14:26:01,,,18.08
2026-01-31 14:27:01,26.764,17.547,
2026-01-31 14:32:01,,,
2026-01-31 14:33:01,,,
2026-01-31 14:34:01,,,
2026-01-31 14:40:01,,,
2026-01-31 14:41:01,,,
2026-01-31 14:45:01,,,
2026-01-31 14:46:01,,,
2026-01-31 14:56:01,,,18.08
2026-01-31 14:57:01,24.826,17.798,
2026-01-31 15:02:01,,,
2026-01-31 15:03:01,,,
2026-01-31 15:04:01,,,
2026-01-31 15:10:01,,,
2026-01-31 15:11:01,,,
2026-01-31 15:15:01,,,
2026-01-31 15:16:01,,,
2026-01-31 15:26:01,,,18.08
2026-01-31 15:27:01,25.451,18.111,
2026-01-31 15:32:01,,,
2026-01-31 15:33:01,,,
2026-01-31 15:34:01,,,
2026-01-31 15:40:01,,,
2026-01-31 15:41:01,,,
2026-01-31 15:45:01,,,
2026-01-31 15:46:01,,,
2026-01-31 15:56:01,,,18.08
2026-01-31 15:57:01,24.138,18.299,
2026-01-31 16:02:01,,,
2026-01-31 16:03:01,,,
2026-01-31 16:04:01,,,
2026-01-31 16:10:01,,,
2026-01-31 16:11:01,,,
2026-01-31 16:15:01,,,
2026-01-31 16:16:01,,,
2026-01-31 16:26:01,,,18.08
2026-01-31 16:27:01,23.45,18.487,
2026-01-31 16:32:01,,,
2026-01-31 16:33:01,,,
2026-01-31 16:34:01,,,
2026-01-31 16:40:01,,,
2026-01-31 16:41:01,,,
2026-01-31 16:45:01,,,
2026-01-31 16:46:01,,,
2026-01-31 16:56:01,,,18.143
2026-01-31 16:57:01,23.075,18.674,
2026-01-31 17:02:01,,,
2026-01-31 17:03:01,,,
2026-01-31 17:04:01,,,
2026-01-31 17:10:01,,,
2026-01-31 17:11:01,,,
2026-01-31 17:15:01,,,
2026-01-31 17:16:01,,,
2026-01-31 17:26:01,,,18.143
2026-01-31 17:27:01,23.2,18.8,
2026-01-31 17:32:01,,,
2026-01-31 17:33:01,,,
2026-01-31 17:34:01,,,
2026-01-31 17:40:01,,,
2026-01-31 17:41:01,,,
2026-01-31 17:45:01,,,
2026-01-31 17:46:01,,,
2026-01-31 17:56:01,,,18.205
2026-01-31 17:57:01,23.45,18.862,
2026-01-31 18:02:01,,,
2026-01-31 18:03:01,,,
2026-01-31 18:04:01,,,
2026-01-31 18:10:01,,,
2026-01-31 18:11:01,,,
2026-01-31 18:15:01,,,
2026-01-31 18:16:01,,,
2026-01-31 18:26:01,,,18.205
2026-01-31 18:27:01,22.95,18.925,
2026-01-31 18:32:01,,,
2026-01-31 18:33:01,,,
2026-01-31 18:34:01,,,
2026-01-31 18:40:01,,,
2026-01-31 18:41:01,,,
2026-01-31 18:45:01,,,
2026-01-31 18:46:01,,,
2026-01-31 18:56:01,,,18.268
2026-01-31 18:57:01,21.949,18.925,
2026-01-31 19:02:01,,,
2026-01-31 19:03:01,,,
2026-01-31 19:04:01,,,
2026-01-31 19:10:01,,,
2026-01-31 19:11:01,,,
2026-01-31 19:15:01,,,
2026-01-31 19:16:01,,,
2026-01-31 19:26:01,,,18.331
2026-01-31 19:27:01,21.073,18.925,
2026-01-31 19:32:01,,,
2026-01-31 19:33:01,,,
2026-01-31 19:34:01,,,
2026-01-31 19:40:01,,,
2026-01-31 19:41:01,,,
2026-01-31 19:45:01,,,
2026-01-31 19:46:01,,,
2026-01-31 19:56:01,,,18.331
2026-01-31 19:57:01,20.698,18.988,
2026-01-31 20:02:01,,,
2026-01-31 20:03:01,,,
2026-01-31 20:04:01,,,
2026-01-31 20:10:01,,,
2026-01-31 20:11:01,,,
2026-01-31 20:15:01,,,
2026-01-31 20:16:01,,,
2026-01-31 20:26:01,,,18.393
2026-01-31 20:27:01,20.197,18.925,
2026-01-31 20:32:01,,,
2026-01-31 20:33:01,,,
2026-01-31 20:34:01,,,
2026-01-31 20:40:01,,,
2026-01-31 20:41:01,,,
2026-01-31 20:45:01,,,
2026-01-31 20:46:01,,,
2026-01-31 20:56:01,,,18.393
2026-01-31 20:57:01,19.572,18.925,
2026-01-31 21:02:01,,,
2026-01-31 21:03:01,,,
2026-01-31 21:04:01,,,
2026-01-31 21:10:01,,,
2026-01-31 21:11:01,,,
2026-01-31 21:15:01,,,
2026-01-31 21:16:01,,,
2026-01-31 21:26:01,,,18.456
2026-01-31 21:27:01,18.883,18.8,
2026-01-31 21:32:01,,,
2026-01-31 21:33:01,,,
2026-01-31 21:34:01,,,
2026-01-31 21:40:01,,,
2026-01-31 21:41:01,,,
2026-01-31 21:45:01,,,
2026-01-31 21:46:01,,,
2026-01-31 21:56:01,,,18.456
2026-01-31 21:57:01,18.257,18.737,
2026-01-31 22:02:01,,,
2026-01-31 22:03:01,,,
2026-01-31 22:04:01,,,
2026-01-31 22:10:01,,,
2026-01-31 22:11:01,,,
2026-01-31 22:15:01,,,
2026-01-31 22:16:01,,,
2026-01-31 22:26:01,,,18.519
2026-01-31 22:27:01,17.631,18.612,
2026-01-31 22:32:01,,,
2026-01-31 22:33:01,,,
2026-01-31 22:34:01,,,
2026-01-31 22:40:01,,,
2026-01-31 22:41:01,,,
2026-01-31 22:45:01,,,
2026-01-31 22:46:01,,,
2026-01-31 22:56:01,,,18.456
2026-01-31 22:57:01,16.88,18.487,
2026-01-31 23:02:01,,,
2026-01-31 23:03:01,,,
2026-01-31 23:04:01,,,
2026-01-31 23:10:01,,,
2026-01-31 23:11:01,,,
2026-01-31 23:15:01,,,
2026-01-31 23:16:01,,,
2026-01-31 23:26:01,,,18.456
2026-01-31 23:27:01,16.128,18.361,
2026-01-31 23:32:01,,,
2026-01-31 23:33:01,,,
2026-01-31 23:34:01,,,
2026-01-31 23:40:01,,,
2026-01-31 23:41:01,,,
2026-01-31 23:45:01,,,
2026-01-31 23:46:01,,,
2026-01-31 23:56:01,,,18.456
2026-01-31 23:57:01,15.69,18.236,
2026-02-01 00:02:01,,,
2026-02-01 00:03:01,,,
2026-02-01 00:04:01,,,
2026-02-01 00:10:01,,,
2026-02-01 00:11:01,,,
2026-02-01 00:15:01,,,
2026-02-01 00:16:01,,,
2026-02-01 00:26:01,,,18.456
2026-02-01 00:27:01,15.439,18.111,
2026-02-01 00:32:01,,,
2026-02-01 00:33:01,,,
2026-02-01 00:34:01,,,
2026-02-01 00:40:01,,,
2026-02-01 00:41:01,,,
2026-02-01 00:45:01,,,
2026-02-01 00:46:01,,,
2026-02-01 00:56:01,,,18.393
2026-02-01 00:57:01,15.001,17.923,
2026-02-01 01:02:01,,,
2026-02-01 01:03:01,,,
2026-02-01 01:04:01,,,
2026-02-01 01:10:01,,,
2026-02-01 01:11:01,,,
2026-02-01 01:15:01,,,
2026-02-01 01:16:01,,,
2026-02-01 01:26:01,,,18.393
2026-02-01 01:27:01,14.688,17.798,
2026-02-01 01:32:01,,,
2026-02-01 01:33:01,,,
2026-02-01 01:34:01,,,
2026-02-01 01:40:01,,,
2026-02-01 01:41:01,,,
2026-02-01 01:45:01,,,
2026-02-01 01:46:01,,,
2026-02-01 01:56:01,,,18.331
2026-02-01 01:57:01,14.813,17.672,
2026-02-01 02:02:01,,,
2026-02-01 02:03:01,,,
2026-02-01 02:04:01,,,
2026-02-01 02:10:01,,,
2026-02-01 02:11:01,,,
2026-02-01 02:15:01,,,
2026-02-01 02:16:01,,,
2026-02-01 02:26:01,,,18.331
2026-02-01 02:27:01,14.562,17.547,
2026-02-01 02:32:01,,,
2026-02-01 02:33:01,,,
2026-02-01 02:34:01,,,
2026-02-01 02:40:01,,,
2026-02-01 02:41:01,,,
2026-02-01 02:45:01,,,
2026-02-01 02:46:01,,,
2026-02-01 02:56:01,,,18.268
2026-02-01 02:57:01,14.374,17.422,
2026-02-01 03:02:01,,,
2026-02-01 03:03:01,,,
2026-02-01 03:04:01,,,
2026-02-01 03:10:01,,,
2026-02-01 03:11:01,,,
2026-02-01 03:15:01,,,
2026-02-01 03:16:01,,,
2026-02-01 03:26:01,,,18.268
2026-02-01 03:27:01,14.813,17.359,
2026-02-01 03:32:01,,,
2026-02-01 03:33:01,,,
2026-02-01 03:34:01,,,
2026-02-01 03:40:01,,,
2026-02-01 03:41:01,,,
2026-02-01 03:45:01,,,
2026-02-01 03:46:01,,,
2026-02-01 03:56:01,,,18.205
2026-02-01 03:57:01,14.437,17.234,
2026-02-01 04:02:01,,,
2026-02-01 04:03:01,,,
2026-02-01 04:04:01,,,
2026-02-01 04:10:01,,,
2026-02-01 04:11:01,,,
2026-02-01 04:15:01,,,
2026-02-01 04:16:01,,,
2026-02-01 04:26:01,,,18.205
2026-02-01 04:27:01,14.124,17.109,
2026-02-01 04:32:01,,,
2026-02-01 04:33:01,,,
2026-02-01 04:34:01,,,
2026-02-01 04:40:01,,,
2026-02-01 04:41:01,,,
2026-02-01 04:45:01,,,
2026-02-01 04:46:01,,,
2026-02-01 04:56:01,,,18.143
2026-02-01 04:57:01,13.748,16.983,
2026-02-01 05:02:01,,,
2026-02-01 05:03:01,,,
2026-02-01 05:04:01,,,
2026-02-01 05:10:01,,,
2026-02-01 05:11:01,,,
2026-02-01 05:15:01,,,
2026-02-01 05:16:01,,,
2026-02-01 05:26:01,,,18.143
2026-02-01 05:27:01,13.435,16.858,
2026-02-01 05:32:01,,,
2026-02-01 05:33:01,,,
2026-02-01 05:34:01,,,
2026-02-01 05:40:01,,,
2026-02-01 05:41:01,,,
2026-02-01 05:45:01,,,
2026-02-01 05:46:01,,,
2026-02-01 05:56:01,,,18.08
2026-02-01 05:57:01,13.121,16.795,
2026-02-01 06:02:01,,,
2026-02-01 06:03:01,,,
2026-02-01 06:04:01,,,
2026-02-01 06:10:01,,,
2026-02-01 06:11:01,,,
2026-02-01 06:15:01,,,
2026-02-01 06:16:01,,,
2026-02-01 06:26:01,,,18.017
2026-02-01 06:27:01,12.808,16.67,
2026-02-01 06:32:01,,,
2026-02-01 06:33:01,,,
2026-02-01 06:34:01,,,
2026-02-01 06:40:01,,,
2026-02-01 06:41:01,,,
2026-02-01 06:45:01,,,
2026-02-01 06:46:01,,,
2026-02-01 06:56:01,,,18.017
2026-02-01 06:57:01,12.808,16.545,
2026-02-01 07:02:01,,,
2026-02-01 07:03:01,,,
2026-02-01 07:04:01,,,
2026-02-01 07:10:01,,,
2026-02-01 07:11:01,,,
2026-02-01 07:15:01,,,
2026-02-01 07:16:01,,,
2026-02-01 07:26:01,,,17.955
2026-02-01 07:27:01,12.996,16.482,
2026-02-01 07:32:01,,,
2026-02-01 07:33:01,,,
2026-02-01 07:34:01,,,
2026-02-01 07:40:01,,,
2026-02-01 07:41:01,,,
2026-02-01 07:45:01,,,
2026-02-01 07:46:01,,,
2026-02-01 07:56:01,,,17.955
2026-02-01 07:57:01,13.184,16.357,
2026-02-01 08:02:01,,,
2026-02-01 08:03:01,,,
2026-02-01 08:04:01,,,
2026-02-01 08:10:01,,,
2026-02-01 08:11:01,,,
2026-02-01 08:15:01,,,
2026-02-01 08:16:01,,,
2026-02-01 08:26:01,,,17.892
2026-02-01 08:27:01,13.936,16.231,
2026-02-01 08:32:01,,,
2026-02-01 08:33:01,,,
2026-02-01 08:34:01,,,
2026-02-01 08:40:01,,,
2026-02-01 08:41:01,,,
2026-02-01 08:45:01,,,
2026-02-01 08:46:01,,,
2026-02-01 08:56:01,,,17.83
2026-02-01 08:57:01,14.625,16.169,
2026-02-01 09:02:01,,,
2026-02-01 09:03:01,,,
2026-02-01 09:04:01,,,
2026-02-01 09:10:01,,,
2026-02-01 09:11:01,,,
2026-02-01 09:15:01,,,
2026-02-01 09:16:01,,,
2026-02-01 09:26:01,,,17.83
2026-02-01 09:27:01,15.439,16.106,
2026-02-01 09:32:01,,,
2026-02-01 09:33:01,,,
2026-02-01 09:34:01,,,
2026-02-01 09:40:01,,,
2026-02-01 09:41:01,,,
2026-02-01 09:45:01,,,
2026-02-01 09:46:01,,,
2026-02-01 09:56:01,,,17.767
2026-02-01 09:57:01,16.003,15.981,
2026-02-01 10:02:01,,,
2026-02-01 10:03:01,,,
2026-02-01 10:04:01,,,
2026-02-01 10:10:01,,,
2026-02-01 10:11:01,,,
2026-02-01 10:15:01,,,
2026-02-01 10:16:01,,,
2026-02-01 10:26:01,,,17.767
2026-02-01 10:27:01,17.193,15.981,
2026-02-01 10:32:01,,,
2026-02-01 10:33:01,,,
2026-02-01 10:34:01,,,
2026-02-01 10:40:01,,,
2026-02-01 10:41:01,,,
2026-02-01 10:45:01,,,
2026-02-01 10:46:01,,,
2026-02-01 10:56:01,,,17.704
2026-02-01 10:57:01,18.821,15.918,
2026-02-01 11:02:01,,,
2026-02-01 11:03:01,,,
2026-02-01 11:04:01,,,
2026-02-01 11:10:01,,,
2026-02-01 11:11:01,,,
2026-02-01 11:15:01,,,
2026-02-01 11:16:01,,,
2026-02-01 11:26:01,,,17.704
2026-02-01 11:27:01,20.01,15.918,
2026-02-01 11:32:01,,,
2026-02-01 11:33:01,,,
2026-02-01 11:34:01,,,
2026-02-01 11:40:01,,,
2026-02-01 11:41:01,,,
2026-02-01 11:45:01,,,
2026-02-01 11:46:01,,,
2026-02-01 11:56:01,,,17.642
2026-02-01 11:57:01,20.761,15.918,
2026-02-01 12:02:01,,,
2026-02-01 12:03:01,,,
2026-02-01 12:04:01,,,
2026-02-01 12:10:01,,,
2026-02-01 12:11:01,,,
2026-02-01 12:15:01,,,
2026-02-01 12:16:01,,,
2026-02-01 12:26:01,,,17.579
2026-02-01 12:27:01,22.262,15.981,
2026-02-01 12:32:01,,,
2026-02-01 12:33:01,,,
2026-02-01 12:34:01,,,
2026-02-01 12:40:01,,,
2026-02-01 12:41:01,,,
2026-02-01 12:45:01,,,
2026-02-01 12:46:01,,,
2026-02-01 12:56:01,,,17.579
2026-02-01 12:57:01,23.826,16.043,
2026-02-01 13:02:01,,,
2026-02-01 13:03:01,,,
2026-02-01 13:04:01,,,
2026-02-01 13:10:01,,,
2026-02-01 13:11:01,,,
2026-02-01 13:15:01,,,
2026-02-01 13:16:01,,,
2026-02-01 13:26:01,,,17.516
2026-02-01 13:27:01,25.201,16.169,
2026-02-01 13:32:01,,,
2026-02-01 13:33:01,,,
2026-02-01 13:34:01,,,
2026-02-01 13:40:01,,,
2026-02-01 13:41:01,,,
2026-02-01 13:45:01,,,
2026-02-01 13:46:01,,,
2026-02-01 13:56:01,,,17.516
2026-02-01 13:57:01,26.826,16.357,
2026-02-01 14:02:01,,,
2026-02-01 14:03:01,,,
2026-02-01 14:04:01,,,
2026-02-01 14:10:01,,,
2026-02-01 14:11:01,,,
2026-02-01 14:15:01,,,
2026-02-01 14:16:01,,,
2026-02-01 14:26:01,,,17.454
2026-02-01 14:27:01,27.639,16.607,
2026-02-01 14:32:01,,,
2026-02-01 14:33:01,,,
2026-02-01 14:34:01,,,
2026-02-01 14:40:01,,,
2026-02-01 14:41:01,,,
2026-02-01 14:45:01,,,
2026-02-01 14:46:01,,,
2026-02-01 14:56:01,,,17.454
2026-02-01 14:57:01,24.701,16.858,
2026-02-01 15:02:01,,,
2026-02-01 15:03:01,,,
2026-02-01 15:04:01,,,
2026-02-01 15:10:01,,,
2026-02-01 15:11:01,,,
2026-02-01 15:15:01,,,
2026-02-01 15:16:01,,,
2026-02-01 15:26:01,,,17.454
2026-02-01 15:27:01,24.263,17.171,
2026-02-01 15:32:01,,,
2026-02-01 15:33:01,,,
2026-02-01 15:34:01,,,
2026-02-01 15:40:01,,,
2026-02-01 15:41:01,,,
2026-02-01 15:45:01,,,
2026-02-01 15:46:01,,,
2026-02-01 15:56:01,,,17.454
2026-02-01 15:57:01,23.888,17.422,
2026-02-01 16:02:01,,,
2026-02-01 16:03:01,,,
2026-02-01 16:04:01,,,
2026-02-01 16:10:01,,,
2026-02-01 16:11:01,,,
2026-02-01 16:15:01,,,
2026-02-01 16:16:01,,,
2026-02-01 16:26:01,,,17.454
2026-02-01 16:27:01,24.138,17.61,
2026-02-01 16:32:01,,,
2026-02-01 16:33:01,,,
2026-02-01 16:34:01,,,
2026-02-01 16:40:01,,,
2026-02-01 16:41:01,,,
2026-02-01 16:45:01,,,
2026-02-01 16:46:01,,,
2026-02-01 16:56:01,,,17.454
2026-02-01 16:57:01,22.825,17.798,
2026-02-01 17:02:01,,,
2026-02-01 17:03:01,,,
2026-02-01 17:04:01,,,
2026-02-01 17:10:01,,,
2026-02-01 17:11:01,,,
2026-02-01 17:15:01,,,
2026-02-01 17:16:01,,,
2026-02-01 17:26:01,,,17.454
2026-02-01 17:27:01,21.386,17.923,
2026-02-01 17:32:01,,,
2026-02-01 17:33:01,,,
2026-02-01 17:34:01,,,
2026-02-01 17:40:01,,,
2026-02-01 17:41:01,,,
2026-02-01 17:45:01,,,
2026-02-01 17:46:01,,,
2026-02-01 17:56:01,,,17.516
2026-02-01 17:57:01,19.572,17.986,
2026-02-01 18:02:01,,,
2026-02-01 18:03:01,,,
2026-02-01 18:04:01,,,
2026-02-01 18:10:01,,,
2026-02-01 18:11:01,,,
2026-02-01 18:15:01,,,
2026-02-01 18:16:01,,,
2026-02-01 18:26:01,,,17.516
2026-02-01 18:27:01,18.633,18.048,
2026-02-01 18:32:01,,,
2026-02-01 18:33:01,,,
2026-02-01 18:34:01,,,
2026-02-01 18:40:01,,,
2026-02-01 18:41:01,,,
2026-02-01 18:45:01,,,
2026-02-01 18:46:01,,,
2026-02-01 18:56:01,,,17.579
2026-02-01 18:57:01,17.381,18.048,
2026-02-01 19:02:01,,,
2026-02-01 19:03:01,,,
2026-02-01 19:04:01,,,
2026-02-01 19:10:01,,,
2026-02-01 19:11:01,,,
2026-02-01 19:15:01,,,
2026-02-01 19:16:01,,,
2026-02-01 19:26:01,,,17.579
2026-02-01 19:27:01,17.256,18.048,
2026-02-01 19:32:01,,,
2026-02-01 19:33:01,,,
2026-02-01 19:34:01,,,
2026-02-01 19:40:01,,,
2026-02-01 19:41:01,,,
2026-02-01 19:45:01,,,
2026-02-01 19:46:01,,,
2026-02-01 19:56:01,,,17.642
2026-02-01 19:57:01,17.068,18.048,
2026-02-01 20:02:01,,,
2026-02-01 20:03:01,,,
2026-02-01 20:04:01,,,
2026-02-01 20:10:01,,,
2026-02-01 20:11:01,,,
2026-02-01 20:15:01,,,
2026-02-01 20:16:01,,,
2026-02-01 20:26:01,,,17.642
2026-02-01 20:27:01,16.692,17.986,
2026-02-01 20:32:01,,,
2026-02-01 20:33:01,,,
2026-02-01 20:34:01,,,
2026-02-01 20:40:01,,,
2026-02-01 20:41:01,,,
2026-02-01 20:45:01,,,
2026-02-01 20:46:01,,,
2026-02-01 20:56:01,,,17.704
2026-02-01 20:57:01,16.567,17.923,
2026-02-01 21:02:01,,,
2026-02-01 21:03:01,,,
2026-02-01 21:04:01,,,
2026-02-01 21:10:01,,,
2026-02-01 21:11:01,,,
2026-02-01 21:15:01,,,
2026-02-01 21:16:01,,,
2026-02-01 21:26:01,,,17.704
2026-02-01 21:27:01,16.504,17.86,
2026-02-01 21:32:01,,,
2026-02-01 21:33:01,,,
2026-02-01 21:34:01,,,
2026-02-01 21:40:01,,,
2026-02-01 21:41:01,,,
2026-02-01 21:45:01,,,
2026-02-01 21:46:01,,,
2026-02-01 21:56:01,,,17.704
2026-02-01 21:57:01,16.504,17.798,
2026-02-01 22:02:01,,,
2026-02-01 22:03:01,,,
2026-02-01 22:04:01,,,
2026-02-01 22:10:01,,,
2026-02-01 22:11:01,,,
2026-02-01 22:15:01,,,
2026-02-01 22:16:01,,,
2026-02-01 22:26:01,,,17.767
2026-02-01 22:27:01,16.316,17.735,
2026-02-01 22:32:01,,,
2026-02-01 22:33:01,,,
2026-02-01 22:34:01,,,
2026-02-01 22:40:01,,,
2026-02-01 22:41:01,,,
2026-02-01 22:45:01,,,
2026-02-01 22:46:01,,,
2026-02-01 22:56:01,,,17.767
2026-02-01 22:57:01,15.878,17.672,
2026-02-01 23:02:01,,,
2026-02-01 23:03:01,,,
2026-02-01 23:04:01,,,
2026-02-01 23:10:01,,,
2026-02-01 23:11:01,,,
2026-02-01 23:15:01,,,
2026-02-01 23:16:01,,,
2026-02-01 23:26:01,,,17.767
2026-02-01 23:27:01,15.377,17.547,
2026-02-01 23:32:01,,,
2026-02-01 23:33:01,,,
2026-02-01 23:34:01,,,
2026-02-01 23:40:01,,,
2026-02-01 23:41:01,,,
2026-02-01 23:45:01,,,
2026-02-01 23:46:01,,,
2026-02-01 23:56:01,,,17.704
2026-02-01 23:57:01,15.001,17.484,
2026-02-02 00:02:01,,,
2026-02-02 00:03:01,,,
2026-02-02 00:04:01,,,
2026-02-02 00:10:01,,,
2026-02-02 00:11:01,,,
2026-02-02 00:15:01,,,
2026-02-02 00:16:01,,,
2026-02-02 00:26:01,,,17.704
2026-02-02 00:27:01,14.688,17.422,
2026-02-02 00:32:01,,,
2026-02-02 00:33:01,,,
2026-02-02 00:34:01,,,
2026-02-02 00:40:01,,,
2026-02-02 00:41:01,,,
2026-02-02 00:45:01,,,
2026-02-02 00:46:01,,,
2026-02-02 00:56:01,,,17.704
2026-02-02 00:57:01,14.688,17.359,
2026-02-02 01:02:01,,,
2026-02-02 01:03:01,,,
2026-02-02 01:04:01,,,
2026-02-02 01:10:01,,,
2026-02-02 01:11:01,,,
2026-02-02 01:15:01,,,
2026-02-02 01:16:01,,,
2026-02-02 01:26:01,,,17.704
2026-02-02 01:27:01,14.75,17.234,
2026-02-02 01:32:01,,,
2026-02-02 01:33:01,,,
2026-02-02 01:34:01,,,
2026-02-02 01:40:01,,,
2026-02-02 01:41:01,,,
2026-02-02 01:45:01,,,
2026-02-02 01:46:01,,,
2026-02-02 01:56:01,,,17.704
2026-02-02 01:57:01,14.688,17.171,
2026-02-02 02:02:01,,,
2026-02-02 02:03:01,,,
2026-02-02 02:04:01,,,
2026-02-02 02:10:01,,,
2026-02-02 02:11:01,,,
2026-02-02 02:15:01,,,
2026-02-02 02:16:01,,,
2026-02-02 02:26:01,,,17.642
2026-02-02 02:27:01,14.5,17.046,
2026-02-02 02:32:01,,,
2026-02-02 02:33:01,,,
2026-02-02 02:34:01,,,
2026-02-02 02:40:01,,,
2026-02-02 02:41:01,,,
2026-02-02 02:45:01,,,
2026-02-02 02:46:01,,,
2026-02-02 02:56:01,,,17.642
2026-02-02 02:57:01,14.437,16.921,
2026-02-02 03:02:01,,,
2026-02-02 03:03:01,,,
2026-02-02 03:04:01,,,
2026-02-02 03:10:01,,,
2026-02-02 03:11:01,,,
2026-02-02 03:15:01,,,
2026-02-02 03:16:01,,,
2026-02-02 03:26:01,,,17.642
2026-02-02 03:27:01,14.249,16.858,
2026-02-02 03:32:01,,,
2026-02-02 03:33:01,,,
2026-02-02 03:34:01,,,
2026-02-02 03:40:01,,,
2026-02-02 03:41:01,,,
2026-02-02 03:45:01,,,
2026-02-02 03:46:01,,,
2026-02-02 03:56:01,,,17.642
2026-02-02 03:57:01,13.811,16.733,
2026-02-02 04:02:01,,,
2026-02-02 04:03:01,,,
2026-02-02 04:04:01,,,
2026-02-02 04:10:01,,,
2026-02-02 04:11:01,,,
2026-02-02 04:15:01,,,
2026-02-02 04:16:01,,,
2026-02-02 04:26:01,,,17.579
2026-02-02 04:27:01,13.56,16.67,
2026-02-02 04:32:01,,,
2026-02-02 04:33:01,,,
2026-02-02 04:34:01,,,
2026-02-02 04:40:01,,,
2026-02-02 04:41:01,,,
2026-02-02 04:45:01,,,
2026-02-02 04:46:01,,,
2026-02-02 04:56:01,,,17.579
2026-02-02 04:57:01,13.309,16.545,
2026-02-02 05:02:01,,,
2026-02-02 05:03:01,,,
2026-02-02 05:04:01,,,
2026-02-02 05:10:01,,,
2026-02-02 05:11:01,,,
2026-02-02 05:15:01,,,
2026-02-02 05:16:01,,,
2026-02-02 05:26:01,,,17.516
2026-02-02 05:27:01,13.247,16.482,
2026-02-02 05:32:01,,,
2026-02-02 05:33:01,,,
2026-02-02 05:34:01,,,
2026-02-02 05:40:01,,,
2026-02-02 05:41:01,,,
2026-02-02 05:45:01,,,
2026-02-02 05:46:01,,,
2026-02-02 05:56:01,,,17.516
2026-02-02 05:57:01,13.435,16.357,
2026-02-02 06:02:01,,,
2026-02-02 06:03:01,,,
2026-02-02 06:04:01,,,
2026-02-02 06:10:01,,,
2026-02-02 06:11:01,,,
2026-02-02 06:15:01,,,
2026-02-02 06:16:01,,,
2026-02-02 06:26:01,,,17.454
2026-02-02 06:27:01,13.435,16.294,
2026-02-02 06:32:01,,,
2026-02-02 06:33:01,,,
2026-02-02 06:34:01,,,
2026-02-02 06:40:01,,,
2026-02-02 06:41:01,,,
2026-02-02 06:45:01,,,
2026-02-02 06:46:01,,,
2026-02-02 06:56:01,,,17.454
2026-02-02 06:57:01,13.309,16.169,
2026-02-02 07:02:01,,,
2026-02-02 07:03:01,,,
2026-02-02 07:04:01,,,
2026-02-02 07:10:01,,,
2026-02-02 07:11:01,,,
2026-02-02 07:15:01,,,
2026-02-02 07:16:01,,,
2026-02-02 07:26:01,,,17.391
2026-02-02 07:27:01,13.247,16.106,
2026-02-02 07:32:01,,,
2026-02-02 07:33:01,,,
2026-02-02 07:34:01,,,
2026-02-02 07:40:01,,,
2026-02-02 07:41:01,,,
2026-02-02 07:45:01,,,
2026-02-02 07:46:01,,,
2026-02-02 07:56:01,,,17.391
2026-02-02 07:57:01,13.309,16.043,
2026-02-02 08:02:01,,,
2026-02-02 08:03:01,,,
2026-02-02 08:04:01,,,
2026-02-02 08:10:01,,,
2026-02-02 08:11:01,,,
2026-02-02 08:15:01,,,
2026-02-02 08:16:01,,,
2026-02-02 08:26:01,,,17.328
2026-02-02 08:27:01,13.184,15.918,
2026-02-02 08:32:01,,,
2026-02-02 08:33:01,,,
2026-02-02 08:34:01,,,
2026-02-02 08:40:01,,,
2026-02-02 08:41:01,,,
2026-02-02 08:45:01,,,
2026-02-02 08:46:01,,,
2026-02-02 08:56:01,,,17.328
2026-02-02 08:57:01,13.059,15.855,
2026-02-02 09:02:01,,,
2026-02-02 09:03:01,,,
2026-02-02 09:04:01,,,
2026-02-02 09:10:01,,,
2026-02-02 09:11:01,,,
2026-02-02 09:15:01,,,
2026-02-02 09:16:01,,,
2026-02-02 09:26:01,,,17.266
2026-02-02 09:27:01,13.873,15.793,
2026-02-02 09:32:01,,,
2026-02-02 09:33:01,,,
2026-02-02 09:34:01,,,
2026-02-02 09:40:01,,,
2026-02-02 09:41:01,,,
2026-02-02 09:45:01,,,
2026-02-02 09:46:01,,,
2026-02-02 09:56:01,,,17.266
2026-02-02 09:57:01,14.876,15.73,
2026-02-02 10:02:01,,,
2026-02-02 10:03:01,,,
2026-02-02 10:04:01,,,
2026-02-02 10:10:01,,,
2026-02-02 10:11:01,,,
2026-02-02 10:15:01,,,
2026-02-02 10:16:01,,,
2026-02-02 10:26:01,,,17.203
2026-02-02 10:27:01,15.815,15.667,
2026-02-02 10:32:01,,,
2026-02-02 10:33:01,,,
2026-02-02 10:34:01,,,
2026-02-02 10:40:01,,,
2026-02-02 10:41:01,,,
2026-02-02 10:45:01,,,
2026-02-02 10:46:01,,,
2026-02-02 10:56:01,,,17.14
2026-02-02 10:57:01,16.942,15.605,
2026-02-02 11:02:01,,,
2026-02-02 11:03:01,,,
2026-02-02 11:04:01,,,
2026-02-02 11:10:01,,,
2026-02-02 11:11:01,,,
2026-02-02 11:15:01,,,
2026-02-02 11:16:01,,,
2026-02-02 11:26:01,,,17.14
2026-02-02 11:27:01,18.195,15.542,
2026-02-02 11:32:01,,,
2026-02-02 11:33:01,,,
2026-02-02 11:34:01,,,
2026-02-02 11:40:01,,,
2026-02-02 11:41:01,,,
2026-02-02 11:45:01,,,
2026-02-02 11:46:01,,,
2026-02-02 11:56:01,,,17.14
2026-02-02 11:57:01,20.197,15.479,
2026-02-02 12:02:01,,,
2026-02-02 12:03:01,,,
2026-02-02 12:04:01,,,
2026-02-02 12:10:01,,,
2026-02-02 12:11:01,,,
2026-02-02 12:15:01,,,
2026-02-02 12:16:01,,,
2026-02-02 12:26:01,,,17.078
2026-02-02 12:27:01,22.325,15.479,
2026-02-02 12:32:01,,,
2026-02-02 12:33:01,,,
2026-02-02 12:34:01,,,
2026-02-02 12:40:01,,,
2026-02-02 12:41:01,,,
2026-02-02 12:45:01,,,
2026-02-02 12:46:01,,,
2026-02-02 12:56:01,,,17.14
2026-02-02 12:57:01,24.263,15.542,
2026-02-02 13:02:01,,,
2026-02-02 13:03:01,,,
2026-02-02 13:04:01,,,
2026-02-02 13:10:01,,,
2026-02-02 13:11:01,,,
2026-02-02 13:15:01,,,
2026-02-02 13:16:01,,,
2026-02-02 13:26:01,,,17.078
2026-02-02 13:27:01,26.076,15.667,
2026-02-02 13:32:01,,,
2026-02-02 13:33:01,,,
2026-02-02 13:34:01,,,
2026-02-02 13:40:01,,,
2026-02-02 13:41:01,,,
2026-02-02 13:45:01,,,
2026-02-02 13:46:01,,,
2026-02-02 13:56:01,,,17.078
2026-02-02 13:57:01,28.701,15.855,
2026-02-02 14:02:01,,,
2026-02-02 14:03:01,,,
2026-02-02 14:04:01,,,
2026-02-02 14:10:01,,,
2026-02-02 14:11:01,,,
2026-02-02 14:15:01,,,
2026-02-02 14:16:01,,,
2026-02-02 14:26:01,,,17.015
2026-02-02 14:27:01,31.199,16.169,
2026-02-02 14:32:01,,,
2026-02-02 14:33:01,,,
2026-02-02 14:34:01,,,
2026-02-02 14:40:01,,,
2026-02-02 14:41:01,,,
2026-02-02 14:45:01,,,
2026-02-02 14:46:01,,,
2026-02-02 14:56:01,,,17.015
2026-02-02 14:57:01,30.137,16.733,
2026-02-02 15:02:01,,,
2026-02-02 15:03:01,,,
2026-02-02 15:04:01,,,
2026-02-02 15:10:01,,,
2026-02-02 15:11:01,,,
2026-02-02 15:15:01,,,
2026-02-02 15:16:01,,,
2026-02-02 15:26:01,,,16.952
2026-02-02 15:27:01,28.576,17.359,
2026-02-02 15:32:01,,,
2026-02-02 15:33:01,,,
2026-02-02 15:34:01,,,
2026-02-02 15:40:01,,,
2026-02-02 15:41:01,,,
2026-02-02 15:45:01,,,
2026-02-02 15:46:01,,,
2026-02-02 15:56:01,,,16.952
2026-02-02 15:57:01,28.138,17.86,
2026-02-02 16:02:01,,,
2026-02-02 16:03:01,,,
2026-02-02 16:04:01,,,
2026-02-02 16:10:01,,,
2026-02-02 16:11:01,,,
2026-02-02 16:15:01,,,
2026-02-02 16:16:01,,,
2026-02-02 16:26:01,,,16.952
2026-02-02 16:27:01,27.763,18.299,
2026-02-02 16:32:01,,,
2026-02-02 16:33:01,,,
2026-02-02 16:34:01,,,
2026-02-02 16:40:01,,,
2026-02-02 16:41:01,,,
2026-02-02 16:45:01,,,
2026-02-02 16:46:01,,,
2026-02-02 16:56:01,,,17.015
2026-02-02 16:57:01,27.201,18.8,
2026-02-02 17:02:01,,,
2026-02-02 17:03:01,,,
2026-02-02 17:04:01,,,
2026-02-02 17:10:01,,,
2026-02-02 17:11:01,,,
2026-02-02 17:15:01,,,
2026-02-02 17:16:01,,,
2026-02-02 17:26:01,,,17.015
2026-02-02 17:27:01,26.389,19.238,
2026-02-02 17:32:01,,,
2026-02-02 17:33:01,,,
2026-02-02 17:34:01,,,
2026-02-02 17:40:01,,,
2026-02-02 17:41:01,,,
2026-02-02 17:45:01,,,
2026-02-02 17:46:01,,,
2026-02-02 17:56:01,,,17.078
2026-02-02 17:57:01,25.076,19.739,
2026-02-02 18:02:01,,,
2026-02-02 18:03:01,,,
2026-02-02 18:04:01,,,
2026-02-02 18:10:01,,,
2026-02-02 18:11:01,,,
2026-02-02 18:15:01,,,
2026-02-02 18:16:01,,,
2026-02-02 18:26:01,,,17.203
2026-02-02 18:27:01,24.263,20.114,
2026-02-02 18:32:01,,,
2026-02-02 18:33:01,,,
2026-02-02 18:34:01,,,
2026-02-02 18:40:01,,,
2026-02-02 18:41:01,,,
2026-02-02 18:45:01,,,
2026-02-02 18:46:01,,,
2026-02-02 18:56:01,,,17.454
2026-02-02 18:57:01,23.575,20.427,
2026-02-02 19:02:01,,,
2026-02-02 19:03:01,,,
2026-02-02 19:04:01,,,
2026-02-02 19:10:01,,,
2026-02-02 19:11:01,,,
2026-02-02 19:15:01,,,
2026-02-02 19:16:01,,,
2026-02-02 19:26:01,,,18.268
2026-02-02 19:27:01,22.888,20.678,
2026-02-02 19:32:01,,,
2026-02-02 19:33:01,,,
2026-02-02 19:34:01,,,
2026-02-02 19:40:01,,,
2026-02-02 19:41:01,,,
2026-02-02 19:45:01,,,
2026-02-02 19:46:01,,,
2026-02-02 19:56:01,,,19.333
2026-02-02 19:57:01,22.7,21.053,
2026-02-02 20:02:01,,,
2026-02-02 20:03:01,,,
2026-02-02 20:04:01,,,
2026-02-02 20:10:01,,,
2026-02-02 20:11:01,,,
2026-02-02 20:15:01,,,
2026-02-02 20:16:01,,,
2026-02-02 20:26:01,,,19.834
2026-02-02 20:27:01,22.074,21.366,
2026-02-02 20:32:01,,,
2026-02-02 20:33:01,,,
2026-02-02 20:34:01,,,
2026-02-02 20:40:01,,,
2026-02-02 20:41:01,,,
2026-02-02 20:45:01,,,
2026-02-02 20:46:01,,,
2026-02-02 20:56:01,,,20.147
2026-02-02 20:57:01,21.261,21.616,
2026-02-02 21:02:01,,,
2026-02-02 21:03:01,,,
2026-02-02 21:04:01,,,
2026-02-02 21:10:01,,,
2026-02-02 21:11:01,,,
2026-02-02 21:15:01,,,
2026-02-02 21:16:01,,,
2026-02-02 21:26:01,,,20.272
2026-02-02 21:27:01,20.323,21.742,
2026-02-02 21:32:01,,,
2026-02-02 21:33:01,,,
2026-02-02 21:34:01,,,
2026-02-02 21:40:01,,,
2026-02-02 21:41:01,,,
2026-02-02 21:45:01,,,
2026-02-02 21:46:01,,,
2026-02-02 21:56:01,,,20.335
2026-02-02 21:57:01,19.509,21.742,
2026-02-02 22:02:01,,,
2026-02-02 22:03:01,,,
2026-02-02 22:04:01,,,
2026-02-02 22:10:01,,,
2026-02-02 22:11:01,,,
2026-02-02 22:15:01,,,
2026-02-02 22:16:01,,,
2026-02-02 22:26:01,,,20.272
2026-02-02 22:27:01,18.821,21.616,
2026-02-02 22:32:01,,,
2026-02-02 22:33:01,,,
2026-02-02 22:34:01,,,
2026-02-02 22:40:01,,,
2026-02-02 22:41:01,,,
2026-02-02 22:45:01,,,
2026-02-02 22:46:01,,,
2026-02-02 22:56:01,,,20.21
2026-02-02 22:57:01,18.32,21.429,
2026-02-02 23:02:01,,,
2026-02-02 23:03:01,,,
2026-02-02 23:04:01,,,
2026-02-02 23:10:01,,,
2026-02-02 23:11:01,,,
2026-02-02 23:15:01,,,
2026-02-02 23:16:01,,,
2026-02-02 23:26:01,,,20.022
2026-02-02 23:27:01,17.506,21.178,
2026-02-02 23:32:01,,,
2026-02-02 23:33:01,,,
2026-02-02 23:34:01,,,
2026-02-02 23:40:01,,,
2026-02-02 23:41:01,,,
2026-02-02 23:45:01,,,
2026-02-02 23:46:01,,,
2026-02-02 23:56:01,,,19.834
2026-02-02 23:57:01,16.692,20.866,
2026-02-03 00:02:01,,,
2026-02-03 00:03:01,,,
2026-02-03 00:04:01,,,
2026-02-03 00:10:01,,,
2026-02-03 00:11:01,,,
2026-02-03 00:15:01,,,
2026-02-03 00:16:01,,,
2026-02-03 00:26:01,,,19.646
2026-02-03 00:27:01,16.003,20.553,
2026-02-03 00:32:01,,,
2026-02-03 00:33:01,,,
2026-02-03 00:34:01,,,
2026-02-03 00:40:01,,,
2026-02-03 00:41:01,,,
2026-02-03 00:45:01,,,
2026-02-03 00:46:01,,,
2026-02-03 00:56:01,,,19.396
2026-02-03 00:57:01,15.627,20.24,
2026-02-03 01:02:01,,,
2026-02-03 01:03:01,,,
2026-02-03 01:04:01,,,
2026-02-03 01:10:01,,,
2026-02-03 01:11:01,,,
2026-02-03 01:15:01,,,
2026-02-03 01:16:01,,,
2026-02-03 01:26:01,,,19.145
2026-02-03 01:27:01,15.252,19.864,
2026-02-03 01:32:01,,,
2026-02-03 01:33:01,,,
2026-02-03 01:34:01,,,
2026-02-03 01:40:01,,,
2026-02-03 01:41:01,,,
2026-02-03 01:45:01,,,
2026-02-03 01:46:01,,,
2026-02-03 01:56:01,,,18.832
2026-02-03 01:57:01,14.876,19.551,
2026-02-03 02:02:01,,,
2026-02-03 02:03:01,,,
2026-02-03 02:04:01,,,
2026-02-03 02:10:01,,,
2026-02-03 02:11:01,,,
2026-02-03 02:15:01,,,
2026-02-03 02:16:01,,,
2026-02-03 02:26:01,,,18.581
2026-02-03 02:27:01,14.5,19.175,
2026-02-03 02:32:01,,,
2026-02-03 02:33:01,,,
2026-02-03 02:34:01,,,
2026-02-03 02:40:01,,,
2026-02-03 02:41:01,,,
2026-02-03 02:45:01,,,
2026-02-03 02:46:01,,,
2026-02-03 02:56:01,,,18.331
2026-02-03 02:57:01,14.437,18.862,
2026-02-03 03:02:01,,,
2026-02-03 03:03:01,,,
2026-02-03 03:04:01,,,
2026-02-03 03:10:01,,,
2026-02-03 03:11:01,,,
2026-02-03 03:15:01,,,
2026-02-03 03:16:01,,,
2026-02-03 03:26:01,,,18.08
2026-02-03 03:27:01,14.562,18.549,
2026-02-03 03:32:01,,,
2026-02-03 03:33:01,,,
2026-02-03 03:34:01,,,
2026-02-03 03:40:01,,,
2026-02-03 03:41:01,,,
2026-02-03 03:45:01,,,
2026-02-03 03:46:01,,,
2026-02-03 03:56:01,,,17.83
2026-02-03 03:57:01,14.688,18.236,
2026-02-03 04:02:01,,,
2026-02-03 04:03:01,,,
2026-02-03 04:04:01,,,
2026-02-03 04:10:01,,,
2026-02-03 04:11:01,,,
2026-02-03 04:15:01,,,
2026-02-03 04:16:01,,,
2026-02-03 04:26:01,,,17.642
2026-02-03 04:27:01,14.249,17.986,
2026-02-03 04:32:01,,,
2026-02-03 04:33:01,,,
2026-02-03 04:34:01,,,
2026-02-03 04:40:01,,,
2026-02-03 04:41:01,,,
2026-02-03 04:45:01,,,
2026-02-03 04:46:01,,,
2026-02-03 04:56:01,,,17.454
2026-02-03 04:57:01,13.623,17.735,
2026-02-03 05:02:01,,,
2026-02-03 05:03:01,,,
2026-02-03 05:04:01,,,
2026-02-03 05:10:01,,,
2026-02-03 05:11:01,,,
2026-02-03 05:15:01,,,
2026-02-03 05:16:01,,,
2026-02-03 05:26:01,,,17.266
2026-02-03 05:27:01,13.184,17.484,
2026-02-03 05:32:01,,,
2026-02-03 05:33:01,,,
2026-02-03 05:34:01,,,
2026-02-03 05:40:01,,,
2026-02-03 05:41:01,,,
2026-02-03 05:45:01,,,
2026-02-03 05:46:01,,,
2026-02-03 05:56:01,,,17.14
2026-02-03 05:57:01,12.871,17.297,
2026-02-03 06:02:01,,,
2026-02-03 06:03:01,,,
2026-02-03 06:04:01,,,
2026-02-03 06:10:01,,,
2026-02-03 06:11:01,,,
2026-02-03 06:15:01,,,
2026-02-03 06:16:01,,,
2026-02-03 06:26:01,,,16.952
2026-02-03 06:27:01,12.557,17.046,
2026-02-03 06:32:01,,,
2026-02-03 06:33:01,,,
2026-02-03 06:34:01,,,
2026-02-03 06:40:01,,,
2026-02-03 06:41:01,,,
2026-02-03 06:45:01,,,
2026-02-03 06:46:01,,,
2026-02-03 06:56:01,,,16.827
2026-02-03 06:57:01,12.683,16.858,
2026-02-03 07:02:01,,,
2026-02-03 07:03:01,,,
2026-02-03 07:04:01,,,
2026-02-03 07:10:01,,,
2026-02-03 07:11:01,,,
2026-02-03 07:15:01,,,
2026-02-03 07:16:01,,,
2026-02-03 07:26:01,,,16.702
2026-02-03 07:27:01,13.309,16.67,
2026-02-03 07:32:01,,,
2026-02-03 07:33:01,,,
2026-02-03 07:34:01,,,
2026-02-03 07:40:01,,,
2026-02-03 07:41:01,,,
2026-02-03 07:45:01,,,
2026-02-03 07:46:01,,,
2026-02-03 07:56:01,,,16.576
2026-02-03 07:57:01,13.685,16.545,
2026-02-03 08:02:01,,,
2026-02-03 08:03:01,,,
2026-02-03 08:04:01,,,
2026-02-03 08:10:01,,,
2026-02-03 08:11:01,,,
2026-02-03 08:15:01,,,
2026-02-03 08:16:01,,,
2026-02-03 08:26:01,,,16.451
2026-02-03 08:27:01,13.497,16.357,
2026-02-03 08:32:01,,,
2026-02-03 08:33:01,,,
2026-02-03 08:34:01,,,
2026-02-03 08:40:01,,,
2026-02-03 08:41:01,,,
2026-02-03 08:45:01,,,
2026-02-03 08:46:01,,,
2026-02-03 08:56:01,,,16.388
2026-02-03 08:57:01,13.497,16.231,
2026-02-03 09:02:01,,,
2026-02-03 09:03:01,,,
2026-02-03 09:04:01,,,
2026-02-03 09:10:01,,,
2026-02-03 09:11:01,,,
2026-02-03 09:15:01,,,
2026-02-03 09:16:01,,,
2026-02-03 09:26:01,,,16.263
2026-02-03 09:27:01,14.813,16.106,
2026-02-03 09:32:01,,,
2026-02-03 09:33:01,,,
2026-02-03 09:34:01,,,
2026-02-03 09:40:01,,,
2026-02-03 09:41:01,,,
2026-02-03 09:45:01,,,
2026-02-03 09:46:01,,,
2026-02-03 09:56:01,,,16.2
2026-02-03 09:57:01,16.88,16.043,
2026-02-03 10:02:01,,,
2026-02-03 10:03:01,,,
2026-02-03 10:04:01,,,
2026-02-03 10:10:01,,,
2026-02-03 10:11:01,,,
2026-02-03 10:15:01,,,
2026-02-03 10:16:01,,,
2026-02-03 10:26:01,,,16.2
2026-02-03 10:27:01,18.257,15.918,
2026-02-03 10:32:01,,,
2026-02-03 10:33:01,,,
2026-02-03 10:34:01,,,
2026-02-03 10:40:01,,,
2026-02-03 10:41:01,,,
2026-02-03 10:45:01,,,
2026-02-03 10:46:01,,,
2026-02-03 10:56:01,,,16.2
2026-02-03 10:57:01,19.697,15.918,
2026-02-03 11:02:01,,,
2026-02-03 11:03:01,,,
2026-02-03 11:04:01,,,
2026-02-03 11:10:01,,,
2026-02-03 11:11:01,,,
2026-02-03 11:15:01,,,
2026-02-03 11:16:01,,,
2026-02-03 11:26:01,,,16.263
2026-02-03 11:27:01,21.261,15.918,
2026-02-03 11:32:01,,,
2026-02-03 11:33:01,,,
2026-02-03 11:34:01,,,
2026-02-03 11:40:01,,,
2026-02-03 11:41:01,,,
2026-02-03 11:45:01,,,
2026-02-03 11:46:01,,,
2026-02-03 11:56:01,,,16.451
2026-02-03 11:57:01,22.262,15.981,
2026-02-03 12:02:01,,,
2026-02-03 12:03:01,,,
2026-02-03 12:04:01,,,
2026-02-03 12:10:01,,,
2026-02-03 12:11:01,,,
2026-02-03 12:15:01,,,
2026-02-03 12:16:01,,,
2026-02-03 12:26:01,,,16.702
2026-02-03 12:27:01,23.701,16.169,
2026-02-03 12:32:01,,,
2026-02-03 12:33:01,,,
2026-02-03 12:34:01,,,
2026-02-03 12:40:01,,,
2026-02-03 12:41:01,,,
2026-02-03 12:45:01,,,
2026-02-03 12:46:01,,,
2026-02-03 12:56:01,,,17.015
2026-02-03 12:57:01,25.139,16.482,
2026-02-03 13:02:01,,,
2026-02-03 13:03:01,,,
2026-02-03 13:04:01,,,
2026-02-03 13:10:01,,,
2026-02-03 13:11:01,,,
2026-02-03 13:15:01,,,
2026-02-03 13:16:01,,,
2026-02-03 13:26:01,,,17.454
2026-02-03 13:27:01,26.639,16.858,
2026-02-03 13:32:01,,,
2026-02-03 13:33:01,,,
2026-02-03 13:34:01,,,
2026-02-03 13:40:01,,,
2026-02-03 13:41:01,,,
2026-02-03 13:45:01,,,
2026-02-03 13:46:01,,,
2026-02-03 13:56:01,,,17.955
2026-02-03 13:57:01,29.075,17.359,
2026-02-03 14:02:01,,,
2026-02-03 14:03:01,,,
2026-02-03 14:04:01,,,
2026-02-03 14:10:01,,,
2026-02-03 14:11:01,,,
2026-02-03 14:15:01,,,
2026-02-03 14:16:01,,,
2026-02-03 14:26:01,,,18.519
2026-02-03 14:27:01,31.136,17.923,
2026-02-03 14:32:01,,,
2026-02-03 14:33:01,,,
2026-02-03 14:34:01,,,
2026-02-03 14:40:01,,,
2026-02-03 14:41:01,,,
2026-02-03 14:45:01,,,
2026-02-03 14:46:01,,,
2026-02-03 14:56:01,,,19.082
2026-02-03 14:57:01,29.638,18.612,
2026-02-03 15:02:01,,,
2026-02-03 15:03:01,,,
2026-02-03 15:04:01,,,
2026-02-03 15:10:01,,,
2026-02-03 15:11:01,,,
2026-02-03 15:15:01,,,
2026-02-03 15:16:01,,,
2026-02-03 15:26:01,,,19.646
2026-02-03 15:27:01,29.075,19.363,
2026-02-03 15:32:01,,,
2026-02-03 15:33:01,,,
2026-02-03 15:34:01,,,
2026-02-03 15:40:01,,,
2026-02-03 15:41:01,,,
2026-02-03 15:45:01,,,
2026-02-03 15:46:01,,,
2026-02-03 15:56:01,,,20.21
2026-02-03 15:57:01,28.826,20.052,
2026-02-03 16:02:01,,,
2026-02-03 16:03:01,,,
2026-02-03 16:04:01,,,
2026-02-03 16:10:01,,,
2026-02-03 16:11:01,,,
2026-02-03 16:15:01,,,
2026-02-03 16:16:01,,,
2026-02-03 16:26:01,,,20.773
2026-02-03 16:27:01,28.263,20.803,
2026-02-03 16:32:01,,,
2026-02-03 16:33:01,,,
2026-02-03 16:34:01,,,
2026-02-03 16:40:01,,,
2026-02-03 16:41:01,,,
2026-02-03 16:45:01,,,
2026-02-03 16:46:01,,,
2026-02-03 16:56:01,,,21.274
2026-02-03 16:57:01,28.326,21.491,
2026-02-03 17:02:01,,,
2026-02-03 17:03:01,,,
2026-02-03 17:04:01,,,
2026-02-03 17:10:01,,,
2026-02-03 17:11:01,,,
2026-02-03 17:15:01,,,
2026-02-03 17:16:01,,,
2026-02-03 17:26:01,,,21.712
2026-02-03 17:27:01,28.138,22.18,
2026-02-03 17:32:01,,,
2026-02-03 17:33:01,,,
2026-02-03 17:34:01,,,
2026-02-03 17:40:01,,,
2026-02-03 17:41:01,,,
2026-02-03 17:45:01,,,
2026-02-03 17:46:01,,,
2026-02-03 17:56:01,,,22.087
2026-02-03 17:57:01,27.264,22.743,
2026-02-03 18:02:01,,,
2026-02-03 18:03:01,,,
2026-02-03 18:04:01,,,
2026-02-03 18:10:01,,,
2026-02-03 18:11:01,,,
2026-02-03 18:15:01,,,
2026-02-03 18:16:01,,,
2026-02-03 18:26:01,,,22.4
2026-02-03 18:27:01,26.076,23.243,
2026-02-03 18:32:01,,,
2026-02-03 18:33:01,,,
2026-02-03 18:34:01,,,
2026-02-03 18:40:01,,,
2026-02-03 18:41:01,,,
2026-02-03 18:45:01,,,
2026-02-03 18:46:01,,,
2026-02-03 18:56:01,,,22.651
2026-02-03 18:57:01,25.201,23.681,
2026-02-03 19:02:01,,,
2026-02-03 19:03:01,,,
2026-02-03 19:04:01,,,
2026-02-03 19:10:01,,,
2026-02-03 19:11:01,,,
2026-02-03 19:15:01,,,
2026-02-03 19:16:01,,,
2026-02-03 19:26:01,,,22.776
2026-02-03 19:27:01,24.076,23.994,
2026-02-03 19:32:01,,,
2026-02-03 19:33:01,,,
2026-02-03 19:34:01,,,
2026-02-03 19:40:01,,,
2026-02-03 19:41:01,,,
2026-02-03 19:45:01,,,
2026-02-03 19:46:01,,,
2026-02-03 19:56:01,,,22.901
2026-02-03 19:57:01,23.138,24.181,
2026-02-03 20:02:01,,,
2026-02-03 20:03:01,,,
2026-02-03 20:04:01,,,
2026-02-03 20:10:01,,,
2026-02-03 20:11:01,,,
2026-02-03 20:15:01,,,
2026-02-03 20:16:01,,,
2026-02-03 20:26:01,,,22.901
2026-02-03 20:27:01,22.387,24.244,
2026-02-03 20:32:01,,,
2026-02-03 20:33:01,,,
2026-02-03 20:34:01,,,
2026-02-03 20:40:01,,,
2026-02-03 20:41:01,,,
2026-02-03 20:45:01,,,
2026-02-03 20:46:01,,,
2026-02-03 20:56:01,,,22.838
2026-02-03 20:57:01,21.762,24.181,
2026-02-03 21:02:01,,,
2026-02-03 21:03:01,,,
2026-02-03 21:04:01,,,
2026-02-03 21:10:01,,,
2026-02-03 21:11:01,,,
2026-02-03 21:15:01,,,
2026-02-03 21:16:01,,,
2026-02-03 21:26:01,,,22.713
2026-02-03 21:27:01,21.073,24.056,
2026-02-03 21:32:01,,,
2026-02-03 21:33:01,,,
2026-02-03 21:34:01,,,
2026-02-03 21:40:01,,,
2026-02-03 21:41:01,,,
2026-02-03 21:45:01,,,
2026-02-03 21:46:01,,,
2026-02-03 21:56:01,,,22.525
2026-02-03 21:57:01,20.385,23.806,
2026-02-03 22:02:01,,,
2026-02-03 22:03:01,,,
2026-02-03 22:04:01,,,
2026-02-03 22:10:01,,,
2026-02-03 22:11:01,,,
2026-02-03 22:15:01,,,
2026-02-03 22:16:01,,,
2026-02-03 22:26:01,,,22.338
2026-02-03 22:27:01,19.447,23.493,
2026-02-03 22:32:01,,,
2026-02-03 22:33:01,,,
2026-02-03 22:34:01,,,
2026-02-03 22:40:01,,,
2026-02-03 22:41:01,,,
2026-02-03 22:45:01,,,
2026-02-03 22:46:01,,,
2026-02-03 22:56:01,,,22.025
2026-02-03 22:57:01,18.695,23.18,
2026-02-03 23:02:01,,,
2026-02-03 23:03:01,,,
2026-02-03 23:04:01,,,
2026-02-03 23:10:01,,,
2026-02-03 23:11:01,,,
2026-02-03 23:15:01,,,
2026-02-03 23:16:01,,,
2026-02-03 23:26:01,,,21.774
2026-02-03 23:27:01,17.882,22.743,
2026-02-03 23:32:01,,,
2026-02-03 23:33:01,,,
2026-02-03 23:34:01,,,
2026-02-03 23:40:01,,,
2026-02-03 23:41:01,,,
2026-02-03 23:45:01,,,
2026-02-03 23:46:01,,,
2026-02-03 23:56:01,,,21.462
2026-02-03 23:57:01,17.569,22.367,
2026-02-04 00:02:01,,,
2026-02-04 00:03:01,,,
2026-02-04 00:04:01,,,
2026-02-04 00:10:01,,,
2026-02-04 00:11:01,,,
2026-02-04 00:15:01,,,
2026-02-04 00:16:01,,,
2026-02-04 00:26:01,,,21.086
2026-02-04 00:27:01,17.193,21.929,
2026-02-04 00:32:01,,,
2026-02-04 00:33:01,,,
2026-02-04 00:34:01,,,
2026-02-04 00:40:01,,,
2026-02-04 00:41:01,,,
2026-02-04 00:45:01,,,
2026-02-04 00:46:01,,,
2026-02-04 00:56:01,,,20.773
2026-02-04 00:57:01,16.379,21.554,
2026-02-04 01:02:01,,,
2026-02-04 01:03:01,,,
2026-02-04 01:04:01,,,
2026-02-04 01:10:01,,,
2026-02-04 01:11:01,,,
2026-02-04 01:15:01,,,
2026-02-04 01:16:01,,,
2026-02-04 01:26:01,,,20.46
2026-02-04 01:27:01,15.753,21.116,
2026-02-04 01:32:01,,,
2026-02-04 01:33:01,,,
2026-02-04 01:34:01,,,
2026-02-04 01:40:01,,,
2026-02-04 01:41:01,,,
2026-02-04 01:45:01,,,
2026-02-04 01:46:01,,,
2026-02-04 01:56:01,,,20.147
2026-02-04 01:57:01,15.377,20.74,
2026-02-04 02:02:01,,,
2026-02-04 02:03:01,,,
2026-02-04 02:04:01,,,
2026-02-04 02:10:01,,,
2026-02-04 02:11:01,,,
2026-02-04 02:15:01,,,
2026-02-04 02:16:01,,,
2026-02-04 02:26:01,,,19.834
2026-02-04 02:27:01,14.938,20.302,
2026-02-04 02:32:01,,,
2026-02-04 02:33:01,,,
2026-02-04 02:34:01,,,
2026-02-04 02:40:01,,,
2026-02-04 02:41:01,,,
2026-02-04 02:45:01,,,
2026-02-04 02:46:01,,,
2026-02-04 02:56:01,,,19.521
2026-02-04 02:57:01,14.562,19.927,
2026-02-04 03:02:01,,,
2026-02-04 03:03:01,,,
2026-02-04 03:04:01,,,
2026-02-04 03:10:01,,,
2026-02-04 03:11:01,,,
2026-02-04 03:15:01,,,
2026-02-04 03:16:01,,,
2026-02-04 03:26:01,,,19.208
2026-02-04 03:27:01,14.187,19.551,
2026-02-04 03:32:01,,,
2026-02-04 03:33:01,,,
2026-02-04 03:34:01,,,
2026-02-04 03:40:01,,,
2026-02-04 03:41:01,,,
2026-02-04 03:45:01,,,
2026-02-04 03:46:01,,,
2026-02-04 03:56:01,,,18.894
2026-02-04 03:57:01,13.748,19.175,
2026-02-04 04:02:01,,,
2026-02-04 04:03:01,,,
2026-02-04 04:04:01,,,
2026-02-04 04:10:01,,,
2026-02-04 04:11:01,,,
2026-02-04 04:15:01,,,
2026-02-04 04:16:01,,,
2026-02-04 04:26:01,,,18.644
2026-02-04 04:27:01,13.497,18.862,
2026-02-04 04:32:01,,,
2026-02-04 04:33:01,,,
2026-02-04 04:34:01,,,
2026-02-04 04:40:01,,,
2026-02-04 04:41:01,,,
2026-02-04 04:45:01,,,
2026-02-04 04:46:01,,,
2026-02-04 04:56:01,,,18.393
2026-02-04 04:57:01,13.121,18.487,
2026-02-04 05:02:01,,,
2026-02-04 05:03:01,,,
2026-02-04 05:04:01,,,
2026-02-04 05:10:01,,,
2026-02-04 05:11:01,,,
2026-02-04 05:15:01,,,
2026-02-04 05:16:01,,,
2026-02-04 05:26:01,,,18.143
2026-02-04 05:27:01,12.996,18.236,
2026-02-04 05:32:01,,,
2026-02-04 05:33:01,,,
2026-02-04 05:34:01,,,
2026-02-04 05:40:01,,,
2026-02-04 05:41:01,,,
2026-02-04 05:45:01,,,
2026-02-04 05:46:01,,,
2026-02-04 05:56:01,,,17.955
2026-02-04 05:57:01,13.685,17.923,
2026-02-04 06:02:01,,,
2026-02-04 06:03:01,,,
2026-02-04 06:04:01,,,
2026-02-04 06:10:01,,,
2026-02-04 06:11:01,,,
2026-02-04 06:15:01,,,
2026-02-04 06:16:01,,,
2026-02-04 06:26:01,,,17.704
2026-02-04 06:27:01,13.811,17.672,
2026-02-04 06:32:01,,,
2026-02-04 06:33:01,,,
2026-02-04 06:34:01,,,
2026-02-04 06:40:01,,,
2026-02-04 06:41:01,,,
2026-02-04 06:45:01,,,
2026-02-04 06:46:01,,,
2026-02-04 06:56:01,,,17.516
2026-02-04 06:57:01,13.247,17.422,
2026-02-04 07:02:01,,,
2026-02-04 07:03:01,,,
2026-02-04 07:04:01,,,
2026-02-04 07:10:01,,,
2026-02-04 07:11:01,,,
2026-02-04 07:15:01,,,
2026-02-04 07:16:01,,,
2026-02-04 07:26:01,,,17.328
2026-02-04 07:27:01,12.683,17.171,
2026-02-04 07:32:01,,,
2026-02-04 07:33:01,,,
2026-02-04 07:34:01,,,
2026-02-04 07:40:01,,,
2026-02-04 07:41:01,,,
2026-02-04 07:45:01,,,
2026-02-04 07:46:01,,,
2026-02-04 07:56:01,,,17.203
2026-02-04 07:57:01,12.369,16.983,
2026-02-04 08:02:01,,,
2026-02-04 08:03:01,,,
2026-02-04 08:04:01,,,
2026-02-04 08:10:01,,,
2026-02-04 08:11:01,,,
2026-02-04 08:15:01,,,
2026-02-04 08:16:01,,,
2026-02-04 08:26:01,,,17.015
2026-02-04 08:27:01,12.244,16.795,
2026-02-04 08:32:01,,,
2026-02-04 08:33:01,,,
2026-02-04 08:34:01,,,
2026-02-04 08:40:01,,,
2026-02-04 08:41:01,,,
2026-02-04 08:45:01,,,
2026-02-04 08:46:01,,,
2026-02-04 08:56:01,,,16.89
2026-02-04 08:57:01,12.495,16.607,
2026-02-04 09:02:01,,,
2026-02-04 09:03:01,,,
2026-02-04 09:04:01,,,
2026-02-04 09:10:01,,,
2026-02-04 09:11:01,,,
2026-02-04 09:15:01,,,
2026-02-04 09:16:01,,,
2026-02-04 09:26:01,,,16.764
2026-02-04 09:27:01,14.124,16.419,
2026-02-04 09:32:01,,,
2026-02-04 09:33:01,,,
2026-02-04 09:34:01,,,
2026-02-04 09:40:01,,,
2026-02-04 09:41:01,,,
2026-02-04 09:45:01,,,
2026-02-04 09:46:01,,,
2026-02-04 09:56:01,,,16.576
2026-02-04 09:57:01,16.692,16.231,
2026-02-04 10:02:01,,,
2026-02-04 10:03:01,,,
2026-02-04 10:04:01,,,
2026-02-04 10:10:01,,,
2026-02-04 10:11:01,,,
2026-02-04 10:15:01,,,
2026-02-04 10:16:01,,,
2026-02-04 10:26:01,,,16.513
2026-02-04 10:27:01,18.508,16.169,
2026-02-04 10:32:01,,,
2026-02-04 10:33:01,,,
2026-02-04 10:34:01,,,
2026-02-04 10:40:01,,,
2026-02-04 10:41:01,,,
2026-02-04 10:45:01,,,
2026-02-04 10:46:01,,,
2026-02-04 10:56:01,,,16.513
2026-02-04 10:57:01,20.072,16.106,
2026-02-04 11:02:01,,,
2026-02-04 11:03:01,,,
2026-02-04 11:04:01,,,
2026-02-04 11:10:01,,,
2026-02-04 11:11:01,,,
2026-02-04 11:15:01,,,
2026-02-04 11:16:01,,,
2026-02-04 11:26:01,,,16.576
2026-02-04 11:27:01,21.511,16.106,
2026-02-04 11:32:01,,,
2026-02-04 11:33:01,,,
2026-02-04 11:34:01,,,
2026-02-04 11:40:01,,,
2026-02-04 11:41:01,,,
2026-02-04 11:45:01,,,
2026-02-04 11:46:01,,,
2026-02-04 11:56:01,,,16.764
2026-02-04 11:57:01,22.95,16.169,
2026-02-04 12:02:01,,,
2026-02-04 12:03:01,,,
2026-02-04 12:04:01,,,
2026-02-04 12:10:01,,,
2026-02-04 12:11:01,,,
2026-02-04 12:15:01,,,
2026-02-04 12:16:01,,,
2026-02-04 12:26:01,,,17.015
2026-02-04 12:27:01,24.388,16.357,
2026-02-04 12:32:01,,,
2026-02-04 12:33:01,,,
2026-02-04 12:34:01,,,
2026-02-04 12:40:01,,,
2026-02-04 12:41:01,,,
2026-02-04 12:45:01,,,
2026-02-04 12:46:01,,,
2026-02-04 12:56:01,,,17.391
2026-02-04 12:57:01,26.451,16.733,
2026-02-04 13:02:01,,,
2026-02-04 13:03:01,,,
2026-02-04 13:04:01,,,
2026-02-04 13:10:01,,,
2026-02-04 13:11:01,,,
2026-02-04 13:15:01,,,
2026-02-04 13:16:01,,,
2026-02-04 13:26:01,,,17.83
2026-02-04 13:27:01,27.576,17.109,
2026-02-04 13:32:01,,,
2026-02-04 13:33:01,,,
2026-02-04 13:34:01,,,
2026-02-04 13:40:01,,,
2026-02-04 13:41:01,,,
2026-02-04 13:45:01,,,
2026-02-04 13:46:01,,,
2026-02-04 13:56:01,,,18.393
2026-02-04 13:57:01,29.825,17.672,
2026-02-04 14:02:01,,,
2026-02-04 14:03:01,,,
2026-02-04 14:04:01,,,
2026-02-04 14:10:01,,,
2026-02-04 14:11:01,,,
2026-02-04 14:15:01,,,
2026-02-04 14:16:01,,,
2026-02-04 14:26:01,,,19.02
2026-02-04 14:27:01,31.573,18.299,
2026-02-04 14:32:01,,,
2026-02-04 14:33:01,,,
2026-02-04 14:34:01,,,
2026-02-04 14:40:01,,,
2026-02-04 14:41:01,,,
2026-02-04 14:45:01,,,
2026-02-04 14:46:01,,,
2026-02-04 14:56:01,,,19.646
2026-02-04 14:57:01,29.95,18.988,
2026-02-04 15:02:01,,,
2026-02-04 15:03:01,,,
2026-02-04 15:04:01,,,
2026-02-04 15:10:01,,,
2026-02-04 15:11:01,,,
2026-02-04 15:15:01,,,
2026-02-04 15:16:01,,,
2026-02-04 15:26:01,,,20.21
2026-02-04 15:27:01,28.701,19.676,
2026-02-04 15:32:01,,,
2026-02-04 15:33:01,,,
2026-02-04 15:34:01,,,
2026-02-04 15:40:01,,,
2026-02-04 15:41:01,,,
2026-02-04 15:45:01,,,
2026-02-04 15:46:01,,,
2026-02-04 15:56:01,,,20.71
2026-02-04 15:57:01,28.95,20.365,
2026-02-04 16:02:01,,,
2026-02-04 16:03:01,,,
2026-02-04 16:04:01,,,
2026-02-04 16:10:01,,,
2026-02-04 16:11:01,,,
2026-02-04 16:15:01,,,
2026-02-04 16:16:01,,,
2026-02-04 16:26:01,,,21.211
2026-02-04 16:27:01,28.263,21.053,
2026-02-04 16:32:01,,,
2026-02-04 16:33:01,,,
2026-02-04 16:34:01,,,
2026-02-04 16:40:01,,,
2026-02-04 16:41:01,,,
2026-02-04 16:45:01,,,
2026-02-04 16:46:01,,,
2026-02-04 16:56:01,,,21.649
2026-02-04 16:57:01,28.138,21.742,
2026-02-04 17:02:01,,,
2026-02-04 17:03:01,,,
2026-02-04 17:04:01,,,
2026-02-04 17:10:01,,,
2026-02-04 17:11:01,,,
2026-02-04 17:15:01,,,
2026-02-04 17:16:01,,,
2026-02-04 17:26:01,,,22.087
2026-02-04 17:27:01,27.264,22.305,
2026-02-04 17:32:01,,,
2026-02-04 17:33:01,,,
2026-02-04 17:34:01,,,
2026-02-04 17:40:01,,,
2026-02-04 17:41:01,,,
2026-02-04 17:45:01,,,
2026-02-04 17:46:01,,,
2026-02-04 17:56:01,,,22.4
2026-02-04 17:57:01,26.139,22.868,
2026-02-04 18:02:01,,,
2026-02-04 18:03:01,,,
2026-02-04 18:04:01,,,
2026-02-04 18:10:01,,,
2026-02-04 18:11:01,,,
2026-02-04 18:15:01,,,
2026-02-04 18:16:01,,,
2026-02-04 18:26:01,,,22.713
2026-02-04 18:27:01,25.014,23.306,
2026-02-04 18:32:01,,,
2026-02-04 18:33:01,,,
2026-02-04 18:34:01,,,
2026-02-04 18:40:01,,,
2026-02-04 18:41:01,,,
2026-02-04 18:45:01,,,
2026-02-04 18:46:01,,,
2026-02-04 18:56:01,,,22.901
2026-02-04 18:57:01,24.388,23.681,
2026-02-04 19:02:01,,,
2026-02-04 19:03:01,,,
2026-02-04 19:04:01,,,
2026-02-04 19:10:01,,,
2026-02-04 19:11:01,,,
2026-02-04 19:15:01,,,
2026-02-04 19:16:01,,,
2026-02-04 19:26:01,,,23.026
2026-02-04 19:27:01,23.638,23.931,
2026-02-04 19:32:01,,,
2026-02-04 19:33:01,,,
2026-02-04 19:34:01,,,
2026-02-04 19:40:01,,,
2026-02-04 19:41:01,,,
2026-02-04 19:45:01,,,
2026-02-04 19:46:01,,,
2026-02-04 19:56:01,,,23.026
2026-02-04 19:57:01,23.013,24.056,
2026-02-04 20:02:01,,,
2026-02-04 20:03:01,,,
2026-02-04 20:04:01,,,
2026-02-04 20:10:01,,,
2026-02-04 20:11:01,,,
2026-02-04 20:15:01,,,
2026-02-04 20:16:01,,,
2026-02-04 20:26:01,,,23.026
2026-02-04 20:27:01,22.137,24.119,
2026-02-04 20:32:01,,,
2026-02-04 20:33:01,,,
2026-02-04 20:34:01,,,
2026-02-04 20:40:01,,,
2026-02-04 20:41:01,,,
2026-02-04 20:45:01,,,
2026-02-04 20:46:01,,,
2026-02-04 20:56:01,,,22.963
2026-02-04 20:57:01,21.511,24.056,
2026-02-04 21:02:01,,,
2026-02-04 21:03:01,,,
2026-02-04 21:04:01,,,
2026-02-04 21:10:01,,,
2026-02-04 21:11:01,,,
2026-02-04 21:15:01,,,
2026-02-04 21:16:01,,,
2026-02-04 21:26:01,,,22.838
2026-02-04 21:27:01,20.886,23.868,
2026-02-04 21:32:01,,,
2026-02-04 21:33:01,,,
2026-02-04 21:34:01,,,
2026-02-04 21:40:01,,,
2026-02-04 21:41:01,,,
2026-02-04 21:45:01,,,
2026-02-04 21:46:01,,,
2026-02-04 21:56:01,,,22.651
2026-02-04 21:57:01,20.197,23.681,
2026-02-04 22:02:01,,,
2026-02-04 22:03:01,,,
2026-02-04 22:04:01,,,
2026-02-04 22:10:01,,,
2026-02-04 22:11:01,,,
2026-02-04 22:15:01,,,
2026-02-04 22:16:01,,,
2026-02-04 22:26:01,,,22.4
2026-02-04 22:27:01,19.447,23.368,
2026-02-04 22:32:01,,,
2026-02-04 22:33:01,,,
2026-02-04 22:34:01,,,
2026-02-04 22:40:01,,,
2026-02-04 22:41:01,,,
2026-02-04 22:45:01,,,
2026-02-04 22:46:01,,,
2026-02-04 22:56:01,,,22.087
2026-02-04 22:57:01,18.695,22.993,
2026-02-04 23:02:01,,,
2026-02-04 23:03:01,,,
2026-02-04 23:04:01,,,
2026-02-04 23:10:01,,,
2026-02-04 23:11:01,,,
2026-02-04 23:15:01,,,
2026-02-04 23:16:01,,,
2026-02-04 23:26:01,,,21.774
2026-02-04 23:27:01,17.819,22.555,
2026-02-04 23:32:01,,,
2026-02-04 23:33:01,,,
2026-02-04 23:34:01,,,
2026-02-04 23:40:01,,,
2026-02-04 23:41:01,,,
2026-02-04 23:45:01,,,
2026-02-04 23:46:01,,,
2026-02-04 23:56:01,,,21.462
2026-02-04 23:57:01,16.942,22.117,
2026-02-05 00:02:01,,,
2026-02-05 00:03:01,,,
2026-02-05 00:04:01,,,
2026-02-05 00:10:01,,,
2026-02-05 00:11:01,,,
2026-02-05 00:15:01,,,
2026-02-05 00:16:01,,,
2026-02-05 00:26:01,,,21.149
2026-02-05 00:27:01,16.254,21.742,
2026-02-05 00:32:01,,,
2026-02-05 00:33:01,,,
2026-02-05 00:34:01,,,
2026-02-05 00:40:01,,,
2026-02-05 00:41:01,,,
2026-02-05 00:45:01,,,
2026-02-05 00:46:01,,,
2026-02-05 00:56:01,,,20.773
2026-02-05 00:57:01,15.627,21.304,
2026-02-05 01:02:01,,,
2026-02-05 01:03:01,,,
2026-02-05 01:04:01,,,
2026-02-05 01:10:01,,,
2026-02-05 01:11:01,,,
2026-02-05 01:15:01,,,
2026-02-05 01:16:01,,,
2026-02-05 01:26:01,,,20.46
2026-02-05 01:27:01,15.252,20.928,
2026-02-05 01:32:01,,,
2026-02-05 01:33:01,,,
2026-02-05 01:34:01,,,
2026-02-05 01:40:01,,,
2026-02-05 01:41:01,,,
2026-02-05 01:45:01,,,
2026-02-05 01:46:01,,,
2026-02-05 01:56:01,,,20.084
2026-02-05 01:57:01,14.938,20.49,
2026-02-05 02:02:01,,,
2026-02-05 02:03:01,,,
2026-02-05 02:04:01,,,
2026-02-05 02:10:01,,,
2026-02-05 02:11:01,,,
2026-02-05 02:15:01,,,
2026-02-05 02:16:01,,,
2026-02-05 02:26:01,,,19.771
2026-02-05 02:27:01,14.562,20.052,
2026-02-05 02:32:01,,,
2026-02-05 02:33:01,,,
2026-02-05 02:34:01,,,
2026-02-05 02:40:01,,,
2026-02-05 02:41:01,,,
2026-02-05 02:45:01,,,
2026-02-05 02:46:01,,,
2026-02-05 02:56:01,,,19.396
2026-02-05 02:57:01,14.437,19.676,
2026-02-05 03:02:01,,,
2026-02-05 03:03:01,,,
2026-02-05 03:04:01,,,
2026-02-05 03:10:01,,,
2026-02-05 03:11:01,,,
2026-02-05 03:15:01,,,
2026-02-05 03:16:01,,,
2026-02-05 03:26:01,,,19.082
2026-02-05 03:27:01,14.124,19.301,
2026-02-05 03:32:01,,,
2026-02-05 03:33:01,,,
2026-02-05 03:34:01,,,
2026-02-05 03:40:01,,,
2026-02-05 03:41:01,,,
2026-02-05 03:45:01,,,
2026-02-05 03:46:01,,,
2026-02-05 03:56:01,,,18.832
2026-02-05 03:57:01,13.685,18.925,
2026-02-05 04:02:01,,,
2026-02-05 04:03:01,,,
2026-02-05 04:04:01,,,
2026-02-05 04:10:01,,,
2026-02-05 04:11:01,,,
2026-02-05 04:15:01,,,
2026-02-05 04:16:01,,,
2026-02-05 04:26:01,,,18.581
2026-02-05 04:27:01,13.936,18.612,
2026-02-05 04:32:01,,,
2026-02-05 04:33:01,,,
2026-02-05 04:34:01,,,
2026-02-05 04:40:01,,,
2026-02-05 04:41:01,,,
2026-02-05 04:45:01,,,
2026-02-05 04:46:01,,,
2026-02-05 04:56:01,,,18.331
2026-02-05 04:57:01,13.873,18.361,
2026-02-05 05:02:01,,,
2026-02-05 05:03:01,,,
2026-02-05 05:04:01,,,
2026-02-05 05:10:01,,,
2026-02-05 05:11:01,,,
2026-02-05 05:15:01,,,
2026-02-05 05:16:01,,,
2026-02-05 05:26:01,,,18.08
2026-02-05 05:27:01,13.247,18.048,
2026-02-05 05:32:01,,,
2026-02-05 05:33:01,,,
2026-02-05 05:34:01,,,
2026-02-05 05:40:01,,,
2026-02-05 05:41:01,,,
2026-02-05 05:45:01,,,
2026-02-05 05:46:01,,,
2026-02-05 05:56:01,,,17.892
2026-02-05 05:57:01,12.62,17.798,
2026-02-05 06:02:01,,,
2026-02-05 06:03:01,,,
2026-02-05 06:04:01,,,
2026-02-05 06:10:01,,,
2026-02-05 06:11:01,,,
2026-02-05 06:15:01,,,
2026-02-05 06:16:01,,,
2026-02-05 06:26:01,,,17.704
2026-02-05 06:27:01,12.369,17.547,
2026-02-05 06:32:01,,,
2026-02-05 06:33:01,,,
2026-02-05 06:34:01,,,
2026-02-05 06:40:01,,,
2026-02-05 06:41:01,,,
2026-02-05 06:45:01,,,
2026-02-05 06:46:01,,,
2026-02-05 06:56:01,,,17.516
2026-02-05 06:57:01,12.181,17.297,
2026-02-05 07:02:01,,,
2026-02-05 07:03:01,,,
2026-02-05 07:04:01,,,
2026-02-05 07:10:01,,,
2026-02-05 07:11:01,,,
2026-02-05 07:15:01,,,
2026-02-05 07:16:01,,,
2026-02-05 07:26:01,,,17.328
2026-02-05 07:27:01,11.868,17.109,
2026-02-05 07:32:01,,,
2026-02-05 07:33:01,,,
2026-02-05 07:34:01,,,
2026-02-05 07:40:01,,,
2026-02-05 07:41:01,,,
2026-02-05 07:45:01,,,
2026-02-05 07:46:01,,,
2026-02-05 07:56:01,,,17.14
2026-02-05 07:57:01,12.056,16.858,
2026-02-05 08:02:01,,,
2026-02-05 08:03:01,,,
2026-02-05 08:04:01,,,
2026-02-05 08:10:01,,,
2026-02-05 08:11:01,,,
2026-02-05 08:15:01,,,
2026-02-05 08:16:01,,,
2026-02-05 08:26:01,,,16.952
2026-02-05 08:27:01,12.745,16.67,
2026-02-05 08:32:01,,,
2026-02-05 08:33:01,,,
2026-02-05 08:34:01,,,
2026-02-05 08:40:01,,,
2026-02-05 08:41:01,,,
2026-02-05 08:45:01,,,
2026-02-05 08:46:01,,,
2026-02-05 08:56:01,,,16.827
2026-02-05 08:57:01,13.121,16.482,
2026-02-05 09:02:01,,,
2026-02-05 09:03:01,,,
2026-02-05 09:04:01,,,
2026-02-05 09:10:01,,,
2026-02-05 09:11:01,,,
2026-02-05 09:15:01,,,
2026-02-05 09:16:01,,,
2026-02-05 09:26:01,,,16.702
2026-02-05 09:27:01,14.312,16.357,
2026-02-05 09:32:01,,,
2026-02-05 09:33:01,,,
2026-02-05 09:34:01,,,
2026-02-05 09:40:01,,,
2026-02-05 09:41:01,,,
2026-02-05 09:45:01,,,
2026-02-05 09:46:01,,,
2026-02-05 09:56:01,,,16.576
2026-02-05 09:57:01,16.504,16.231,
2026-02-05 10:02:01,,,
2026-02-05 10:03:01,,,
2026-02-05 10:04:01,,,
2026-02-05 10:10:01,,,
2026-02-05 10:11:01,,,
2026-02-05 10:15:01,,,
2026-02-05 10:16:01,,,
2026-02-05 10:26:01,,,16.513
2026-02-05 10:27:01,18.257,16.106,
2026-02-05 10:32:01,,,
2026-02-05 10:33:01,,,
2026-02-05 10:34:01,,,
2026-02-05 10:40:01,,,
2026-02-05 10:41:01,,,
2026-02-05 10:45:01,,,
2026-02-05 10:46:01,,,
2026-02-05 10:56:01,,,16.513
2026-02-05 10:57:01,20.072,16.106,
2026-02-05 11:02:01,,,
2026-02-05 11:03:01,,,
2026-02-05 11:04:01,,,
2026-02-05 11:10:01,,,
2026-02-05 11:11:01,,,
2026-02-05 11:15:01,,,
2026-02-05 11:16:01,,,
2026-02-05 11:26:01,,,16.576
2026-02-05 11:27:01,21.699,16.106,
2026-02-05 11:32:01,,,
2026-02-05 11:33:01,,,
2026-02-05 11:34:01,,,
2026-02-05 11:40:01,,,
2026-02-05 11:41:01,,,
2026-02-05 11:45:01,,,
2026-02-05 11:46:01,,,
2026-02-05 11:56:01,,,16.764
2026-02-05 11:57:01,23.263,16.231,
2026-02-05 12:02:01,,,
2026-02-05 12:03:01,,,
2026-02-05 12:04:01,,,
2026-02-05 12:10:01,,,
2026-02-05 12:11:01,,,
2026-02-05 12:15:01,,,
2026-02-05 12:16:01,,,
2026-02-05 12:26:01,,,17.015
2026-02-05 12:27:01,24.638,16.419,
2026-02-05 12:32:01,,,
2026-02-05 12:33:01,,,
2026-02-05 12:34:01,,,
2026-02-05 12:40:01,,,
2026-02-05 12:41:01,,,
2026-02-05 12:45:01,,,
2026-02-05 12:46:01,,,
2026-02-05 12:56:01,,,17.328
2026-02-05 12:57:01,26.451,16.733,
2026-02-05 13:02:01,,,
2026-02-05 13:03:01,,,
2026-02-05 13:04:01,,,
2026-02-05 13:10:01,,,
2026-02-05 13:11:01,,,
2026-02-05 13:15:01,,,
2026-02-05 13:16:01,,,
2026-02-05 13:26:01,,,17.767
2026-02-05 13:27:01,27.701,17.109,
2026-02-05 13:32:01,,,
2026-02-05 13:33:01,,,
2026-02-05 13:34:01,,,
2026-02-05 13:40:01,,,
2026-02-05 13:41:01,,,
2026-02-05 13:45:01,,,
2026-02-05 13:46:01,,,
2026-02-05 13:56:01,,,18.205
2026-02-05 13:57:01,30.262,17.61,
2026-02-05 14:02:01,,,
2026-02-05 14:03:01,,,
2026-02-05 14:04:01,,,
2026-02-05 14:10:01,,,
2026-02-05 14:11:01,,,
2026-02-05 14:15:01,,,
2026-02-05 14:16:01,,,
2026-02-05 14:26:01,,,19.082
2026-02-05 14:27:01,27.201,18.299,
2026-02-05 14:32:01,,,
2026-02-05 14:33:01,,,
2026-02-05 14:34:01,,,
2026-02-05 14:40:01,,,
2026-02-05 14:41:01,,,
2026-02-05 14:45:01,,,
2026-02-05 14:46:01,,,
2026-02-05 14:56:01,,,19.333
2026-02-05 14:57:01,22.262,18.424,
2026-02-05 15:02:01,,,
2026-02-05 15:03:01,,,
2026-02-05 15:04:01,,,
2026-02-05 15:10:01,,,
2026-02-05 15:11:01,,,
2026-02-05 15:15:01,,,
2026-02-05 15:16:01,,,
2026-02-05 15:26:01,,,19.082
2026-02-05 15:27:01,20.823,18.549,
2026-02-05 15:32:01,,,
2026-02-05 15:33:01,,,
2026-02-05 15:34:01,,,
2026-02-05 15:40:01,,,
2026-02-05 15:41:01,,,
2026-02-05 15:45:01,,,
2026-02-05 15:46:01,,,
2026-02-05 15:56:01,,,18.832
2026-02-05 15:57:01,21.199,18.674,
2026-02-05 16:02:01,,,
2026-02-05 16:03:01,,,
2026-02-05 16:04:01,,,
2026-02-05 16:10:01,,,
2026-02-05 16:11:01,,,
2026-02-05 16:15:01,,,
2026-02-05 16:16:01,,,
2026-02-05 16:26:01,,,18.644
2026-02-05 16:27:01,22.825,18.8,
2026-02-05 16:32:01,,,
2026-02-05 16:33:01,,,
2026-02-05 16:34:01,,,
2026-02-05 16:40:01,,,
2026-02-05 16:41:01,,,
2026-02-05 16:45:01,,,
2026-02-05 16:46:01,,,
2026-02-05 16:56:01,,,18.519
2026-02-05 16:57:01,23.388,18.862,
2026-02-05 17:02:01,,,
2026-02-05 17:03:01,,,
2026-02-05 17:04:01,,,
2026-02-05 17:10:01,,,
2026-02-05 17:11:01,,,
2026-02-05 17:15:01,,,
2026-02-05 17:16:01,,,
2026-02-05 17:26:01,,,18.456
2026-02-05 17:27:01,23.701,18.925,
2026-02-05 17:32:01,,,
2026-02-05 17:33:01,,,
2026-02-05 17:34:01,,,
2026-02-05 17:40:01,,,
2026-02-05 17:41:01,,,
2026-02-05 17:45:01,,,
2026-02-05 17:46:01,,,
2026-02-05 17:56:01,,,18.393
2026-02-05 17:57:01,23.513,18.988,
2026-02-05 18:02:01,,,
2026-02-05 18:03:01,,,
2026-02-05 18:04:01,,,
2026-02-05 18:10:01,,,
2026-02-05 18:11:01,,,
2026-02-05 18:15:01,,,
2026-02-05 18:16:01,,,
2026-02-05 18:26:01,,,18.393
2026-02-05 18:27:01,22.825,19.05,
2026-02-05 18:32:01,,,
2026-02-05 18:33:01,,,
2026-02-05 18:34:01,,,
2026-02-05 18:40:01,,,
2026-02-05 18:41:01,,,
2026-02-05 18:45:01,,,
2026-02-05 18:46:01,,,
2026-02-05 18:56:01,,,18.393
2026-02-05 18:57:01,21.824,19.113,
2026-02-05 19:02:01,,,
2026-02-05 19:03:01,,,
2026-02-05 19:04:01,,,
2026-02-05 19:10:01,,,
2026-02-05 19:11:01,,,
2026-02-05 19:15:01,,,
2026-02-05 19:16:01,,,
2026-02-05 19:26:01,,,18.393
2026-02-05 19:27:01,21.199,19.113,
2026-02-05 19:32:01,,,
2026-02-05 19:33:01,,,
2026-02-05 19:34:01,,,
2026-02-05 19:40:01,,,
2026-02-05 19:41:01,,,
2026-02-05 19:45:01,,,
2026-02-05 19:46:01,,,
2026-02-05 19:56:01,,,18.393
2026-02-05 19:57:01,20.635,19.113,
2026-02-05 20:02:01,,,
2026-02-05 20:03:01,,,
2026-02-05 20:04:01,,,
2026-02-05 20:10:01,,,
2026-02-05 20:11:01,,,
2026-02-05 20:15:01,,,
2026-02-05 20:16:01,,,
2026-02-05 20:26:01,,,18.393
2026-02-05 20:27:01,20.448,19.113,
2026-02-05 20:32:01,,,
2026-02-05 20:33:01,,,
2026-02-05 20:34:01,,,
2026-02-05 20:40:01,,,
2026-02-05 20:41:01,,,
2026-02-05 20:45:01,,,
2026-02-05 20:46:01,,,
2026-02-05 20:56:01,,,18.393
2026-02-05 20:57:01,20.197,19.113,
2026-02-05 21:02:01,,,
2026-02-05 21:03:01,,,
2026-02-05 21:04:01,,,
2026-02-05 21:10:01,,,
2026-02-05 21:11:01,,,
2026-02-05 21:15:01,,,
2026-02-05 21:16:01,,,
2026-02-05 21:26:01,,,18.456
2026-02-05 21:27:01,19.885,19.05,
2026-02-05 21:32:01,,,
2026-02-05 21:33:01,,,
2026-02-05 21:34:01,,,
2026-02-05 21:40:01,,,
2026-02-05 21:41:01,,,
2026-02-05 21:45:01,,,
2026-02-05 21:46:01,,,
2026-02-05 21:56:01,,,18.456
2026-02-05 21:57:01,19.196,18.988,
2026-02-05 22:02:01,,,
2026-02-05 22:03:01,,,
2026-02-05 22:04:01,,,
2026-02-05 22:10:01,,,
2026-02-05 22:11:01,,,
2026-02-05 22:15:01,,,
2026-02-05 22:16:01,,,
2026-02-05 22:26:01,,,18.456
2026-02-05 22:27:01,18.445,18.925,
2026-02-05 22:32:01,,,
2026-02-05 22:33:01,,,
2026-02-05 22:34:01,,,
2026-02-05 22:40:01,,,
2026-02-05 22:41:01,,,
2026-02-05 22:45:01,,,
2026-02-05 22:46:01,,,
2026-02-05 22:56:01,,,18.456
2026-02-05 22:57:01,17.631,18.862,
2026-02-05 23:02:01,,,
2026-02-05 23:03:01,,,
2026-02-05 23:04:01,,,
2026-02-05 23:10:01,,,
2026-02-05 23:11:01,,,
2026-02-05 23:15:01,,,
2026-02-05 23:16:01,,,
2026-02-05 23:26:01,,,18.456
2026-02-05 23:27:01,16.942,18.737,
2026-02-05 23:32:01,,,
2026-02-05 23:33:01,,,
2026-02-05 23:34:01,,,
2026-02-05 23:40:01,,,
2026-02-05 23:41:01,,,
2026-02-05 23:45:01,,,
2026-02-05 23:46:01,,,
2026-02-05 23:56:01,,,18.456
2026-02-05 23:57:01,16.316,18.674,
2026-02-06 00:02:01,,,
2026-02-06 00:03:01,,,
2026-02-06 00:04:01,,,
2026-02-06 00:10:01,,,
2026-02-06 00:11:01,,,
2026-02-06 00:15:01,,,
2026-02-06 00:16:01,,,
2026-02-06 00:26:01,,,18.456
2026-02-06 00:27:01,15.878,18.612,
2026-02-06 00:32:01,,,
2026-02-06 00:33:01,,,
2026-02-06 00:34:01,,,
2026-02-06 00:40:01,,,
2026-02-06 00:41:01,,,
2026-02-06 00:45:01,,,
2026-02-06 00:46:01,,,
2026-02-06 00:56:01,,,18.456
2026-02-06 00:57:01,15.502,18.487,
2026-02-06 01:02:01,,,
2026-02-06 01:03:01,,,
2026-02-06 01:04:01,,,
2026-02-06 01:10:01,,,
2026-02-06 01:11:01,,,
2026-02-06 01:15:01,,,
2026-02-06 01:16:01,,,
2026-02-06 01:26:01,,,18.456
2026-02-06 01:27:01,15.314,18.424,
2026-02-06 01:32:01,,,
2026-02-06 01:33:01,,,
2026-02-06 01:34:01,,,
2026-02-06 01:40:01,,,
2026-02-06 01:41:01,,,
2026-02-06 01:45:01,,,
2026-02-06 01:46:01,,,
2026-02-06 01:56:01,,,18.456
2026-02-06 01:57:01,15.001,18.299,
2026-02-06 02:02:01,,,
2026-02-06 02:03:01,,,
2026-02-06 02:04:01,,,
2026-02-06 02:10:01,,,
2026-02-06 02:11:01,,,
2026-02-06 02:15:01,,,
2026-02-06 02:16:01,,,
2026-02-06 02:26:01,,,18.456
2026-02-06 02:27:01,14.75,18.236,
2026-02-06 02:32:01,,,
2026-02-06 02:33:01,,,
2026-02-06 02:34:01,,,
2026-02-06 02:40:01,,,
2026-02-06 02:41:01,,,
2026-02-06 02:45:01,,,
2026-02-06 02:46:01,,,
2026-02-06 02:56:01,,,18.456
2026-02-06 02:57:01,14.562,18.111,
2026-02-06 03:02:01,,,
2026-02-06 03:03:01,,,
2026-02-06 03:04:01,,,
2026-02-06 03:10:01,,,
2026-02-06 03:11:01,,,
2026-02-06 03:15:01,,,
2026-02-06 03:16:01,,,
2026-02-06 03:26:01,,,18.456
2026-02-06 03:27:01,14.374,18.048,
2026-02-06 03:32:01,,,
2026-02-06 03:33:01,,,
2026-02-06 03:34:01,,,
2026-02-06 03:40:01,,,
2026-02-06 03:41:01,,,
2026-02-06 03:45:01,,,
2026-02-06 03:46:01,,,
2026-02-06 03:56:01,,,18.393
2026-02-06 03:57:01,14.249,17.923,
2026-02-06 04:02:01,,,
2026-02-06 04:03:01,,,
2026-02-06 04:04:01,,,
2026-02-06 04:10:01,,,
2026-02-06 04:11:01,,,
2026-02-06 04:15:01,,,
2026-02-06 04:16:01,,,
2026-02-06 04:26:01,,,18.393
2026-02-06 04:27:01,14.312,17.86,
2026-02-06 04:32:01,,,
2026-02-06 04:33:01,,,
2026-02-06 04:34:01,,,
2026-02-06 04:40:01,,,
2026-02-06 04:41:01,,,
2026-02-06 04:45:01,,,
2026-02-06 04:46:01,,,
2026-02-06 04:56:01,,,18.393
2026-02-06 04:57:01,15.189,17.735,
2026-02-06 05:02:01,,,
2026-02-06 05:03:01,,,
2026-02-06 05:04:01,,,
2026-02-06 05:10:01,,,
2026-02-06 05:11:01,,,
2026-02-06 05:15:01,,,
2026-02-06 05:16:01,,,
2026-02-06 05:26:01,,,18.393
2026-02-06 05:27:01,15.126,17.672,
2026-02-06 05:32:01,,,
2026-02-06 05:33:01,,,
2026-02-06 05:34:01,,,
2026-02-06 05:40:01,,,
2026-02-06 05:41:01,,,
2026-02-06 05:45:01,,,
2026-02-06 05:46:01,,,
2026-02-06 05:56:01,,,18.393
2026-02-06 05:57:01,14.374,17.547,
2026-02-06 06:02:01,,,
2026-02-06 06:03:01,,,
2026-02-06 06:04:01,,,
2026-02-06 06:10:01,,,
2026-02-06 06:11:01,,,
2026-02-06 06:15:01,,,
2026-02-06 06:16:01,,,
2026-02-06 06:26:01,,,18.331
2026-02-06 06:27:01,13.936,17.484,
2026-02-06 06:32:01,,,
2026-02-06 06:33:01,,,
2026-02-06 06:34:01,,,
2026-02-06 06:40:01,,,
2026-02-06 06:41:01,,,
2026-02-06 06:45:01,,,
2026-02-06 06:46:01,,,
2026-02-06 06:56:01,,,18.331
2026-02-06 06:57:01,13.811,17.422,
2026-02-06 07:02:01,,,
2026-02-06 07:03:01,,,
2026-02-06 07:04:01,,,
2026-02-06 07:10:01,,,
2026-02-06 07:11:01,,,
2026-02-06 07:15:01,,,
2026-02-06 07:16:01,,,
2026-02-06 07:26:01,,,18.331
2026-02-06 07:27:01,13.811,17.297,
2026-02-06 07:32:01,,,
2026-02-06 07:33:01,,,
2026-02-06 07:34:01,,,
2026-02-06 07:40:01,,,
2026-02-06 07:41:01,,,
2026-02-06 07:45:01,,,
2026-02-06 07:46:01,,,
2026-02-06 07:56:01,,,18.268
2026-02-06 07:57:01,13.623,17.234,
2026-02-06 08:02:01,,,
2026-02-06 08:03:01,,,
2026-02-06 08:04:01,,,
2026-02-06 08:10:01,,,
2026-02-06 08:11:01,,,
2026-02-06 08:15:01,,,
2026-02-06 08:16:01,,,
2026-02-06 08:26:01,,,18.268
2026-02-06 08:27:01,13.497,17.171,
2026-02-06 08:32:01,,,
2026-02-06 08:33:01,,,
2026-02-06 08:34:01,,,
2026-02-06 08:40:01,,,
2026-02-06 08:41:01,,,
2026-02-06 08:45:01,,,
2026-02-06 08:46:01,,,
2026-02-06 08:56:01,,,18.268
2026-02-06 08:57:01,13.56,17.046,
2026-02-06 09:02:01,,,
2026-02-06 09:03:01,,,
2026-02-06 09:04:01,,,
2026-02-06 09:10:01,,,
2026-02-06 09:11:01,,,
2026-02-06 09:15:01,,,
2026-02-06 09:16:01,,,
2026-02-06 09:26:01,,,18.268
2026-02-06 09:27:01,14.688,16.983,
2026-02-06 09:32:01,,,
2026-02-06 09:33:01,,,
2026-02-06 09:34:01,,,
2026-02-06 09:40:01,,,
2026-02-06 09:41:01,,,
2026-02-06 09:45:01,,,
2026-02-06 09:46:01,,,
2026-02-06 09:56:01,,,18.205
2026-02-06 09:57:01,16.128,16.921,
2026-02-06 10:02:01,,,
2026-02-06 10:03:01,,,
2026-02-06 10:04:01,,,
2026-02-06 10:10:01,,,
2026-02-06 10:11:01,,,
2026-02-06 10:15:01,,,
2026-02-06 10:16:01,,,
2026-02-06 10:26:01,,,18.205
2026-02-06 10:27:01,17.318,16.858,
2026-02-06 10:32:01,,,
2026-02-06 10:33:01,,,
2026-02-06 10:34:01,,,
2026-02-06 10:40:01,,,
2026-02-06 10:41:01,,,
2026-02-06 10:45:01,,,
2026-02-06 10:46:01,,,
2026-02-06 10:56:01,,,18.205
2026-02-06 10:57:01,18.758,16.795,
2026-02-06 11:02:01,,,
2026-02-06 11:03:01,,,
2026-02-06 11:04:01,,,
2026-02-06 11:10:01,,,
2026-02-06 11:11:01,,,
2026-02-06 11:15:01,,,
2026-02-06 11:16:01,,,
2026-02-06 11:26:01,,,18.143
2026-02-06 11:27:01,20.01,16.733,
2026-02-06 11:32:01,,,
2026-02-06 11:33:01,,,
2026-02-06 11:34:01,,,
2026-02-06 11:40:01,,,
2026-02-06 11:41:01,,,
2026-02-06 11:45:01,,,
2026-02-06 11:46:01,,,
2026-02-06 11:56:01,,,18.143
2026-02-06 11:57:01,21.136,16.67,
2026-02-06 12:02:01,,,
2026-02-06 12:03:01,,,
2026-02-06 12:04:01,,,
2026-02-06 12:10:01,,,
2026-02-06 12:11:01,,,
2026-02-06 12:15:01,,,
2026-02-06 12:16:01,,,
2026-02-06 12:26:01,,,18.143
2026-02-06 12:27:01,22.512,16.67,
2026-02-06 12:32:01,,,
2026-02-06 12:33:01,,,
2026-02-06 12:34:01,,,
2026-02-06 12:40:01,,,
2026-02-06 12:41:01,,,
2026-02-06 12:45:01,,,
2026-02-06 12:46:01,,,
2026-02-06 12:56:01,,,18.143
2026-02-06 12:57:01,24.388,16.733,
2026-02-06 13:02:01,,,
2026-02-06 13:03:01,,,
2026-02-06 13:04:01,,,
2026-02-06 13:10:01,,,
2026-02-06 13:11:01,,,
2026-02-06 13:15:01,,,
2026-02-06 13:16:01,,,
2026-02-06 13:26:01,,,18.143
2026-02-06 13:27:01,25.139,16.733,
2026-02-06 13:32:01,,,
2026-02-06 13:33:01,,,
2026-02-06 13:34:01,,,
2026-02-06 13:40:01,,,
2026-02-06 13:41:01,,,
2026-02-06 13:45:01,,,
2026-02-06 13:46:01,,,
2026-02-06 13:56:01,,,18.08
2026-02-06 13:57:01,27.139,16.858,
2026-02-06 14:02:01,,,
2026-02-06 14:03:01,,,
2026-02-06 14:04:01,,,
2026-02-06 14:10:01,,,
2026-02-06 14:11:01,,,
2026-02-06 14:15:01,,,
2026-02-06 14:16:01,,,
2026-02-06 14:26:01,,,18.08
2026-02-06 14:27:01,29.2,16.921,
2026-02-06 14:32:01,,,
2026-02-06 14:33:01,,,
2026-02-06 14:34:01,,,
2026-02-06 14:40:01,,,
2026-02-06 14:41:01,,,
2026-02-06 14:45:01,,,
2026-02-06 14:46:01,,,
2026-02-06 14:56:01,,,18.08
2026-02-06 14:57:01,28.513,17.109,
2026-02-06 15:02:01,,,
2026-02-06 15:03:01,,,
2026-02-06 15:04:01,,,
2026-02-06 15:10:01,,,
2026-02-06 15:11:01,,,
2026-02-06 15:15:01,,,
2026-02-06 15:16:01,,,
2026-02-06 15:26:01,,,18.08
2026-02-06 15:27:01,28.076,17.234,
2026-02-06 15:32:01,,,
2026-02-06 15:33:01,,,
2026-02-06 15:34:01,,,
2026-02-06 15:40:01,,,
2026-02-06 15:41:01,,,
2026-02-06 15:45:01,,,
2026-02-06 15:46:01,,,
2026-02-06 15:56:01,,,18.08
2026-02-06 15:57:01,27.951,17.422,
2026-02-06 16:02:01,,,
2026-02-06 16:03:01,,,
2026-02-06 16:04:01,,,
2026-02-06 16:10:01,,,
2026-02-06 16:11:01,,,
2026-02-06 16:15:01,,,
2026-02-06 16:16:01,,,
2026-02-06 16:26:01,,,18.08
2026-02-06 16:27:01,27.576,17.672,
2026-02-06 16:32:01,,,
2026-02-06 16:33:01,,,
2026-02-06 16:34:01,,,
2026-02-06 16:40:01,,,
2026-02-06 16:41:01,,,
2026-02-06 16:45:01,,,
2026-02-06 16:46:01,,,
2026-02-06 16:56:01,,,18.08
2026-02-06 16:57:01,27.014,17.86,
2026-02-06 17:02:01,,,
2026-02-06 17:03:01,,,
2026-02-06 17:04:01,,,
2026-02-06 17:10:01,,,
2026-02-06 17:11:01,,,
2026-02-06 17:15:01,,,
2026-02-06 17:16:01,,,
2026-02-06 17:26:01,,,18.08
2026-02-06 17:27:01,26.139,18.048,
2026-02-06 17:32:01,,,
2026-02-06 17:33:01,,,
2026-02-06 17:34:01,,,
2026-02-06 17:40:01,,,
2026-02-06 17:41:01,,,
2026-02-06 17:45:01,,,
2026-02-06 17:46:01,,,
2026-02-06 17:56:01,,,18.08
2026-02-06 17:57:01,24.951,18.299,
2026-02-06 18:02:01,,,
2026-02-06 18:03:01,,,
2026-02-06 18:04:01,,,
2026-02-06 18:10:01,,,
2026-02-06 18:11:01,,,
2026-02-06 18:15:01,,,
2026-02-06 18:16:01,,,
2026-02-06 18:26:01,,,18.08
2026-02-06 18:27:01,23.763,18.424,
2026-02-06 18:32:01,,,
2026-02-06 18:33:01,,,
2026-02-06 18:34:01,,,
2026-02-06 18:40:01,,,
2026-02-06 18:41:01,,,
2026-02-06 18:45:01,,,
2026-02-06 18:46:01,,,
2026-02-06 18:56:01,,,18.143
2026-02-06 18:57:01,22.7,18.549,
2026-02-06 19:02:01,,,
2026-02-06 19:03:01,,,
2026-02-06 19:04:01,,,
2026-02-06 19:10:01,,,
2026-02-06 19:11:01,,,
2026-02-06 19:15:01,,,
2026-02-06 19:16:01,,,
2026-02-06 19:26:01,,,18.143
2026-02-06 19:27:01,22.074,18.674,
2026-02-06 19:32:01,,,
2026-02-06 19:33:01,,,
2026-02-06 19:34:01,,,
2026-02-06 19:40:01,,,
2026-02-06 19:41:01,,,
2026-02-06 19:45:01,,,
2026-02-06 19:46:01,,,
2026-02-06 19:56:01,,,18.205
2026-02-06 19:57:01,21.574,18.8,
2026-02-06 20:02:01,,,
2026-02-06 20:03:01,,,
2026-02-06 20:04:01,,,
2026-02-06 20:10:01,,,
2026-02-06 20:11:01,,,
2026-02-06 20:15:01,,,
2026-02-06 20:16:01,,,
2026-02-06 20:26:01,,,18.205
2026-02-06 20:27:01,21.261,18.8,
2026-02-06 20:32:01,,,
2026-02-06 20:33:01,,,
2026-02-06 20:34:01,,,
2026-02-06 20:40:01,,,
2026-02-06 20:41:01,,,
2026-02-06 20:45:01,,,
2026-02-06 20:46:01,,,
2026-02-06 20:56:01,,,18.268
2026-02-06 20:57:01,20.886,18.862,
2026-02-06 21:02:01,,,
2026-02-06 21:03:01,,,
2026-02-06 21:04:01,,,
2026-02-06 21:10:01,,,
2026-02-06 21:11:01,,,
2026-02-06 21:15:01,,,
2026-02-06 21:16:01,,,
2026-02-06 21:26:01,,,18.268
2026-02-06 21:27:01,20.698,18.8,
2026-02-06 21:32:01,,,
2026-02-06 21:33:01,,,
2026-02-06 21:34:01,,,
2026-02-06 21:40:01,,,
2026-02-06 21:41:01,,,
2026-02-06 21:45:01,,,
2026-02-06 21:46:01,,,
2026-02-06 21:56:01,,,18.331
2026-02-06 21:57:01,19.759,18.8,
2026-02-06 22:02:01,,,
2026-02-06 22:03:01,,,
2026-02-06 22:04:01,,,
2026-02-06 22:10:01,,,
2026-02-06 22:11:01,,,
2026-02-06 22:15:01,,,
2026-02-06 22:16:01,,,
2026-02-06 22:26:01,,,18.331
2026-02-06 22:27:01,18.758,18.737,
2026-02-06 22:32:01,,,
2026-02-06 22:33:01,,,
2026-02-06 22:34:01,,,
2026-02-06 22:40:01,,,
2026-02-06 22:41:01,,,
2026-02-06 22:45:01,,,
2026-02-06 22:46:01,,,
2026-02-06 22:56:01,,,18.331
2026-02-06 22:57:01,17.882,18.674,
2026-02-06 23:02:01,,,
2026-02-06 23:03:01,,,
2026-02-06 23:04:01,,,
2026-02-06 23:10:01,,,
2026-02-06 23:11:01,,,
2026-02-06 23:15:01,,,
2026-02-06 23:16:01,,,
2026-02-06 23:26:01,,,18.393
2026-02-06 23:27:01,17.13,18.612,
2026-02-06 23:32:01,,,
2026-02-06 23:33:01,,,
2026-02-06 23:34:01,,,
2026-02-06 23:40:01,,,
2026-02-06 23:41:01,,,
2026-02-06 23:45:01,,,
2026-02-06 23:46:01,,,
2026-02-06 23:56:01,,,18.393
2026-02-06 23:57:01,16.567,18.549,
2026-02-07 00:02:01,,,
2026-02-07 00:03:01,,,
2026-02-07 00:04:01,,,
2026-02-07 00:10:01,,,
2026-02-07 00:11:01,,,
2026-02-07 00:15:01,,,
2026-02-07 00:16:01,,,
2026-02-07 00:26:01,,,18.393
2026-02-07 00:27:01,16.066,18.487,
2026-02-07 00:32:01,,,
2026-02-07 00:33:01,,,
2026-02-07 00:34:01,,,
2026-02-07 00:40:01,,,
2026-02-07 00:41:01,,,
2026-02-07 00:45:01,,,
2026-02-07 00:46:01,,,
2026-02-07 00:56:01,,,18.393
2026-02-07 00:57:01,15.94,18.361,
2026-02-07 01:02:01,,,
2026-02-07 01:03:01,,,
2026-02-07 01:04:01,,,
2026-02-07 01:10:01,,,
2026-02-07 01:11:01,,,
2026-02-07 01:15:01,,,
2026-02-07 01:16:01,,,
2026-02-07 01:26:01,,,18.393
2026-02-07 01:27:01,16.066,18.299,
2026-02-07 01:32:01,,,
2026-02-07 01:33:01,,,
2026-02-07 01:34:01,,,
2026-02-07 01:40:01,,,
2026-02-07 01:41:01,,,
2026-02-07 01:45:01,,,
2026-02-07 01:46:01,,,
2026-02-07 01:56:01,,,18.393
2026-02-07 01:57:01,15.753,18.236,
2026-02-07 02:02:01,,,
2026-02-07 02:03:01,,,
2026-02-07 02:04:01,,,
2026-02-07 02:10:01,,,
2026-02-07 02:11:01,,,
2026-02-07 02:15:01,,,
2026-02-07 02:16:01,,,
2026-02-07 02:26:01,,,18.393
2026-02-07 02:27:01,15.189,18.111,
2026-02-07 02:32:01,,,
2026-02-07 02:33:01,,,
2026-02-07 02:34:01,,,
2026-02-07 02:40:01,,,
2026-02-07 02:41:01,,,
2026-02-07 02:45:01,,,
2026-02-07 02:46:01,,,
2026-02-07 02:56:01,,,18.393
2026-02-07 02:57:01,14.813,18.048,
2026-02-07 03:02:01,,,
2026-02-07 03:03:01,,,
2026-02-07 03:04:01,,,
2026-02-07 03:10:01,,,
2026-02-07 03:11:01,,,
2026-02-07 03:15:01,,,
2026-02-07 03:16:01,,,
2026-02-07 03:26:01,,,18.393
2026-02-07 03:27:01,14.813,17.923,
2026-02-07 03:32:01,,,
2026-02-07 03:33:01,,,
2026-02-07 03:34:01,,,
2026-02-07 03:40:01,,,
2026-02-07 03:41:01,,,
2026-02-07 03:45:01,,,
2026-02-07 03:46:01,,,
2026-02-07 03:56:01,,,18.393
2026-02-07 03:57:01,15.377,17.86,
2026-02-07 04:02:01,,,
2026-02-07 04:03:01,,,
2026-02-07 04:04:01,,,
2026-02-07 04:10:01,,,
2026-02-07 04:11:01,,,
2026-02-07 04:15:01,,,
2026-02-07 04:16:01,,,
2026-02-07 04:26:01,,,18.331
2026-02-07 04:27:01,15.502,17.798,
2026-02-07 04:32:01,,,
2026-02-07 04:33:01,,,
2026-02-07 04:34:01,,,
2026-02-07 04:40:01,,,
2026-02-07 04:41:01,,,
2026-02-07 04:45:01,,,
2026-02-07 04:46:01,,,
2026-02-07 04:56:01,,,18.331
2026-02-07 04:57:01,15.439,17.672,
2026-02-07 05:02:01,,,
2026-02-07 05:03:01,,,
2026-02-07 05:04:01,,,
2026-02-07 05:10:01,,,
2026-02-07 05:11:01,,,
2026-02-07 05:15:01,,,
2026-02-07 05:16:01,,,
2026-02-07 05:26:01,,,18.331
2026-02-07 05:27:01,15.189,17.61,
2026-02-07 05:32:01,,,
2026-02-07 05:33:01,,,
2026-02-07 05:34:01,,,
2026-02-07 05:40:01,,,
2026-02-07 05:41:01,,,
2026-02-07 05:45:01,,,
2026-02-07 05:46:01,,,
2026-02-07 05:56:01,,,18.331
2026-02-07 05:57:01,15.252,17.484,
2026-02-07 06:02:01,,,
2026-02-07 06:03:01,,,
2026-02-07 06:04:01,,,
2026-02-07 06:10:01,,,
2026-02-07 06:11:01,,,
2026-02-07 06:15:01,,,
2026-02-07 06:16:01,,,
2026-02-07 06:26:01,,,18.268
2026-02-07 06:27:01,15.252,17.422,
2026-02-07 06:32:01,,,
2026-02-07 06:33:01,,,
2026-02-07 06:34:01,,,
2026-02-07 06:40:01,,,
2026-02-07 06:41:01,,,
2026-02-07 06:45:01,,,
2026-02-07 06:46:01,,,
2026-02-07 06:56:01,,,18.268
2026-02-07 06:57:01,14.75,17.297,
2026-02-07 07:02:01,,,
2026-02-07 07:03:01,,,
2026-02-07 07:04:01,,,
2026-02-07 07:10:01,,,
2026-02-07 07:11:01,,,
2026-02-07 07:15:01,,,
2026-02-07 07:16:01,,,
2026-02-07 07:26:01,,,18.268
2026-02-07 07:27:01,14.5,17.234,
2026-02-07 07:32:01,,,
2026-02-07 07:33:01,,,
2026-02-07 07:34:01,,,
2026-02-07 07:40:01,,,
2026-02-07 07:41:01,,,
2026-02-07 07:45:01,,,
2026-02-07 07:46:01,,,
2026-02-07 07:56:01,,,18.205
2026-02-07 07:57:01,14.312,17.109,
2026-02-07 08:02:01,,,
2026-02-07 08:03:01,,,
2026-02-07 08:04:01,,,
2026-02-07 08:10:01,,,
2026-02-07 08:11:01,,,
2026-02-07 08:15:01,,,
2026-02-07 08:16:01,,,
2026-02-07 08:26:01,,,18.205
2026-02-07 08:27:01,14.124,17.046,
2026-02-07 08:32:01,,,
2026-02-07 08:33:01,,,
2026-02-07 08:34:01,,,
2026-02-07 08:40:01,,,
2026-02-07 08:41:01,,,
2026-02-07 08:45:01,,,
2026-02-07 08:46:01,,,
2026-02-07 08:56:01,,,18.205
2026-02-07 08:57:01,14.187,16.983,
2026-02-07 09:02:01,,,
2026-02-07 09:03:01,,,
2026-02-07 09:04:01,,,
2026-02-07 09:10:01,,,
2026-02-07 09:11:01,,,
2026-02-07 09:15:01,,,
2026-02-07 09:16:01,,,
2026-02-07 09:26:01,,,18.143
2026-02-07 09:27:01,15.064,16.921,
2026-02-07 09:32:01,,,
2026-02-07 09:33:01,,,
2026-02-07 09:34:01,,,
2026-02-07 09:40:01,,,
2026-02-07 09:41:01,,,
2026-02-07 09:45:01,,,
2026-02-07 09:46:01,,,
2026-02-07 09:56:01,,,18.143
2026-02-07 09:57:01,16.191,16.795,
2026-02-07 10:02:01,,,
2026-02-07 10:03:01,,,
2026-02-07 10:04:01,,,
2026-02-07 10:10:01,,,
2026-02-07 10:11:01,,,
2026-02-07 10:15:01,,,
2026-02-07 10:16:01,,,
2026-02-07 10:26:01,,,18.143
2026-02-07 10:27:01,17.13,16.733,
2026-02-07 10:32:01,,,
2026-02-07 10:33:01,,,
2026-02-07 10:34:01,,,
2026-02-07 10:40:01,,,
2026-02-07 10:41:01,,,
2026-02-07 10:45:01,,,
2026-02-07 10:46:01,,,
2026-02-07 10:56:01,,,18.08
2026-02-07 10:57:01,18.382,16.67,
2026-02-07 11:02:01,,,
2026-02-07 11:03:01,,,
2026-02-07 11:04:01,,,
2026-02-07 11:10:01,,,
2026-02-07 11:11:01,,,
2026-02-07 11:15:01,,,
2026-02-07 11:16:01,,,
2026-02-07 11:26:01,,,18.08
2026-02-07 11:27:01,19.634,16.607,
2026-02-07 11:32:01,,,
2026-02-07 11:33:01,,,
2026-02-07 11:34:01,,,
2026-02-07 11:40:01,,,
2026-02-07 11:41:01,,,
2026-02-07 11:45:01,,,
2026-02-07 11:46:01,,,
2026-02-07 11:56:01,,,18.08
2026-02-07 11:57:01,20.886,16.545,
2026-02-07 12:02:01,,,
2026-02-07 12:03:01,,,
2026-02-07 12:04:01,,,
2026-02-07 12:10:01,,,
2026-02-07 12:11:01,,,
2026-02-07 12:15:01,,,
2026-02-07 12:16:01,,,
2026-02-07 12:26:01,,,18.017
2026-02-07 12:27:01,22.637,16.545,
2026-02-07 12:32:01,,,
2026-02-07 12:33:01,,,
2026-02-07 12:34:01,,,
2026-02-07 12:40:01,,,
2026-02-07 12:41:01,,,
2026-02-07 12:45:01,,,
2026-02-07 12:46:01,,,
2026-02-07 12:56:01,,,18.017
2026-02-07 12:57:01,24.513,16.545,
2026-02-07 13:02:01,,,
2026-02-07 13:03:01,,,
2026-02-07 13:04:01,,,
2026-02-07 13:10:01,,,
2026-02-07 13:11:01,,,
2026-02-07 13:15:01,,,
2026-02-07 13:16:01,,,
2026-02-07 13:26:01,,,18.017
2026-02-07 13:27:01,25.514,16.607,
2026-02-07 13:32:01,,,
2026-02-07 13:33:01,,,
2026-02-07 13:34:01,,,
2026-02-07 13:40:01,,,
2026-02-07 13:41:01,,,
2026-02-07 13:45:01,,,
2026-02-07 13:46:01,,,
2026-02-07 13:56:01,,,18.017
2026-02-07 13:57:01,27.888,16.67,
2026-02-07 14:02:01,,,
2026-02-07 14:03:01,,,
2026-02-07 14:04:01,,,
2026-02-07 14:10:01,,,
2026-02-07 14:11:01,,,
2026-02-07 14:15:01,,,
2026-02-07 14:16:01,,,
2026-02-07 14:26:01,,,17.955
2026-02-07 14:27:01,29.638,16.733,
2026-02-07 14:32:01,,,
2026-02-07 14:33:01,,,
2026-02-07 14:34:01,,,
2026-02-07 14:40:01,,,
2026-02-07 14:41:01,,,
2026-02-07 14:45:01,,,
2026-02-07 14:46:01,,,
2026-02-07 14:56:01,,,17.955
2026-02-07 14:57:01,28.826,16.921,
2026-02-07 15:02:01,,,
2026-02-07 15:03:01,,,
2026-02-07 15:04:01,,,
2026-02-07 15:10:01,,,
2026-02-07 15:11:01,,,
2026-02-07 15:15:01,,,
2026-02-07 15:16:01,,,
2026-02-07 15:26:01,,,17.955
2026-02-07 15:27:01,28.076,17.046,
2026-02-07 15:32:01,,,
2026-02-07 15:33:01,,,
2026-02-07 15:34:01,,,
2026-02-07 15:40:01,,,
2026-02-07 15:41:01,,,
2026-02-07 15:45:01,,,
2026-02-07 15:46:01,,,
2026-02-07 15:56:01,,,17.955
2026-02-07 15:57:01,27.888,17.234,
2026-02-07 16:02:01,,,
2026-02-07 16:03:01,,,
2026-02-07 16:04:01,,,
2026-02-07 16:10:01,,,
2026-02-07 16:11:01,,,
2026-02-07 16:15:01,,,
2026-02-07 16:16:01,,,
2026-02-07 16:26:01,,,17.955
2026-02-07 16:27:01,27.514,17.484,
2026-02-07 16:32:01,,,
2026-02-07 16:33:01,,,
2026-02-07 16:34:01,,,
2026-02-07 16:40:01,,,
2026-02-07 16:41:01,,,
2026-02-07 16:45:01,,,
2026-02-07 16:46:01,,,
2026-02-07 16:56:01,,,17.955
2026-02-07 16:57:01,26.826,17.672,
2026-02-07 17:02:01,,,
2026-02-07 17:03:01,,,
2026-02-07 17:04:01,,,
2026-02-07 17:10:01,,,
2026-02-07 17:11:01,,,
2026-02-07 17:15:01,,,
2026-02-07 17:16:01,,,
2026-02-07 17:26:01,,,17.955
2026-02-07 17:27:01,26.014,17.923,
2026-02-07 17:32:01,,,
2026-02-07 17:33:01,,,
2026-02-07 17:34:01,,,
2026-02-07 17:40:01,,,
2026-02-07 17:41:01,,,
2026-02-07 17:45:01,,,
2026-02-07 17:46:01,,,
2026-02-07 17:56:01,,,17.955
2026-02-07 17:57:01,24.951,18.111,
2026-02-07 18:02:01,,,
2026-02-07 18:03:01,,,
2026-02-07 18:04:01,,,
2026-02-07 18:10:01,,,
2026-02-07 18:11:01,,,
2026-02-07 18:15:01,,,
2026-02-07 18:16:01,,,
2026-02-07 18:26:01,,,17.955
2026-02-07 18:27:01,23.826,18.299,
2026-02-07 18:32:01,,,
2026-02-07 18:33:01,,,
2026-02-07 18:34:01,,,
2026-02-07 18:40:01,,,
2026-02-07 18:41:01,,,
2026-02-07 18:45:01,,,
2026-02-07 18:46:01,,,
2026-02-07 18:56:01,,,18.017
2026-02-07 18:57:01,22.762,18.487,
2026-02-07 19:02:01,,,
2026-02-07 19:03:01,,,
2026-02-07 19:04:01,,,
2026-02-07 19:10:01,,,
2026-02-07 19:11:01,,,
2026-02-07 19:15:01,,,
2026-02-07 19:16:01,,,
2026-02-07 19:26:01,,,18.017
2026-02-07 19:27:01,22.387,18.612,
2026-02-07 19:32:01,,,
2026-02-07 19:33:01,,,
2026-02-07 19:34:01,,,
2026-02-07 19:40:01,,,
2026-02-07 19:41:01,,,
2026-02-07 19:45:01,,,
2026-02-07 19:46:01,,,
2026-02-07 19:56:01,,,18.017
2026-02-07 19:57:01,21.637,18.674,
2026-02-07 20:02:01,,,
2026-02-07 20:03:01,,,
2026-02-07 20:04:01,,,
2026-02-07 20:10:01,,,
2026-02-07 20:11:01,,,
2026-02-07 20:15:01,,,
2026-02-07 20:16:01,,,
2026-02-07 20:26:01,,,18.08
2026-02-07 20:27:01,21.449,18.737,
2026-02-07 20:32:01,,,
2026-02-07 20:33:01,,,
2026-02-07 20:34:01,,,
2026-02-07 20:40:01,,,
2026-02-07 20:41:01,,,
2026-02-07 20:45:01,,,
2026-02-07 20:46:01,,,
2026-02-07 20:56:01,,,18.08
2026-02-07 20:57:01,21.011,18.737,
2026-02-07 21:02:01,,,
2026-02-07 21:03:01,,,
2026-02-07 21:04:01,,,
2026-02-07 21:10:01,,,
2026-02-07 21:11:01,,,
2026-02-07 21:15:01,,,
2026-02-07 21:16:01,,,
2026-02-07 21:26:01,,,18.143
2026-02-07 21:27:01,20.448,18.737,
2026-02-07 21:32:01,,,
2026-02-07 21:33:01,,,
2026-02-07 21:34:01,,,
2026-02-07 21:40:01,,,
2026-02-07 21:41:01,,,
2026-02-07 21:45:01,,,
2026-02-07 21:46:01,,,
2026-02-07 21:56:01,,,18.143
2026-02-07 21:57:01,19.885,18.674,
2026-02-07 22:02:01,,,
2026-02-07 22:03:01,,,
2026-02-07 22:04:01,,,
2026-02-07 22:10:01,,,
2026-02-07 22:11:01,,,
2026-02-07 22:15:01,,,
2026-02-07 22:16:01,,,
2026-02-07 22:26:01,,,18.143
2026-02-07 22:27:01,18.695,18.612,
2026-02-07 22:32:01,,,
2026-02-07 22:33:01,,,
2026-02-07 22:34:01,,,
2026-02-07 22:40:01,,,
2026-02-07 22:41:01,,,
2026-02-07 22:45:01,,,
2026-02-07 22:46:01,,,
2026-02-07 22:56:01,,,18.205
2026-02-07 22:57:01,17.631,18.549,
2026-02-07 23:02:01,,,
2026-02-07 23:03:01,,,
2026-02-07 23:04:01,,,
2026-02-07 23:10:01,,,
2026-02-07 23:11:01,,,
2026-02-07 23:15:01,,,
2026-02-07 23:16:01,,,
2026-02-07 23:26:01,,,18.205
2026-02-07 23:27:01,17.005,18.487,
2026-02-07 23:32:01,,,
2026-02-07 23:33:01,,,
2026-02-07 23:34:01,,,
2026-02-07 23:40:01,,,
2026-02-07 23:41:01,,,
2026-02-07 23:45:01,,,
2026-02-07 23:46:01,,,
2026-02-07 23:56:01,,,18.205
2026-02-07 23:57:01,16.379,18.424,
2026-02-08 00:02:01,,,
2026-02-08 00:03:01,,,
2026-02-08 00:04:01,,,
2026-02-08 00:10:01,,,
2026-02-08 00:11:01,,,
2026-02-08 00:15:01,,,
2026-02-08 00:16:01,,,
2026-02-08 00:26:01,,,18.205
2026-02-08 00:27:01,15.94,18.361,
2026-02-08 00:32:01,,,
2026-02-08 00:33:01,,,
2026-02-08 00:34:01,,,
2026-02-08 00:40:01,,,
2026-02-08 00:41:01,,,
2026-02-08 00:45:01,,,
2026-02-08 00:46:01,,,
2026-02-08 00:56:01,,,18.205
2026-02-08 00:57:01,15.627,18.236,
2026-02-08 01:02:01,,,
2026-02-08 01:03:01,,,
2026-02-08 01:04:01,,,
2026-02-08 01:10:01,,,
2026-02-08 01:11:01,,,
2026-02-08 01:15:01,,,
2026-02-08 01:16:01,,,
2026-02-08 01:26:01,,,18.205
2026-02-08 01:27:01,15.377,18.173,
2026-02-08 01:32:01,,,
2026-02-08 01:33:01,,,
2026-02-08 01:34:01,,,
2026-02-08 01:40:01,,,
2026-02-08 01:41:01,,,
2026-02-08 01:45:01,,,
2026-02-08 01:46:01,,,
2026-02-08 01:56:01,,,18.205
2026-02-08 01:57:01,15.189,18.048,
2026-02-08 02:02:01,,,
2026-02-08 02:03:01,,,
2026-02-08 02:04:01,,,
2026-02-08 02:10:01,,,
2026-02-08 02:11:01,,,
2026-02-08 02:15:01,,,
2026-02-08 02:16:01,,,
2026-02-08 02:26:01,,,18.205
2026-02-08 02:27:01,14.876,17.986,
2026-02-08 02:32:01,,,
2026-02-08 02:33:01,,,
2026-02-08 02:34:01,,,
2026-02-08 02:40:01,,,
2026-02-08 02:41:01,,,
2026-02-08 02:45:01,,,
2026-02-08 02:46:01,,,
2026-02-08 02:56:01,,,18.205
2026-02-08 02:57:01,14.562,17.923,
2026-02-08 03:02:01,,,
2026-02-08 03:03:01,,,
2026-02-08 03:04:01,,,
2026-02-08 03:10:01,,,
2026-02-08 03:11:01,,,
2026-02-08 03:15:01,,,
2026-02-08 03:16:01,,,
2026-02-08 03:26:01,,,18.205
2026-02-08 03:27:01,14.312,17.798,
2026-02-08 03:32:01,,,
2026-02-08 03:33:01,,,
2026-02-08 03:34:01,,,
2026-02-08 03:40:01,,,
2026-02-08 03:41:01,,,
2026-02-08 03:45:01,,,
2026-02-08 03:46:01,,,
2026-02-08 03:56:01,,,18.205
2026-02-08 03:57:01,14.187,17.735,
2026-02-08 04:02:01,,,
2026-02-08 04:03:01,,,
2026-02-08 04:04:01,,,
2026-02-08 04:10:01,,,
2026-02-08 04:11:01,,,
2026-02-08 04:15:01,,,
2026-02-08 04:16:01,,,
2026-02-08 04:26:01,,,18.205
2026-02-08 04:27:01,14.187,17.61,
2026-02-08 04:32:01,,,
2026-02-08 04:33:01,,,
2026-02-08 04:34:01,,,
2026-02-08 04:40:01,,,
2026-02-08 04:41:01,,,
2026-02-08 04:45:01,,,
2026-02-08 04:46:01,,,
2026-02-08 04:56:01,,,18.143
2026-02-08 04:57:01,14.187,17.547,
2026-02-08 05:02:01,,,
2026-02-08 05:03:01,,,
2026-02-08 05:04:01,,,
2026-02-08 05:10:01,,,
2026-02-08 05:11:01,,,
2026-02-08 05:15:01,,,
2026-02-08 05:16:01,,,
2026-02-08 05:26:01,,,18.143
2026-02-08 05:27:01,14.312,17.422,
2026-02-08 05:32:01,,,
2026-02-08 05:33:01,,,
2026-02-08 05:34:01,,,
2026-02-08 05:40:01,,,
2026-02-08 05:41:01,,,
2026-02-08 05:45:01,,,
2026-02-08 05:46:01,,,
2026-02-08 05:56:01,,,18.143
2026-02-08 05:57:01,14.187,17.359,
2026-02-08 06:02:01,,,
2026-02-08 06:03:01,,,
2026-02-08 06:04:01,,,
2026-02-08 06:10:01,,,
2026-02-08 06:11:01,,,
2026-02-08 06:15:01,,,
2026-02-08 06:16:01,,,
2026-02-08 06:26:01,,,18.08
2026-02-08 06:27:01,13.685,17.234,
2026-02-08 06:32:01,,,
2026-02-08 06:33:01,,,
2026-02-08 06:34:01,,,
2026-02-08 06:40:01,,,
2026-02-08 06:41:01,,,
2026-02-08 06:45:01,,,
2026-02-08 06:46:01,,,
2026-02-08 06:56:01,,,18.08
2026-02-08 06:57:01,13.247,17.171,
2026-02-08 07:02:01,,,
2026-02-08 07:03:01,,,
2026-02-08 07:04:01,,,
2026-02-08 07:10:01,,,
2026-02-08 07:11:01,,,
2026-02-08 07:15:01,,,
2026-02-08 07:16:01,,,
2026-02-08 07:26:01,,,18.08
2026-02-08 07:27:01,12.871,17.046,
2026-02-08 07:32:01,,,
2026-02-08 07:33:01,,,
2026-02-08 07:34:01,,,
2026-02-08 07:40:01,,,
2026-02-08 07:41:01,,,
2026-02-08 07:45:01,,,
2026-02-08 07:46:01,,,
2026-02-08 07:56:01,,,18.017
2026-02-08 07:57:01,12.745,16.983,
2026-02-08 08:02:01,,,
2026-02-08 08:03:01,,,
2026-02-08 08:04:01,,,
2026-02-08 08:10:01,,,
2026-02-08 08:11:01,,,
2026-02-08 08:15:01,,,
2026-02-08 08:16:01,,,
2026-02-08 08:26:01,,,18.017
2026-02-08 08:27:01,13.247,16.858,
2026-02-08 08:32:01,,,
2026-02-08 08:33:01,,,
2026-02-08 08:34:01,,,
2026-02-08 08:40:01,,,
2026-02-08 08:41:01,,,
2026-02-08 08:45:01,,,
2026-02-08 08:46:01,,,
2026-02-08 08:56:01,,,17.955
2026-02-08 08:57:01,13.748,16.795,
2026-02-08 09:02:01,,,
2026-02-08 09:03:01,,,
2026-02-08 09:04:01,,,
2026-02-08 09:10:01,,,
2026-02-08 09:11:01,,,
2026-02-08 09:15:01,,,
2026-02-08 09:16:01,,,
2026-02-08 09:26:01,,,17.955
2026-02-08 09:27:01,14.75,16.67,
2026-02-08 09:32:01,,,
2026-02-08 09:33:01,,,
2026-02-08 09:34:01,,,
2026-02-08 09:40:01,,,
2026-02-08 09:41:01,,,
2026-02-08 09:45:01,,,
2026-02-08 09:46:01,,,
2026-02-08 09:56:01,,,17.955
2026-02-08 09:57:01,16.128,16.607,
2026-02-08 10:02:01,,,
2026-02-08 10:03:01,,,
2026-02-08 10:04:01,,,
2026-02-08 10:10:01,,,
2026-02-08 10:11:01,,,
2026-02-08 10:15:01,,,
2026-02-08 10:16:01,,,
2026-02-08 10:26:01,,,17.892
2026-02-08 10:27:01,17.256,16.545,
2026-02-08 10:32:01,,,
2026-02-08 10:33:01,,,
2026-02-08 10:34:01,,,
2026-02-08 10:40:01,,,
2026-02-08 10:41:01,,,
2026-02-08 10:45:01,,,
2026-02-08 10:46:01,,,
2026-02-08 10:56:01,,,17.892
2026-02-08 10:57:01,18.445,16.419,
2026-02-08 11:02:01,,,
2026-02-08 11:03:01,,,
2026-02-08 11:04:01,,,
2026-02-08 11:10:01,,,
2026-02-08 11:11:01,,,
2026-02-08 11:15:01,,,
2026-02-08 11:16:01,,,
2026-02-08 11:26:01,,,17.83
2026-02-08 11:27:01,20.072,16.357,
2026-02-08 11:32:01,,,
2026-02-08 11:33:01,,,
2026-02-08 11:34:01,,,
2026-02-08 11:40:01,,,
2026-02-08 11:41:01,,,
2026-02-08 11:45:01,,,
2026-02-08 11:46:01,,,
2026-02-08 11:56:01,,,17.83
2026-02-08 11:57:01,21.324,16.294,
2026-02-08 12:02:01,,,
2026-02-08 12:03:01,,,
2026-02-08 12:04:01,,,
2026-02-08 12:10:01,,,
2026-02-08 12:11:01,,,
2026-02-08 12:15:01,,,
2026-02-08 12:16:01,,,
2026-02-08 12:26:01,,,17.767
2026-02-08 12:27:01,22.95,16.294,
2026-02-08 12:32:01,,,
2026-02-08 12:33:01,,,
2026-02-08 12:34:01,,,
2026-02-08 12:40:01,,,
2026-02-08 12:41:01,,,
2026-02-08 12:45:01,,,
2026-02-08 12:46:01,,,
2026-02-08 12:56:01,,,17.767
2026-02-08 12:57:01,24.701,16.294,
2026-02-08 13:02:01,,,
2026-02-08 13:03:01,,,
2026-02-08 13:04:01,,,
2026-02-08 13:10:01,,,
2026-02-08 13:11:01,,,
2026-02-08 13:15:01,,,
2026-02-08 13:16:01,,,
2026-02-08 13:26:01,,,17.767
2026-02-08 13:27:01,25.514,16.357,
2026-02-08 13:32:01,,,
2026-02-08 13:33:01,,,
2026-02-08 13:34:01,,,
2026-02-08 13:40:01,,,
2026-02-08 13:41:01,,,
2026-02-08 13:45:01,,,
2026-02-08 13:46:01,,,
2026-02-08 13:56:01,,,17.767
2026-02-08 13:57:01,27.514,16.419,
2026-02-08 14:02:01,,,
2026-02-08 14:03:01,,,
2026-02-08 14:04:01,,,
2026-02-08 14:10:01,,,
2026-02-08 14:11:01,,,
2026-02-08 14:15:01,,,
2026-02-08 14:16:01,,,
2026-02-08 14:26:01,,,17.704
2026-02-08 14:27:01,29.2,16.545,
2026-02-08 14:32:01,,,
2026-02-08 14:33:01,,,
2026-02-08 14:34:01,,,
2026-02-08 14:40:01,,,
2026-02-08 14:41:01,,,
2026-02-08 14:45:01,,,
2026-02-08 14:46:01,,,
2026-02-08 14:56:01,,,17.704
2026-02-08 14:57:01,28.076,16.733,
2026-02-08 15:02:01,,,
2026-02-08 15:03:01,,,
2026-02-08 15:04:01,,,
2026-02-08 15:10:01,,,
2026-02-08 15:11:01,,,
2026-02-08 15:15:01,,,
2026-02-08 15:16:01,,,
2026-02-08 15:26:01,,,17.704
2026-02-08 15:27:01,27.076,16.921,
2026-02-08 15:32:01,,,
2026-02-08 15:33:01,,,
2026-02-08 15:34:01,,,
2026-02-08 15:40:01,,,
2026-02-08 15:41:01,,,
2026-02-08 15:45:01,,,
2026-02-08 15:46:01,,,
2026-02-08 15:56:01,,,17.704
2026-02-08 15:57:01,27.139,17.171,
2026-02-08 16:02:01,,,
2026-02-08 16:03:01,,,
2026-02-08 16:04:01,,,
2026-02-08 16:10:01,,,
2026-02-08 16:11:01,,,
2026-02-08 16:15:01,,,
2026-02-08 16:16:01,,,
2026-02-08 16:26:01,,,17.704
2026-02-08 16:27:01,26.826,17.359,
2026-02-08 16:32:01,,,
2026-02-08 16:33:01,,,
2026-02-08 16:34:01,,,
2026-02-08 16:40:01,,,
2026-02-08 16:41:01,,,
2026-02-08 16:45:01,,,
2026-02-08 16:46:01,,,
2026-02-08 16:56:01,,,17.704
2026-02-08 16:57:01,26.139,17.672,
2026-02-08 17:02:01,,,
2026-02-08 17:03:01,,,
2026-02-08 17:04:01,,,
2026-02-08 17:10:01,,,
2026-02-08 17:11:01,,,
2026-02-08 17:15:01,,,
2026-02-08 17:16:01,,,
2026-02-08 17:26:01,,,17.704
2026-02-08 17:27:01,25.264,17.923,
2026-02-08 17:32:01,,,
2026-02-08 17:33:01,,,
2026-02-08 17:34:01,,,
2026-02-08 17:40:01,,,
2026-02-08 17:41:01,,,
2026-02-08 17:45:01,,,
2026-02-08 17:46:01,,,
2026-02-08 17:56:01,,,17.704
2026-02-08 17:57:01,24.076,18.111,
2026-02-08 18:02:01,,,
2026-02-08 18:03:01,,,
2026-02-08 18:04:01,,,
2026-02-08 18:10:01,,,
2026-02-08 18:11:01,,,
2026-02-08 18:15:01,,,
2026-02-08 18:16:01,,,
2026-02-08 18:26:01,,,17.704
2026-02-08 18:27:01,22.888,18.361,
2026-02-08 18:32:01,,,
2026-02-08 18:33:01,,,
2026-02-08 18:34:01,,,
2026-02-08 18:40:01,,,
2026-02-08 18:41:01,,,
2026-02-08 18:45:01,,,
2026-02-08 18:46:01,,,
2026-02-08 18:56:01,,,17.767
2026-02-08 18:57:01,21.887,18.549,
2026-02-08 19:02:01,,,
2026-02-08 19:03:01,,,
2026-02-08 19:04:01,,,
2026-02-08 19:10:01,,,
2026-02-08 19:11:01,,,
2026-02-08 19:15:01,,,
2026-02-08 19:16:01,,,
2026-02-08 19:26:01,,,17.767
2026-02-08 19:27:01,21.511,18.674,
2026-02-08 19:32:01,,,
2026-02-08 19:33:01,,,
2026-02-08 19:34:01,,,
2026-02-08 19:40:01,,,
2026-02-08 19:41:01,,,
2026-02-08 19:45:01,,,
2026-02-08 19:46:01,,,
2026-02-08 19:56:01,,,17.83
2026-02-08 19:57:01,20.823,18.737,
2026-02-08 20:02:01,,,
2026-02-08 20:03:01,,,
2026-02-08 20:04:01,,,
2026-02-08 20:10:01,,,
2026-02-08 20:11:01,,,
2026-02-08 20:15:01,,,
2026-02-08 20:16:01,,,
2026-02-08 20:26:01,,,17.83
2026-02-08 20:27:01,20.26,18.8,
2026-02-08 20:32:01,,,
2026-02-08 20:33:01,,,
2026-02-08 20:34:01,,,
2026-02-08 20:40:01,,,
2026-02-08 20:41:01,,,
2026-02-08 20:45:01,,,
2026-02-08 20:46:01,,,
2026-02-08 20:56:01,,,17.892
2026-02-08 20:57:01,19.509,18.737,
2026-02-08 21:02:01,,,
2026-02-08 21:03:01,,,
2026-02-08 21:04:01,,,
2026-02-08 21:10:01,,,
2026-02-08 21:11:01,,,
2026-02-08 21:15:01,,,
2026-02-08 21:16:01,,,
2026-02-08 21:26:01,,,17.955
2026-02-08 21:27:01,18.946,18.737,
2026-02-08 21:32:01,,,
2026-02-08 21:33:01,,,
2026-02-08 21:34:01,,,
2026-02-08 21:40:01,,,
2026-02-08 21:41:01,,,
2026-02-08 21:45:01,,,
2026-02-08 21:46:01,,,
2026-02-08 21:56:01,,,17.955
2026-02-08 21:57:01,18.257,18.674,
2026-02-08 22:02:01,,,
2026-02-08 22:03:01,,,
2026-02-08 22:04:01,,,
2026-02-08 22:10:01,,,
2026-02-08 22:11:01,,,
2026-02-08 22:15:01,,,
2026-02-08 22:16:01,,,
2026-02-08 22:26:01,,,18.017
2026-02-08 22:27:01,17.694,18.612,
2026-02-08 22:32:01,,,
2026-02-08 22:33:01,,,
2026-02-08 22:34:01,,,
2026-02-08 22:40:01,,,
2026-02-08 22:41:01,,,
2026-02-08 22:45:01,,,
2026-02-08 22:46:01,,,
2026-02-08 22:56:01,,,18.017
2026-02-08 22:57:01,16.817,18.487,
2026-02-08 23:02:01,,,
2026-02-08 23:03:01,,,
2026-02-08 23:04:01,,,
2026-02-08 23:10:01,,,
2026-02-08 23:11:01,,,
2026-02-08 23:15:01,,,
2026-02-08 23:16:01,,,
2026-02-08 23:26:01,,,18.017
2026-02-08 23:27:01,16.128,18.424,
2026-02-08 23:32:01,,,
2026-02-08 23:33:01,,,
2026-02-08 23:34:01,,,
2026-02-08 23:40:01,,,
2026-02-08 23:41:01,,,
2026-02-08 23:45:01,,,
2026-02-08 23:46:01,,,
2026-02-08 23:56:01,,,18.017
2026-02-08 23:57:01,15.502,18.299,
2026-02-09 00:02:01,,,
2026-02-09 00:03:01,,,
2026-02-09 00:04:01,,,
2026-02-09 00:10:01,,,
2026-02-09 00:11:01,,,
2026-02-09 00:15:01,,,
2026-02-09 00:16:01,,,
2026-02-09 00:26:01,,,18.017
2026-02-09 00:27:01,15.064,18.173,
2026-02-09 00:32:01,,,
2026-02-09 00:33:01,,,
2026-02-09 00:34:01,,,
2026-02-09 00:40:01,,,
2026-02-09 00:41:01,,,
2026-02-09 00:45:01,,,
2026-02-09 00:46:01,,,
2026-02-09 00:56:01,,,18.08
2026-02-09 00:57:01,14.813,18.111,
2026-02-09 01:02:01,,,
2026-02-09 01:03:01,,,
2026-02-09 01:04:01,,,
2026-02-09 01:10:01,,,
2026-02-09 01:11:01,,,
2026-02-09 01:15:01,,,
2026-02-09 01:16:01,,,
2026-02-09 01:26:01,,,18.017
2026-02-09 01:27:01,14.5,17.986,
2026-02-09 01:32:01,,,
2026-02-09 01:33:01,,,
2026-02-09 01:34:01,,,
2026-02-09 01:40:01,,,
2026-02-09 01:41:01,,,
2026-02-09 01:45:01,,,
2026-02-09 01:46:01,,,
2026-02-09 01:56:01,,,18.017
2026-02-09 01:57:01,14.187,17.86,
2026-02-09 02:02:01,,,
2026-02-09 02:03:01,,,
2026-02-09 02:04:01,,,
2026-02-09 02:10:01,,,
2026-02-09 02:11:01,,,
2026-02-09 02:15:01,,,
2026-02-09 02:16:01,,,
2026-02-09 02:26:01,,,18.017
2026-02-09 02:27:01,13.936,17.735,
2026-02-09 02:32:01,,,
2026-02-09 02:33:01,,,
2026-02-09 02:34:01,,,
2026-02-09 02:40:01,,,
2026-02-09 02:41:01,,,
2026-02-09 02:45:01,,,
2026-02-09 02:46:01,,,
2026-02-09 02:56:01,,,18.017
2026-02-09 02:57:01,13.685,17.672,
2026-02-09 03:02:01,,,
2026-02-09 03:03:01,,,
2026-02-09 03:04:01,,,
2026-02-09 03:10:01,,,
2026-02-09 03:11:01,,,
2026-02-09 03:15:01,,,
2026-02-09 03:16:01,,,
2026-02-09 03:26:01,,,18.017
2026-02-09 03:27:01,13.372,17.547,
2026-02-09 03:32:01,,,
2026-02-09 03:33:01,,,
2026-02-09 03:34:01,,,
2026-02-09 03:40:01,,,
2026-02-09 03:41:01,,,
2026-02-09 03:45:01,,,
2026-02-09 03:46:01,,,
2026-02-09 03:56:01,,,17.955
2026-02-09 03:57:01,13.059,17.422,
2026-02-09 04:02:01,,,
2026-02-09 04:03:01,,,
2026-02-09 04:04:01,,,
2026-02-09 04:10:01,,,
2026-02-09 04:11:01,,,
2026-02-09 04:15:01,,,
2026-02-09 04:16:01,,,
2026-02-09 04:26:01,,,17.955
2026-02-09 04:27:01,12.933,17.297,
2026-02-09 04:32:01,,,
2026-02-09 04:33:01,,,
2026-02-09 04:34:01,,,
2026-02-09 04:40:01,,,
2026-02-09 04:41:01,,,
2026-02-09 04:45:01,,,
2026-02-09 04:46:01,,,
2026-02-09 04:56:01,,,17.955
2026-02-09 04:57:01,12.808,17.234,
2026-02-09 05:02:01,,,
2026-02-09 05:03:01,,,
2026-02-09 05:04:01,,,
2026-02-09 05:10:01,,,
2026-02-09 05:11:01,,,
2026-02-09 05:15:01,,,
2026-02-09 05:16:01,,,
2026-02-09 05:26:01,,,17.892
2026-02-09 05:27:01,12.745,17.109,
2026-02-09 05:32:01,,,
2026-02-09 05:33:01,,,
2026-02-09 05:34:01,,,
2026-02-09 05:40:01,,,
2026-02-09 05:41:01,,,
2026-02-09 05:45:01,,,
2026-02-09 05:46:01,,,
2026-02-09 05:56:01,,,17.892
2026-02-09 05:57:01,12.62,16.983,
2026-02-09 06:02:01,,,
2026-02-09 06:03:01,,,
2026-02-09 06:04:01,,,
2026-02-09 06:10:01,,,
2026-02-09 06:11:01,,,
2026-02-09 06:15:01,,,
2026-02-09 06:16:01,,,
2026-02-09 06:26:01,,,17.83
2026-02-09 06:27:01,12.557,16.858,
2026-02-09 06:32:01,,,
2026-02-09 06:33:01,,,
2026-02-09 06:34:01,,,
2026-02-09 06:40:01,,,
2026-02-09 06:41:01,,,
2026-02-09 06:45:01,,,
2026-02-09 06:46:01,,,
2026-02-09 06:56:01,,,17.83
2026-02-09 06:57:01,12.62,16.795,
2026-02-09 07:02:01,,,
2026-02-09 07:03:01,,,
2026-02-09 07:04:01,,,
2026-02-09 07:10:01,,,
2026-02-09 07:11:01,,,
2026-02-09 07:15:01,,,
2026-02-09 07:16:01,,,
2026-02-09 07:26:01,,,17.83
2026-02-09 07:27:01,13.309,16.67,
2026-02-09 07:32:01,,,
2026-02-09 07:33:01,,,
2026-02-09 07:34:01,,,
2026-02-09 07:40:01,,,
2026-02-09 07:41:01,,,
2026-02-09 07:45:01,,,
2026-02-09 07:46:01,,,
2026-02-09 07:56:01,,,17.767
2026-02-09 07:57:01,13.623,16.607,
2026-02-09 08:02:01,,,
2026-02-09 08:03:01,,,
2026-02-09 08:04:01,,,
2026-02-09 08:10:01,,,
2026-02-09 08:11:01,,,
2026-02-09 08:15:01,,,
2026-02-09 08:16:01,,,
2026-02-09 08:26:01,,,17.767
2026-02-09 08:27:01,14.061,16.482,
2026-02-09 08:32:01,,,
2026-02-09 08:33:01,,,
2026-02-09 08:34:01,,,
2026-02-09 08:40:01,,,
2026-02-09 08:41:01,,,
2026-02-09 08:45:01,,,
2026-02-09 08:46:01,,,
2026-02-09 08:56:01,,,17.767
2026-02-09 08:57:01,14.061,16.419,
2026-02-09 09:02:01,,,
2026-02-09 09:03:01,,,
2026-02-09 09:04:01,,,
2026-02-09 09:10:01,,,
2026-02-09 09:11:01,,,
2026-02-09 09:15:01,,,
2026-02-09 09:16:01,,,
2026-02-09 09:26:01,,,17.704
2026-02-09 09:27:01,14.374,16.294,
2026-02-09 09:32:01,,,
2026-02-09 09:33:01,,,
2026-02-09 09:34:01,,,
2026-02-09 09:40:01,,,
2026-02-09 09:41:01,,,
2026-02-09 09:45:01,,,
2026-02-09 09:46:01,,,
2026-02-09 09:56:01,,,17.704
2026-02-09 09:57:01,15.314,16.231,
2026-02-09 10:02:01,,,
2026-02-09 10:03:01,,,
2026-02-09 10:04:01,,,
2026-02-09 10:10:01,,,
2026-02-09 10:11:01,,,
2026-02-09 10:15:01,,,
2026-02-09 10:16:01,,,
2026-02-09 10:26:01,,,17.642
2026-02-09 10:27:01,16.128,16.169,
2026-02-09 10:32:01,,,
2026-02-09 10:33:01,,,
2026-02-09 10:34:01,,,
2026-02-09 10:40:01,,,
2026-02-09 10:41:01,,,
2026-02-09 10:45:01,,,
2026-02-09 10:46:01,,,
2026-02-09 10:56:01,,,17.642
2026-02-09 10:57:01,17.443,16.106,
2026-02-09 11:02:01,,,
2026-02-09 11:03:01,,,
2026-02-09 11:04:01,,,
2026-02-09 11:10:01,,,
2026-02-09 11:11:01,,,
2026-02-09 11:15:01,,,
2026-02-09 11:16:01,,,
2026-02-09 11:26:01,,,17.579
2026-02-09 11:27:01,18.508,16.043,
2026-02-09 11:32:01,,,
2026-02-09 11:33:01,,,
2026-02-09 11:34:01,,,
2026-02-09 11:40:01,,,
2026-02-09 11:41:01,,,
2026-02-09 11:45:01,,,
2026-02-09 11:46:01,,,
2026-02-09 11:56:01,,,17.579
2026-02-09 11:57:01,19.447,16.043,
2026-02-09 12:02:01,,,
2026-02-09 12:03:01,,,
2026-02-09 12:04:01,,,
2026-02-09 12:10:01,,,
2026-02-09 12:11:01,,,
2026-02-09 12:15:01,,,
2026-02-09 12:16:01,,,
2026-02-09 12:26:01,,,17.579
2026-02-09 12:27:01,20.635,16.043,
2026-02-09 12:32:01,,,
2026-02-09 12:33:01,,,
2026-02-09 12:34:01,,,
2026-02-09 12:40:01,,,
2026-02-09 12:41:01,,,
2026-02-09 12:45:01,,,
2026-02-09 12:46:01,,,
2026-02-09 12:56:01,,,17.516
2026-02-09 12:57:01,22.387,16.043,
2026-02-09 13:02:01,,,
2026-02-09 13:03:01,,,
2026-02-09 13:04:01,,,
2026-02-09 13:10:01,,,
2026-02-09 13:11:01,,,
2026-02-09 13:15:01,,,
2026-02-09 13:16:01,,,
2026-02-09 13:26:01,,,17.516
2026-02-09 13:27:01,23.638,16.106,
2026-02-09 13:32:01,,,
2026-02-09 13:33:01,,,
2026-02-09 13:34:01,,,
2026-02-09 13:40:01,,,
2026-02-09 13:41:01,,,
2026-02-09 13:45:01,,,
2026-02-09 13:46:01,,,
2026-02-09 13:56:01,,,17.516
2026-02-09 13:57:01,25.826,16.169,
2026-02-09 14:02:01,,,
2026-02-09 14:03:01,,,
2026-02-09 14:04:01,,,
2026-02-09 14:10:01,,,
2026-02-09 14:11:01,,,
2026-02-09 14:15:01,,,
2026-02-09 14:16:01,,,
2026-02-09 14:26:01,,,17.516
2026-02-09 14:27:01,27.888,16.294,
2026-02-09 14:32:01,,,
2026-02-09 14:33:01,,,
2026-02-09 14:34:01,,,
2026-02-09 14:40:01,,,
2026-02-09 14:41:01,,,
2026-02-09 14:45:01,,,
2026-02-09 14:46:01,,,
2026-02-09 14:56:01,,,17.516
2026-02-09 14:57:01,26.889,16.482,
2026-02-09 15:02:01,,,
2026-02-09 15:03:01,,,
2026-02-09 15:04:01,,,
2026-02-09 15:10:01,,,
2026-02-09 15:11:01,,,
2026-02-09 15:15:01,,,
2026-02-09 15:16:01,,,
2026-02-09 15:26:01,,,17.516
2026-02-09 15:27:01,26.014,16.67,
2026-02-09 15:32:01,,,
2026-02-09 15:33:01,,,
2026-02-09 15:34:01,,,
2026-02-09 15:40:01,,,
2026-02-09 15:41:01,,,
2026-02-09 15:45:01,,,
2026-02-09 15:46:01,,,
2026-02-09 15:56:01,,,17.516
2026-02-09 15:57:01,26.014,16.858,
2026-02-09 16:02:01,,,
2026-02-09 16:03:01,,,
2026-02-09 16:04:01,,,
2026-02-09 16:10:01,,,
2026-02-09 16:11:01,,,
2026-02-09 16:15:01,,,
2026-02-09 16:16:01,,,
2026-02-09 16:26:01,,,17.516
2026-02-09 16:27:01,25.951,17.109,
2026-02-09 16:32:01,,,
2026-02-09 16:33:01,,,
2026-02-09 16:34:01,,,
2026-02-09 16:40:01,,,
2026-02-09 16:41:01,,,
2026-02-09 16:45:01,,,
2026-02-09 16:46:01,,,
2026-02-09 16:56:01,,,17.516
2026-02-09 16:57:01,25.451,17.297,
2026-02-09 17:02:01,,,
2026-02-09 17:03:01,,,
2026-02-09 17:04:01,,,
2026-02-09 17:10:01,,,
2026-02-09 17:11:01,,,
2026-02-09 17:15:01,,,
2026-02-09 17:16:01,,,
2026-02-09 17:26:01,,,17.516
2026-02-09 17:27:01,24.576,17.547,
2026-02-09 17:32:01,,,
2026-02-09 17:33:01,,,
2026-02-09 17:34:01,,,
2026-02-09 17:40:01,,,
2026-02-09 17:41:01,,,
2026-02-09 17:45:01,,,
2026-02-09 17:46:01,,,
2026-02-09 17:56:01,,,17.516
2026-02-09 17:57:01,23.575,17.798,
2026-02-09 18:02:01,,,
2026-02-09 18:03:01,,,
2026-02-09 18:04:01,,,
2026-02-09 18:10:01,,,
2026-02-09 18:11:01,,,
2026-02-09 18:15:01,,,
2026-02-09 18:16:01,,,
2026-02-09 18:26:01,,,17.516
2026-02-09 18:27:01,22.325,17.986,
2026-02-09 18:32:01,,,
2026-02-09 18:33:01,,,
2026-02-09 18:34:01,,,
2026-02-09 18:40:01,,,
2026-02-09 18:41:01,,,
2026-02-09 18:45:01,,,
2026-02-09 18:46:01,,,
2026-02-09 18:56:01,,,17.579
2026-02-09 18:57:01,21.637,18.111,
2026-02-09 19:02:01,,,
2026-02-09 19:03:01,,,
2026-02-09 19:04:01,,,
2026-02-09 19:10:01,,,
2026-02-09 19:11:01,,,
2026-02-09 19:15:01,,,
2026-02-09 19:16:01,,,
2026-02-09 19:26:01,,,17.579
2026-02-09 19:27:01,21.011,18.236,
2026-02-09 19:32:01,,,
2026-02-09 19:33:01,,,
2026-02-09 19:34:01,,,
2026-02-09 19:40:01,,,
2026-02-09 19:41:01,,,
2026-02-09 19:45:01,,,
2026-02-09 19:46:01,,,
2026-02-09 19:56:01,,,17.642
2026-02-09 19:57:01,20.323,18.299,
2026-02-09 20:02:01,,,
2026-02-09 20:03:01,,,
2026-02-09 20:04:01,,,
2026-02-09 20:10:01,,,
2026-02-09 20:11:01,,,
2026-02-09 20:15:01,,,
2026-02-09 20:16:01,,,
2026-02-09 20:26:01,,,17.642
2026-02-09 20:27:01,20.072,18.361,
2026-02-09 20:32:01,,,
2026-02-09 20:33:01,,,
2026-02-09 20:34:01,,,
2026-02-09 20:40:01,,,
2026-02-09 20:41:01,,,
2026-02-09 20:45:01,,,
2026-02-09 20:46:01,,,
2026-02-09 20:56:01,,,17.704
2026-02-09 20:57:01,19.509,18.361,
2026-02-09 21:02:01,,,
2026-02-09 21:03:01,,,
2026-02-09 21:04:01,,,
2026-02-09 21:10:01,,,
2026-02-09 21:11:01,,,
2026-02-09 21:15:01,,,
2026-02-09 21:16:01,,,
2026-02-09 21:26:01,,,17.704
2026-02-09 21:27:01,19.071,18.299,
2026-02-09 21:32:01,,,
2026-02-09 21:33:01,,,
2026-02-09 21:34:01,,,
2026-02-09 21:40:01,,,
2026-02-09 21:41:01,,,
2026-02-09 21:45:01,,,
2026-02-09 21:46:01,,,
2026-02-09 21:56:01,,,17.767
2026-02-09 21:57:01,18.445,18.236,
2026-02-09 22:02:01,,,
2026-02-09 22:03:01,,,
2026-02-09 22:04:01,,,
2026-02-09 22:10:01,,,
2026-02-09 22:11:01,,,
2026-02-09 22:15:01,,,
2026-02-09 22:16:01,,,
2026-02-09 22:26:01,,,17.767
2026-02-09 22:27:01,17.756,18.173,
2026-02-09 22:32:01,,,
2026-02-09 22:33:01,,,
2026-02-09 22:34:01,,,
2026-02-09 22:40:01,,,
2026-02-09 22:41:01,,,
2026-02-09 22:45:01,,,
2026-02-09 22:46:01,,,
2026-02-09 22:56:01,,,17.767
2026-02-09 22:57:01,16.817,18.111,
2026-02-09 23:02:01,,,
2026-02-09 23:03:01,,,
2026-02-09 23:04:01,,,
2026-02-09 23:10:01,,,
2026-02-09 23:11:01,,,
2026-02-09 23:15:01,,,
2026-02-09 23:16:01,,,
2026-02-09 23:26:01,,,17.767
2026-02-09 23:27:01,16.003,18.048,
2026-02-09 23:32:01,,,
2026-02-09 23:33:01,,,
2026-02-09 23:34:01,,,
2026-02-09 23:40:01,,,
2026-02-09 23:41:01,,,
2026-02-09 23:45:01,,,
2026-02-09 23:46:01,,,
2026-02-09 23:56:01,,,17.767
2026-02-09 23:57:01,15.502,17.923,
2026-02-10 00:02:01,,,
2026-02-10 00:03:01,,,
2026-02-10 00:04:01,,,
2026-02-10 00:10:01,,,
2026-02-10 00:11:01,,,
2026-02-10 00:15:01,,,
2026-02-10 00:16:01,,,
2026-02-10 00:26:01,,,17.83
2026-02-10 00:27:01,15.064,17.86,
2026-02-10 00:32:01,,,
2026-02-10 00:33:01,,,
2026-02-10 00:34:01,,,
2026-02-10 00:40:01,,,
2026-02-10 00:41:01,,,
2026-02-10 00:45:01,,,
2026-02-10 00:46:01,,,
2026-02-10 00:56:01,,,17.767
2026-02-10 00:57:01,14.625,17.735,
2026-02-10 01:02:01,,,
2026-02-10 01:03:01,,,
2026-02-10 01:04:01,,,
2026-02-10 01:10:01,,,
2026-02-10 01:11:01,,,
2026-02-10 01:15:01,,,
2026-02-10 01:16:01,,,
2026-02-10 01:26:01,,,17.767
2026-02-10 01:27:01,14.437,17.672,
2026-02-10 01:32:01,,,
2026-02-10 01:33:01,,,
2026-02-10 01:34:01,,,
2026-02-10 01:40:01,,,
2026-02-10 01:41:01,,,
2026-02-10 01:45:01,,,
2026-02-10 01:46:01,,,
2026-02-10 01:56:01,,,17.767
2026-02-10 01:57:01,14.187,17.547,
2026-02-10 02:02:01,,,
2026-02-10 02:03:01,,,
2026-02-10 02:04:01,,,
2026-02-10 02:10:01,,,
2026-02-10 02:11:01,,,
2026-02-10 02:15:01,,,
2026-02-10 02:16:01,,,
2026-02-10 02:26:01,,,17.767
2026-02-10 02:27:01,13.999,17.484,
2026-02-10 02:32:01,,,
2026-02-10 02:33:01,,,
2026-02-10 02:34:01,,,
2026-02-10 02:40:01,,,
2026-02-10 02:41:01,,,
2026-02-10 02:45:01,,,
2026-02-10 02:46:01,,,
2026-02-10 02:56:01,,,17.767
2026-02-10 02:57:01,13.811,17.359,
2026-02-10 03:02:01,,,
2026-02-10 03:03:01,,,
2026-02-10 03:04:01,,,
2026-02-10 03:10:01,,,
2026-02-10 03:11:01,,,
2026-02-10 03:15:01,,,
2026-02-10 03:16:01,,,
2026-02-10 03:26:01,,,17.767
2026-02-10 03:27:01,13.999,17.297,
2026-02-10 03:32:01,,,
2026-02-10 03:33:01,,,
2026-02-10 03:34:01,,,
2026-02-10 03:40:01,,,
2026-02-10 03:41:01,,,
2026-02-10 03:45:01,,,
2026-02-10 03:46:01,,,
2026-02-10 03:56:01,,,17.704
2026-02-10 03:57:01,14.374,17.234,
2026-02-10 04:02:01,,,
2026-02-10 04:03:01,,,
2026-02-10 04:04:01,,,
2026-02-10 04:10:01,,,
2026-02-10 04:11:01,,,
2026-02-10 04:15:01,,,
2026-02-10 04:16:01,,,
2026-02-10 04:26:01,,,17.704
2026-02-10 04:27:01,14.437,17.109,
2026-02-10 04:32:01,,,
2026-02-10 04:33:01,,,
2026-02-10 04:34:01,,,
2026-02-10 04:40:01,,,
2026-02-10 04:41:01,,,
2026-02-10 04:45:01,,,
2026-02-10 04:46:01,,,
2026-02-10 04:56:01,,,17.704
2026-02-10 04:57:01,13.936,17.046,
2026-02-10 05:02:01,,,
2026-02-10 05:03:01,,,
2026-02-10 05:04:01,,,
2026-02-10 05:10:01,,,
2026-02-10 05:11:01,,,
2026-02-10 05:15:01,,,
2026-02-10 05:16:01,,,
2026-02-10 05:26:01,,,17.704
2026-02-10 05:27:01,13.372,16.921,
2026-02-10 05:32:01,,,
2026-02-10 05:33:01,,,
2026-02-10 05:34:01,,,
2026-02-10 05:40:01,,,
2026-02-10 05:41:01,,,
2026-02-10 05:45:01,,,
2026-02-10 05:46:01,,,
2026-02-10 05:56:01,,,17.642
2026-02-10 05:57:01,12.933,16.858,
2026-02-10 06:02:01,,,
2026-02-10 06:03:01,,,
2026-02-10 06:04:01,,,
2026-02-10 06:10:01,,,
2026-02-10 06:11:01,,,
2026-02-10 06:15:01,,,
2026-02-10 06:16:01,,,
2026-02-10 06:26:01,,,17.642
2026-02-10 06:27:01,12.557,16.733,
2026-02-10 06:32:01,,,
2026-02-10 06:33:01,,,
2026-02-10 06:34:01,,,
2026-02-10 06:40:01,,,
2026-02-10 06:41:01,,,
2026-02-10 06:45:01,,,
2026-02-10 06:46:01,,,
2026-02-10 06:56:01,,,17.642
2026-02-10 06:57:01,12.495,16.67,
2026-02-10 07:02:01,,,
2026-02-10 07:03:01,,,
2026-02-10 07:04:01,,,
2026-02-10 07:10:01,,,
2026-02-10 07:11:01,,,
2026-02-10 07:15:01,,,
2026-02-10 07:16:01,,,
2026-02-10 07:26:01,,,17.579
2026-02-10 07:27:01,12.808,16.545,
2026-02-10 07:32:01,,,
2026-02-10 07:33:01,,,
2026-02-10 07:34:01,,,
2026-02-10 07:40:01,,,
2026-02-10 07:41:01,,,
2026-02-10 07:45:01,,,
2026-02-10 07:46:01,,,
2026-02-10 07:56:01,,,17.579
2026-02-10 07:57:01,13.184,16.482,
2026-02-10 08:02:01,,,
2026-02-10 08:03:01,,,
2026-02-10 08:04:01,,,
2026-02-10 08:10:01,,,
2026-02-10 08:11:01,,,
2026-02-10 08:15:01,,,
2026-02-10 08:16:01,,,
2026-02-10 08:26:01,,,17.516
2026-02-10 08:27:01,13.059,16.357,
2026-02-10 08:32:01,,,
2026-02-10 08:33:01,,,
2026-02-10 08:34:01,,,
2026-02-10 08:40:01,,,
2026-02-10 08:41:01,,,
2026-02-10 08:45:01,,,
2026-02-10 08:46:01,,,
2026-02-10 08:56:01,,,17.516
2026-02-10 08:57:01,13.121,16.294,
2026-02-10 09:02:01,,,
2026-02-10 09:03:01,,,
2026-02-10 09:04:01,,,
2026-02-10 09:10:01,,,
2026-02-10 09:11:01,,,
2026-02-10 09:15:01,,,
2026-02-10 09:16:01,,,
2026-02-10 09:26:01,,,17.516
2026-02-10 09:27:01,13.748,16.169,
2026-02-10 09:32:01,,,
2026-02-10 09:33:01,,,
2026-02-10 09:34:01,,,
2026-02-10 09:40:01,,,
2026-02-10 09:41:01,,,
2026-02-10 09:45:01,,,
2026-02-10 09:46:01,,,
2026-02-10 09:56:01,,,17.454
2026-02-10 09:57:01,15.189,16.106,
2026-02-10 10:02:01,,,
2026-02-10 10:03:01,,,
2026-02-10 10:04:01,,,
2026-02-10 10:10:01,,,
2026-02-10 10:11:01,,,
2026-02-10 10:15:01,,,
2026-02-10 10:16:01,,,
2026-02-10 10:26:01,,,17.454
2026-02-10 10:27:01,16.567,16.043,
2026-02-10 10:32:01,,,
2026-02-10 10:33:01,,,
2026-02-10 10:34:01,,,
2026-02-10 10:40:01,,,
2026-02-10 10:41:01,,,
2026-02-10 10:45:01,,,
2026-02-10 10:46:01,,,
2026-02-10 10:56:01,,,17.391
2026-02-10 10:57:01,18.007,15.981,
2026-02-10 11:02:01,,,
2026-02-10 11:03:01,,,
2026-02-10 11:04:01,,,
2026-02-10 11:10:01,,,
2026-02-10 11:11:01,,,
2026-02-10 11:15:01,,,
2026-02-10 11:16:01,,,
2026-02-10 11:26:01,,,17.391
2026-02-10 11:27:01,18.946,15.918,
2026-02-10 11:32:01,,,
2026-02-10 11:33:01,,,
2026-02-10 11:34:01,,,
2026-02-10 11:40:01,,,
2026-02-10 11:41:01,,,
2026-02-10 11:45:01,,,
2026-02-10 11:46:01,,,
2026-02-10 11:56:01,,,17.391
2026-02-10 11:57:01,19.885,15.855,
2026-02-10 12:02:01,,,
2026-02-10 12:03:01,,,
2026-02-10 12:04:01,,,
2026-02-10 12:10:01,,,
2026-02-10 12:11:01,,,
2026-02-10 12:15:01,,,
2026-02-10 12:16:01,,,
2026-02-10 12:26:01,,,17.328
2026-02-10 12:27:01,21.762,15.855,
2026-02-10 12:32:01,,,
2026-02-10 12:33:01,,,
2026-02-10 12:34:01,,,
2026-02-10 12:40:01,,,
2026-02-10 12:41:01,,,
2026-02-10 12:45:01,,,
2026-02-10 12:46:01,,,
2026-02-10 12:56:01,,,17.328
2026-02-10 12:57:01,23.763,15.855,
2026-02-10 13:02:01,,,
2026-02-10 13:03:01,,,
2026-02-10 13:04:01,,,
2026-02-10 13:10:01,,,
2026-02-10 13:11:01,,,
2026-02-10 13:15:01,,,
2026-02-10 13:16:01,,,
2026-02-10 13:26:01,,,17.328
2026-02-10 13:27:01,24.888,15.918,
2026-02-10 13:32:01,,,
2026-02-10 13:33:01,,,
2026-02-10 13:34:01,,,
2026-02-10 13:40:01,,,
2026-02-10 13:41:01,,,
2026-02-10 13:45:01,,,
2026-02-10 13:46:01,,,
2026-02-10 13:56:01,,,17.328
2026-02-10 13:57:01,26.951,15.981,
2026-02-10 14:02:01,,,
2026-02-10 14:03:01,,,
2026-02-10 14:04:01,,,
2026-02-10 14:10:01,,,
2026-02-10 14:11:01,,,
2026-02-10 14:15:01,,,
2026-02-10 14:16:01,,,
2026-02-10 14:26:01,,,17.266
2026-02-10 14:27:01,28.826,16.106,
2026-02-10 14:32:01,,,
2026-02-10 14:33:01,,,
2026-02-10 14:34:01,,,
2026-02-10 14:40:01,,,
2026-02-10 14:41:01,,,
2026-02-10 14:45:01,,,
2026-02-10 14:46:01,,,
2026-02-10 14:56:01,,,17.266
2026-02-10 14:57:01,27.701,16.294,
2026-02-10 15:02:01,,,
2026-02-10 15:03:01,,,
2026-02-10 15:04:01,,,
2026-02-10 15:10:01,,,
2026-02-10 15:11:01,,,
2026-02-10 15:15:01,,,
2026-02-10 15:16:01,,,
2026-02-10 15:26:01,,,17.266
2026-02-10 15:27:01,26.826,16.482,
2026-02-10 15:32:01,,,
2026-02-10 15:33:01,,,
2026-02-10 15:34:01,,,
2026-02-10 15:40:01,,,
2026-02-10 15:41:01,,,
2026-02-10 15:45:01,,,
2026-02-10 15:46:01,,,
2026-02-10 15:56:01,,,17.266
2026-02-10 15:57:01,26.639,16.67,
2026-02-10 16:02:01,,,
2026-02-10 16:03:01,,,
2026-02-10 16:04:01,,,
2026-02-10 16:10:01,,,
2026-02-10 16:11:01,,,
2026-02-10 16:15:01,,,
2026-02-10 16:16:01,,,
2026-02-10 16:26:01,,,17.266
2026-02-10 16:27:01,26.264,16.921,
2026-02-10 16:32:01,,,
2026-02-10 16:33:01,,,
2026-02-10 16:34:01,,,
2026-02-10 16:40:01,,,
2026-02-10 16:41:01,,,
2026-02-10 16:45:01,,,
2026-02-10 16:46:01,,,
2026-02-10 16:56:01,,,17.266
2026-02-10 16:57:01,25.576,17.171,
2026-02-10 17:02:01,,,
2026-02-10 17:03:01,,,
2026-02-10 17:04:01,,,
2026-02-10 17:10:01,,,
2026-02-10 17:11:01,,,
2026-02-10 17:15:01,,,
2026-02-10 17:16:01,,,
2026-02-10 17:26:01,,,17.266
2026-02-10 17:27:01,24.826,17.422,
2026-02-10 17:32:01,,,
2026-02-10 17:33:01,,,
2026-02-10 17:34:01,,,
2026-02-10 17:40:01,,,
2026-02-10 17:41:01,,,
2026-02-10 17:45:01,,,
2026-02-10 17:46:01,,,
2026-02-10 17:56:01,,,17.328
2026-02-10 17:57:01,23.701,17.672,
2026-02-10 18:02:01,,,
2026-02-10 18:03:01,,,
2026-02-10 18:04:01,,,
2026-02-10 18:10:01,,,
2026-02-10 18:11:01,,,
2026-02-10 18:15:01,,,
2026-02-10 18:16:01,,,
2026-02-10 18:26:01,,,17.328
2026-02-10 18:27:01,22.7,17.86,
2026-02-10 18:32:01,,,
2026-02-10 18:33:01,,,
2026-02-10 18:34:01,,,
2026-02-10 18:40:01,,,
2026-02-10 18:41:01,,,
2026-02-10 18:45:01,,,
2026-02-10 18:46:01,,,
2026-02-10 18:56:01,,,17.328
2026-02-10 18:57:01,21.762,18.048,
2026-02-10 19:02:01,,,
2026-02-10 19:03:01,,,
2026-02-10 19:04:01,,,
2026-02-10 19:10:01,,,
2026-02-10 19:11:01,,,
2026-02-10 19:15:01,,,
2026-02-10 19:16:01,,,
2026-02-10 19:26:01,,,17.391
2026-02-10 19:27:01,21.011,18.173,
2026-02-10 19:32:01,,,
2026-02-10 19:33:01,,,
2026-02-10 19:34:01,,,
2026-02-10 19:40:01,,,
2026-02-10 19:41:01,,,
2026-02-10 19:45:01,,,
2026-02-10 19:46:01,,,
2026-02-10 19:56:01,,,17.391
2026-02-10 19:57:01,20.01,18.236,
2026-02-10 20:02:01,,,
2026-02-10 20:03:01,,,
2026-02-10 20:04:01,,,
2026-02-10 20:10:01,,,
2026-02-10 20:11:01,,,
2026-02-10 20:15:01,,,
2026-02-10 20:16:01,,,
2026-02-10 20:26:01,,,17.454
2026-02-10 20:27:01,19.196,18.299,
2026-02-10 20:32:01,,,
2026-02-10 20:33:01,,,
2026-02-10 20:34:01,,,
2026-02-10 20:40:01,,,
2026-02-10 20:41:01,,,
2026-02-10 20:45:01,,,
2026-02-10 20:46:01,,,
2026-02-10 20:56:01,,,17.454
2026-02-10 20:57:01,19.321,18.299,
2026-02-10 21:02:01,,,
2026-02-10 21:03:01,,,
2026-02-10 21:04:01,,,
2026-02-10 21:10:01,,,
2026-02-10 21:11:01,,,
2026-02-10 21:15:01,,,
2026-02-10 21:16:01,,,
2026-02-10 21:26:01,,,17.516
2026-02-10 21:27:01,18.946,18.236,
2026-02-10 21:32:01,,,
2026-02-10 21:33:01,,,
2026-02-10 21:34:01,,,
2026-02-10 21:40:01,,,
2026-02-10 21:41:01,,,
2026-02-10 21:45:01,,,
2026-02-10 21:46:01,,,
2026-02-10 21:56:01,,,17.516
2026-02-10 21:57:01,18.508,18.236,
2026-02-10 22:02:01,,,
2026-02-10 22:03:01,,,
2026-02-10 22:04:01,,,
2026-02-10 22:10:01,,,
2026-02-10 22:11:01,,,
2026-02-10 22:15:01,,,
2026-02-10 22:16:01,,,
2026-02-10 22:26:01,,,17.579
2026-02-10 22:27:01,17.944,18.111,
2026-02-10 22:32:01,,,
2026-02-10 22:33:01,,,
2026-02-10 22:34:01,,,
2026-02-10 22:40:01,,,
2026-02-10 22:41:01,,,
2026-02-10 22:45:01,,,
2026-02-10 22:46:01,,,
2026-02-10 22:56:01,,,17.579
2026-02-10 22:57:01,17.068,18.048,
2026-02-10 23:02:01,,,
2026-02-10 23:03:01,,,
2026-02-10 23:04:01,,,
2026-02-10 23:10:01,,,
2026-02-10 23:11:01,,,
2026-02-10 23:15:01,,,
2026-02-10 23:16:01,,,
2026-02-10 23:26:01,,,17.579
2026-02-10 23:27:01,16.254,17.986,
2026-02-10 23:32:01,,,
2026-02-10 23:33:01,,,
2026-02-10 23:34:01,,,
2026-02-10 23:40:01,,,
2026-02-10 23:41:01,,,
2026-02-10 23:45:01,,,
2026-02-10 23:46:01,,,
2026-02-10 23:56:01,,,17.579
2026-02-10 23:57:01,15.377,17.86,
2026-02-11 00:02:01,,,
2026-02-11 00:03:01,,,
2026-02-11 00:04:01,,,
2026-02-11 00:10:01,,,
2026-02-11 00:11:01,,,
2026-02-11 00:15:01,,,
2026-02-11 00:16:01,,,
2026-02-11 00:26:01,,,17.579
2026-02-11 00:27:01,14.688,17.735,
2026-02-11 00:32:01,,,
2026-02-11 00:33:01,,,
2026-02-11 00:34:01,,,
2026-02-11 00:40:01,,,
2026-02-11 00:41:01,,,
2026-02-11 00:45:01,,,
2026-02-11 00:46:01,,,
2026-02-11 00:56:01,,,17.579
2026-02-11 00:57:01,14.374,17.61,
2026-02-11 01:02:01,,,
2026-02-11 01:03:01,,,
2026-02-11 01:04:01,,,
2026-02-11 01:10:01,,,
2026-02-11 01:11:01,,,
2026-02-11 01:15:01,,,
2026-02-11 01:16:01,,,
2026-02-11 01:26:01,,,17.579
2026-02-11 01:27:01,13.999,17.547,
2026-02-11 01:32:01,,,
2026-02-11 01:33:01,,,
2026-02-11 01:34:01,,,
2026-02-11 01:40:01,,,
2026-02-11 01:41:01,,,
2026-02-11 01:45:01,,,
2026-02-11 01:46:01,,,
2026-02-11 01:56:01,,,17.579
2026-02-11 01:57:01,13.811,17.422,
2026-02-11 02:02:01,,,
2026-02-11 02:03:01,,,
2026-02-11 02:04:01,,,
2026-02-11 02:10:01,,,
2026-02-11 02:11:01,,,
2026-02-11 02:15:01,,,
2026-02-11 02:16:01,,,
2026-02-11 02:26:01,,,17.579
2026-02-11 02:27:01,14.124,17.359,
2026-02-11 02:32:01,,,
2026-02-11 02:33:01,,,
2026-02-11 02:34:01,,,
2026-02-11 02:40:01,,,
2026-02-11 02:41:01,,,
2026-02-11 02:45:01,,,
2026-02-11 02:46:01,,,
2026-02-11 02:56:01,,,17.579
2026-02-11 02:57:01,13.811,17.234,
2026-02-11 03:02:01,,,
2026-02-11 03:03:01,,,
2026-02-11 03:04:01,,,
2026-02-11 03:10:01,,,
2026-02-11 03:11:01,,,
2026-02-11 03:15:01,,,
2026-02-11 03:16:01,,,
2026-02-11 03:26:01,,,17.579
2026-02-11 03:27:01,13.309,17.109,
2026-02-11 03:32:01,,,
2026-02-11 03:33:01,,,
2026-02-11 03:34:01,,,
2026-02-11 03:40:01,,,
2026-02-11 03:41:01,,,
2026-02-11 03:45:01,,,
2026-02-11 03:46:01,,,
2026-02-11 03:56:01,,,17.579
2026-02-11 03:57:01,13.497,16.983,
2026-02-11 04:02:01,,,
2026-02-11 04:03:01,,,
2026-02-11 04:04:01,,,
2026-02-11 04:10:01,,,
2026-02-11 04:11:01,,,
2026-02-11 04:15:01,,,
2026-02-11 04:16:01,,,
2026-02-11 04:26:01,,,17.516
2026-02-11 04:27:01,13.623,16.921,
2026-02-11 04:32:01,,,
2026-02-11 04:33:01,,,
2026-02-11 04:34:01,,,
2026-02-11 04:40:01,,,
2026-02-11 04:41:01,,,
2026-02-11 04:45:01,,,
2026-02-11 04:46:01,,,
2026-02-11 04:56:01,,,17.516
2026-02-11 04:57:01,13.247,16.795,
2026-02-11 05:02:01,,,
2026-02-11 05:03:01,,,
2026-02-11 05:04:01,,,
2026-02-11 05:10:01,,,
2026-02-11 05:11:01,,,
2026-02-11 05:15:01,,,
2026-02-11 05:16:01,,,
2026-02-11 05:26:01,,,17.516
2026-02-11 05:27:01,12.808,16.733,
2026-02-11 05:32:01,,,
2026-02-11 05:33:01,,,
2026-02-11 05:34:01,,,
2026-02-11 05:40:01,,,
2026-02-11 05:41:01,,,
2026-02-11 05:45:01,,,
2026-02-11 05:46:01,,,
2026-02-11 05:56:01,,,17.454
2026-02-11 05:57:01,13.56,16.607,
2026-02-11 06:02:01,,,
2026-02-11 06:03:01,,,
2026-02-11 06:04:01,,,
2026-02-11 06:10:01,,,
2026-02-11 06:11:01,,,
2026-02-11 06:15:01,,,
2026-02-11 06:16:01,,,
2026-02-11 06:26:01,,,17.454
2026-02-11 06:27:01,13.748,16.482,
2026-02-11 06:32:01,,,
2026-02-11 06:33:01,,,
2026-02-11 06:34:01,,,
2026-02-11 06:40:01,,,
2026-02-11 06:41:01,,,
2026-02-11 06:45:01,,,
2026-02-11 06:46:01,,,
2026-02-11 06:56:01,,,17.454
2026-02-11 06:57:01,13.435,16.419,
2026-02-11 07:02:01,,,
2026-02-11 07:03:01,,,
2026-02-11 07:04:01,,,
2026-02-11 07:10:01,,,
2026-02-11 07:11:01,,,
2026-02-11 07:15:01,,,
2026-02-11 07:16:01,,,
2026-02-11 07:26:01,,,17.391
2026-02-11 07:27:01,13.059,16.294,
2026-02-11 07:32:01,,,
2026-02-11 07:33:01,,,
2026-02-11 07:34:01,,,
2026-02-11 07:40:01,,,
2026-02-11 07:41:01,,,
2026-02-11 07:45:01,,,
2026-02-11 07:46:01,,,
2026-02-11 07:56:01,,,17.391
2026-02-11 07:57:01,13.121,16.231,
2026-02-11 08:02:01,,,
2026-02-11 08:03:01,,,
2026-02-11 08:04:01,,,
2026-02-11 08:10:01,,,
2026-02-11 08:11:01,,,
2026-02-11 08:15:01,,,
2026-02-11 08:16:01,,,
2026-02-11 08:26:01,,,17.391
2026-02-11 08:27:01,13.247,16.106,
2026-02-11 08:32:01,,,
2026-02-11 08:33:01,,,
2026-02-11 08:34:01,,,
2026-02-11 08:40:01,,,
2026-02-11 08:41:01,,,
2026-02-11 08:45:01,,,
2026-02-11 08:46:01,,,
2026-02-11 08:56:01,,,17.328
2026-02-11 08:57:01,13.685,15.981,
2026-02-11 09:02:01,,,
2026-02-11 09:03:01,,,
2026-02-11 09:04:01,,,
2026-02-11 09:10:01,,,
2026-02-11 09:11:01,,,
2026-02-11 09:15:01,,,
2026-02-11 09:16:01,,,
2026-02-11 09:26:01,,,17.328
2026-02-11 09:27:01,14.437,15.918,
2026-02-11 09:32:01,,,
2026-02-11 09:33:01,,,
2026-02-11 09:34:01,,,
2026-02-11 09:40:01,,,
2026-02-11 09:41:01,,,
2026-02-11 09:45:01,,,
2026-02-11 09:46:01,,,
2026-02-11 09:56:01,,,17.266
2026-02-11 09:57:01,15.502,15.793,
2026-02-11 10:02:01,,,
2026-02-11 10:03:01,,,
2026-02-11 10:04:01,,,
2026-02-11 10:10:01,,,
2026-02-11 10:11:01,,,
2026-02-11 10:15:01,,,
2026-02-11 10:16:01,,,
2026-02-11 10:26:01,,,17.266
2026-02-11 10:27:01,16.629,15.73,
2026-02-11 10:32:01,,,
2026-02-11 10:33:01,,,
2026-02-11 10:34:01,,,
2026-02-11 10:40:01,,,
2026-02-11 10:41:01,,,
2026-02-11 10:45:01,,,
2026-02-11 10:46:01,,,
2026-02-11 10:56:01,,,17.203
2026-02-11 10:57:01,18.069,15.667,
2026-02-11 11:02:01,,,
2026-02-11 11:03:01,,,
2026-02-11 11:04:01,,,
2026-02-11 11:10:01,,,
2026-02-11 11:11:01,,,
2026-02-11 11:15:01,,,
2026-02-11 11:16:01,,,
2026-02-11 11:26:01,,,17.203
2026-02-11 11:27:01,19.384,15.605,
2026-02-11 11:32:01,,,
2026-02-11 11:33:01,,,
2026-02-11 11:34:01,,,
2026-02-11 11:40:01,,,
2026-02-11 11:41:01,,,
2026-02-11 11:45:01,,,
2026-02-11 11:46:01,,,
2026-02-11 11:56:01,,,17.14
2026-02-11 11:57:01,20.573,15.542,
2026-02-11 12:02:01,,,
2026-02-11 12:03:01,,,
2026-02-11 12:04:01,,,
2026-02-11 12:10:01,,,
2026-02-11 12:11:01,,,
2026-02-11 12:15:01,,,
2026-02-11 12:16:01,,,
2026-02-11 12:26:01,,,17.14
2026-02-11 12:27:01,22.387,15.542,
2026-02-11 12:32:01,,,
2026-02-11 12:33:01,,,
2026-02-11 12:34:01,,,
2026-02-11 12:40:01,,,
2026-02-11 12:41:01,,,
2026-02-11 12:45:01,,,
2026-02-11 12:46:01,,,
2026-02-11 12:56:01,,,17.078
2026-02-11 12:57:01,24.638,15.542,
2026-02-11 13:02:01,,,
2026-02-11 13:03:01,,,
2026-02-11 13:04:01,,,
2026-02-11 13:10:01,,,
2026-02-11 13:11:01,,,
2026-02-11 13:15:01,,,
2026-02-11 13:16:01,,,
2026-02-11 13:26:01,,,17.078
2026-02-11 13:27:01,25.639,15.605,
2026-02-11 13:32:01,,,
2026-02-11 13:33:01,,,
2026-02-11 13:34:01,,,
2026-02-11 13:40:01,,,
2026-02-11 13:41:01,,,
2026-02-11 13:45:01,,,
2026-02-11 13:46:01,,,
2026-02-11 13:56:01,,,17.078
2026-02-11 13:57:01,27.888,15.667,
2026-02-11 14:02:01,,,
2026-02-11 14:03:01,,,
2026-02-11 14:04:01,,,
2026-02-11 14:10:01,,,
2026-02-11 14:11:01,,,
2026-02-11 14:15:01,,,
2026-02-11 14:16:01,,,
2026-02-11 14:26:01,,,17.078
2026-02-11 14:27:01,30.075,15.793,
2026-02-11 14:32:01,,,
2026-02-11 14:33:01,,,
2026-02-11 14:34:01,,,
2026-02-11 14:40:01,,,
2026-02-11 14:41:01,,,
2026-02-11 14:45:01,,,
2026-02-11 14:46:01,,,
2026-02-11 14:56:01,,,17.015
2026-02-11 14:57:01,28.638,15.981,
2026-02-11 15:02:01,,,
2026-02-11 15:03:01,,,
2026-02-11 15:04:01,,,
2026-02-11 15:10:01,,,
2026-02-11 15:11:01,,,
2026-02-11 15:15:01,,,
2026-02-11 15:16:01,,,
2026-02-11 15:26:01,,,17.015
2026-02-11 15:27:01,27.514,16.169,
2026-02-11 15:32:01,,,
2026-02-11 15:33:01,,,
2026-02-11 15:34:01,,,
2026-02-11 15:40:01,,,
2026-02-11 15:41:01,,,
2026-02-11 15:45:01,,,
2026-02-11 15:46:01,,,
2026-02-11 15:56:01,,,17.015
2026-02-11 15:57:01,27.264,16.419,
2026-02-11 16:02:01,,,
2026-02-11 16:03:01,,,
2026-02-11 16:04:01,,,
2026-02-11 16:10:01,,,
2026-02-11 16:11:01,,,
2026-02-11 16:15:01,,,
2026-02-11 16:16:01,,,
2026-02-11 16:26:01,,,17.015
2026-02-11 16:27:01,26.951,16.607,
2026-02-11 16:32:01,,,
2026-02-11 16:33:01,,,
2026-02-11 16:34:01,,,
2026-02-11 16:40:01,,,
2026-02-11 16:41:01,,,
2026-02-11 16:45:01,,,
2026-02-11 16:46:01,,,
2026-02-11 16:56:01,,,17.015
2026-02-11 16:57:01,26.264,16.858,
2026-02-11 17:02:01,,,
2026-02-11 17:03:01,,,
2026-02-11 17:04:01,,,
2026-02-11 17:10:01,,,
2026-02-11 17:11:01,,,
2026-02-11 17:15:01,,,
2026-02-11 17:16:01,,,
2026-02-11 17:26:01,,,17.078
2026-02-11 17:27:01,25.451,17.109,
2026-02-11 17:32:01,,,
2026-02-11 17:33:01,,,
2026-02-11 17:34:01,,,
2026-02-11 17:40:01,,,
2026-02-11 17:41:01,,,
2026-02-11 17:45:01,,,
2026-02-11 17:46:01,,,
2026-02-11 17:56:01,,,17.078
2026-02-11 17:57:01,24.013,17.359,
2026-02-11 18:02:01,,,
2026-02-11 18:03:01,,,
2026-02-11 18:04:01,,,
2026-02-11 18:10:01,,,
2026-02-11 18:11:01,,,
2026-02-11 18:15:01,,,
2026-02-11 18:16:01,,,
2026-02-11 18:26:01,,,17.078
2026-02-11 18:27:01,23.075,17.547,
2026-02-11 18:32:01,,,
2026-02-11 18:33:01,,,
2026-02-11 18:34:01,,,
2026-02-11 18:40:01,,,
2026-02-11 18:41:01,,,
2026-02-11 18:45:01,,,
2026-02-11 18:46:01,,,
2026-02-11 18:56:01,,,17.14
2026-02-11 18:57:01,22.325,17.672,
2026-02-11 19:02:01,,,
2026-02-11 19:03:01,,,
2026-02-11 19:04:01,,,
2026-02-11 19:10:01,,,
2026-02-11 19:11:01,,,
2026-02-11 19:15:01,,,
2026-02-11 19:16:01,,,
2026-02-11 19:26:01,,,17.14
2026-02-11 19:27:01,21.449,17.798,
2026-02-11 19:32:01,,,
2026-02-11 19:33:01,,,
2026-02-11 19:34:01,,,
2026-02-11 19:40:01,,,
2026-02-11 19:41:01,,,
2026-02-11 19:45:01,,,
2026-02-11 19:46:01,,,
2026-02-11 19:56:01,,,17.203
2026-02-11 19:57:01,20.51,17.86,
2026-02-11 20:02:01,,,
2026-02-11 20:03:01,,,
2026-02-11 20:04:01,,,
2026-02-11 20:10:01,,,
2026-02-11 20:11:01,,,
2026-02-11 20:15:01,,,
2026-02-11 20:16:01,,,
2026-02-11 20:26:01,,,17.203
2026-02-11 20:27:01,20.135,17.923,
2026-02-11 20:32:01,,,
2026-02-11 20:33:01,,,
2026-02-11 20:34:01,,,
2026-02-11 20:40:01,,,
2026-02-11 20:41:01,,,
2026-02-11 20:45:01,,,
2026-02-11 20:46:01,,,
2026-02-11 20:56:01,,,17.266
2026-02-11 20:57:01,19.509,17.923,
2026-02-11 21:02:01,,,
2026-02-11 21:03:01,,,
2026-02-11 21:04:01,,,
2026-02-11 21:10:01,,,
2026-02-11 21:11:01,,,
2026-02-11 21:15:01,,,
2026-02-11 21:16:01,,,
2026-02-11 21:26:01,,,17.266
2026-02-11 21:27:01,19.008,17.86,
2026-02-11 21:32:01,,,
2026-02-11 21:33:01,,,
2026-02-11 21:34:01,,,
2026-02-11 21:40:01,,,
2026-02-11 21:41:01,,,
2026-02-11 21:45:01,,,
2026-02-11 21:46:01,,,
2026-02-11 21:56:01,,,17.328
2026-02-11 21:57:01,17.944,17.798,
2026-02-11 22:02:01,,,
2026-02-11 22:03:01,,,
2026-02-11 22:04:01,,,
2026-02-11 22:10:01,,,
2026-02-11 22:11:01,,,
2026-02-11 22:15:01,,,
2026-02-11 22:16:01,,,
2026-02-11 22:26:01,,,17.328
2026-02-11 22:27:01,16.755,17.735,
2026-02-11 22:32:01,,,
2026-02-11 22:33:01,,,
2026-02-11 22:34:01,,,
2026-02-11 22:40:01,,,
2026-02-11 22:41:01,,,
2026-02-11 22:45:01,,,
2026-02-11 22:46:01,,,
2026-02-11 22:56:01,,,17.328
2026-02-11 22:57:01,15.69,17.672,
2026-02-11 23:02:01,,,
2026-02-11 23:03:01,,,
2026-02-11 23:04:01,,,
2026-02-11 23:10:01,,,
2026-02-11 23:11:01,,,
2026-02-11 23:15:01,,,
2026-02-11 23:16:01,,,
2026-02-11 23:26:01,,,17.328
2026-02-11 23:27:01,14.813,17.547,
2026-02-11 23:32:01,,,
2026-02-11 23:33:01,,,
2026-02-11 23:34:01,,,
2026-02-11 23:40:01,,,
2026-02-11 23:41:01,,,
2026-02-11 23:45:01,,,
2026-02-11 23:46:01,,,
2026-02-11 23:56:01,,,17.328
2026-02-11 23:57:01,14.187,17.422,
2026-02-12 00:02:01,,,
2026-02-12 00:03:01,,,
2026-02-12 00:04:01,,,
2026-02-12 00:10:01,,,
2026-02-12 00:11:01,,,
2026-02-12 00:15:01,,,
2026-02-12 00:16:01,,,
2026-02-12 00:26:01,,,17.328
2026-02-12 00:27:01,13.623,17.359,
2026-02-12 00:32:01,,,
2026-02-12 00:33:01,,,
2026-02-12 00:34:01,,,
2026-02-12 00:40:01,,,
2026-02-12 00:41:01,,,
2026-02-12 00:45:01,,,
2026-02-12 00:46:01,,,
2026-02-12 00:56:01,,,17.328
2026-02-12 00:57:01,13.184,17.234,
2026-02-12 01:02:01,,,
2026-02-12 01:03:01,,,
2026-02-12 01:04:01,,,
2026-02-12 01:10:01,,,
2026-02-12 01:11:01,,,
2026-02-12 01:15:01,,,
2026-02-12 01:16:01,,,
2026-02-12 01:26:01,,,17.328
2026-02-12 01:27:01,12.933,17.109,
2026-02-12 01:32:01,,,
2026-02-12 01:33:01,,,
2026-02-12 01:34:01,,,
2026-02-12 01:40:01,,,
2026-02-12 01:41:01,,,
2026-02-12 01:45:01,,,
2026-02-12 01:46:01,,,
2026-02-12 01:56:01,,,17.266
2026-02-12 01:57:01,12.745,17.046,
2026-02-12 02:02:01,,,
2026-02-12 02:03:01,,,
2026-02-12 02:04:01,,,
2026-02-12 02:10:01,,,
2026-02-12 02:11:01,,,
2026-02-12 02:15:01,,,
2026-02-12 02:16:01,,,
2026-02-12 02:26:01,,,17.266
2026-02-12 02:27:01,12.745,16.921,
2026-02-12 02:32:01,,,
2026-02-12 02:33:01,,,
2026-02-12 02:34:01,,,
2026-02-12 02:40:01,,,
2026-02-12 02:41:01,,,
2026-02-12 02:45:01,,,
2026-02-12 02:46:01,,,
2026-02-12 02:56:01,,,17.266
2026-02-12 02:57:01,12.683,16.795,
2026-02-12 03:02:01,,,
2026-02-12 03:03:01,,,
2026-02-12 03:04:01,,,
2026-02-12 03:10:01,,,
2026-02-12 03:11:01,,,
2026-02-12 03:15:01,,,
2026-02-12 03:16:01,,,
2026-02-12 03:26:01,,,17.203
2026-02-12 03:27:01,12.244,16.67,
2026-02-12 03:32:01,,,
2026-02-12 03:33:01,,,
2026-02-12 03:34:01,,,
2026-02-12 03:40:01,,,
2026-02-12 03:41:01,,,
2026-02-12 03:45:01,,,
2026-02-12 03:46:01,,,
2026-02-12 03:56:01,,,17.203
2026-02-12 03:57:01,11.805,16.607,
2026-02-12 04:02:01,,,
2026-02-12 04:03:01,,,
2026-02-12 04:04:01,,,
2026-02-12 04:10:01,,,
2026-02-12 04:11:01,,,
2026-02-12 04:15:01,,,
2026-02-12 04:16:01,,,
2026-02-12 04:26:01,,,17.14
2026-02-12 04:27:01,11.617,16.482,
2026-02-12 04:32:01,,,
2026-02-12 04:33:01,,,
2026-02-12 04:34:01,,,
2026-02-12 04:40:01,,,
2026-02-12 04:41:01,,,
2026-02-12 04:45:01,,,
2026-02-12 04:46:01,,,
2026-02-12 04:56:01,,,17.14
2026-02-12 04:57:01,11.304,16.357,
2026-02-12 05:02:01,,,
2026-02-12 05:03:01,,,
2026-02-12 05:04:01,,,
2026-02-12 05:10:01,,,
2026-02-12 05:11:01,,,
2026-02-12 05:15:01,,,
2026-02-12 05:16:01,,,
2026-02-12 05:26:01,,,17.14
2026-02-12 05:27:01,11.116,16.231,
2026-02-12 05:32:01,,,
2026-02-12 05:33:01,,,
2026-02-12 05:34:01,,,
2026-02-12 05:40:01,,,
2026-02-12 05:41:01,,,
2026-02-12 05:45:01,,,
2026-02-12 05:46:01,,,
2026-02-12 05:56:01,,,17.078
2026-02-12 05:57:01,10.99,16.106,
2026-02-12 06:02:01,,,
2026-02-12 06:03:01,,,
2026-02-12 06:04:01,,,
2026-02-12 06:10:01,,,
2026-02-12 06:11:01,,,
2026-02-12 06:15:01,,,
2026-02-12 06:16:01,,,
2026-02-12 06:26:01,,,17.015
2026-02-12 06:27:01,10.99,15.981,
2026-02-12 06:32:01,,,
2026-02-12 06:33:01,,,
2026-02-12 06:34:01,,,
2026-02-12 06:40:01,,,
2026-02-12 06:41:01,,,
2026-02-12 06:45:01,,,
2026-02-12 06:46:01,,,
2026-02-12 06:56:01,,,17.015
2026-02-12 06:57:01,10.865,15.918,
2026-02-12 07:02:01,,,
2026-02-12 07:03:01,,,
2026-02-12 07:04:01,,,
2026-02-12 07:10:01,,,
2026-02-12 07:11:01,,,
2026-02-12 07:15:01,,,
2026-02-12 07:16:01,,,
2026-02-12 07:26:01,,,16.952
2026-02-12 07:27:01,10.489,15.793,
2026-02-12 07:32:01,,,
2026-02-12 07:33:01,,,
2026-02-12 07:34:01,,,
2026-02-12 07:40:01,,,
2026-02-12 07:41:01,,,
2026-02-12 07:45:01,,,
2026-02-12 07:46:01,,,
2026-02-12 07:56:01,,,16.89
2026-02-12 07:57:01,10.301,15.667,
2026-02-12 08:02:01,,,
2026-02-12 08:03:01,,,
2026-02-12 08:04:01,,,
2026-02-12 08:10:01,,,
2026-02-12 08:11:01,,,
2026-02-12 08:15:01,,,
2026-02-12 08:16:01,,,
2026-02-12 08:26:01,,,16.89
2026-02-12 08:27:01,10.802,15.542,
2026-02-12 08:32:01,,,
2026-02-12 08:33:01,,,
2026-02-12 08:34:01,,,
2026-02-12 08:40:01,,,
2026-02-12 08:41:01,,,
2026-02-12 08:45:01,,,
2026-02-12 08:46:01,,,
2026-02-12 08:56:01,,,16.827
2026-02-12 08:57:01,11.743,15.417,
2026-02-12 09:02:01,,,
2026-02-12 09:03:01,,,
2026-02-12 09:04:01,,,
2026-02-12 09:10:01,,,
2026-02-12 09:11:01,,,
2026-02-12 09:15:01,,,
2026-02-12 09:16:01,,,
2026-02-12 09:26:01,,,16.764
2026-02-12 09:27:01,12.996,15.354,
2026-02-12 09:32:01,,,
2026-02-12 09:33:01,,,
2026-02-12 09:34:01,,,
2026-02-12 09:40:01,,,
2026-02-12 09:41:01,,,
2026-02-12 09:45:01,,,
2026-02-12 09:46:01,,,
2026-02-12 09:56:01,,,16.702
2026-02-12 09:57:01,14.813,15.229,
2026-02-12 10:02:01,,,
2026-02-12 10:03:01,,,
2026-02-12 10:04:01,,,
2026-02-12 10:10:01,,,
2026-02-12 10:11:01,,,
2026-02-12 10:15:01,,,
2026-02-12 10:16:01,,,
2026-02-12 10:26:01,,,16.639
2026-02-12 10:27:01,16.441,15.103,
2026-02-12 10:32:01,,,
2026-02-12 10:33:01,,,
2026-02-12 10:34:01,,,
2026-02-12 10:40:01,,,
2026-02-12 10:41:01,,,
2026-02-12 10:45:01,,,
2026-02-12 10:46:01,,,
2026-02-12 10:56:01,,,16.576
2026-02-12 10:57:01,17.944,15.041,
2026-02-12 11:02:01,,,
2026-02-12 11:03:01,,,
2026-02-12 11:04:01,,,
2026-02-12 11:10:01,,,
2026-02-12 11:11:01,,,
2026-02-12 11:15:01,,,
2026-02-12 11:16:01,,,
2026-02-12 11:26:01,,,16.513
2026-02-12 11:27:01,19.134,14.978,
2026-02-12 11:32:01,,,
2026-02-12 11:33:01,,,
2026-02-12 11:34:01,,,
2026-02-12 11:40:01,,,
2026-02-12 11:41:01,,,
2026-02-12 11:45:01,,,
2026-02-12 11:46:01,,,
2026-02-12 11:56:01,,,16.513
2026-02-12 11:57:01,20.635,14.915,
2026-02-12 12:02:01,,,
2026-02-12 12:03:01,,,
2026-02-12 12:04:01,,,
2026-02-12 12:10:01,,,
2026-02-12 12:11:01,,,
2026-02-12 12:15:01,,,
2026-02-12 12:16:01,,,
2026-02-12 12:26:01,,,16.451
2026-02-12 12:27:01,22.575,14.915,
2026-02-12 12:32:01,,,
2026-02-12 12:33:01,,,
2026-02-12 12:34:01,,,
2026-02-12 12:40:01,,,
2026-02-12 12:41:01,,,
2026-02-12 12:45:01,,,
2026-02-12 12:46:01,,,
2026-02-12 12:56:01,,,16.451
2026-02-12 12:57:01,24.701,14.978,
2026-02-12 13:02:01,,,
2026-02-12 13:03:01,,,
2026-02-12 13:04:01,,,
2026-02-12 13:10:01,,,
2026-02-12 13:11:01,,,
2026-02-12 13:15:01,,,
2026-02-12 13:16:01,,,
2026-02-12 13:26:01,,,16.451
2026-02-12 13:27:01,25.514,15.041,
2026-02-12 13:32:01,,,
2026-02-12 13:33:01,,,
2026-02-12 13:34:01,,,
2026-02-12 13:40:01,,,
2026-02-12 13:41:01,,,
2026-02-12 13:45:01,,,
2026-02-12 13:46:01,,,
2026-02-12 13:56:01,,,16.451
2026-02-12 13:57:01,28.076,15.166,
2026-02-12 14:02:01,,,
2026-02-12 14:03:01,,,
2026-02-12 14:04:01,,,
2026-02-12 14:10:01,,,
2026-02-12 14:11:01,,,
2026-02-12 14:15:01,,,
2026-02-12 14:16:01,,,
2026-02-12 14:26:01,,,16.451
2026-02-12 14:27:01,30.449,15.291,
2026-02-12 14:32:01,,,
2026-02-12 14:33:01,,,
2026-02-12 14:34:01,,,
2026-02-12 14:40:01,,,
2026-02-12 14:41:01,,,
2026-02-12 14:45:01,,,
2026-02-12 14:46:01,,,
2026-02-12 14:56:01,,,16.451
2026-02-12 14:57:01,29.075,15.479,
2026-02-12 15:02:01,,,
2026-02-12 15:03:01,,,
2026-02-12 15:04:01,,,
2026-02-12 15:10:01,,,
2026-02-12 15:11:01,,,
2026-02-12 15:15:01,,,
2026-02-12 15:16:01,,,
2026-02-12 15:26:01,,,16.451
2026-02-12 15:27:01,27.763,15.73,
2026-02-12 15:32:01,,,
2026-02-12 15:33:01,,,
2026-02-12 15:34:01,,,
2026-02-12 15:40:01,,,
2026-02-12 15:41:01,,,
2026-02-12 15:45:01,,,
2026-02-12 15:46:01,,,
2026-02-12 15:56:01,,,16.513
2026-02-12 15:57:01,27.389,15.981,
2026-02-12 16:02:01,,,
2026-02-12 16:03:01,,,
2026-02-12 16:04:01,,,
2026-02-12 16:10:01,,,
2026-02-12 16:11:01,,,
2026-02-12 16:15:01,,,
2026-02-12 16:16:01,,,
2026-02-12 16:26:01,,,16.513
2026-02-12 16:27:01,26.951,16.231,
2026-02-12 16:32:01,,,
2026-02-12 16:33:01,,,
2026-02-12 16:34:01,,,
2026-02-12 16:40:01,,,
2026-02-12 16:41:01,,,
2026-02-12 16:45:01,,,
2026-02-12 16:46:01,,,
2026-02-12 16:56:01,,,16.576
2026-02-12 16:57:01,26.264,16.545,
2026-02-12 17:02:01,,,
2026-02-12 17:03:01,,,
2026-02-12 17:04:01,,,
2026-02-12 17:10:01,,,
2026-02-12 17:11:01,,,
2026-02-12 17:15:01,,,
2026-02-12 17:16:01,,,
2026-02-12 17:26:01,,,16.576
2026-02-12 17:27:01,25.264,16.795,
2026-02-12 17:32:01,,,
2026-02-12 17:33:01,,,
2026-02-12 17:34:01,,,
2026-02-12 17:40:01,,,
2026-02-12 17:41:01,,,
2026-02-12 17:45:01,,,
2026-02-12 17:46:01,,,
2026-02-12 17:56:01,,,16.639
2026-02-12 17:57:01,24.076,17.046,
2026-02-12 18:02:01,,,
2026-02-12 18:03:01,,,
2026-02-12 18:04:01,,,
2026-02-12 18:10:01,,,
2026-02-12 18:11:01,,,
2026-02-12 18:15:01,,,
2026-02-12 18:16:01,,,
2026-02-12 18:26:01,,,16.702
2026-02-12 18:27:01,22.95,17.297,
2026-02-12 18:32:01,,,
2026-02-12 18:33:01,,,
2026-02-12 18:34:01,,,
2026-02-12 18:40:01,,,
2026-02-12 18:41:01,,,
2026-02-12 18:45:01,,,
2026-02-12 18:46:01,,,
2026-02-12 18:56:01,,,16.764
2026-02-12 18:57:01,21.699,17.422,
2026-02-12 19:02:01,,,
2026-02-12 19:03:01,,,
2026-02-12 19:04:01,,,
2026-02-12 19:10:01,,,
2026-02-12 19:11:01,,,
2026-02-12 19:15:01,,,
2026-02-12 19:16:01,,,
2026-02-12 19:26:01,,,16.827
2026-02-12 19:27:01,21.011,17.61,
2026-02-12 19:32:01,,,
2026-02-12 19:33:01,,,
2026-02-12 19:34:01,,,
2026-02-12 19:40:01,,,
2026-02-12 19:41:01,,,
2026-02-12 19:45:01,,,
2026-02-12 19:46:01,,,
2026-02-12 19:56:01,,,16.827
2026-02-12 19:57:01,20.197,17.672,
2026-02-12 20:02:01,,,
2026-02-12 20:03:01,,,
2026-02-12 20:04:01,,,
2026-02-12 20:10:01,,,
2026-02-12 20:11:01,,,
2026-02-12 20:15:01,,,
2026-02-12 20:16:01,,,
2026-02-12 20:26:01,,,16.89
2026-02-12 20:27:01,19.947,17.672,
2026-02-12 20:32:01,,,
2026-02-12 20:33:01,,,
2026-02-12 20:34:01,,,
2026-02-12 20:40:01,,,
2026-02-12 20:41:01,,,
2026-02-12 20:45:01,,,
2026-02-12 20:46:01,,,
2026-02-12 20:56:01,,,16.952
2026-02-12 20:57:01,19.634,17.672,
2026-02-12 21:02:01,,,
2026-02-12 21:03:01,,,
2026-02-12 21:04:01,,,
2026-02-12 21:10:01,,,
2026-02-12 21:11:01,,,
2026-02-12 21:15:01,,,
2026-02-12 21:16:01,,,
2026-02-12 21:26:01,,,16.952
2026-02-12 21:27:01,18.946,17.672,
2026-02-12 21:32:01,,,
2026-02-12 21:33:01,,,
2026-02-12 21:34:01,,,
2026-02-12 21:40:01,,,
2026-02-12 21:41:01,,,
2026-02-12 21:45:01,,,
2026-02-12 21:46:01,,,
2026-02-12 21:56:01,,,17.015
2026-02-12 21:57:01,17.882,17.61,
2026-02-12 22:02:01,,,
2026-02-12 22:03:01,,,
2026-02-12 22:04:01,,,
2026-02-12 22:10:01,,,
2026-02-12 22:11:01,,,
2026-02-12 22:15:01,,,
2026-02-12 22:16:01,,,
2026-02-12 22:26:01,,,17.015
2026-02-12 22:27:01,16.817,17.547,
2026-02-12 22:32:01,,,
2026-02-12 22:33:01,,,
2026-02-12 22:34:01,,,
2026-02-12 22:40:01,,,
2026-02-12 22:41:01,,,
2026-02-12 22:45:01,,,
2026-02-12 22:46:01,,,
2026-02-12 22:56:01,,,17.015
2026-02-12 22:57:01,15.627,17.422,
2026-02-12 23:02:01,,,
2026-02-12 23:03:01,,,
2026-02-12 23:04:01,,,
2026-02-12 23:10:01,,,
2026-02-12 23:11:01,,,
2026-02-12 23:15:01,,,
2026-02-12 23:16:01,,,
2026-02-12 23:26:01,,,17.015
2026-02-12 23:27:01,14.562,17.297,
2026-02-12 23:32:01,,,
2026-02-12 23:33:01,,,
2026-02-12 23:34:01,,,
2026-02-12 23:40:01,,,
2026-02-12 23:41:01,,,
2026-02-12 23:45:01,,,
2026-02-12 23:46:01,,,
2026-02-12 23:56:01,,,17.015
2026-02-12 23:57:01,13.999,17.171,
2026-02-13 00:02:01,,,
2026-02-13 00:03:01,,,
2026-02-13 00:04:01,,,
2026-02-13 00:10:01,,,
2026-02-13 00:11:01,,,
2026-02-13 00:15:01,,,
2026-02-13 00:16:01,,,
2026-02-13 00:26:01,,,17.015
2026-02-13 00:27:01,14.187,17.109,
2026-02-13 00:32:01,,,
2026-02-13 00:33:01,,,
2026-02-13 00:34:01,,,
2026-02-13 00:40:01,,,
2026-02-13 00:41:01,,,
2026-02-13 00:45:01,,,
2026-02-13 00:46:01,,,
2026-02-13 00:56:01,,,16.952
2026-02-13 00:57:01,14.938,16.983,
2026-02-13 01:02:01,,,
2026-02-13 01:03:01,,,
2026-02-13 01:04:01,,,
2026-02-13 01:10:01,,,
2026-02-13 01:11:01,,,
2026-02-13 01:15:01,,,
2026-02-13 01:16:01,,,
2026-02-13 01:26:01,,,16.952
2026-02-13 01:27:01,15.314,16.858,
2026-02-13 01:32:01,,,
2026-02-13 01:33:01,,,
2026-02-13 01:34:01,,,
2026-02-13 01:40:01,,,
2026-02-13 01:41:01,,,
2026-02-13 01:45:01,,,
2026-02-13 01:46:01,,,
2026-02-13 01:56:01,,,16.89
2026-02-13 01:57:01,15.252,16.733,
2026-02-13 02:02:01,,,
2026-02-13 02:03:01,,,
2026-02-13 02:04:01,,,
2026-02-13 02:10:01,,,
2026-02-13 02:11:01,,,
2026-02-13 02:15:01,,,
2026-02-13 02:16:01,,,
2026-02-13 02:26:01,,,16.827
2026-02-13 02:27:01,15.064,16.607,
2026-02-13 02:32:01,,,
2026-02-13 02:33:01,,,
2026-02-13 02:34:01,,,
2026-02-13 02:40:01,,,
2026-02-13 02:41:01,,,
2026-02-13 02:45:01,,,
2026-02-13 02:46:01,,,
2026-02-13 02:56:01,,,16.827
2026-02-13 02:57:01,14.437,16.545,
2026-02-13 03:02:01,,,
2026-02-13 03:03:01,,,
2026-02-13 03:04:01,,,
2026-02-13 03:10:01,,,
2026-02-13 03:11:01,,,
2026-02-13 03:15:01,,,
2026-02-13 03:16:01,,,
2026-02-13 03:26:01,,,16.764
2026-02-13 03:27:01,13.623,16.419,
2026-02-13 03:32:01,,,
2026-02-13 03:33:01,,,
2026-02-13 03:34:01,,,
2026-02-13 03:40:01,,,
2026-02-13 03:41:01,,,
2026-02-13 03:45:01,,,
2026-02-13 03:46:01,,,
2026-02-13 03:56:01,,,16.764
2026-02-13 03:57:01,13.059,16.294,
2026-02-13 04:02:01,,,
2026-02-13 04:03:01,,,
2026-02-13 04:04:01,,,
2026-02-13 04:10:01,,,
2026-02-13 04:11:01,,,
2026-02-13 04:15:01,,,
2026-02-13 04:16:01,,,
2026-02-13 04:26:01,,,16.764
2026-02-13 04:27:01,12.495,16.231,
2026-02-13 04:32:01,,,
2026-02-13 04:33:01,,,
2026-02-13 04:34:01,,,
2026-02-13 04:40:01,,,
2026-02-13 04:41:01,,,
2026-02-13 04:45:01,,,
2026-02-13 04:46:01,,,
2026-02-13 04:56:01,,,16.702
2026-02-13 04:57:01,12.056,16.106,
2026-02-13 05:02:01,,,
2026-02-13 05:03:01,,,
2026-02-13 05:04:01,,,
2026-02-13 05:10:01,,,
2026-02-13 05:11:01,,,
2026-02-13 05:15:01,,,
2026-02-13 05:16:01,,,
2026-02-13 05:26:01,,,16.702
2026-02-13 05:27:01,12.056,15.981,
2026-02-13 05:32:01,,,
2026-02-13 05:33:01,,,
2026-02-13 05:34:01,,,
2026-02-13 05:40:01,,,
2026-02-13 05:41:01,,,
2026-02-13 05:45:01,,,
2026-02-13 05:46:01,,,
2026-02-13 05:56:01,,,16.639
2026-02-13 05:57:01,11.993,15.855,
2026-02-13 06:02:01,,,
2026-02-13 06:03:01,,,
2026-02-13 06:04:01,,,
2026-02-13 06:10:01,,,
2026-02-13 06:11:01,,,
2026-02-13 06:15:01,,,
2026-02-13 06:16:01,,,
2026-02-13 06:26:01,,,16.639
2026-02-13 06:27:01,12.307,15.793,
2026-02-13 06:32:01,,,
2026-02-13 06:33:01,,,
2026-02-13 06:34:01,,,
2026-02-13 06:40:01,,,
2026-02-13 06:41:01,,,
2026-02-13 06:45:01,,,
2026-02-13 06:46:01,,,
2026-02-13 06:56:01,,,16.576
2026-02-13 06:57:01,12.369,15.667,
2026-02-13 07:02:01,,,
2026-02-13 07:03:01,,,
2026-02-13 07:04:01,,,
2026-02-13 07:10:01,,,
2026-02-13 07:11:01,,,
2026-02-13 07:15:01,,,
2026-02-13 07:16:01,,,
2026-02-13 07:26:01,,,16.576
2026-02-13 07:27:01,12.119,15.542,
2026-02-13 07:32:01,,,
2026-02-13 07:33:01,,,
2026-02-13 07:34:01,,,
2026-02-13 07:40:01,,,
2026-02-13 07:41:01,,,
2026-02-13 07:45:01,,,
2026-02-13 07:46:01,,,
2026-02-13 07:56:01,,,16.513
2026-02-13 07:57:01,12.432,15.479,
2026-02-13 08:02:01,,,
2026-02-13 08:03:01,,,
2026-02-13 08:04:01,,,
2026-02-13 08:10:01,,,
2026-02-13 08:11:01,,,
2026-02-13 08:15:01,,,
2026-02-13 08:16:01,,,
2026-02-13 08:26:01,,,16.513
2026-02-13 08:27:01,12.933,15.354,
2026-02-13 08:32:01,,,
2026-02-13 08:33:01,,,
2026-02-13 08:34:01,,,
2026-02-13 08:40:01,,,
2026-02-13 08:41:01,,,
2026-02-13 08:45:01,,,
2026-02-13 08:46:01,,,
2026-02-13 08:56:01,,,16.451
2026-02-13 08:57:01,12.933,15.291,
2026-02-13 09:02:01,,,
2026-02-13 09:03:01,,,
2026-02-13 09:04:01,,,
2026-02-13 09:10:01,,,
2026-02-13 09:11:01,,,
2026-02-13 09:15:01,,,
2026-02-13 09:16:01,,,
2026-02-13 09:26:01,,,16.451
2026-02-13 09:27:01,13.372,15.166,
2026-02-13 09:32:01,,,
2026-02-13 09:33:01,,,
2026-02-13 09:34:01,,,
2026-02-13 09:40:01,,,
2026-02-13 09:41:01,,,
2026-02-13 09:45:01,,,
2026-02-13 09:46:01,,,
2026-02-13 09:56:01,,,16.388
2026-02-13 09:57:01,14.75,15.103,
2026-02-13 10:02:01,,,
2026-02-13 10:03:01,,,
2026-02-13 10:04:01,,,
2026-02-13 10:10:01,,,
2026-02-13 10:11:01,,,
2026-02-13 10:15:01,,,
2026-02-13 10:16:01,,,
2026-02-13 10:26:01,,,16.325
2026-02-13 10:27:01,16.316,14.978,
2026-02-13 10:32:01,,,
2026-02-13 10:33:01,,,
2026-02-13 10:34:01,,,
2026-02-13 10:40:01,,,
2026-02-13 10:41:01,,,
2026-02-13 10:45:01,,,
2026-02-13 10:46:01,,,
2026-02-13 10:56:01,,,16.263
2026-02-13 10:57:01,18.007,14.915,
2026-02-13 11:02:01,,,
2026-02-13 11:03:01,,,
2026-02-13 11:04:01,,,
2026-02-13 11:10:01,,,
2026-02-13 11:11:01,,,
2026-02-13 11:15:01,,,
2026-02-13 11:16:01,,,
2026-02-13 11:26:01,,,16.263
2026-02-13 11:27:01,19.259,14.853,
2026-02-13 11:32:01,,,
2026-02-13 11:33:01,,,
2026-02-13 11:34:01,,,
2026-02-13 11:40:01,,,
2026-02-13 11:41:01,,,
2026-02-13 11:45:01,,,
2026-02-13 11:46:01,,,
2026-02-13 11:56:01,,,16.2
2026-02-13 11:57:01,20.573,14.853,
2026-02-13 12:02:01,,,
2026-02-13 12:03:01,,,
2026-02-13 12:04:01,,,
2026-02-13 12:10:01,,,
2026-02-13 12:11:01,,,
2026-02-13 12:15:01,,,
2026-02-13 12:16:01,,,
2026-02-13 12:26:01,,,16.2
2026-02-13 12:27:01,22.45,14.853,
2026-02-13 12:32:01,,,
2026-02-13 12:33:01,,,
2026-02-13 12:34:01,,,
2026-02-13 12:40:01,,,
2026-02-13 12:41:01,,,
2026-02-13 12:45:01,,,
2026-02-13 12:46:01,,,
2026-02-13 12:56:01,,,16.137
2026-02-13 12:57:01,24.826,14.853,
2026-02-13 13:02:01,,,
2026-02-13 13:03:01,,,
2026-02-13 13:04:01,,,
2026-02-13 13:10:01,,,
2026-02-13 13:11:01,,,
2026-02-13 13:15:01,,,
2026-02-13 13:16:01,,,
2026-02-13 13:26:01,,,16.137
2026-02-13 13:27:01,25.951,14.978,
2026-02-13 13:32:01,,,
2026-02-13 13:33:01,,,
2026-02-13 13:34:01,,,
2026-02-13 13:40:01,,,
2026-02-13 13:41:01,,,
2026-02-13 13:45:01,,,
2026-02-13 13:46:01,,,
2026-02-13 13:56:01,,,16.137
2026-02-13 13:57:01,28.388,15.041,
2026-02-13 14:02:01,,,
2026-02-13 14:03:01,,,
2026-02-13 14:04:01,,,
2026-02-13 14:10:01,,,
2026-02-13 14:11:01,,,
2026-02-13 14:15:01,,,
2026-02-13 14:16:01,,,
2026-02-13 14:26:01,,,16.137
2026-02-13 14:27:01,31.261,15.229,
2026-02-13 14:32:01,,,
2026-02-13 14:33:01,,,
2026-02-13 14:34:01,,,
2026-02-13 14:40:01,,,
2026-02-13 14:41:01,,,
2026-02-13 14:45:01,,,
2026-02-13 14:46:01,,,
2026-02-13 14:56:01,,,16.2
2026-02-13 14:57:01,30.137,15.417,
2026-02-13 15:02:01,,,
2026-02-13 15:03:01,,,
2026-02-13 15:04:01,,,
2026-02-13 15:10:01,,,
2026-02-13 15:11:01,,,
2026-02-13 15:15:01,,,
2026-02-13 15:16:01,,,
2026-02-13 15:26:01,,,16.2
2026-02-13 15:27:01,28.826,15.667,
2026-02-13 15:32:01,,,
2026-02-13 15:33:01,,,
2026-02-13 15:34:01,,,
2026-02-13 15:40:01,,,
2026-02-13 15:41:01,,,
2026-02-13 15:45:01,,,
2026-02-13 15:46:01,,,
2026-02-13 15:56:01,,,16.263
2026-02-13 15:57:01,28.576,15.981,
2026-02-13 16:02:01,,,
2026-02-13 16:03:01,,,
2026-02-13 16:04:01,,,
2026-02-13 16:10:01,,,
2026-02-13 16:11:01,,,
2026-02-13 16:15:01,,,
2026-02-13 16:16:01,,,
2026-02-13 16:26:01,,,16.325
2026-02-13 16:27:01,28.138,16.231,
2026-02-13 16:32:01,,,
2026-02-13 16:33:01,,,
2026-02-13 16:34:01,,,
2026-02-13 16:40:01,,,
2026-02-13 16:41:01,,,
2026-02-13 16:45:01,,,
2026-02-13 16:46:01,,,
2026-02-13 16:56:01,,,16.388
2026-02-13 16:57:01,27.264,16.545,
2026-02-13 17:02:01,,,
2026-02-13 17:03:01,,,
2026-02-13 17:04:01,,,
2026-02-13 17:10:01,,,
2026-02-13 17:11:01,,,
2026-02-13 17:15:01,,,
2026-02-13 17:16:01,,,
2026-02-13 17:26:01,,,16.451
2026-02-13 17:27:01,26.514,16.858,
2026-02-13 17:32:01,,,
2026-02-13 17:33:01,,,
2026-02-13 17:34:01,,,
2026-02-13 17:40:01,,,
2026-02-13 17:41:01,,,
2026-02-13 17:45:01,,,
2026-02-13 17:46:01,,,
2026-02-13 17:56:01,,,16.513
2026-02-13 17:57:01,25.326,17.109,
2026-02-13 18:02:01,,,
2026-02-13 18:03:01,,,
2026-02-13 18:04:01,,,
2026-02-13 18:10:01,,,
2026-02-13 18:11:01,,,
2026-02-13 18:15:01,,,
2026-02-13 18:16:01,,,
2026-02-13 18:26:01,,,16.576
2026-02-13 18:27:01,23.951,17.359,
2026-02-13 18:32:01,,,
2026-02-13 18:33:01,,,
2026-02-13 18:34:01,,,
2026-02-13 18:40:01,,,
2026-02-13 18:41:01,,,
2026-02-13 18:45:01,,,
2026-02-13 18:46:01,,,
2026-02-13 18:56:01,,,16.639
2026-02-13 18:57:01,23.2,17.547,
2026-02-13 19:02:01,,,
2026-02-13 19:03:01,,,
2026-02-13 19:04:01,,,
2026-02-13 19:10:01,,,
2026-02-13 19:11:01,,,
2026-02-13 19:15:01,,,
2026-02-13 19:16:01,,,
2026-02-13 19:26:01,,,16.702
2026-02-13 19:27:01,22.512,17.735,
2026-02-13 19:32:01,,,
2026-02-13 19:33:01,,,
2026-02-13 19:34:01,,,
2026-02-13 19:40:01,,,
2026-02-13 19:41:01,,,
2026-02-13 19:45:01,,,
2026-02-13 19:46:01,,,
2026-02-13 19:56:01,,,16.702
2026-02-13 19:57:01,21.949,17.798,
2026-02-13 20:02:01,,,
2026-02-13 20:03:01,,,
2026-02-13 20:04:01,,,
2026-02-13 20:10:01,,,
2026-02-13 20:11:01,,,
2026-02-13 20:15:01,,,
2026-02-13 20:16:01,,,
2026-02-13 20:26:01,,,16.764
2026-02-13 20:27:01,21.136,17.86,
2026-02-13 20:32:01,,,
2026-02-13 20:33:01,,,
2026-02-13 20:34:01,,,
2026-02-13 20:40:01,,,
2026-02-13 20:41:01,,,
2026-02-13 20:45:01,,,
2026-02-13 20:46:01,,,
2026-02-13 20:56:01,,,16.827
2026-02-13 20:57:01,20.323,17.86,
2026-02-13 21:02:01,,,
2026-02-13 21:03:01,,,
2026-02-13 21:04:01,,,
2026-02-13 21:10:01,,,
2026-02-13 21:11:01,,,
2026-02-13 21:15:01,,,
2026-02-13 21:16:01,,,
2026-02-13 21:26:01,,,16.827
2026-02-13 21:27:01,19.572,17.86,
2026-02-13 21:32:01,,,
2026-02-13 21:33:01,,,
2026-02-13 21:34:01,,,
2026-02-13 21:40:01,,,
2026-02-13 21:41:01,,,
2026-02-13 21:45:01,,,
2026-02-13 21:46:01,,,
2026-02-13 21:56:01,,,16.89
2026-02-13 21:57:01,18.946,17.798,
2026-02-13 22:02:01,,,
2026-02-13 22:03:01,,,
2026-02-13 22:04:01,,,
2026-02-13 22:10:01,,,
2026-02-13 22:11:01,,,
2026-02-13 22:15:01,,,
2026-02-13 22:16:01,,,
2026-02-13 22:26:01,,,16.89
2026-02-13 22:27:01,17.694,17.735,
2026-02-13 22:32:01,,,
2026-02-13 22:33:01,,,
2026-02-13 22:34:01,,,
2026-02-13 22:40:01,,,
2026-02-13 22:41:01,,,
2026-02-13 22:45:01,,,
2026-02-13 22:46:01,,,
2026-02-13 22:56:01,,,16.952
2026-02-13 22:57:01,16.379,17.61,
2026-02-13 23:02:01,,,
2026-02-13 23:03:01,,,
2026-02-13 23:04:01,,,
2026-02-13 23:10:01,,,
2026-02-13 23:11:01,,,
2026-02-13 23:15:01,,,
2026-02-13 23:16:01,,,
2026-02-13 23:26:01,,,16.952
2026-02-13 23:27:01,15.314,17.547,
2026-02-13 23:32:01,,,
2026-02-13 23:33:01,,,
2026-02-13 23:34:01,,,
2026-02-13 23:40:01,,,
2026-02-13 23:41:01,,,
2026-02-13 23:45:01,,,
2026-02-13 23:46:01,,,
2026-02-13 23:56:01,,,16.952
2026-02-13 23:57:01,14.625,17.422,
2026-02-14 00:02:01,,,
2026-02-14 00:03:01,,,
2026-02-14 00:04:01,,,
2026-02-14 00:10:01,,,
2026-02-14 00:11:01,,,
2026-02-14 00:15:01,,,
2026-02-14 00:16:01,,,
2026-02-14 00:26:01,,,16.952
2026-02-14 00:27:01,14.187,17.297,
2026-02-14 00:32:01,,,
2026-02-14 00:33:01,,,
2026-02-14 00:34:01,,,
2026-02-14 00:40:01,,,
2026-02-14 00:41:01,,,
2026-02-14 00:45:01,,,
2026-02-14 00:46:01,,,
2026-02-14 00:56:01,,,16.952
2026-02-14 00:57:01,13.685,17.171,
2026-02-14 01:02:01,,,
2026-02-14 01:03:01,,,
2026-02-14 01:04:01,,,
2026-02-14 01:10:01,,,
2026-02-14 01:11:01,,,
2026-02-14 01:15:01,,,
2026-02-14 01:16:01,,,
2026-02-14 01:26:01,,,16.89
2026-02-14 01:27:01,13.372,17.046,
2026-02-14 01:32:01,,,
2026-02-14 01:33:01,,,
2026-02-14 01:34:01,,,
2026-02-14 01:40:01,,,
2026-02-14 01:41:01,,,
2026-02-14 01:45:01,,,
2026-02-14 01:46:01,,,
2026-02-14 01:56:01,,,16.89
2026-02-14 01:57:01,13.059,16.921,
2026-02-14 02:02:01,,,
2026-02-14 02:03:01,,,
2026-02-14 02:04:01,,,
2026-02-14 02:10:01,,,
2026-02-14 02:11:01,,,
2026-02-14 02:15:01,,,
2026-02-14 02:16:01,,,
2026-02-14 02:26:01,,,16.827
2026-02-14 02:27:01,12.808,16.795,
2026-02-14 02:32:01,,,
2026-02-14 02:33:01,,,
2026-02-14 02:34:01,,,
2026-02-14 02:40:01,,,
2026-02-14 02:41:01,,,
2026-02-14 02:45:01,,,
2026-02-14 02:46:01,,,
2026-02-14 02:56:01,,,16.827
2026-02-14 02:57:01,12.808,16.733,
2026-02-14 03:02:01,,,
2026-02-14 03:03:01,,,
2026-02-14 03:04:01,,,
2026-02-14 03:10:01,,,
2026-02-14 03:11:01,,,
2026-02-14 03:15:01,,,
2026-02-14 03:16:01,,,
2026-02-14 03:26:01,,,16.764
2026-02-14 03:27:01,13.435,16.607,
2026-02-14 03:32:01,,,
2026-02-14 03:33:01,,,
2026-02-14 03:34:01,,,
2026-02-14 03:40:01,,,
2026-02-14 03:41:01,,,
2026-02-14 03:45:01,,,
2026-02-14 03:46:01,,,
2026-02-14 03:56:01,,,16.764
2026-02-14 03:57:01,13.748,16.482,
2026-02-14 04:02:01,,,
2026-02-14 04:03:01,,,
2026-02-14 04:04:01,,,
2026-02-14 04:10:01,,,
2026-02-14 04:11:01,,,
2026-02-14 04:15:01,,,
2026-02-14 04:16:01,,,
2026-02-14 04:26:01,,,16.702
2026-02-14 04:27:01,13.811,16.357,
2026-02-14 04:32:01,,,
2026-02-14 04:33:01,,,
2026-02-14 04:34:01,,,
2026-02-14 04:40:01,,,
2026-02-14 04:41:01,,,
2026-02-14 04:45:01,,,
2026-02-14 04:46:01,,,
2026-02-14 04:56:01,,,16.702
2026-02-14 04:57:01,13.247,16.294,
2026-02-14 05:02:01,,,
2026-02-14 05:03:01,,,
2026-02-14 05:04:01,,,
2026-02-14 05:10:01,,,
2026-02-14 05:11:01,,,
2026-02-14 05:15:01,,,
2026-02-14 05:16:01,,,
2026-02-14 05:26:01,,,16.639
2026-02-14 05:27:01,12.808,16.169,
2026-02-14 05:32:01,,,
2026-02-14 05:33:01,,,
2026-02-14 05:34:01,,,
2026-02-14 05:40:01,,,
2026-02-14 05:41:01,,,
2026-02-14 05:45:01,,,
2026-02-14 05:46:01,,,
2026-02-14 05:56:01,,,16.639
2026-02-14 05:57:01,12.432,16.106,
2026-02-14 06:02:01,,,
2026-02-14 06:03:01,,,
2026-02-14 06:04:01,,,
2026-02-14 06:10:01,,,
2026-02-14 06:11:01,,,
2026-02-14 06:15:01,,,
2026-02-14 06:16:01,,,
2026-02-14 06:26:01,,,16.576
2026-02-14 06:27:01,12.181,15.981,
2026-02-14 06:32:01,,,
2026-02-14 06:33:01,,,
2026-02-14 06:34:01,,,
2026-02-14 06:40:01,,,
2026-02-14 06:41:01,,,
2026-02-14 06:45:01,,,
2026-02-14 06:46:01,,,
2026-02-14 06:56:01,,,16.576
2026-02-14 06:57:01,11.868,15.918,
2026-02-14 07:02:01,,,
2026-02-14 07:03:01,,,
2026-02-14 07:04:01,,,
2026-02-14 07:10:01,,,
2026-02-14 07:11:01,,,
2026-02-14 07:15:01,,,
2026-02-14 07:16:01,,,
2026-02-14 07:26:01,,,16.576
2026-02-14 07:27:01,11.868,15.793,
2026-02-14 07:32:01,,,
2026-02-14 07:33:01,,,
2026-02-14 07:34:01,,,
2026-02-14 07:40:01,,,
2026-02-14 07:41:01,,,
2026-02-14 07:45:01,,,
2026-02-14 07:46:01,,,
2026-02-14 07:56:01,,,16.513
2026-02-14 07:57:01,12.557,15.667,
2026-02-14 08:02:01,,,
2026-02-14 08:03:01,,,
2026-02-14 08:04:01,,,
2026-02-14 08:10:01,,,
2026-02-14 08:11:01,,,
2026-02-14 08:15:01,,,
2026-02-14 08:16:01,,,
2026-02-14 08:26:01,,,16.513
2026-02-14 08:27:01,12.432,15.605,
2026-02-14 08:32:01,,,
2026-02-14 08:33:01,,,
2026-02-14 08:34:01,,,
2026-02-14 08:40:01,,,
2026-02-14 08:41:01,,,
2026-02-14 08:45:01,,,
2026-02-14 08:46:01,,,
2026-02-14 08:56:01,,,16.451
2026-02-14 08:57:01,12.745,15.542,
2026-02-14 09:02:01,,,
2026-02-14 09:03:01,,,
2026-02-14 09:04:01,,,
2026-02-14 09:10:01,,,
2026-02-14 09:11:01,,,
2026-02-14 09:15:01,,,
2026-02-14 09:16:01,,,
2026-02-14 09:26:01,,,16.451
2026-02-14 09:27:01,13.435,15.417,
2026-02-14 09:32:01,,,
2026-02-14 09:33:01,,,
2026-02-14 09:34:01,,,
2026-02-14 09:40:01,,,
2026-02-14 09:41:01,,,
2026-02-14 09:45:01,,,
2026-02-14 09:46:01,,,
2026-02-14 09:56:01,,,16.388
2026-02-14 09:57:01,14.813,15.354,
2026-02-14 10:02:01,,,
2026-02-14 10:03:01,,,
2026-02-14 10:04:01,,,
2026-02-14 10:10:01,,,
2026-02-14 10:11:01,,,
2026-02-14 10:15:01,,,
2026-02-14 10:16:01,,,
2026-02-14 10:26:01,,,16.388
2026-02-14 10:27:01,16.316,15.229,
2026-02-14 10:32:01,,,
2026-02-14 10:33:01,,,
2026-02-14 10:34:01,,,
2026-02-14 10:40:01,,,
2026-02-14 10:41:01,,,
2026-02-14 10:45:01,,,
2026-02-14 10:46:01,,,
2026-02-14 10:56:01,,,16.325
2026-02-14 10:57:01,17.944,15.166,
2026-02-14 11:02:01,,,
2026-02-14 11:03:01,,,
2026-02-14 11:04:01,,,
2026-02-14 11:10:01,,,
2026-02-14 11:11:01,,,
2026-02-14 11:15:01,,,
2026-02-14 11:16:01,,,
2026-02-14 11:26:01,,,16.325
2026-02-14 11:27:01,19.321,15.103,
2026-02-14 11:32:01,,,
2026-02-14 11:33:01,,,
2026-02-14 11:34:01,,,
2026-02-14 11:40:01,,,
2026-02-14 11:41:01,,,
2026-02-14 11:45:01,,,
2026-02-14 11:46:01,,,
2026-02-14 11:56:01,,,16.325
2026-02-14 11:57:01,20.448,15.103,
2026-02-14 12:02:01,,,
2026-02-14 12:03:01,,,
2026-02-14 12:04:01,,,
2026-02-14 12:10:01,,,
2026-02-14 12:11:01,,,
2026-02-14 12:15:01,,,
2026-02-14 12:16:01,,,
2026-02-14 12:26:01,,,16.325
2026-02-14 12:27:01,21.637,15.103,
2026-02-14 12:32:01,,,
2026-02-14 12:33:01,,,
2026-02-14 12:34:01,,,
2026-02-14 12:40:01,,,
2026-02-14 12:41:01,,,
2026-02-14 12:45:01,,,
2026-02-14 12:46:01,,,
2026-02-14 12:56:01,,,16.263
2026-02-14 12:57:01,23.138,15.103,
2026-02-14 13:02:01,,,
2026-02-14 13:03:01,,,
2026-02-14 13:04:01,,,
2026-02-14 13:10:01,,,
2026-02-14 13:11:01,,,
2026-02-14 13:15:01,,,
2026-02-14 13:16:01,,,
2026-02-14 13:26:01,,,16.263
2026-02-14 13:27:01,23.701,15.166,
2026-02-14 13:32:01,,,
2026-02-14 13:33:01,,,
2026-02-14 13:34:01,,,
2026-02-14 13:40:01,,,
2026-02-14 13:41:01,,,
2026-02-14 13:45:01,,,
2026-02-14 13:46:01,,,
2026-02-14 13:56:01,,,16.263
2026-02-14 13:57:01,25.951,15.291,
2026-02-14 14:02:01,,,
2026-02-14 14:03:01,,,
2026-02-14 14:04:01,,,
2026-02-14 14:10:01,,,
2026-02-14 14:11:01,,,
2026-02-14 14:15:01,,,
2026-02-14 14:16:01,,,
2026-02-14 14:26:01,,,16.263
2026-02-14 14:27:01,28.826,15.417,
2026-02-14 14:32:01,,,
2026-02-14 14:33:01,,,
2026-02-14 14:34:01,,,
2026-02-14 14:40:01,,,
2026-02-14 14:41:01,,,
2026-02-14 14:45:01,,,
2026-02-14 14:46:01,,,
2026-02-14 14:56:01,,,16.263
2026-02-14 14:57:01,27.763,15.542,
2026-02-14 15:02:01,,,
2026-02-14 15:03:01,,,
2026-02-14 15:04:01,,,
2026-02-14 15:10:01,,,
2026-02-14 15:11:01,,,
2026-02-14 15:15:01,,,
2026-02-14 15:16:01,,,
2026-02-14 15:26:01,,,16.263
2026-02-14 15:27:01,27.076,15.793,
2026-02-14 15:32:01,,,
2026-02-14 15:33:01,,,
2026-02-14 15:34:01,,,
2026-02-14 15:40:01,,,
2026-02-14 15:41:01,,,
2026-02-14 15:45:01,,,
2026-02-14 15:46:01,,,
2026-02-14 15:56:01,,,16.325
2026-02-14 15:57:01,26.826,16.043,
2026-02-14 16:02:01,,,
2026-02-14 16:03:01,,,
2026-02-14 16:04:01,,,
2026-02-14 16:10:01,,,
2026-02-14 16:11:01,,,
2026-02-14 16:15:01,,,
2026-02-14 16:16:01,,,
2026-02-14 16:26:01,,,16.325
2026-02-14 16:27:01,26.451,16.294,
2026-02-14 16:32:01,,,
2026-02-14 16:33:01,,,
2026-02-14 16:34:01,,,
2026-02-14 16:40:01,,,
2026-02-14 16:41:01,,,
2026-02-14 16:45:01,,,
2026-02-14 16:46:01,,,
2026-02-14 16:56:01,,,16.388
2026-02-14 16:57:01,25.639,16.607,
2026-02-14 17:02:01,,,
2026-02-14 17:03:01,,,
2026-02-14 17:04:01,,,
2026-02-14 17:10:01,,,
2026-02-14 17:11:01,,,
2026-02-14 17:15:01,,,
2026-02-14 17:16:01,,,
2026-02-14 17:26:01,,,16.451
2026-02-14 17:27:01,24.763,16.921,
2026-02-14 17:32:01,,,
2026-02-14 17:33:01,,,
2026-02-14 17:34:01,,,
2026-02-14 17:40:01,,,
2026-02-14 17:41:01,,,
2026-02-14 17:45:01,,,
2026-02-14 17:46:01,,,
2026-02-14 17:56:01,,,16.513
2026-02-14 17:57:01,23.575,17.171,
2026-02-14 18:02:01,,,
2026-02-14 18:03:01,,,
2026-02-14 18:04:01,,,
2026-02-14 18:10:01,,,
2026-02-14 18:11:01,,,
2026-02-14 18:15:01,,,
2026-02-14 18:16:01,,,
2026-02-14 18:26:01,,,16.576
2026-02-14 18:27:01,22.45,17.422,
2026-02-14 18:32:01,,,
2026-02-14 18:33:01,,,
2026-02-14 18:34:01,,,
2026-02-14 18:40:01,,,
2026-02-14 18:41:01,,,
2026-02-14 18:45:01,,,
2026-02-14 18:46:01,,,
2026-02-14 18:56:01,,,16.639
2026-02-14 18:57:01,21.824,17.61,
2026-02-14 19:02:01,,,
2026-02-14 19:03:01,,,
2026-02-14 19:04:01,,,
2026-02-14 19:10:01,,,
2026-02-14 19:11:01,,,
2026-02-14 19:15:01,,,
2026-02-14 19:16:01,,,
2026-02-14 19:26:01,,,16.702
2026-02-14 19:27:01,20.948,17.798,
2026-02-14 19:32:01,,,
2026-02-14 19:33:01,,,
2026-02-14 19:34:01,,,
2026-02-14 19:40:01,,,
2026-02-14 19:41:01,,,
2026-02-14 19:45:01,,,
2026-02-14 19:46:01,,,
2026-02-14 19:56:01,,,16.764
2026-02-14 19:57:01,20.26,17.923,
2026-02-14 20:02:01,,,
2026-02-14 20:03:01,,,
2026-02-14 20:04:01,,,
2026-02-14 20:10:01,,,
2026-02-14 20:11:01,,,
2026-02-14 20:15:01,,,
2026-02-14 20:16:01,,,
2026-02-14 20:26:01,,,16.827
2026-02-14 20:27:01,19.572,17.986,
2026-02-14 20:32:01,,,
2026-02-14 20:33:01,,,
2026-02-14 20:34:01,,,
2026-02-14 20:40:01,,,
2026-02-14 20:41:01,,,
2026-02-14 20:45:01,,,
2026-02-14 20:46:01,,,
2026-02-14 20:56:01,,,16.89
2026-02-14 20:57:01,19.259,17.986,
2026-02-14 21:02:01,,,
2026-02-14 21:03:01,,,
2026-02-14 21:04:01,,,
2026-02-14 21:10:01,,,
2026-02-14 21:11:01,,,
2026-02-14 21:15:01,,,
2026-02-14 21:16:01,,,
2026-02-14 21:26:01,,,16.952
2026-02-14 21:27:01,18.946,17.986,
2026-02-14 21:32:01,,,
2026-02-14 21:33:01,,,
2026-02-14 21:34:01,,,
2026-02-14 21:40:01,,,
2026-02-14 21:41:01,,,
2026-02-14 21:45:01,,,
2026-02-14 21:46:01,,,
2026-02-14 21:56:01,,,16.952
2026-02-14 21:57:01,18.508,17.923,
2026-02-14 22:02:01,,,
2026-02-14 22:03:01,,,
2026-02-14 22:04:01,,,
2026-02-14 22:10:01,,,
2026-02-14 22:11:01,,,
2026-02-14 22:15:01,,,
2026-02-14 22:16:01,,,
2026-02-14 22:26:01,,,17.015
2026-02-14 22:27:01,17.819,17.86,
2026-02-14 22:32:01,,,
2026-02-14 22:33:01,,,
2026-02-14 22:34:01,,,
2026-02-14 22:40:01,,,
2026-02-14 22:41:01,,,
2026-02-14 22:45:01,,,
2026-02-14 22:46:01,,,
2026-02-14 22:56:01,,,17.015
2026-02-14 22:57:01,16.629,17.735,
2026-02-14 23:02:01,,,
2026-02-14 23:03:01,,,
2026-02-14 23:04:01,,,
2026-02-14 23:10:01,,,
2026-02-14 23:11:01,,,
2026-02-14 23:15:01,,,
2026-02-14 23:16:01,,,
2026-02-14 23:26:01,,,17.015
2026-02-14 23:27:01,15.627,17.61,
2026-02-14 23:32:01,,,
2026-02-14 23:33:01,,,
2026-02-14 23:34:01,,,
2026-02-14 23:40:01,,,
2026-02-14 23:41:01,,,
2026-02-14 23:45:01,,,
2026-02-14 23:46:01,,,
2026-02-14 23:56:01,,,17.015
2026-02-14 23:57:01,14.876,17.484,
2026-02-15 00:02:01,,,
2026-02-15 00:03:01,,,
2026-02-15 00:04:01,,,
2026-02-15 00:10:01,,,
2026-02-15 00:11:01,,,
2026-02-15 00:15:01,,,
2026-02-15 00:16:01,,,
2026-02-15 00:26:01,,,17.015
2026-02-15 00:27:01,14.374,17.359,
2026-02-15 00:32:01,,,
2026-02-15 00:33:01,,,
2026-02-15 00:34:01,,,
2026-02-15 00:40:01,,,
2026-02-15 00:41:01,,,
2026-02-15 00:45:01,,,
2026-02-15 00:46:01,,,
2026-02-15 00:56:01,,,17.015
2026-02-15 00:57:01,13.936,17.297,
2026-02-15 01:02:01,,,
2026-02-15 01:03:01,,,
2026-02-15 01:04:01,,,
2026-02-15 01:10:01,,,
2026-02-15 01:11:01,,,
2026-02-15 01:15:01,,,
2026-02-15 01:16:01,,,
2026-02-15 01:26:01,,,17.015
2026-02-15 01:27:01,13.497,17.171,
2026-02-15 01:32:01,,,
2026-02-15 01:33:01,,,
2026-02-15 01:34:01,,,
2026-02-15 01:40:01,,,
2026-02-15 01:41:01,,,
2026-02-15 01:45:01,,,
2026-02-15 01:46:01,,,
2026-02-15 01:56:01,,,16.952
2026-02-15 01:57:01,13.435,17.046,
2026-02-15 02:02:01,,,
2026-02-15 02:03:01,,,
2026-02-15 02:04:01,,,
2026-02-15 02:10:01,,,
2026-02-15 02:11:01,,,
2026-02-15 02:15:01,,,
2026-02-15 02:16:01,,,
2026-02-15 02:26:01,,,16.952
2026-02-15 02:27:01,13.999,16.921,
2026-02-15 02:32:01,,,
2026-02-15 02:33:01,,,
2026-02-15 02:34:01,,,
2026-02-15 02:40:01,,,
2026-02-15 02:41:01,,,
2026-02-15 02:45:01,,,
2026-02-15 02:46:01,,,
2026-02-15 02:56:01,,,16.89
2026-02-15 02:57:01,13.56,16.795,
2026-02-15 03:02:01,,,
2026-02-15 03:03:01,,,
2026-02-15 03:04:01,,,
2026-02-15 03:10:01,,,
2026-02-15 03:11:01,,,
2026-02-15 03:15:01,,,
2026-02-15 03:16:01,,,
2026-02-15 03:26:01,,,16.89
2026-02-15 03:27:01,13.121,16.733,
2026-02-15 03:32:01,,,
2026-02-15 03:33:01,,,
2026-02-15 03:34:01,,,
2026-02-15 03:40:01,,,
2026-02-15 03:41:01,,,
2026-02-15 03:45:01,,,
2026-02-15 03:46:01,,,
2026-02-15 03:56:01,,,16.89
2026-02-15 03:57:01,12.683,16.607,
2026-02-15 04:02:01,,,
2026-02-15 04:03:01,,,
2026-02-15 04:04:01,,,
2026-02-15 04:10:01,,,
2026-02-15 04:11:01,,,
2026-02-15 04:15:01,,,
2026-02-15 04:16:01,,,
2026-02-15 04:26:01,,,16.827
2026-02-15 04:27:01,12.745,16.482,
2026-02-15 04:32:01,,,
2026-02-15 04:33:01,,,
2026-02-15 04:34:01,,,
2026-02-15 04:40:01,,,
2026-02-15 04:41:01,,,
2026-02-15 04:45:01,,,
2026-02-15 04:46:01,,,
2026-02-15 04:56:01,,,16.827
2026-02-15 04:57:01,13.309,16.419,
2026-02-15 05:02:01,,,
2026-02-15 05:03:01,,,
2026-02-15 05:04:01,,,
2026-02-15 05:10:01,,,
2026-02-15 05:11:01,,,
2026-02-15 05:15:01,,,
2026-02-15 05:16:01,,,
2026-02-15 05:26:01,,,16.764
2026-02-15 05:27:01,13.247,16.294,
2026-02-15 05:32:01,,,
2026-02-15 05:33:01,,,
2026-02-15 05:34:01,,,
2026-02-15 05:40:01,,,
2026-02-15 05:41:01,,,
2026-02-15 05:45:01,,,
2026-02-15 05:46:01,,,
2026-02-15 05:56:01,,,16.764
2026-02-15 05:57:01,13.059,16.169,
2026-02-15 06:02:01,,,
2026-02-15 06:03:01,,,
2026-02-15 06:04:01,,,
2026-02-15 06:10:01,,,
2026-02-15 06:11:01,,,
2026-02-15 06:15:01,,,
2026-02-15 06:16:01,,,
2026-02-15 06:26:01,,,16.702
2026-02-15 06:27:01,13.309,16.106,
2026-02-15 06:32:01,,,
2026-02-15 06:33:01,,,
2026-02-15 06:34:01,,,
2026-02-15 06:40:01,,,
2026-02-15 06:41:01,,,
2026-02-15 06:45:01,,,
2026-02-15 06:46:01,,,
2026-02-15 06:56:01,,,16.702
2026-02-15 06:57:01,13.247,15.981,
2026-02-15 07:02:01,,,
2026-02-15 07:03:01,,,
2026-02-15 07:04:01,,,
2026-02-15 07:10:01,,,
2026-02-15 07:11:01,,,
2026-02-15 07:15:01,,,
2026-02-15 07:16:01,,,
2026-02-15 07:26:01,,,16.702
2026-02-15 07:27:01,13.184,15.918,
2026-02-15 07:32:01,,,
2026-02-15 07:33:01,,,
2026-02-15 07:34:01,,,
2026-02-15 07:40:01,,,
2026-02-15 07:41:01,,,
2026-02-15 07:45:01,,,
2026-02-15 07:46:01,,,
2026-02-15 07:56:01,,,16.639
2026-02-15 07:57:01,13.247,15.793,
2026-02-15 08:02:01,,,
2026-02-15 08:03:01,,,
2026-02-15 08:04:01,,,
2026-02-15 08:10:01,,,
2026-02-15 08:11:01,,,
2026-02-15 08:15:01,,,
2026-02-15 08:16:01,,,
2026-02-15 08:26:01,,,16.639
2026-02-15 08:27:01,13.247,15.73,
2026-02-15 08:32:01,,,
2026-02-15 08:33:01,,,
2026-02-15 08:34:01,,,
2026-02-15 08:40:01,,,
2026-02-15 08:41:01,,,
2026-02-15 08:45:01,,,
2026-02-15 08:46:01,,,
2026-02-15 08:56:01,,,16.576
2026-02-15 08:57:01,13.184,15.605,
2026-02-15 09:02:01,,,
2026-02-15 09:03:01,,,
2026-02-15 09:04:01,,,
2026-02-15 09:10:01,,,
2026-02-15 09:11:01,,,
2026-02-15 09:15:01,,,
2026-02-15 09:16:01,,,
2026-02-15 09:26:01,,,16.576
2026-02-15 09:27:01,13.497,15.542,
2026-02-15 09:32:01,,,
2026-02-15 09:33:01,,,
2026-02-15 09:34:01,,,
2026-02-15 09:40:01,,,
2026-02-15 09:41:01,,,
2026-02-15 09:45:01,,,
2026-02-15 09:46:01,,,
2026-02-15 09:56:01,,,16.513
2026-02-15 09:57:01,14.876,15.417,
2026-02-15 10:02:01,,,
2026-02-15 10:03:01,,,
2026-02-15 10:04:01,,,
2026-02-15 10:10:01,,,
2026-02-15 10:11:01,,,
2026-02-15 10:15:01,,,
2026-02-15 10:16:01,,,
2026-02-15 10:26:01,,,16.513
2026-02-15 10:27:01,16.316,15.354,
2026-02-15 10:32:01,,,
2026-02-15 10:33:01,,,
2026-02-15 10:34:01,,,
2026-02-15 10:40:01,,,
2026-02-15 10:41:01,,,
2026-02-15 10:45:01,,,
2026-02-15 10:46:01,,,
2026-02-15 10:56:01,,,16.451
2026-02-15 10:57:01,17.756,15.291,
2026-02-15 11:02:01,,,
2026-02-15 11:03:01,,,
2026-02-15 11:04:01,,,
2026-02-15 11:10:01,,,
2026-02-15 11:11:01,,,
2026-02-15 11:15:01,,,
2026-02-15 11:16:01,,,
2026-02-15 11:26:01,,,16.451
2026-02-15 11:27:01,19.134,15.229,
2026-02-15 11:32:01,,,
2026-02-15 11:33:01,,,
2026-02-15 11:34:01,,,
2026-02-15 11:40:01,,,
2026-02-15 11:41:01,,,
2026-02-15 11:45:01,,,
2026-02-15 11:46:01,,,
2026-02-15 11:56:01,,,16.388
2026-02-15 11:57:01,20.51,15.166,
2026-02-15 12:02:01,,,
2026-02-15 12:03:01,,,
2026-02-15 12:04:01,,,
2026-02-15 12:10:01,,,
2026-02-15 12:11:01,,,
2026-02-15 12:15:01,,,
2026-02-15 12:16:01,,,
2026-02-15 12:26:01,,,16.388
2026-02-15 12:27:01,22.074,15.166,
2026-02-15 12:32:01,,,
2026-02-15 12:33:01,,,
2026-02-15 12:34:01,,,
2026-02-15 12:40:01,,,
2026-02-15 12:41:01,,,
2026-02-15 12:45:01,,,
2026-02-15 12:46:01,,,
2026-02-15 12:56:01,,,16.388
2026-02-15 12:57:01,23.826,15.166,
2026-02-15 13:02:01,,,
2026-02-15 13:03:01,,,
2026-02-15 13:04:01,,,
2026-02-15 13:10:01,,,
2026-02-15 13:11:01,,,
2026-02-15 13:15:01,,,
2026-02-15 13:16:01,,,
2026-02-15 13:26:01,,,16.388
2026-02-15 13:27:01,24.888,15.229,
2026-02-15 13:32:01,,,
2026-02-15 13:33:01,,,
2026-02-15 13:34:01,,,
2026-02-15 13:40:01,,,
2026-02-15 13:41:01,,,
2026-02-15 13:45:01,,,
2026-02-15 13:46:01,,,
2026-02-15 13:56:01,,,16.325
2026-02-15 13:57:01,26.951,15.291,
2026-02-15 14:02:01,,,
2026-02-15 14:03:01,,,
2026-02-15 14:04:01,,,
2026-02-15 14:10:01,,,
2026-02-15 14:11:01,,,
2026-02-15 14:15:01,,,
2026-02-15 14:16:01,,,
2026-02-15 14:26:01,,,16.325
2026-02-15 14:27:01,29.45,15.417,
2026-02-15 14:32:01,,,
2026-02-15 14:33:01,,,
2026-02-15 14:34:01,,,
2026-02-15 14:40:01,,,
2026-02-15 14:41:01,,,
2026-02-15 14:45:01,,,
2026-02-15 14:46:01,,,
2026-02-15 14:56:01,,,16.325
2026-02-15 14:57:01,28.076,15.605,
2026-02-15 15:02:01,,,
2026-02-15 15:03:01,,,
2026-02-15 15:04:01,,,
2026-02-15 15:10:01,,,
2026-02-15 15:11:01,,,
2026-02-15 15:15:01,,,
2026-02-15 15:16:01,,,
2026-02-15 15:26:01,,,16.325
2026-02-15 15:27:01,27.139,15.793,
2026-02-15 15:32:01,,,
2026-02-15 15:33:01,,,
2026-02-15 15:34:01,,,
2026-02-15 15:40:01,,,
2026-02-15 15:41:01,,,
2026-02-15 15:45:01,,,
2026-02-15 15:46:01,,,
2026-02-15 15:56:01,,,16.325
2026-02-15 15:57:01,26.764,16.043,
2026-02-15 16:02:01,,,
2026-02-15 16:03:01,,,
2026-02-15 16:04:01,,,
2026-02-15 16:10:01,,,
2026-02-15 16:11:01,,,
2026-02-15 16:15:01,,,
2026-02-15 16:16:01,,,
2026-02-15 16:26:01,,,16.388
2026-02-15 16:27:01,26.264,16.294,
2026-02-15 16:32:01,,,
2026-02-15 16:33:01,,,
2026-02-15 16:34:01,,,
2026-02-15 16:40:01,,,
2026-02-15 16:41:01,,,
2026-02-15 16:45:01,,,
2026-02-15 16:46:01,,,
2026-02-15 16:56:01,,,16.388
2026-02-15 16:57:01,25.576,16.545,
2026-02-15 17:02:01,,,
2026-02-15 17:03:01,,,
2026-02-15 17:04:01,,,
2026-02-15 17:10:01,,,
2026-02-15 17:11:01,,,
2026-02-15 17:15:01,,,
2026-02-15 17:16:01,,,
2026-02-15 17:26:01,,,16.451
2026-02-15 17:27:01,24.638,16.858,
2026-02-15 17:32:01,,,
2026-02-15 17:33:01,,,
2026-02-15 17:34:01,,,
2026-02-15 17:40:01,,,
2026-02-15 17:41:01,,,
2026-02-15 17:45:01,,,
2026-02-15 17:46:01,,,
2026-02-15 17:56:01,,,16.513
2026-02-15 17:57:01,23.45,17.109,
2026-02-15 18:02:01,,,
2026-02-15 18:03:01,,,
2026-02-15 18:04:01,,,
2026-02-15 18:10:01,,,
2026-02-15 18:11:01,,,
2026-02-15 18:15:01,,,
2026-02-15 18:16:01,,,
2026-02-15 18:26:01,,,16.576
2026-02-15 18:27:01,22.512,17.297,
2026-02-15 18:32:01,,,
2026-02-15 18:33:01,,,
2026-02-15 18:34:01,,,
2026-02-15 18:40:01,,,
2026-02-15 18:41:01,,,
2026-02-15 18:45:01,,,
2026-02-15 18:46:01,,,
2026-02-15 18:56:01,,,16.639
2026-02-15 18:57:01,21.762,17.547,
2026-02-15 19:02:01,,,
2026-02-15 19:03:01,,,
2026-02-15 19:04:01,,,
2026-02-15 19:10:01,,,
2026-02-15 19:11:01,,,
2026-02-15 19:15:01,,,
2026-02-15 19:16:01,,,
2026-02-15 19:26:01,,,16.702
2026-02-15 19:27:01,21.011,17.672,
2026-02-15 19:32:01,,,
2026-02-15 19:33:01,,,
2026-02-15 19:34:01,,,
2026-02-15 19:40:01,,,
2026-02-15 19:41:01,,,
2026-02-15 19:45:01,,,
2026-02-15 19:46:01,,,
2026-02-15 19:56:01,,,16.764
2026-02-15 19:57:01,19.947,17.798,
2026-02-15 20:02:01,,,
2026-02-15 20:03:01,,,
2026-02-15 20:04:01,,,
2026-02-15 20:10:01,,,
2026-02-15 20:11:01,,,
2026-02-15 20:15:01,,,
2026-02-15 20:16:01,,,
2026-02-15 20:26:01,,,16.827
2026-02-15 20:27:01,18.821,17.86,
2026-02-15 20:32:01,,,
2026-02-15 20:33:01,,,
2026-02-15 20:34:01,,,
2026-02-15 20:40:01,,,
2026-02-15 20:41:01,,,
2026-02-15 20:45:01,,,
2026-02-15 20:46:01,,,
2026-02-15 20:56:01,,,16.89
2026-02-15 20:57:01,18.821,17.86,
2026-02-15 21:02:01,,,
2026-02-15 21:03:01,,,
2026-02-15 21:04:01,,,
2026-02-15 21:10:01,,,
2026-02-15 21:11:01,,,
2026-02-15 21:15:01,,,
2026-02-15 21:16:01,,,
2026-02-15 21:26:01,,,16.952
2026-02-15 21:27:01,18.508,17.86,
2026-02-15 21:32:01,,,
2026-02-15 21:33:01,,,
2026-02-15 21:34:01,,,
2026-02-15 21:40:01,,,
2026-02-15 21:41:01,,,
2026-02-15 21:45:01,,,
2026-02-15 21:46:01,,,
2026-02-15 21:56:01,,,16.952
2026-02-15 21:57:01,17.819,17.798,
2026-02-15 22:02:01,,,
2026-02-15 22:03:01,,,
2026-02-15 22:04:01,,,
2026-02-15 22:10:01,,,
2026-02-15 22:11:01,,,
2026-02-15 22:15:01,,,
2026-02-15 22:16:01,,,
2026-02-15 22:26:01,,,17.015
2026-02-15 22:27:01,16.567,17.735,
2026-02-15 22:32:01,,,
2026-02-15 22:33:01,,,
2026-02-15 22:34:01,,,
2026-02-15 22:40:01,,,
2026-02-15 22:41:01,,,
2026-02-15 22:45:01,,,
2026-02-15 22:46:01,,,
2026-02-15 22:56:01,,,17.015
2026-02-15 22:57:01,15.377,17.61,
2026-02-15 23:02:01,,,
2026-02-15 23:03:01,,,
2026-02-15 23:04:01,,,
2026-02-15 23:10:01,,,
2026-02-15 23:11:01,,,
2026-02-15 23:15:01,,,
2026-02-15 23:16:01,,,
2026-02-15 23:26:01,,,17.015
2026-02-15 23:27:01,14.562,17.484,
2026-02-15 23:32:01,,,
2026-02-15 23:33:01,,,
2026-02-15 23:34:01,,,
2026-02-15 23:40:01,,,
2026-02-15 23:41:01,,,
2026-02-15 23:45:01,,,
2026-02-15 23:46:01,,,
2026-02-15 23:56:01,,,17.015
2026-02-15 23:57:01,13.873,17.359,
2026-02-16 00:02:01,,,
2026-02-16 00:03:01,,,
2026-02-16 00:04:01,,,
2026-02-16 00:10:01,,,
2026-02-16 00:11:01,,,
2026-02-16 00:15:01,,,
2026-02-16 00:16:01,,,
2026-02-16 00:26:01,,,17.015
2026-02-16 00:27:01,13.309,17.234,
2026-02-16 00:32:01,,,
2026-02-16 00:33:01,,,
2026-02-16 00:34:01,,,
2026-02-16 00:40:01,,,
2026-02-16 00:41:01,,,
2026-02-16 00:45:01,,,
2026-02-16 00:46:01,,,
2026-02-16 00:56:01,,,16.952
2026-02-16 00:57:01,12.933,17.109,
2026-02-16 01:02:01,,,
2026-02-16 01:03:01,,,
2026-02-16 01:04:01,,,
2026-02-16 01:10:01,,,
2026-02-16 01:11:01,,,
2026-02-16 01:15:01,,,
2026-02-16 01:16:01,,,
2026-02-16 01:26:01,,,16.952
2026-02-16 01:27:01,12.557,16.983,
2026-02-16 01:32:01,,,
2026-02-16 01:33:01,,,
2026-02-16 01:34:01,,,
2026-02-16 01:40:01,,,
2026-02-16 01:41:01,,,
2026-02-16 01:45:01,,,
2026-02-16 01:46:01,,,
2026-02-16 01:56:01,,,16.89
2026-02-16 01:57:01,12.62,16.858,
2026-02-16 02:02:01,,,
2026-02-16 02:03:01,,,
2026-02-16 02:04:01,,,
2026-02-16 02:10:01,,,
2026-02-16 02:11:01,,,
2026-02-16 02:15:01,,,
2026-02-16 02:16:01,,,
2026-02-16 02:26:01,,,16.827
2026-02-16 02:27:01,12.244,16.733,
2026-02-16 02:32:01,,,
2026-02-16 02:33:01,,,
2026-02-16 02:34:01,,,
2026-02-16 02:40:01,,,
2026-02-16 02:41:01,,,
2026-02-16 02:45:01,,,
2026-02-16 02:46:01,,,
2026-02-16 02:56:01,,,16.827
2026-02-16 02:57:01,11.868,16.607,
2026-02-16 03:02:01,,,
2026-02-16 03:03:01,,,
2026-02-16 03:04:01,,,
2026-02-16 03:10:01,,,
2026-02-16 03:11:01,,,
2026-02-16 03:15:01,,,
2026-02-16 03:16:01,,,
2026-02-16 03:26:01,,,16.764
2026-02-16 03:27:01,11.743,16.482,
2026-02-16 03:32:01,,,
2026-02-16 03:33:01,,,
2026-02-16 03:34:01,,,
2026-02-16 03:40:01,,,
2026-02-16 03:41:01,,,
2026-02-16 03:45:01,,,
2026-02-16 03:46:01,,,
2026-02-16 03:56:01,,,16.764
2026-02-16 03:57:01,12.369,16.357,
2026-02-16 04:02:01,,,
2026-02-16 04:03:01,,,
2026-02-16 04:04:01,,,
2026-02-16 04:10:01,,,
2026-02-16 04:11:01,,,
2026-02-16 04:15:01,,,
2026-02-16 04:16:01,,,
2026-02-16 04:26:01,,,16.702
2026-02-16 04:27:01,13.059,16.294,
2026-02-16 04:32:01,,,
2026-02-16 04:33:01,,,
2026-02-16 04:34:01,,,
2026-02-16 04:40:01,,,
2026-02-16 04:41:01,,,
2026-02-16 04:45:01,,,
2026-02-16 04:46:01,,,
2026-02-16 04:56:01,,,16.639
2026-02-16 04:57:01,13.56,16.169,
2026-02-16 05:02:01,,,
2026-02-16 05:03:01,,,
2026-02-16 05:04:01,,,
2026-02-16 05:10:01,,,
2026-02-16 05:11:01,,,
2026-02-16 05:15:01,,,
2026-02-16 05:16:01,,,
2026-02-16 05:26:01,,,16.639
2026-02-16 05:27:01,13.497,16.043,
2026-02-16 05:32:01,,,
2026-02-16 05:33:01,,,
2026-02-16 05:34:01,,,
2026-02-16 05:40:01,,,
2026-02-16 05:41:01,,,
2026-02-16 05:45:01,,,
2026-02-16 05:46:01,,,
2026-02-16 05:56:01,,,16.576
2026-02-16 05:57:01,13.623,15.918,
2026-02-16 06:02:01,,,
2026-02-16 06:03:01,,,
2026-02-16 06:04:01,,,
2026-02-16 06:10:01,,,
2026-02-16 06:11:01,,,
2026-02-16 06:15:01,,,
2026-02-16 06:16:01,,,
2026-02-16 06:26:01,,,16.576
2026-02-16 06:27:01,13.56,15.793,
2026-02-16 06:32:01,,,
2026-02-16 06:33:01,,,
2026-02-16 06:34:01,,,
2026-02-16 06:40:01,,,
2026-02-16 06:41:01,,,
2026-02-16 06:45:01,,,
2026-02-16 06:46:01,,,
2026-02-16 06:56:01,,,16.513
2026-02-16 06:57:01,12.996,15.73,
2026-02-16 07:02:01,,,
2026-02-16 07:03:01,,,
2026-02-16 07:04:01,,,
2026-02-16 07:10:01,,,
2026-02-16 07:11:01,,,
2026-02-16 07:15:01,,,
2026-02-16 07:16:01,,,
2026-02-16 07:26:01,,,16.513
2026-02-16 07:27:01,12.808,15.605,
2026-02-16 07:32:01,,,
2026-02-16 07:33:01,,,
2026-02-16 07:34:01,,,
2026-02-16 07:40:01,,,
2026-02-16 07:41:01,,,
2026-02-16 07:45:01,,,
2026-02-16 07:46:01,,,
2026-02-16 07:56:01,,,16.451
2026-02-16 07:57:01,12.62,15.479,
2026-02-16 08:02:01,,,
2026-02-16 08:03:01,,,
2026-02-16 08:04:01,,,
2026-02-16 08:10:01,,,
2026-02-16 08:11:01,,,
2026-02-16 08:15:01,,,
2026-02-16 08:16:01,,,
2026-02-16 08:26:01,,,16.388
2026-02-16 08:27:01,12.181,15.354,
2026-02-16 08:32:01,,,
2026-02-16 08:33:01,,,
2026-02-16 08:34:01,,,
2026-02-16 08:40:01,,,
2026-02-16 08:41:01,,,
2026-02-16 08:45:01,,,
2026-02-16 08:46:01,,,
2026-02-16 08:56:01,,,16.388
2026-02-16 08:57:01,12.244,15.291,
2026-02-16 09:02:01,,,
2026-02-16 09:03:01,,,
2026-02-16 09:04:01,,,
2026-02-16 09:10:01,,,
2026-02-16 09:11:01,,,
2026-02-16 09:15:01,,,
2026-02-16 09:16:01,,,
2026-02-16 09:26:01,,,16.325
2026-02-16 09:27:01,13.435,15.166,
2026-02-16 09:32:01,,,
2026-02-16 09:33:01,,,
2026-02-16 09:34:01,,,
2026-02-16 09:40:01,,,
2026-02-16 09:41:01,,,
2026-02-16 09:45:01,,,
2026-02-16 09:46:01,,,
2026-02-16 09:56:01,,,16.263
2026-02-16 09:57:01,14.876,15.103,
2026-02-16 10:02:01,,,
2026-02-16 10:03:01,,,
2026-02-16 10:04:01,,,
2026-02-16 10:10:01,,,
2026-02-16 10:11:01,,,
2026-02-16 10:15:01,,,
2026-02-16 10:16:01,,,
2026-02-16 10:26:01,,,16.263
2026-02-16 10:27:01,16.128,14.978,
2026-02-16 10:32:01,,,
2026-02-16 10:33:01,,,
2026-02-16 10:34:01,,,
2026-02-16 10:40:01,,,
2026-02-16 10:41:01,,,
2026-02-16 10:45:01,,,
2026-02-16 10:46:01,,,
2026-02-16 10:56:01,,,16.2
2026-02-16 10:57:01,17.756,14.915,
2026-02-16 11:02:01,,,
2026-02-16 11:03:01,,,
2026-02-16 11:04:01,,,
2026-02-16 11:10:01,,,
2026-02-16 11:11:01,,,
2026-02-16 11:15:01,,,
2026-02-16 11:16:01,,,
2026-02-16 11:26:01,,,16.2
2026-02-16 11:27:01,19.447,14.853,
2026-02-16 11:32:01,,,
2026-02-16 11:33:01,,,
2026-02-16 11:34:01,,,
2026-02-16 11:40:01,,,
2026-02-16 11:41:01,,,
2026-02-16 11:45:01,,,
2026-02-16 11:46:01,,,
2026-02-16 11:56:01,,,16.137
2026-02-16 11:57:01,20.948,14.853,
2026-02-16 12:02:01,,,
2026-02-16 12:03:01,,,
2026-02-16 12:04:01,,,
2026-02-16 12:10:01,,,
2026-02-16 12:11:01,,,
2026-02-16 12:15:01,,,
2026-02-16 12:16:01,,,
2026-02-16 12:26:01,,,16.137
2026-02-16 12:27:01,22.387,14.79,
2026-02-16 12:32:01,,,
2026-02-16 12:33:01,,,
2026-02-16 12:34:01,,,
2026-02-16 12:40:01,,,
2026-02-16 12:41:01,,,
2026-02-16 12:45:01,,,
2026-02-16 12:46:01,,,
2026-02-16 12:56:01,,,16.075
2026-02-16 12:57:01,24.451,14.853,
2026-02-16 13:02:01,,,
2026-02-16 13:03:01,,,
2026-02-16 13:04:01,,,
2026-02-16 13:10:01,,,
2026-02-16 13:11:01,,,
2026-02-16 13:15:01,,,
2026-02-16 13:16:01,,,
2026-02-16 13:26:01,,,16.075
2026-02-16 13:27:01,25.701,14.915,
2026-02-16 13:32:01,,,
2026-02-16 13:33:01,,,
2026-02-16 13:34:01,,,
2026-02-16 13:40:01,,,
2026-02-16 13:41:01,,,
2026-02-16 13:45:01,,,
2026-02-16 13:46:01,,,
2026-02-16 13:56:01,,,16.075
2026-02-16 13:57:01,27.389,14.978,
2026-02-16 14:02:01,,,
2026-02-16 14:03:01,,,
2026-02-16 14:04:01,,,
2026-02-16 14:10:01,,,
2026-02-16 14:11:01,,,
2026-02-16 14:15:01,,,
2026-02-16 14:16:01,,,
2026-02-16 14:26:01,,,16.075
2026-02-16 14:27:01,29.7,15.103,
2026-02-16 14:32:01,,,
2026-02-16 14:33:01,,,
2026-02-16 14:34:01,,,
2026-02-16 14:40:01,,,
2026-02-16 14:41:01,,,
2026-02-16 14:45:01,,,
2026-02-16 14:46:01,,,
2026-02-16 14:56:01,,,16.075
2026-02-16 14:57:01,28.138,15.291,
2026-02-16 15:02:01,,,
2026-02-16 15:03:01,,,
2026-02-16 15:04:01,,,
2026-02-16 15:10:01,,,
2026-02-16 15:11:01,,,
2026-02-16 15:15:01,,,
2026-02-16 15:16:01,,,
2026-02-16 15:26:01,,,16.075
2026-02-16 15:27:01,27.201,15.479,
2026-02-16 15:32:01,,,
2026-02-16 15:33:01,,,
2026-02-16 15:34:01,,,
2026-02-16 15:40:01,,,
2026-02-16 15:41:01,,,
2026-02-16 15:45:01,,,
2026-02-16 15:46:01,,,
2026-02-16 15:56:01,,,16.137
2026-02-16 15:57:01,27.014,15.667,
2026-02-16 16:02:01,,,
2026-02-16 16:03:01,,,
2026-02-16 16:04:01,,,
2026-02-16 16:10:01,,,
2026-02-16 16:11:01,,,
2026-02-16 16:15:01,,,
2026-02-16 16:16:01,,,
2026-02-16 16:26:01,,,16.137
2026-02-16 16:27:01,26.576,15.918,
2026-02-16 16:32:01,,,
2026-02-16 16:33:01,,,
2026-02-16 16:34:01,,,
2026-02-16 16:40:01,,,
2026-02-16 16:41:01,,,
2026-02-16 16:45:01,,,
2026-02-16 16:46:01,,,
2026-02-16 16:56:01,,,16.137
2026-02-16 16:57:01,25.639,16.231,
2026-02-16 17:02:01,,,
2026-02-16 17:03:01,,,
2026-02-16 17:04:01,,,
2026-02-16 17:10:01,,,
2026-02-16 17:11:01,,,
2026-02-16 17:15:01,,,
2026-02-16 17:16:01,,,
2026-02-16 17:26:01,,,16.2
2026-02-16 17:27:01,24.638,16.482,
2026-02-16 17:32:01,,,
2026-02-16 17:33:01,,,
2026-02-16 17:34:01,,,
2026-02-16 17:40:01,,,
2026-02-16 17:41:01,,,
2026-02-16 17:45:01,,,
2026-02-16 17:46:01,,,
2026-02-16 17:56:01,,,16.263
2026-02-16 17:57:01,23.513,16.67,
2026-02-16 18:02:01,,,
2026-02-16 18:03:01,,,
2026-02-16 18:04:01,,,
2026-02-16 18:10:01,,,
2026-02-16 18:11:01,,,
2026-02-16 18:15:01,,,
2026-02-16 18:16:01,,,
2026-02-16 18:26:01,,,16.325
2026-02-16 18:27:01,22.637,16.921,
2026-02-16 18:32:01,,,
2026-02-16 18:33:01,,,
2026-02-16 18:34:01,,,
2026-02-16 18:40:01,,,
2026-02-16 18:41:01,,,
2026-02-16 18:45:01,,,
2026-02-16 18:46:01,,,
2026-02-16 18:56:01,,,16.325
2026-02-16 18:57:01,21.699,17.109,
2026-02-16 19:02:01,,,
2026-02-16 19:03:01,,,
2026-02-16 19:04:01,,,
2026-02-16 19:10:01,,,
2026-02-16 19:11:01,,,
2026-02-16 19:15:01,,,
2026-02-16 19:16:01,,,
2026-02-16 19:26:01,,,16.388
2026-02-16 19:27:01,21.136,17.234,
2026-02-16 19:32:01,,,
2026-02-16 19:33:01,,,
2026-02-16 19:34:01,,,
2026-02-16 19:40:01,,,
2026-02-16 19:41:01,,,
2026-02-16 19:45:01,,,
2026-02-16 19:46:01,,,
2026-02-16 19:56:01,,,16.451
2026-02-16 19:57:01,19.885,17.297,
2026-02-16 20:02:01,,,
2026-02-16 20:03:01,,,
2026-02-16 20:04:01,,,
2026-02-16 20:10:01,,,
2026-02-16 20:11:01,,,
2026-02-16 20:15:01,,,
2026-02-16 20:16:01,,,
2026-02-16 20:26:01,,,16.513
2026-02-16 20:27:01,19.384,17.359,
2026-02-16 20:32:01,,,
2026-02-16 20:33:01,,,
2026-02-16 20:34:01,,,
2026-02-16 20:40:01,,,
2026-02-16 20:41:01,,,
2026-02-16 20:45:01,,,
2026-02-16 20:46:01,,,
2026-02-16 20:56:01,,,16.576
2026-02-16 20:57:01,19.071,17.422,
2026-02-16 21:02:01,,,
2026-02-16 21:03:01,,,
2026-02-16 21:04:01,,,
2026-02-16 21:10:01,,,
2026-02-16 21:11:01,,,
2026-02-16 21:15:01,,,
2026-02-16 21:16:01,,,
2026-02-16 21:26:01,,,16.639
2026-02-16 21:27:01,18.382,17.359,
2026-02-16 21:32:01,,,
2026-02-16 21:33:01,,,
2026-02-16 21:34:01,,,
2026-02-16 21:40:01,,,
2026-02-16 21:41:01,,,
2026-02-16 21:45:01,,,
2026-02-16 21:46:01,,,
2026-02-16 21:56:01,,,16.639
2026-02-16 21:57:01,17.631,17.359,
2026-02-16 22:02:01,,,
2026-02-16 22:03:01,,,
2026-02-16 22:04:01,,,
2026-02-16 22:10:01,,,
2026-02-16 22:11:01,,,
2026-02-16 22:15:01,,,
2026-02-16 22:16:01,,,
2026-02-16 22:26:01,,,16.702
2026-02-16 22:27:01,16.191,17.234,
2026-02-16 22:32:01,,,
2026-02-16 22:33:01,,,
2026-02-16 22:34:01,,,
2026-02-16 22:40:01,,,
2026-02-16 22:41:01,,,
2026-02-16 22:45:01,,,
2026-02-16 22:46:01,,,
2026-02-16 22:56:01,,,16.702
2026-02-16 22:57:01,14.938,17.171,
2026-02-16 23:02:01,,,
2026-02-16 23:03:01,,,
2026-02-16 23:04:01,,,
2026-02-16 23:10:01,,,
2026-02-16 23:11:01,,,
2026-02-16 23:15:01,,,
2026-02-16 23:16:01,,,
2026-02-16 23:26:01,,,16.702
2026-02-16 23:27:01,14.437,17.046,
2026-02-16 23:32:01,,,
2026-02-16 23:33:01,,,
2026-02-16 23:34:01,,,
2026-02-16 23:40:01,,,
2026-02-16 23:41:01,,,
2026-02-16 23:45:01,,,
2026-02-16 23:46:01,,,
2026-02-16 23:56:01,,,16.702
2026-02-16 23:57:01,14.876,16.921,
2026-02-17 00:02:01,,,
2026-02-17 00:03:01,,,
2026-02-17 00:04:01,,,
2026-02-17 00:10:01,,,
2026-02-17 00:11:01,,,
2026-02-17 00:15:01,,,
2026-02-17 00:16:01,,,
2026-02-17 00:26:01,,,16.702
2026-02-17 00:27:01,14.688,16.858,
2026-02-17 00:32:01,,,
2026-02-17 00:33:01,,,
2026-02-17 00:34:01,,,
2026-02-17 00:40:01,,,
2026-02-17 00:41:01,,,
2026-02-17 00:45:01,,,
2026-02-17 00:46:01,,,
2026-02-17 00:56:01,,,16.702
2026-02-17 00:57:01,14.562,16.733,
2026-02-17 01:02:01,,,
2026-02-17 01:03:01,,,
2026-02-17 01:04:01,,,
2026-02-17 01:10:01,,,
2026-02-17 01:11:01,,,
2026-02-17 01:15:01,,,
2026-02-17 01:16:01,,,
2026-02-17 01:26:01,,,16.639
2026-02-17 01:27:01,14.876,16.607,
2026-02-17 01:32:01,,,
2026-02-17 01:33:01,,,
2026-02-17 01:34:01,,,
2026-02-17 01:40:01,,,
2026-02-17 01:41:01,,,
2026-02-17 01:45:01,,,
2026-02-17 01:46:01,,,
2026-02-17 01:56:01,,,16.639
2026-02-17 01:57:01,14.75,16.482,
2026-02-17 02:02:01,,,
2026-02-17 02:03:01,,,
2026-02-17 02:04:01,,,
2026-02-17 02:10:01,,,
2026-02-17 02:11:01,,,
2026-02-17 02:15:01,,,
2026-02-17 02:16:01,,,
2026-02-17 02:26:01,,,16.576
2026-02-17 02:27:01,14.876,16.357,
2026-02-17 02:32:01,,,
2026-02-17 02:33:01,,,
2026-02-17 02:34:01,,,
2026-02-17 02:40:01,,,
2026-02-17 02:41:01,,,
2026-02-17 02:45:01,,,
2026-02-17 02:46:01,,,
2026-02-17 02:56:01,,,16.576
2026-02-17 02:57:01,15.064,16.294,
2026-02-17 03:02:01,,,
2026-02-17 03:03:01,,,
2026-02-17 03:04:01,,,
2026-02-17 03:10:01,,,
2026-02-17 03:11:01,,,
2026-02-17 03:15:01,,,
2026-02-17 03:16:01,,,
2026-02-17 03:26:01,,,16.513
2026-02-17 03:27:01,14.688,16.169,
2026-02-17 03:32:01,,,
2026-02-17 03:33:01,,,
2026-02-17 03:34:01,,,
2026-02-17 03:40:01,,,
2026-02-17 03:41:01,,,
2026-02-17 03:45:01,,,
2026-02-17 03:46:01,,,
2026-02-17 03:56:01,,,16.513
2026-02-17 03:57:01,14.249,16.043,
2026-02-17 04:02:01,,,
2026-02-17 04:03:01,,,
2026-02-17 04:04:01,,,
2026-02-17 04:10:01,,,
2026-02-17 04:11:01,,,
2026-02-17 04:15:01,,,
2026-02-17 04:16:01,,,
2026-02-17 04:26:01,,,16.451
2026-02-17 04:27:01,14.374,15.918,
2026-02-17 04:32:01,,,
2026-02-17 04:33:01,,,
2026-02-17 04:34:01,,,
2026-02-17 04:40:01,,,
2026-02-17 04:41:01,,,
2026-02-17 04:45:01,,,
2026-02-17 04:46:01,,,
2026-02-17 04:56:01,,,16.451
2026-02-17 04:57:01,13.999,15.793,
2026-02-17 05:02:01,,,
2026-02-17 05:03:01,,,
2026-02-17 05:04:01,,,
2026-02-17 05:10:01,,,
2026-02-17 05:11:01,,,
2026-02-17 05:15:01,,,
2026-02-17 05:16:01,,,
2026-02-17 05:26:01,,,16.388
2026-02-17 05:27:01,13.748,15.667,
2026-02-17 05:32:01,,,
2026-02-17 05:33:01,,,
2026-02-17 05:34:01,,,
2026-02-17 05:40:01,,,
2026-02-17 05:41:01,,,
2026-02-17 05:45:01,,,
2026-02-17 05:46:01,,,
2026-02-17 05:56:01,,,16.388
2026-02-17 05:57:01,13.623,15.605,
2026-02-17 06:02:01,,,
2026-02-17 06:03:01,,,
2026-02-17 06:04:01,,,
2026-02-17 06:10:01,,,
2026-02-17 06:11:01,,,
2026-02-17 06:15:01,,,
2026-02-17 06:16:01,,,
2026-02-17 06:26:01,,,16.325
2026-02-17 06:27:01,13.811,15.479,
2026-02-17 06:32:01,,,
2026-02-17 06:33:01,,,
2026-02-17 06:34:01,,,
2026-02-17 06:40:01,,,
2026-02-17 06:41:01,,,
2026-02-17 06:45:01,,,
2026-02-17 06:46:01,,,
2026-02-17 06:56:01,,,16.325
2026-02-17 06:57:01,13.623,15.354,
2026-02-17 07:02:01,,,
2026-02-17 07:03:01,,,
2026-02-17 07:04:01,,,
2026-02-17 07:10:01,,,
2026-02-17 07:11:01,,,
2026-02-17 07:15:01,,,
2026-02-17 07:16:01,,,
2026-02-17 07:26:01,,,16.263
2026-02-17 07:27:01,13.121,15.229,
2026-02-17 07:32:01,,,
2026-02-17 07:33:01,,,
2026-02-17 07:34:01,,,
2026-02-17 07:40:01,,,
2026-02-17 07:41:01,,,
2026-02-17 07:45:01,,,
2026-02-17 07:46:01,,,
2026-02-17 07:56:01,,,16.2
2026-02-17 07:57:01,13.121,15.103,
2026-02-17 08:02:01,,,
2026-02-17 08:03:01,,,
2026-02-17 08:04:01,,,
2026-02-17 08:10:01,,,
2026-02-17 08:11:01,,,
2026-02-17 08:15:01,,,
2026-02-17 08:16:01,,,
2026-02-17 08:26:01,,,16.2
2026-02-17 08:27:01,12.996,15.041,
2026-02-17 08:32:01,,,
2026-02-17 08:33:01,,,
2026-02-17 08:34:01,,,
2026-02-17 08:40:01,,,
2026-02-17 08:41:01,,,
2026-02-17 08:45:01,,,
2026-02-17 08:46:01,,,
2026-02-17 08:56:01,,,16.137
2026-02-17 08:57:01,12.808,14.915,
2026-02-17 09:02:01,,,
2026-02-17 09:03:01,,,
2026-02-17 09:04:01,,,
2026-02-17 09:10:01,,,
2026-02-17 09:11:01,,,
2026-02-17 09:15:01,,,
2026-02-17 09:16:01,,,
2026-02-17 09:26:01,,,16.137
2026-02-17 09:27:01,13.497,14.853,
2026-02-17 09:32:01,,,
2026-02-17 09:33:01,,,
2026-02-17 09:34:01,,,
2026-02-17 09:40:01,,,
2026-02-17 09:41:01,,,
2026-02-17 09:45:01,,,
2026-02-17 09:46:01,,,
2026-02-17 09:56:01,,,16.075
2026-02-17 09:57:01,15.064,14.727,
2026-02-17 10:02:01,,,
2026-02-17 10:03:01,,,
2026-02-17 10:04:01,,,
2026-02-17 10:10:01,,,
2026-02-17 10:11:01,,,
2026-02-17 10:15:01,,,
2026-02-17 10:16:01,,,
2026-02-17 10:26:01,,,16.012
2026-02-17 10:27:01,16.379,14.602,
2026-02-17 10:32:01,,,
2026-02-17 10:33:01,,,
2026-02-17 10:34:01,,,
2026-02-17 10:40:01,,,
2026-02-17 10:41:01,,,
2026-02-17 10:45:01,,,
2026-02-17 10:46:01,,,
2026-02-17 10:56:01,,,15.949
2026-02-17 10:57:01,17.882,14.539,
2026-02-17 11:02:01,,,
2026-02-17 11:03:01,,,
2026-02-17 11:04:01,,,
2026-02-17 11:10:01,,,
2026-02-17 11:11:01,,,
2026-02-17 11:15:01,,,
2026-02-17 11:16:01,,,
2026-02-17 11:26:01,,,15.949
2026-02-17 11:27:01,19.697,14.477,
2026-02-17 11:32:01,,,
2026-02-17 11:33:01,,,
2026-02-17 11:34:01,,,
2026-02-17 11:40:01,,,
2026-02-17 11:41:01,,,
2026-02-17 11:45:01,,,
2026-02-17 11:46:01,,,
2026-02-17 11:56:01,,,15.887
2026-02-17 11:57:01,21.199,14.414,
2026-02-17 12:02:01,,,
2026-02-17 12:03:01,,,
2026-02-17 12:04:01,,,
2026-02-17 12:10:01,,,
2026-02-17 12:11:01,,,
2026-02-17 12:15:01,,,
2026-02-17 12:16:01,,,
2026-02-17 12:26:01,,,15.824
2026-02-17 12:27:01,23.138,14.414,
2026-02-17 12:32:01,,,
2026-02-17 12:33:01,,,
2026-02-17 12:34:01,,,
2026-02-17 12:40:01,,,
2026-02-17 12:41:01,,,
2026-02-17 12:45:01,,,
2026-02-17 12:46:01,,,
2026-02-17 12:56:01,,,15.824
2026-02-17 12:57:01,24.888,14.414,
2026-02-17 13:02:01,,,
2026-02-17 13:03:01,,,
2026-02-17 13:04:01,,,
2026-02-17 13:10:01,,,
2026-02-17 13:11:01,,,
2026-02-17 13:15:01,,,
2026-02-17 13:16:01,,,
2026-02-17 13:26:01,,,15.824
2026-02-17 13:27:01,26.264,14.477,
2026-02-17 13:32:01,,,
2026-02-17 13:33:01,,,
2026-02-17 13:34:01,,,
2026-02-17 13:40:01,,,
2026-02-17 13:41:01,,,
2026-02-17 13:45:01,,,
2026-02-17 13:46:01,,,
2026-02-17 13:56:01,,,15.761
2026-02-17 13:57:01,28.013,14.539,
2026-02-17 14:02:01,,,
2026-02-17 14:03:01,,,
2026-02-17 14:04:01,,,
2026-02-17 14:10:01,,,
2026-02-17 14:11:01,,,
2026-02-17 14:15:01,,,
2026-02-17 14:16:01,,,
2026-02-17 14:26:01,,,15.761
2026-02-17 14:27:01,30.637,14.727,
2026-02-17 14:32:01,,,
2026-02-17 14:33:01,,,
2026-02-17 14:34:01,,,
2026-02-17 14:40:01,,,
2026-02-17 14:41:01,,,
2026-02-17 14:45:01,,,
2026-02-17 14:46:01,,,
2026-02-17 14:56:01,,,15.761
2026-02-17 14:57:01,29.075,14.915,
2026-02-17 15:02:01,,,
2026-02-17 15:03:01,,,
2026-02-17 15:04:01,,,
2026-02-17 15:10:01,,,
2026-02-17 15:11:01,,,
2026-02-17 15:15:01,,,
2026-02-17 15:16:01,,,
2026-02-17 15:26:01,,,15.761
2026-02-17 15:27:01,28.013,15.103,
2026-02-17 15:32:01,,,
2026-02-17 15:33:01,,,
2026-02-17 15:34:01,,,
2026-02-17 15:40:01,,,
2026-02-17 15:41:01,,,
2026-02-17 15:45:01,,,
2026-02-17 15:46:01,,,
2026-02-17 15:56:01,,,15.824
2026-02-17 15:57:01,27.701,15.354,
2026-02-17 16:02:01,,,
2026-02-17 16:03:01,,,
2026-02-17 16:04:01,,,
2026-02-17 16:10:01,,,
2026-02-17 16:11:01,,,
2026-02-17 16:15:01,,,
2026-02-17 16:16:01,,,
2026-02-17 16:26:01,,,15.824
2026-02-17 16:27:01,27.326,15.605,
2026-02-17 16:32:01,,,
2026-02-17 16:33:01,,,
2026-02-17 16:34:01,,,
2026-02-17 16:40:01,,,
2026-02-17 16:41:01,,,
2026-02-17 16:45:01,,,
2026-02-17 16:46:01,,,
2026-02-17 16:56:01,,,15.824
2026-02-17 16:57:01,26.389,15.918,
2026-02-17 17:02:01,,,
2026-02-17 17:03:01,,,
2026-02-17 17:04:01,,,
2026-02-17 17:10:01,,,
2026-02-17 17:11:01,,,
2026-02-17 17:15:01,,,
2026-02-17 17:16:01,,,
2026-02-17 17:26:01,,,15.887
2026-02-17 17:27:01,25.514,16.169,
2026-02-17 17:32:01,,,
2026-02-17 17:33:01,,,
2026-02-17 17:34:01,,,
2026-02-17 17:40:01,,,
2026-02-17 17:41:01,,,
2026-02-17 17:45:01,,,
2026-02-17 17:46:01,,,
2026-02-17 17:56:01,,,15.949
2026-02-17 17:57:01,24.326,16.482,
2026-02-17 18:02:01,,,
2026-02-17 18:03:01,,,
2026-02-17 18:04:01,,,
2026-02-17 18:10:01,,,
2026-02-17 18:11:01,,,
2026-02-17 18:15:01,,,
2026-02-17 18:16:01,,,
2026-02-17 18:26:01,,,16.012
2026-02-17 18:27:01,23.2,16.733,
2026-02-17 18:32:01,,,
2026-02-17 18:33:01,,,
2026-02-17 18:34:01,,,
2026-02-17 18:40:01,,,
2026-02-17 18:41:01,,,
2026-02-17 18:45:01,,,
2026-02-17 18:46:01,,,
2026-02-17 18:56:01,,,16.075
2026-02-17 18:57:01,22.637,16.921,
2026-02-17 19:02:01,,,
2026-02-17 19:03:01,,,
2026-02-17 19:04:01,,,
2026-02-17 19:10:01,,,
2026-02-17 19:11:01,,,
2026-02-17 19:15:01,,,
2026-02-17 19:16:01,,,
2026-02-17 19:26:01,,,16.137
2026-02-17 19:27:01,21.449,17.109,
2026-02-17 19:32:01,,,
2026-02-17 19:33:01,,,
2026-02-17 19:34:01,,,
2026-02-17 19:40:01,,,
2026-02-17 19:41:01,,,
2026-02-17 19:45:01,,,
2026-02-17 19:46:01,,,
2026-02-17 19:56:01,,,16.2
2026-02-17 19:57:01,20.26,17.234,
2026-02-17 20:02:01,,,
2026-02-17 20:03:01,,,
2026-02-17 20:04:01,,,
2026-02-17 20:10:01,,,
2026-02-17 20:11:01,,,
2026-02-17 20:15:01,,,
2026-02-17 20:16:01,,,
2026-02-17 20:26:01,,,16.263
2026-02-17 20:27:01,19.634,17.297,
2026-02-17 20:32:01,,,
2026-02-17 20:33:01,,,
2026-02-17 20:34:01,,,
2026-02-17 20:40:01,,,
2026-02-17 20:41:01,,,
2026-02-17 20:45:01,,,
2026-02-17 20:46:01,,,
2026-02-17 20:56:01,,,16.325
2026-02-17 20:57:01,19.134,17.297,
2026-02-17 21:02:01,,,
2026-02-17 21:03:01,,,
2026-02-17 21:04:01,,,
2026-02-17 21:10:01,,,
2026-02-17 21:11:01,,,
2026-02-17 21:15:01,,,
2026-02-17 21:16:01,,,
2026-02-17 21:26:01,,,16.388
2026-02-17 21:27:01,19.196,17.297,
2026-02-17 21:32:01,,,
2026-02-17 21:33:01,,,
2026-02-17 21:34:01,,,
2026-02-17 21:40:01,,,
2026-02-17 21:41:01,,,
2026-02-17 21:45:01,,,
2026-02-17 21:46:01,,,
2026-02-17 21:56:01,,,16.451
2026-02-17 21:57:01,18.57,17.297,
2026-02-17 22:02:01,,,
2026-02-17 22:03:01,,,
2026-02-17 22:04:01,,,
2026-02-17 22:10:01,,,
2026-02-17 22:11:01,,,
2026-02-17 22:15:01,,,
2026-02-17 22:16:01,,,
2026-02-17 22:26:01,,,16.451
2026-02-17 22:27:01,17.381,17.234,
2026-02-17 22:32:01,,,
2026-02-17 22:33:01,,,
2026-02-17 22:34:01,,,
2026-02-17 22:40:01,,,
2026-02-17 22:41:01,,,
2026-02-17 22:45:01,,,
2026-02-17 22:46:01,,,
2026-02-17 22:56:01,,,16.513
2026-02-17 22:57:01,16.066,17.171,
2026-02-17 23:02:01,,,
2026-02-17 23:03:01,,,
2026-02-17 23:04:01,,,
2026-02-17 23:10:01,,,
2026-02-17 23:11:01,,,
2026-02-17 23:15:01,,,
2026-02-17 23:16:01,,,
2026-02-17 23:26:01,,,16.513
2026-02-17 23:27:01,15.001,17.046,
2026-02-17 23:32:01,,,
2026-02-17 23:33:01,,,
2026-02-17 23:34:01,,,
2026-02-17 23:40:01,,,
2026-02-17 23:41:01,,,
2026-02-17 23:45:01,,,
2026-02-17 23:46:01,,,
2026-02-17 23:56:01,,,16.513
2026-02-17 23:57:01,14.249,16.983,
2026-02-18 00:02:01,,,
2026-02-18 00:03:01,,,
2026-02-18 00:04:01,,,
2026-02-18 00:10:01,,,
2026-02-18 00:11:01,,,
2026-02-18 00:15:01,,,
2026-02-18 00:16:01,,,
2026-02-18 00:26:01,,,16.513
2026-02-18 00:27:01,14.374,16.858,
2026-02-18 00:32:01,,,
2026-02-18 00:33:01,,,
2026-02-18 00:34:01,,,
2026-02-18 00:40:01,,,
2026-02-18 00:41:01,,,
2026-02-18 00:45:01,,,
2026-02-18 00:46:01,,,
2026-02-18 00:56:01,,,16.513
2026-02-18 00:57:01,14.437,16.733,
2026-02-18 01:02:01,,,
2026-02-18 01:03:01,,,
2026-02-18 01:04:01,,,
2026-02-18 01:10:01,,,
2026-02-18 01:11:01,,,
2026-02-18 01:15:01,,,
2026-02-18 01:16:01,,,
2026-02-18 01:26:01,,,16.513
2026-02-18 01:27:01,14.75,16.607,
2026-02-18 01:32:01,,,
2026-02-18 01:33:01,,,
2026-02-18 01:34:01,,,
2026-02-18 01:40:01,,,
2026-02-18 01:41:01,,,
2026-02-18 01:45:01,,,
2026-02-18 01:46:01,,,
2026-02-18 01:56:01,,,16.451
2026-02-18 01:57:01,15.001,16.482,
2026-02-18 02:02:01,,,
2026-02-18 02:03:01,,,
2026-02-18 02:04:01,,,
2026-02-18 02:10:01,,,
2026-02-18 02:11:01,,,
2026-02-18 02:15:01,,,
2026-02-18 02:16:01,,,
2026-02-18 02:26:01,,,16.451
2026-02-18 02:27:01,14.938,16.419,
2026-02-18 02:32:01,,,
2026-02-18 02:33:01,,,
2026-02-18 02:34:01,,,
2026-02-18 02:40:01,,,
2026-02-18 02:41:01,,,
2026-02-18 02:45:01,,,
2026-02-18 02:46:01,,,
2026-02-18 02:56:01,,,16.388
2026-02-18 02:57:01,14.5,16.294,
2026-02-18 03:02:01,,,
2026-02-18 03:03:01,,,
2026-02-18 03:04:01,,,
2026-02-18 03:10:01,,,
2026-02-18 03:11:01,,,
2026-02-18 03:15:01,,,
2026-02-18 03:16:01,,,
2026-02-18 03:26:01,,,16.388
2026-02-18 03:27:01,14.312,16.169,
2026-02-18 03:32:01,,,
2026-02-18 03:33:01,,,
2026-02-18 03:34:01,,,
2026-02-18 03:40:01,,,
2026-02-18 03:41:01,,,
2026-02-18 03:45:01,,,
2026-02-18 03:46:01,,,
2026-02-18 03:56:01,,,16.388
2026-02-18 03:57:01,14.187,16.106,
2026-02-18 04:02:01,,,
2026-02-18 04:03:01,,,
2026-02-18 04:04:01,,,
2026-02-18 04:10:01,,,
2026-02-18 04:11:01,,,
2026-02-18 04:15:01,,,
2026-02-18 04:16:01,,,
2026-02-18 04:26:01,,,16.325
2026-02-18 04:27:01,13.247,15.981,
2026-02-18 04:32:01,,,
2026-02-18 04:33:01,,,
2026-02-18 04:34:01,,,
2026-02-18 04:40:01,,,
2026-02-18 04:41:01,,,
2026-02-18 04:45:01,,,
2026-02-18 04:46:01,,,
2026-02-18 04:56:01,,,16.325
2026-02-18 04:57:01,13.372,15.855,
2026-02-18 05:02:01,,,
2026-02-18 05:03:01,,,
2026-02-18 05:04:01,,,
2026-02-18 05:10:01,,,
2026-02-18 05:11:01,,,
2026-02-18 05:15:01,,,
2026-02-18 05:16:01,,,
2026-02-18 05:26:01,,,16.263
2026-02-18 05:27:01,13.435,15.793,
2026-02-18 05:32:01,,,
2026-02-18 05:33:01,,,
2026-02-18 05:34:01,,,
2026-02-18 05:40:01,,,
2026-02-18 05:41:01,,,
2026-02-18 05:45:01,,,
2026-02-18 05:46:01,,,
2026-02-18 05:56:01,,,16.263
2026-02-18 05:57:01,13.811,15.667,
2026-02-18 06:02:01,,,
2026-02-18 06:03:01,,,
2026-02-18 06:04:01,,,
2026-02-18 06:10:01,,,
2026-02-18 06:11:01,,,
2026-02-18 06:15:01,,,
2026-02-18 06:16:01,,,
2026-02-18 06:26:01,,,16.2
2026-02-18 06:27:01,12.996,15.542,
2026-02-18 06:32:01,,,
2026-02-18 06:33:01,,,
2026-02-18 06:34:01,,,
2026-02-18 06:40:01,,,
2026-02-18 06:41:01,,,
2026-02-18 06:45:01,,,
2026-02-18 06:46:01,,,
2026-02-18 06:56:01,,,16.2
2026-02-18 06:57:01,12.933,15.479,
2026-02-18 07:02:01,,,
2026-02-18 07:03:01,,,
2026-02-18 07:04:01,,,
2026-02-18 07:10:01,,,
2026-02-18 07:11:01,,,
2026-02-18 07:15:01,,,
2026-02-18 07:16:01,,,
2026-02-18 07:26:01,,,16.2
2026-02-18 07:27:01,13.247,15.354,
2026-02-18 07:32:01,,,
2026-02-18 07:33:01,,,
2026-02-18 07:34:01,,,
2026-02-18 07:40:01,,,
2026-02-18 07:41:01,,,
2026-02-18 07:45:01,,,
2026-02-18 07:46:01,,,
2026-02-18 07:56:01,,,16.137
2026-02-18 07:57:01,13.435,15.229,
2026-02-18 08:02:01,,,
2026-02-18 08:03:01,,,
2026-02-18 08:04:01,,,
2026-02-18 08:10:01,,,
2026-02-18 08:11:01,,,
2026-02-18 08:15:01,,,
2026-02-18 08:16:01,,,
2026-02-18 08:26:01,,,16.137
2026-02-18 08:27:01,12.745,15.166,
2026-02-18 08:32:01,,,
2026-02-18 08:33:01,,,
2026-02-18 08:34:01,,,
2026-02-18 08:40:01,,,
2026-02-18 08:41:01,,,
2026-02-18 08:45:01,,,
2026-02-18 08:46:01,,,
2026-02-18 08:56:01,,,16.075
2026-02-18 08:57:01,12.745,15.041,
2026-02-18 09:02:01,,,
2026-02-18 09:03:01,,,
2026-02-18 09:04:01,,,
2026-02-18 09:10:01,,,
2026-02-18 09:11:01,,,
2026-02-18 09:15:01,,,
2026-02-18 09:16:01,,,
2026-02-18 09:26:01,,,16.075
2026-02-18 09:27:01,13.435,14.978,
2026-02-18 09:32:01,,,
2026-02-18 09:33:01,,,
2026-02-18 09:34:01,,,
2026-02-18 09:40:01,,,
2026-02-18 09:41:01,,,
2026-02-18 09:45:01,,,
2026-02-18 09:46:01,,,
2026-02-18 09:56:01,,,16.012
2026-02-18 09:57:01,14.813,14.853,
2026-02-18 10:02:01,,,
2026-02-18 10:03:01,,,
2026-02-18 10:04:01,,,
2026-02-18 10:10:01,,,
2026-02-18 10:11:01,,,
2026-02-18 10:15:01,,,
2026-02-18 10:16:01,,,
2026-02-18 10:26:01,,,16.012
2026-02-18 10:27:01,16.254,14.79,
2026-02-18 10:32:01,,,
2026-02-18 10:33:01,,,
2026-02-18 10:34:01,,,
2026-02-18 10:40:01,,,
2026-02-18 10:41:01,,,
2026-02-18 10:45:01,,,
2026-02-18 10:46:01,,,
2026-02-18 10:56:01,,,15.949
2026-02-18 10:57:01,17.631,14.727,
2026-02-18 11:02:01,,,
2026-02-18 11:03:01,,,
2026-02-18 11:04:01,,,
2026-02-18 11:10:01,,,
2026-02-18 11:11:01,,,
2026-02-18 11:15:01,,,
2026-02-18 11:16:01,,,
2026-02-18 11:26:01,,,15.887
2026-02-18 11:27:01,19.134,14.665,
2026-02-18 11:32:01,,,
2026-02-18 11:33:01,,,
2026-02-18 11:34:01,,,
2026-02-18 11:40:01,,,
2026-02-18 11:41:01,,,
2026-02-18 11:45:01,,,
2026-02-18 11:46:01,,,
2026-02-18 11:56:01,,,15.887
2026-02-18 11:57:01,20.51,14.602,
2026-02-18 12:02:01,,,
2026-02-18 12:03:01,,,
2026-02-18 12:04:01,,,
2026-02-18 12:10:01,,,
2026-02-18 12:11:01,,,
2026-02-18 12:15:01,,,
2026-02-18 12:16:01,,,
2026-02-18 12:26:01,,,15.887
2026-02-18 12:27:01,22.575,14.602,
2026-02-18 12:32:01,,,
2026-02-18 12:33:01,,,
2026-02-18 12:34:01,,,
2026-02-18 12:40:01,,,
2026-02-18 12:41:01,,,
2026-02-18 12:45:01,,,
2026-02-18 12:46:01,,,
2026-02-18 12:56:01,,,15.824
2026-02-18 12:57:01,24.076,14.602,
2026-02-18 13:02:01,,,
2026-02-18 13:03:01,,,
2026-02-18 13:04:01,,,
2026-02-18 13:10:01,,,
2026-02-18 13:11:01,,,
2026-02-18 13:15:01,,,
2026-02-18 13:16:01,,,
2026-02-18 13:26:01,,,15.824
2026-02-18 13:27:01,25.951,14.665,
2026-02-18 13:32:01,,,
2026-02-18 13:33:01,,,
2026-02-18 13:34:01,,,
2026-02-18 13:40:01,,,
2026-02-18 13:41:01,,,
2026-02-18 13:45:01,,,
2026-02-18 13:46:01,,,
2026-02-18 13:56:01,,,15.824
2026-02-18 13:57:01,27.514,14.727,
2026-02-18 14:02:01,,,
2026-02-18 14:03:01,,,
2026-02-18 14:04:01,,,
2026-02-18 14:10:01,,,
2026-02-18 14:11:01,,,
2026-02-18 14:15:01,,,
2026-02-18 14:16:01,,,
2026-02-18 14:26:01,,,15.761
2026-02-18 14:27:01,30.325,14.853,
2026-02-18 14:32:01,,,
2026-02-18 14:33:01,,,
2026-02-18 14:34:01,,,
2026-02-18 14:40:01,,,
2026-02-18 14:41:01,,,
2026-02-18 14:45:01,,,
2026-02-18 14:46:01,,,
2026-02-18 14:56:01,,,15.761
2026-02-18 14:57:01,28.826,14.978,
2026-02-18 15:02:01,,,
2026-02-18 15:03:01,,,
2026-02-18 15:04:01,,,
2026-02-18 15:10:01,,,
2026-02-18 15:11:01,,,
2026-02-18 15:15:01,,,
2026-02-18 15:16:01,,,
2026-02-18 15:26:01,,,15.761
2026-02-18 15:27:01,27.888,15.229,
2026-02-18 15:32:01,,,
2026-02-18 15:33:01,,,
2026-02-18 15:34:01,,,
2026-02-18 15:40:01,,,
2026-02-18 15:41:01,,,
2026-02-18 15:45:01,,,
2026-02-18 15:46:01,,,
2026-02-18 15:56:01,,,15.824
2026-02-18 15:57:01,27.576,15.417,
2026-02-18 16:02:01,,,
2026-02-18 16:03:01,,,
2026-02-18 16:04:01,,,
2026-02-18 16:10:01,,,
2026-02-18 16:11:01,,,
2026-02-18 16:15:01,,,
2026-02-18 16:16:01,,,
2026-02-18 16:26:01,,,15.824
2026-02-18 16:27:01,27.389,15.667,
2026-02-18 16:32:01,,,
2026-02-18 16:33:01,,,
2026-02-18 16:34:01,,,
2026-02-18 16:40:01,,,
2026-02-18 16:41:01,,,
2026-02-18 16:45:01,,,
2026-02-18 16:46:01,,,
2026-02-18 16:56:01,,,15.824
2026-02-18 16:57:01,26.701,15.981,
2026-02-18 17:02:01,,,
2026-02-18 17:03:01,,,
2026-02-18 17:04:01,,,
2026-02-18 17:10:01,,,
2026-02-18 17:11:01,,,
2026-02-18 17:15:01,,,
2026-02-18 17:16:01,,,
2026-02-18 17:26:01,,,15.887
2026-02-18 17:27:01,25.764,16.231,
2026-02-18 17:32:01,,,
2026-02-18 17:33:01,,,
2026-02-18 17:34:01,,,
2026-02-18 17:40:01,,,
2026-02-18 17:41:01,,,
2026-02-18 17:45:01,,,
2026-02-18 17:46:01,,,
2026-02-18 17:56:01,,,15.949
2026-02-18 17:57:01,24.388,16.482,
2026-02-18 18:02:01,,,
2026-02-18 18:03:01,,,
2026-02-18 18:04:01,,,
2026-02-18 18:10:01,,,
2026-02-18 18:11:01,,,
2026-02-18 18:15:01,,,
2026-02-18 18:16:01,,,
2026-02-18 18:26:01,,,16.012
2026-02-18 18:27:01,23.325,16.733,
2026-02-18 18:32:01,,,
2026-02-18 18:33:01,,,
2026-02-18 18:34:01,,,
2026-02-18 18:40:01,,,
2026-02-18 18:41:01,,,
2026-02-18 18:45:01,,,
2026-02-18 18:46:01,,,
2026-02-18 18:56:01,,,16.075
2026-02-18 18:57:01,22.45,16.983,
2026-02-18 19:02:01,,,
2026-02-18 19:03:01,,,
2026-02-18 19:04:01,,,
2026-02-18 19:10:01,,,
2026-02-18 19:11:01,,,
2026-02-18 19:15:01,,,
2026-02-18 19:16:01,,,
2026-02-18 19:26:01,,,16.075
2026-02-18 19:27:01,21.511,17.109,
2026-02-18 19:32:01,,,
2026-02-18 19:33:01,,,
2026-02-18 19:34:01,,,
2026-02-18 19:40:01,,,
2026-02-18 19:41:01,,,
2026-02-18 19:45:01,,,
2026-02-18 19:46:01,,,
2026-02-18 19:56:01,,,16.2
2026-02-18 19:57:01,20.948,17.297,
2026-02-18 20:02:01,,,
2026-02-18 20:03:01,,,
2026-02-18 20:04:01,,,
2026-02-18 20:10:01,,,
2026-02-18 20:11:01,,,
2026-02-18 20:15:01,,,
2026-02-18 20:16:01,,,
2026-02-18 20:26:01,,,16.263
2026-02-18 20:27:01,20.51,17.359,
2026-02-18 20:32:01,,,
2026-02-18 20:33:01,,,
2026-02-18 20:34:01,,,
2026-02-18 20:40:01,,,
2026-02-18 20:41:01,,,
2026-02-18 20:45:01,,,
2026-02-18 20:46:01,,,
2026-02-18 20:56:01,,,16.325
2026-02-18 20:57:01,20.135,17.422,
2026-02-18 21:02:01,,,
2026-02-18 21:03:01,,,
2026-02-18 21:04:01,,,
2026-02-18 21:10:01,,,
2026-02-18 21:11:01,,,
2026-02-18 21:15:01,,,
2026-02-18 21:16:01,,,
2026-02-18 21:26:01,,,16.388
2026-02-18 21:27:01,19.572,17.422,
2026-02-18 21:32:01,,,
2026-02-18 21:33:01,,,
2026-02-18 21:34:01,,,
2026-02-18 21:40:01,,,
2026-02-18 21:41:01,,,
2026-02-18 21:45:01,,,
2026-02-18 21:46:01,,,
2026-02-18 21:56:01,,,16.451
2026-02-18 21:57:01,18.883,17.422,
2026-02-18 22:02:01,,,
2026-02-18 22:03:01,,,
2026-02-18 22:04:01,,,
2026-02-18 22:10:01,,,
2026-02-18 22:11:01,,,
2026-02-18 22:15:01,,,
2026-02-18 22:16:01,,,
2026-02-18 22:26:01,,,16.451
2026-02-18 22:27:01,17.756,17.359,
2026-02-18 22:32:01,,,
2026-02-18 22:33:01,,,
2026-02-18 22:34:01,,,
2026-02-18 22:40:01,,,
2026-02-18 22:41:01,,,
2026-02-18 22:45:01,,,
2026-02-18 22:46:01,,,
2026-02-18 22:56:01,,,16.513
2026-02-18 22:57:01,16.441,17.297,
2026-02-18 23:02:01,,,
2026-02-18 23:03:01,,,
2026-02-18 23:04:01,,,
2026-02-18 23:10:01,,,
2026-02-18 23:11:01,,,
2026-02-18 23:15:01,,,
2026-02-18 23:16:01,,,
2026-02-18 23:26:01,,,16.513
2026-02-18 23:27:01,15.439,17.234,
2026-02-18 23:32:01,,,
2026-02-18 23:33:01,,,
2026-02-18 23:34:01,,,
2026-02-18 23:40:01,,,
2026-02-18 23:41:01,,,
2026-02-18 23:45:01,,,
2026-02-18 23:46:01,,,
2026-02-18 23:56:01,,,16.576
2026-02-18 23:57:01,14.75,17.171,
2026-02-19 00:02:01,,,
2026-02-19 00:03:01,,,
2026-02-19 00:04:01,,,
2026-02-19 00:10:01,,,
2026-02-19 00:11:01,,,
2026-02-19 00:15:01,,,
2026-02-19 00:16:01,,,
2026-02-19 00:26:01,,,16.576
2026-02-19 00:27:01,14.187,17.046,
2026-02-19 00:32:01,,,
2026-02-19 00:33:01,,,
2026-02-19 00:34:01,,,
2026-02-19 00:40:01,,,
2026-02-19 00:41:01,,,
2026-02-19 00:45:01,,,
2026-02-19 00:46:01,,,
2026-02-19 00:56:01,,,16.576
2026-02-19 00:57:01,13.811,16.921,
2026-02-19 01:02:01,,,
2026-02-19 01:03:01,,,
2026-02-19 01:04:01,,,
2026-02-19 01:10:01,,,
2026-02-19 01:11:01,,,
2026-02-19 01:15:01,,,
2026-02-19 01:16:01,,,
2026-02-19 01:26:01,,,16.576
2026-02-19 01:27:01,13.56,16.858,
2026-02-19 01:32:01,,,
2026-02-19 01:33:01,,,
2026-02-19 01:34:01,,,
2026-02-19 01:40:01,,,
2026-02-19 01:41:01,,,
2026-02-19 01:45:01,,,
2026-02-19 01:46:01,,,
2026-02-19 01:56:01,,,16.576
2026-02-19 01:57:01,13.748,16.733,
2026-02-19 02:02:01,,,
2026-02-19 02:03:01,,,
2026-02-19 02:04:01,,,
2026-02-19 02:10:01,,,
2026-02-19 02:11:01,,,
2026-02-19 02:15:01,,,
2026-02-19 02:16:01,,,
2026-02-19 02:26:01,,,16.513
2026-02-19 02:27:01,13.873,16.67,
2026-02-19 02:32:01,,,
2026-02-19 02:33:01,,,
2026-02-19 02:34:01,,,
2026-02-19 02:40:01,,,
2026-02-19 02:41:01,,,
2026-02-19 02:45:01,,,
2026-02-19 02:46:01,,,
2026-02-19 02:56:01,,,16.513
2026-02-19 02:57:01,13.685,16.545,
2026-02-19 03:02:01,,,
2026-02-19 03:03:01,,,
2026-02-19 03:04:01,,,
2026-02-19 03:10:01,,,
2026-02-19 03:11:01,,,
2026-02-19 03:15:01,,,
2026-02-19 03:16:01,,,
2026-02-19 03:26:01,,,16.513
2026-02-19 03:27:01,13.121,16.419,
2026-02-19 03:32:01,,,
2026-02-19 03:33:01,,,
2026-02-19 03:34:01,,,
2026-02-19 03:40:01,,,
2026-02-19 03:41:01,,,
2026-02-19 03:45:01,,,
2026-02-19 03:46:01,,,
2026-02-19 03:56:01,,,16.451
2026-02-19 03:57:01,12.808,16.357,
2026-02-19 04:02:01,,,
2026-02-19 04:03:01,,,
2026-02-19 04:04:01,,,
2026-02-19 04:10:01,,,
2026-02-19 04:11:01,,,
2026-02-19 04:15:01,,,
2026-02-19 04:16:01,,,
2026-02-19 04:26:01,,,16.451
2026-02-19 04:27:01,12.871,16.231,
2026-02-19 04:32:01,,,
2026-02-19 04:33:01,,,
2026-02-19 04:34:01,,,
2026-02-19 04:40:01,,,
2026-02-19 04:41:01,,,
2026-02-19 04:45:01,,,
2026-02-19 04:46:01,,,
2026-02-19 04:56:01,,,16.451
2026-02-19 04:57:01,13.184,16.169,
2026-02-19 05:02:01,,,
2026-02-19 05:03:01,,,
2026-02-19 05:04:01,,,
2026-02-19 05:10:01,,,
2026-02-19 05:11:01,,,
2026-02-19 05:15:01,,,
2026-02-19 05:16:01,,,
2026-02-19 05:26:01,,,16.388
2026-02-19 05:27:01,13.811,16.043,
2026-02-19 05:32:01,,,
2026-02-19 05:33:01,,,
2026-02-19 05:34:01,,,
2026-02-19 05:40:01,,,
2026-02-19 05:41:01,,,
2026-02-19 05:45:01,,,
2026-02-19 05:46:01,,,
2026-02-19 05:56:01,,,16.388
2026-02-19 05:57:01,13.497,15.981,
2026-02-19 06:02:01,,,
2026-02-19 06:03:01,,,
2026-02-19 06:04:01,,,
2026-02-19 06:10:01,,,
2026-02-19 06:11:01,,,
2026-02-19 06:15:01,,,
2026-02-19 06:16:01,,,
2026-02-19 06:26:01,,,16.325
2026-02-19 06:27:01,12.495,15.855,
2026-02-19 06:32:01,,,
2026-02-19 06:33:01,,,
2026-02-19 06:34:01,,,
2026-02-19 06:40:01,,,
2026-02-19 06:41:01,,,
2026-02-19 06:45:01,,,
2026-02-19 06:46:01,,,
2026-02-19 06:56:01,,,16.325
2026-02-19 06:57:01,12.181,15.793,
2026-02-19 07:02:01,,,
2026-02-19 07:03:01,,,
2026-02-19 07:04:01,,,
2026-02-19 07:10:01,,,
2026-02-19 07:11:01,,,
2026-02-19 07:15:01,,,
2026-02-19 07:16:01,,,
2026-02-19 07:26:01,,,16.325
2026-02-19 07:27:01,11.868,15.667,
2026-02-19 07:32:01,,,
2026-02-19 07:33:01,,,
2026-02-19 07:34:01,,,
2026-02-19 07:40:01,,,
2026-02-19 07:41:01,,,
2026-02-19 07:45:01,,,
2026-02-19 07:46:01,,,
2026-02-19 07:56:01,,,16.263
2026-02-19 07:57:01,11.931,15.542,
2026-02-19 08:02:01,,,
2026-02-19 08:03:01,,,
2026-02-19 08:04:01,,,
2026-02-19 08:10:01,,,
2026-02-19 08:11:01,,,
2026-02-19 08:15:01,,,
2026-02-19 08:16:01,,,
2026-02-19 08:26:01,,,16.263
2026-02-19 08:27:01,12.056,15.479,
2026-02-19 08:32:01,,,
2026-02-19 08:33:01,,,
2026-02-19 08:34:01,,,
2026-02-19 08:40:01,,,
2026-02-19 08:41:01,,,
2026-02-19 08:45:01,,,
2026-02-19 08:46:01,,,
2026-02-19 08:56:01,,,16.2
2026-02-19 08:57:01,12.369,15.354,
2026-02-19 09:02:01,,,
2026-02-19 09:03:01,,,
2026-02-19 09:04:01,,,
2026-02-19 09:10:01,,,
2026-02-19 09:11:01,,,
2026-02-19 09:15:01,,,
2026-02-19 09:16:01,,,
2026-02-19 09:26:01,,,16.2
2026-02-19 09:27:01,13.059,15.291,
2026-02-19 09:32:01,,,
2026-02-19 09:33:01,,,
2026-02-19 09:34:01,,,
2026-02-19 09:40:01,,,
2026-02-19 09:41:01,,,
2026-02-19 09:45:01,,,
2026-02-19 09:46:01,,,
2026-02-19 09:56:01,,,16.137
2026-02-19 09:57:01,14.688,15.166,
2026-02-19 10:02:01,,,
2026-02-19 10:03:01,,,
2026-02-19 10:04:01,,,
2026-02-19 10:10:01,,,
2026-02-19 10:11:01,,,
2026-02-19 10:15:01,,,
2026-02-19 10:16:01,,,
2026-02-19 10:26:01,,,16.137
2026-02-19 10:27:01,16.003,15.103,
2026-02-19 10:32:01,,,
2026-02-19 10:33:01,,,
2026-02-19 10:34:01,,,
2026-02-19 10:40:01,,,
2026-02-19 10:41:01,,,
2026-02-19 10:45:01,,,
2026-02-19 10:46:01,,,
2026-02-19 10:56:01,,,16.075
2026-02-19 10:57:01,17.443,15.041,
2026-02-19 11:02:01,,,
2026-02-19 11:03:01,,,
2026-02-19 11:04:01,,,
2026-02-19 11:10:01,,,
2026-02-19 11:11:01,,,
2026-02-19 11:15:01,,,
2026-02-19 11:16:01,,,
2026-02-19 11:26:01,,,16.075
2026-02-19 11:27:01,19.259,14.978,
2026-02-19 11:32:01,,,
2026-02-19 11:33:01,,,
2026-02-19 11:34:01,,,
2026-02-19 11:40:01,,,
2026-02-19 11:41:01,,,
2026-02-19 11:45:01,,,
2026-02-19 11:46:01,,,
2026-02-19 11:56:01,,,16.012
2026-02-19 11:57:01,21.073,14.915,
2026-02-19 12:02:01,,,
2026-02-19 12:03:01,,,
2026-02-19 12:04:01,,,
2026-02-19 12:10:01,,,
2026-02-19 12:11:01,,,
2026-02-19 12:15:01,,,
2026-02-19 12:16:01,,,
2026-02-19 12:26:01,,,16.012
2026-02-19 12:27:01,23.013,14.915,
2026-02-19 12:32:01,,,
2026-02-19 12:33:01,,,
2026-02-19 12:34:01,,,
2026-02-19 12:40:01,,,
2026-02-19 12:41:01,,,
2026-02-19 12:45:01,,,
2026-02-19 12:46:01,,,
2026-02-19 12:56:01,,,16.012
2026-02-19 12:57:01,24.701,14.915,
2026-02-19 13:02:01,,,
2026-02-19 13:03:01,,,
2026-02-19 13:04:01,,,
2026-02-19 13:10:01,,,
2026-02-19 13:11:01,,,
2026-02-19 13:15:01,,,
2026-02-19 13:16:01,,,
2026-02-19 13:26:01,,,16.012
2026-02-19 13:27:01,26.514,14.978,
2026-02-19 13:32:01,,,
2026-02-19 13:33:01,,,
2026-02-19 13:34:01,,,
2026-02-19 13:40:01,,,
2026-02-19 13:41:01,,,
2026-02-19 13:45:01,,,
2026-02-19 13:46:01,,,
2026-02-19 13:56:01,,,15.949
2026-02-19 13:57:01,27.826,15.103,
2026-02-19 14:02:01,,,
2026-02-19 14:03:01,,,
2026-02-19 14:04:01,,,
2026-02-19 14:10:01,,,
2026-02-19 14:11:01,,,
2026-02-19 14:15:01,,,
2026-02-19 14:16:01,,,
2026-02-19 14:26:01,,,15.949
2026-02-19 14:27:01,30.137,15.229,
2026-02-19 14:32:01,,,
2026-02-19 14:33:01,,,
2026-02-19 14:34:01,,,
2026-02-19 14:40:01,,,
2026-02-19 14:41:01,,,
2026-02-19 14:45:01,,,
2026-02-19 14:46:01,,,
2026-02-19 14:56:01,,,15.949
2026-02-19 14:57:01,28.888,15.354,
2026-02-19 15:02:01,,,
2026-02-19 15:03:01,,,
2026-02-19 15:04:01,,,
2026-02-19 15:10:01,,,
2026-02-19 15:11:01,,,
2026-02-19 15:15:01,,,
2026-02-19 15:16:01,,,
2026-02-19 15:26:01,,,15.949
2026-02-19 15:27:01,28.451,15.605,
2026-02-19 15:32:01,,,
2026-02-19 15:33:01,,,
2026-02-19 15:34:01,,,
2026-02-19 15:40:01,,,
2026-02-19 15:41:01,,,
2026-02-19 15:45:01,,,
2026-02-19 15:46:01,,,
2026-02-19 15:56:01,,,16.012
2026-02-19 15:57:01,28.326,15.793,
2026-02-19 16:02:01,,,
2026-02-19 16:03:01,,,
2026-02-19 16:04:01,,,
2026-02-19 16:10:01,,,
2026-02-19 16:11:01,,,
2026-02-19 16:15:01,,,
2026-02-19 16:16:01,,,
2026-02-19 16:26:01,,,16.012
2026-02-19 16:27:01,27.951,16.106,
2026-02-19 16:32:01,,,
2026-02-19 16:33:01,,,
2026-02-19 16:34:01,,,
2026-02-19 16:40:01,,,
2026-02-19 16:41:01,,,
2026-02-19 16:45:01,,,
2026-02-19 16:46:01,,,
2026-02-19 16:56:01,,,16.012
2026-02-19 16:57:01,27.326,16.357,
2026-02-19 17:02:01,,,
2026-02-19 17:03:01,,,
2026-02-19 17:04:01,,,
2026-02-19 17:10:01,,,
2026-02-19 17:11:01,,,
2026-02-19 17:15:01,,,
2026-02-19 17:16:01,,,
2026-02-19 17:26:01,,,16.075
2026-02-19 17:27:01,26.076,16.67,
2026-02-19 17:32:01,,,
2026-02-19 17:33:01,,,
2026-02-19 17:34:01,,,
2026-02-19 17:40:01,,,
2026-02-19 17:41:01,,,
2026-02-19 17:45:01,,,
2026-02-19 17:46:01,,,
2026-02-19 17:56:01,,,16.137
2026-02-19 17:57:01,24.451,16.921,
2026-02-19 18:02:01,,,
2026-02-19 18:03:01,,,
2026-02-19 18:04:01,,,
2026-02-19 18:10:01,,,
2026-02-19 18:11:01,,,
2026-02-19 18:15:01,,,
2026-02-19 18:16:01,,,
2026-02-19 18:26:01,,,16.137
2026-02-19 18:27:01,23.638,17.171,
2026-02-19 18:32:01,,,
2026-02-19 18:33:01,,,
2026-02-19 18:34:01,,,
2026-02-19 18:40:01,,,
2026-02-19 18:41:01,,,
2026-02-19 18:45:01,,,
2026-02-19 18:46:01,,,
2026-02-19 18:56:01,,,16.2
2026-02-19 18:57:01,23.075,17.422,
2026-02-19 19:02:01,,,
2026-02-19 19:03:01,,,
2026-02-19 19:04:01,,,
2026-02-19 19:10:01,,,
2026-02-19 19:11:01,,,
2026-02-19 19:15:01,,,
2026-02-19 19:16:01,,,
2026-02-19 19:26:01,,,16.263
2026-02-19 19:27:01,22.387,17.547,
2026-02-19 19:32:01,,,
2026-02-19 19:33:01,,,
2026-02-19 19:34:01,,,
2026-02-19 19:40:01,,,
2026-02-19 19:41:01,,,
2026-02-19 19:45:01,,,
2026-02-19 19:46:01,,,
2026-02-19 19:56:01,,,16.325
2026-02-19 19:57:01,22.012,17.672,
2026-02-19 20:02:01,,,
2026-02-19 20:03:01,,,
2026-02-19 20:04:01,,,
2026-02-19 20:10:01,,,
2026-02-19 20:11:01,,,
2026-02-19 20:15:01,,,
2026-02-19 20:16:01,,,
2026-02-19 20:26:01,,,16.388
2026-02-19 20:27:01,21.574,17.798,
2026-02-19 20:32:01,,,
2026-02-19 20:33:01,,,
2026-02-19 20:34:01,,,
2026-02-19 20:40:01,,,
2026-02-19 20:41:01,,,
2026-02-19 20:45:01,,,
2026-02-19 20:46:01,,,
2026-02-19 20:56:01,,,16.451
2026-02-19 20:57:01,20.698,17.798,
2026-02-19 21:02:01,,,
2026-02-19 21:03:01,,,
2026-02-19 21:04:01,,,
2026-02-19 21:10:01,,,
2026-02-19 21:11:01,,,
2026-02-19 21:15:01,,,
2026-02-19 21:16:01,,,
2026-02-19 21:26:01,,,16.513
2026-02-19 21:27:01,19.885,17.798,
2026-02-19 21:32:01,,,
2026-02-19 21:33:01,,,
2026-02-19 21:34:01,,,
2026-02-19 21:40:01,,,
2026-02-19 21:41:01,,,
2026-02-19 21:45:01,,,
2026-02-19 21:46:01,,,
2026-02-19 21:56:01,,,16.576
2026-02-19 21:57:01,18.57,17.798,
2026-02-19 22:02:01,,,
2026-02-19 22:03:01,,,
2026-02-19 22:04:01,,,
2026-02-19 22:10:01,,,
2026-02-19 22:11:01,,,
2026-02-19 22:15:01,,,
2026-02-19 22:16:01,,,
2026-02-19 22:26:01,,,16.639
2026-02-19 22:27:01,17.506,17.735,
2026-02-19 22:32:01,,,
2026-02-19 22:33:01,,,
2026-02-19 22:34:01,,,
2026-02-19 22:40:01,,,
2026-02-19 22:41:01,,,
2026-02-19 22:45:01,,,
2026-02-19 22:46:01,,,
2026-02-19 22:56:01,,,16.702
2026-02-19 22:57:01,16.692,17.672,
2026-02-19 23:02:01,,,
2026-02-19 23:03:01,,,
2026-02-19 23:04:01,,,
2026-02-19 23:10:01,,,
2026-02-19 23:11:01,,,
2026-02-19 23:15:01,,,
2026-02-19 23:16:01,,,
2026-02-19 23:26:01,,,16.702
2026-02-19 23:27:01,16.191,17.547,
2026-02-19 23:32:01,,,
2026-02-19 23:33:01,,,
2026-02-19 23:34:01,,,
2026-02-19 23:40:01,,,
2026-02-19 23:41:01,,,
2026-02-19 23:45:01,,,
2026-02-19 23:46:01,,,
2026-02-19 23:56:01,,,16.702
2026-02-19 23:57:01,15.878,17.484,
2026-02-20 00:02:01,,,
2026-02-20 00:03:01,,,
2026-02-20 00:04:01,,,
2026-02-20 00:10:01,,,
2026-02-20 00:11:01,,,
2026-02-20 00:15:01,,,
2026-02-20 00:16:01,,,
2026-02-20 00:26:01,,,16.764
2026-02-20 00:27:01,15.69,17.359,
2026-02-20 00:32:01,,,
2026-02-20 00:33:01,,,
2026-02-20 00:34:01,,,
2026-02-20 00:40:01,,,
2026-02-20 00:41:01,,,
2026-02-20 00:45:01,,,
2026-02-20 00:46:01,,,
2026-02-20 00:56:01,,,16.764
2026-02-20 00:57:01,15.627,17.297,
2026-02-20 01:02:01,,,
2026-02-20 01:03:01,,,
2026-02-20 01:04:01,,,
2026-02-20 01:10:01,,,
2026-02-20 01:11:01,,,
2026-02-20 01:15:01,,,
2026-02-20 01:16:01,,,
2026-02-20 01:26:01,,,16.764
2026-02-20 01:27:01,15.502,17.171,
2026-02-20 01:32:01,,,
2026-02-20 01:33:01,,,
2026-02-20 01:34:01,,,
2026-02-20 01:40:01,,,
2026-02-20 01:41:01,,,
2026-02-20 01:45:01,,,
2026-02-20 01:46:01,,,
2026-02-20 01:56:01,,,16.764
2026-02-20 01:57:01,15.314,17.109,
2026-02-20 02:02:01,,,
2026-02-20 02:03:01,,,
2026-02-20 02:04:01,,,
2026-02-20 02:10:01,,,
2026-02-20 02:11:01,,,
2026-02-20 02:15:01,,,
2026-02-20 02:16:01,,,
2026-02-20 02:26:01,,,16.764
2026-02-20 02:27:01,15.377,16.983,
2026-02-20 02:32:01,,,
2026-02-20 02:33:01,,,
2026-02-20 02:34:01,,,
2026-02-20 02:40:01,,,
2026-02-20 02:41:01,,,
2026-02-20 02:45:01,,,
2026-02-20 02:46:01,,,
2026-02-20 02:56:01,,,16.764
2026-02-20 02:57:01,15.126,16.921,
2026-02-20 03:02:01,,,
2026-02-20 03:03:01,,,
2026-02-20 03:04:01,,,
2026-02-20 03:10:01,,,
2026-02-20 03:11:01,,,
2026-02-20 03:15:01,,,
2026-02-20 03:16:01,,,
2026-02-20 03:26:01,,,16.702
2026-02-20 03:27:01,14.876,16.795,
2026-02-20 03:32:01,,,
2026-02-20 03:33:01,,,
2026-02-20 03:34:01,,,
2026-02-20 03:40:01,,,
2026-02-20 03:41:01,,,
2026-02-20 03:45:01,,,
2026-02-20 03:46:01,,,
2026-02-20 03:56:01,,,16.702
2026-02-20 03:57:01,15.001,16.733,
2026-02-20 04:02:01,,,
2026-02-20 04:03:01,,,
2026-02-20 04:04:01,,,
2026-02-20 04:10:01,,,
2026-02-20 04:11:01,,,
2026-02-20 04:15:01,,,
2026-02-20 04:16:01,,,
2026-02-20 04:26:01,,,16.702
2026-02-20 04:27:01,14.938,16.67,
2026-02-20 04:32:01,,,
2026-02-20 04:33:01,,,
2026-02-20 04:34:01,,,
2026-02-20 04:40:01,,,
2026-02-20 04:41:01,,,
2026-02-20 04:45:01,,,
2026-02-20 04:46:01,,,
2026-02-20 04:56:01,,,16.702
2026-02-20 04:57:01,14.562,16.545,
2026-02-20 05:02:01,,,
2026-02-20 05:03:01,,,
2026-02-20 05:04:01,,,
2026-02-20 05:10:01,,,
2026-02-20 05:11:01,,,
2026-02-20 05:15:01,,,
2026-02-20 05:16:01,,,
2026-02-20 05:26:01,,,16.639
2026-02-20 05:27:01,14.5,16.482,
2026-02-20 05:32:01,,,
2026-02-20 05:33:01,,,
2026-02-20 05:34:01,,,
2026-02-20 05:40:01,,,
2026-02-20 05:41:01,,,
2026-02-20 05:45:01,,,
2026-02-20 05:46:01,,,
2026-02-20 05:56:01,,,16.639
2026-02-20 05:57:01,14.5,16.357,
2026-02-20 06:02:01,,,
2026-02-20 06:03:01,,,
2026-02-20 06:04:01,,,
2026-02-20 06:10:01,,,
2026-02-20 06:11:01,,,
2026-02-20 06:15:01,,,
2026-02-20 06:16:01,,,
2026-02-20 06:26:01,,,16.639
2026-02-20 06:27:01,13.999,16.294,
2026-02-20 06:32:01,,,
2026-02-20 06:33:01,,,
2026-02-20 06:34:01,,,
2026-02-20 06:40:01,,,
2026-02-20 06:41:01,,,
2026-02-20 06:45:01,,,
2026-02-20 06:46:01,,,
2026-02-20 06:56:01,,,16.639
2026-02-20 06:57:01,14.124,16.231,
2026-02-20 07:02:01,,,
2026-02-20 07:03:01,,,
2026-02-20 07:04:01,,,
2026-02-20 07:10:01,,,
2026-02-20 07:11:01,,,
2026-02-20 07:15:01,,,
2026-02-20 07:16:01,,,
2026-02-20 07:26:01,,,16.576
2026-02-20 07:27:01,14.312,16.106,
2026-02-20 07:32:01,,,
2026-02-20 07:33:01,,,
2026-02-20 07:34:01,,,
2026-02-20 07:40:01,,,
2026-02-20 07:41:01,,,
2026-02-20 07:45:01,,,
2026-02-20 07:46:01,,,
2026-02-20 07:56:01,,,16.576
2026-02-20 07:57:01,14.061,16.043,
2026-02-20 08:02:01,,,
2026-02-20 08:03:01,,,
2026-02-20 08:04:01,,,
2026-02-20 08:10:01,,,
2026-02-20 08:11:01,,,
2026-02-20 08:15:01,,,
2026-02-20 08:16:01,,,
2026-02-20 08:26:01,,,16.576
2026-02-20 08:27:01,14.124,15.981,
2026-02-20 08:32:01,,,
2026-02-20 08:33:01,,,
2026-02-20 08:34:01,,,
2026-02-20 08:40:01,,,
2026-02-20 08:41:01,,,
2026-02-20 08:45:01,,,
2026-02-20 08:46:01,,,
2026-02-20 08:56:01,,,16.513
2026-02-20 08:57:01,14.249,15.918,
2026-02-20 09:02:01,,,
2026-02-20 09:03:01,,,
2026-02-20 09:04:01,,,
2026-02-20 09:10:01,,,
2026-02-20 09:11:01,,,
2026-02-20 09:15:01,,,
2026-02-20 09:16:01,,,
2026-02-20 09:26:01,,,16.513
2026-02-20 09:27:01,14.374,15.793,
2026-02-20 09:32:01,,,
2026-02-20 09:33:01,,,
2026-02-20 09:34:01,,,
2026-02-20 09:40:01,,,
2026-02-20 09:41:01,,,
2026-02-20 09:45:01,,,
2026-02-20 09:46:01,,,
2026-02-20 09:56:01,,,16.513
2026-02-20 09:57:01,15.69,15.73,
2026-02-20 10:02:01,,,
2026-02-20 10:03:01,,,
2026-02-20 10:04:01,,,
2026-02-20 10:10:01,,,
2026-02-20 10:11:01,,,
2026-02-20 10:15:01,,,
2026-02-20 10:16:01,,,
2026-02-20 10:26:01,,,16.513
2026-02-20 10:27:01,17.005,15.667,
2026-02-20 10:32:01,,,
2026-02-20 10:33:01,,,
2026-02-20 10:34:01,,,
2026-02-20 10:40:01,,,
2026-02-20 10:41:01,,,
2026-02-20 10:45:01,,,
2026-02-20 10:46:01,,,
2026-02-20 10:56:01,,,16.451
2026-02-20 10:57:01,17.756,15.667,
2026-02-20 11:02:01,,,
2026-02-20 11:03:01,,,
2026-02-20 11:04:01,,,
2026-02-20 11:10:01,,,
2026-02-20 11:11:01,,,
2026-02-20 11:15:01,,,
2026-02-20 11:16:01,,,
2026-02-20 11:26:01,,,16.451
2026-02-20 11:27:01,19.321,15.605,
2026-02-20 11:32:01,,,
2026-02-20 11:33:01,,,
2026-02-20 11:34:01,,,
2026-02-20 11:40:01,,,
2026-02-20 11:41:01,,,
2026-02-20 11:45:01,,,
2026-02-20 11:46:01,,,
2026-02-20 11:56:01,,,16.451
2026-02-20 11:57:01,20.51,15.542,
2026-02-20 12:02:01,,,
2026-02-20 12:03:01,,,
2026-02-20 12:04:01,,,
2026-02-20 12:10:01,,,
2026-02-20 12:11:01,,,
2026-02-20 12:15:01,,,
2026-02-20 12:16:01,,,
2026-02-20 12:26:01,,,16.388
2026-02-20 12:27:01,22.137,15.542,
2026-02-20 12:32:01,,,
2026-02-20 12:33:01,,,
2026-02-20 12:34:01,,,
2026-02-20 12:40:01,,,
2026-02-20 12:41:01,,,
2026-02-20 12:45:01,,,
2026-02-20 12:46:01,,,
2026-02-20 12:56:01,,,16.388
2026-02-20 12:57:01,23.138,15.605,
2026-02-20 13:02:01,,,
2026-02-20 13:03:01,,,
2026-02-20 13:04:01,,,
2026-02-20 13:10:01,,,
2026-02-20 13:11:01,,,
2026-02-20 13:15:01,,,
2026-02-20 13:16:01,,,
2026-02-20 13:26:01,,,16.388
2026-02-20 13:27:01,24.388,15.605,
2026-02-20 13:32:01,,,
2026-02-20 13:33:01,,,
2026-02-20 13:34:01,,,
2026-02-20 13:40:01,,,
2026-02-20 13:41:01,,,
2026-02-20 13:45:01,,,
2026-02-20 13:46:01,,,
2026-02-20 13:56:01,,,16.388
2026-02-20 13:57:01,26.014,15.667,
2026-02-20 14:02:01,,,
2026-02-20 14:03:01,,,
2026-02-20 14:04:01,,,
2026-02-20 14:10:01,,,
2026-02-20 14:11:01,,,
2026-02-20 14:15:01,,,
2026-02-20 14:16:01,,,
2026-02-20 14:26:01,,,16.325
2026-02-20 14:27:01,27.014,15.793,
2026-02-20 14:32:01,,,
2026-02-20 14:33:01,,,
2026-02-20 14:34:01,,,
2026-02-20 14:40:01,,,
2026-02-20 14:41:01,,,
2026-02-20 14:45:01,,,
2026-02-20 14:46:01,,,
2026-02-20 14:56:01,,,16.325
2026-02-20 14:57:01,26.264,15.918,
2026-02-20 15:02:01,,,
2026-02-20 15:03:01,,,
2026-02-20 15:04:01,,,
2026-02-20 15:10:01,,,
2026-02-20 15:11:01,,,
2026-02-20 15:15:01,,,
2026-02-20 15:16:01,,,
2026-02-20 15:26:01,,,16.388
2026-02-20 15:27:01,25.951,16.106,
2026-02-20 15:32:01,,,
2026-02-20 15:33:01,,,
2026-02-20 15:34:01,,,
2026-02-20 15:40:01,,,
2026-02-20 15:41:01,,,
2026-02-20 15:45:01,,,
2026-02-20 15:46:01,,,
2026-02-20 15:56:01,,,16.388
2026-02-20 15:57:01,25.951,16.294,
2026-02-20 16:02:01,,,
2026-02-20 16:03:01,,,
2026-02-20 16:04:01,,,
2026-02-20 16:10:01,,,
2026-02-20 16:11:01,,,
2026-02-20 16:15:01,,,
2026-02-20 16:16:01,,,
2026-02-20 16:26:01,,,16.388
2026-02-20 16:27:01,25.826,16.482,
2026-02-20 16:32:01,,,
2026-02-20 16:33:01,,,
2026-02-20 16:34:01,,,
2026-02-20 16:40:01,,,
2026-02-20 16:41:01,,,
2026-02-20 16:45:01,,,
2026-02-20 16:46:01,,,
2026-02-20 16:56:01,,,16.388
2026-02-20 16:57:01,25.201,16.733,
2026-02-20 17:02:01,,,
2026-02-20 17:03:01,,,
2026-02-20 17:04:01,,,
2026-02-20 17:10:01,,,
2026-02-20 17:11:01,,,
2026-02-20 17:15:01,,,
2026-02-20 17:16:01,,,
2026-02-20 17:26:01,,,16.451
2026-02-20 17:27:01,24.451,16.921,
2026-02-20 17:32:01,,,
2026-02-20 17:33:01,,,
2026-02-20 17:34:01,,,
2026-02-20 17:40:01,,,
2026-02-20 17:41:01,,,
2026-02-20 17:45:01,,,
2026-02-20 17:46:01,,,
2026-02-20 17:56:01,,,16.451
2026-02-20 17:57:01,23.45,17.171,
2026-02-20 18:02:01,,,
2026-02-20 18:03:01,,,
2026-02-20 18:04:01,,,
2026-02-20 18:10:01,,,
2026-02-20 18:11:01,,,
2026-02-20 18:15:01,,,
2026-02-20 18:16:01,,,
2026-02-20 18:26:01,,,16.513
2026-02-20 18:27:01,22.2,17.359,
2026-02-20 18:32:01,,,
2026-02-20 18:33:01,,,
2026-02-20 18:34:01,,,
2026-02-20 18:40:01,,,
2026-02-20 18:41:01,,,
2026-02-20 18:45:01,,,
2026-02-20 18:46:01,,,
2026-02-20 18:56:01,,,16.513
2026-02-20 18:57:01,21.386,17.484,
2026-02-20 19:02:01,,,
2026-02-20 19:03:01,,,
2026-02-20 19:04:01,,,
2026-02-20 19:10:01,,,
2026-02-20 19:11:01,,,
2026-02-20 19:15:01,,,
2026-02-20 19:16:01,,,
2026-02-20 19:26:01,,,16.576
2026-02-20 19:27:01,20.823,17.672,
2026-02-20 19:32:01,,,
2026-02-20 19:33:01,,,
2026-02-20 19:34:01,,,
2026-02-20 19:40:01,,,
2026-02-20 19:41:01,,,
2026-02-20 19:45:01,,,
2026-02-20 19:46:01,,,
2026-02-20 19:56:01,,,16.576
2026-02-20 19:57:01,19.822,17.735,
2026-02-20 20:02:01,,,
2026-02-20 20:03:01,,,
2026-02-20 20:04:01,,,
2026-02-20 20:10:01,,,
2026-02-20 20:11:01,,,
2026-02-20 20:15:01,,,
2026-02-20 20:16:01,,,
2026-02-20 20:26:01,,,16.639
2026-02-20 20:27:01,18.883,17.798,
2026-02-20 20:32:01,,,
2026-02-20 20:33:01,,,
2026-02-20 20:34:01,,,
2026-02-20 20:40:01,,,
2026-02-20 20:41:01,,,
2026-02-20 20:45:01,,,
2026-02-20 20:46:01,,,
2026-02-20 20:56:01,,,16.702
2026-02-20 20:57:01,18.883,17.86,
2026-02-20 21:02:01,,,
2026-02-20 21:03:01,,,
2026-02-20 21:04:01,,,
2026-02-20 21:10:01,,,
2026-02-20 21:11:01,,,
2026-02-20 21:15:01,,,
2026-02-20 21:16:01,,,
2026-02-20 21:26:01,,,16.702
2026-02-20 21:27:01,18.445,17.86,
2026-02-20 21:32:01,,,
2026-02-20 21:33:01,,,
2026-02-20 21:34:01,,,
2026-02-20 21:40:01,,,
2026-02-20 21:41:01,,,
2026-02-20 21:45:01,,,
2026-02-20 21:46:01,,,
2026-02-20 21:56:01,,,16.764
2026-02-20 21:57:01,17.631,17.798,
2026-02-20 22:02:01,,,
2026-02-20 22:03:01,,,
2026-02-20 22:04:01,,,
2026-02-20 22:10:01,,,
2026-02-20 22:11:01,,,
2026-02-20 22:15:01,,,
2026-02-20 22:16:01,,,
2026-02-20 22:26:01,,,16.764
2026-02-20 22:27:01,16.567,17.735,
2026-02-20 22:32:01,,,
2026-02-20 22:33:01,,,
2026-02-20 22:34:01,,,
2026-02-20 22:40:01,,,
2026-02-20 22:41:01,,,
2026-02-20 22:45:01,,,
2026-02-20 22:46:01,,,
2026-02-20 22:56:01,,,16.827
2026-02-20 22:57:01,15.565,17.672,
2026-02-20 23:02:01,,,
2026-02-20 23:03:01,,,
2026-02-20 23:04:01,,,
2026-02-20 23:10:01,,,
2026-02-20 23:11:01,,,
2026-02-20 23:15:01,,,
2026-02-20 23:16:01,,,
2026-02-20 23:26:01,,,16.827
2026-02-20 23:27:01,14.813,17.61,
2026-02-20 23:32:01,,,
2026-02-20 23:33:01,,,
2026-02-20 23:34:01,,,
2026-02-20 23:40:01,,,
2026-02-20 23:41:01,,,
2026-02-20 23:45:01,,,
2026-02-20 23:46:01,,,
2026-02-20 23:56:01,,,16.89
2026-02-20 23:57:01,14.124,17.484,
2026-02-21 00:02:01,,,
2026-02-21 00:03:01,,,
2026-02-21 00:04:01,,,
2026-02-21 00:10:01,,,
2026-02-21 00:11:01,,,
2026-02-21 00:15:01,,,
2026-02-21 00:16:01,,,
2026-02-21 00:26:01,,,16.89
2026-02-21 00:27:01,13.623,17.359,
2026-02-21 00:32:01,,,
2026-02-21 00:33:01,,,
2026-02-21 00:34:01,,,
2026-02-21 00:40:01,,,
2026-02-21 00:41:01,,,
2026-02-21 00:45:01,,,
2026-02-21 00:46:01,,,
2026-02-21 00:56:01,,,16.89
2026-02-21 00:57:01,13.435,17.234,
2026-02-21 01:02:01,,,
2026-02-21 01:03:01,,,
2026-02-21 01:04:01,,,
2026-02-21 01:10:01,,,
2026-02-21 01:11:01,,,
2026-02-21 01:15:01,,,
2026-02-21 01:16:01,,,
2026-02-21 01:26:01,,,16.89
2026-02-21 01:27:01,13.184,17.171,
2026-02-21 01:32:01,,,
2026-02-21 01:33:01,,,
2026-02-21 01:34:01,,,
2026-02-21 01:40:01,,,
2026-02-21 01:41:01,,,
2026-02-21 01:45:01,,,
2026-02-21 01:46:01,,,
2026-02-21 01:56:01,,,16.89
2026-02-21 01:57:01,13.184,17.046,
2026-02-21 02:02:01,,,
2026-02-21 02:03:01,,,
2026-02-21 02:04:01,,,
2026-02-21 02:10:01,,,
2026-02-21 02:11:01,,,
2026-02-21 02:15:01,,,
2026-02-21 02:16:01,,,
2026-02-21 02:26:01,,,16.89
2026-02-21 02:27:01,13.873,16.921,
2026-02-21 02:32:01,,,
2026-02-21 02:33:01,,,
2026-02-21 02:34:01,,,
2026-02-21 02:40:01,,,
2026-02-21 02:41:01,,,
2026-02-21 02:45:01,,,
2026-02-21 02:46:01,,,
2026-02-21 02:56:01,,,16.827
2026-02-21 02:57:01,13.748,16.795,
2026-02-21 03:02:01,,,
2026-02-21 03:03:01,,,
2026-02-21 03:04:01,,,
2026-02-21 03:10:01,,,
2026-02-21 03:11:01,,,
2026-02-21 03:15:01,,,
2026-02-21 03:16:01,,,
2026-02-21 03:26:01,,,16.827
2026-02-21 03:27:01,13.435,16.733,
2026-02-21 03:32:01,,,
2026-02-21 03:33:01,,,
2026-02-21 03:34:01,,,
2026-02-21 03:40:01,,,
2026-02-21 03:41:01,,,
2026-02-21 03:45:01,,,
2026-02-21 03:46:01,,,
2026-02-21 03:56:01,,,16.827
2026-02-21 03:57:01,13.184,16.607,
2026-02-21 04:02:01,,,
2026-02-21 04:03:01,,,
2026-02-21 04:04:01,,,
2026-02-21 04:10:01,,,
2026-02-21 04:11:01,,,
2026-02-21 04:15:01,,,
2026-02-21 04:16:01,,,
2026-02-21 04:26:01,,,16.827
2026-02-21 04:27:01,13.56,16.482,
2026-02-21 04:32:01,,,
2026-02-21 04:33:01,,,
2026-02-21 04:34:01,,,
2026-02-21 04:40:01,,,
2026-02-21 04:41:01,,,
2026-02-21 04:45:01,,,
2026-02-21 04:46:01,,,
2026-02-21 04:56:01,,,16.764
2026-02-21 04:57:01,13.811,16.419,
2026-02-21 05:02:01,,,
2026-02-21 05:03:01,,,
2026-02-21 05:04:01,,,
2026-02-21 05:10:01,,,
2026-02-21 05:11:01,,,
2026-02-21 05:15:01,,,
2026-02-21 05:16:01,,,
2026-02-21 05:26:01,,,16.764
2026-02-21 05:27:01,13.435,16.294,
2026-02-21 05:32:01,,,
2026-02-21 05:33:01,,,
2026-02-21 05:34:01,,,
2026-02-21 05:40:01,,,
2026-02-21 05:41:01,,,
2026-02-21 05:45:01,,,
2026-02-21 05:46:01,,,
2026-02-21 05:56:01,,,16.764
2026-02-21 05:57:01,13.748,16.169,
2026-02-21 06:02:01,,,
2026-02-21 06:03:01,,,
2026-02-21 06:04:01,,,
2026-02-21 06:10:01,,,
2026-02-21 06:11:01,,,
2026-02-21 06:15:01,,,
2026-02-21 06:16:01,,,
2026-02-21 06:26:01,,,16.702
2026-02-21 06:27:01,13.999,16.106,
2026-02-21 06:32:01,,,
2026-02-21 06:33:01,,,
2026-02-21 06:34:01,,,
2026-02-21 06:40:01,,,
2026-02-21 06:41:01,,,
2026-02-21 06:45:01,,,
2026-02-21 06:46:01,,,
2026-02-21 06:56:01,,,16.702
2026-02-21 06:57:01,14.061,15.981,
2026-02-21 07:02:01,,,
2026-02-21 07:03:01,,,
2026-02-21 07:04:01,,,
2026-02-21 07:10:01,,,
2026-02-21 07:11:01,,,
2026-02-21 07:15:01,,,
2026-02-21 07:16:01,,,
2026-02-21 07:26:01,,,16.702
2026-02-21 07:27:01,13.497,15.918,
2026-02-21 07:32:01,,,
2026-02-21 07:33:01,,,
2026-02-21 07:34:01,,,
2026-02-21 07:40:01,,,
2026-02-21 07:41:01,,,
2026-02-21 07:45:01,,,
2026-02-21 07:46:01,,,
2026-02-21 07:56:01,,,16.639
2026-02-21 07:57:01,12.996,15.793,
2026-02-21 08:02:01,,,
2026-02-21 08:03:01,,,
2026-02-21 08:04:01,,,
2026-02-21 08:10:01,,,
2026-02-21 08:11:01,,,
2026-02-21 08:15:01,,,
2026-02-21 08:16:01,,,
2026-02-21 08:26:01,,,16.639
2026-02-21 08:27:01,13.121,15.73,
2026-02-21 08:32:01,,,
2026-02-21 08:33:01,,,
2026-02-21 08:34:01,,,
2026-02-21 08:40:01,,,
2026-02-21 08:41:01,,,
2026-02-21 08:45:01,,,
2026-02-21 08:46:01,,,
2026-02-21 08:56:01,,,16.639
2026-02-21 08:57:01,13.748,15.667,
2026-02-21 09:02:01,,,
2026-02-21 09:03:01,,,
2026-02-21 09:04:01,,,
2026-02-21 09:10:01,,,
2026-02-21 09:11:01,,,
2026-02-21 09:15:01,,,
2026-02-21 09:16:01,,,
2026-02-21 09:26:01,,,16.576
2026-02-21 09:27:01,14.124,15.542,
2026-02-21 09:32:01,,,
2026-02-21 09:33:01,,,
2026-02-21 09:34:01,,,
2026-02-21 09:40:01,,,
2026-02-21 09:41:01,,,
2026-02-21 09:45:01,,,
2026-02-21 09:46:01,,,
2026-02-21 09:56:01,,,16.576
2026-02-21 09:57:01,15.189,15.479,
2026-02-21 10:02:01,,,
2026-02-21 10:03:01,,,
2026-02-21 10:04:01,,,
2026-02-21 10:10:01,,,
2026-02-21 10:11:01,,,
2026-02-21 10:15:01,,,
2026-02-21 10:16:01,,,
2026-02-21 10:26:01,,,16.576
2026-02-21 10:27:01,16.254,15.417,
2026-02-21 10:32:01,,,
2026-02-21 10:33:01,,,
2026-02-21 10:34:01,,,
2026-02-21 10:40:01,,,
2026-02-21 10:41:01,,,
2026-02-21 10:45:01,,,
2026-02-21 10:46:01,,,
2026-02-21 10:56:01,,,16.513
2026-02-21 10:57:01,17.694,15.354,
2026-02-21 11:02:01,,,
2026-02-21 11:03:01,,,
2026-02-21 11:04:01,,,
2026-02-21 11:10:01,,,
2026-02-21 11:11:01,,,
2026-02-21 11:15:01,,,
2026-02-21 11:16:01,,,
2026-02-21 11:26:01,,,16.513
2026-02-21 11:27:01,19.259,15.291,
2026-02-21 11:32:01,,,
2026-02-21 11:33:01,,,
2026-02-21 11:34:01,,,
2026-02-21 11:40:01,,,
2026-02-21 11:41:01,,,
2026-02-21 11:45:01,,,
2026-02-21 11:46:01,,,
2026-02-21 11:56:01,,,16.451
2026-02-21 11:57:01,20.823,15.291,
2026-02-21 12:02:01,,,
2026-02-21 12:03:01,,,
2026-02-21 12:04:01,,,
2026-02-21 12:10:01,,,
2026-02-21 12:11:01,,,
2026-02-21 12:15:01,,,
2026-02-21 12:16:01,,,
2026-02-21 12:26:01,,,16.451
2026-02-21 12:27:01,22.95,15.229,
2026-02-21 12:32:01,,,
2026-02-21 12:33:01,,,
2026-02-21 12:34:01,,,
2026-02-21 12:40:01,,,
2026-02-21 12:41:01,,,
2026-02-21 12:45:01,,,
2026-02-21 12:46:01,,,
2026-02-21 12:56:01,,,16.388
2026-02-21 12:57:01,24.326,15.291,
2026-02-21 13:02:01,,,
2026-02-21 13:03:01,,,
2026-02-21 13:04:01,,,
2026-02-21 13:10:01,,,
2026-02-21 13:11:01,,,
2026-02-21 13:15:01,,,
2026-02-21 13:16:01,,,
2026-02-21 13:26:01,,,16.388
2026-02-21 13:27:01,25.701,15.291,
2026-02-21 13:32:01,,,
2026-02-21 13:33:01,,,
2026-02-21 13:34:01,,,
2026-02-21 13:40:01,,,
2026-02-21 13:41:01,,,
2026-02-21 13:45:01,,,
2026-02-21 13:46:01,,,
2026-02-21 13:56:01,,,16.388
2026-02-21 13:57:01,26.389,15.354,
2026-02-21 14:02:01,,,
2026-02-21 14:03:01,,,
2026-02-21 14:04:01,,,
2026-02-21 14:10:01,,,
2026-02-21 14:11:01,,,
2026-02-21 14:15:01,,,
2026-02-21 14:16:01,,,
2026-02-21 14:26:01,,,16.388
2026-02-21 14:27:01,28.138,15.479,
2026-02-21 14:32:01,,,
2026-02-21 14:33:01,,,
2026-02-21 14:34:01,,,
2026-02-21 14:40:01,,,
2026-02-21 14:41:01,,,
2026-02-21 14:45:01,,,
2026-02-21 14:46:01,,,
2026-02-21 14:56:01,,,16.388
2026-02-21 14:57:01,27.014,15.605,
2026-02-21 15:02:01,,,
2026-02-21 15:03:01,,,
2026-02-21 15:04:01,,,
2026-02-21 15:10:01,,,
2026-02-21 15:11:01,,,
2026-02-21 15:15:01,,,
2026-02-21 15:16:01,,,
2026-02-21 15:26:01,,,16.388
2026-02-21 15:27:01,26.264,15.793,
2026-02-21 15:32:01,,,
2026-02-21 15:33:01,,,
2026-02-21 15:34:01,,,
2026-02-21 15:40:01,,,
2026-02-21 15:41:01,,,
2026-02-21 15:45:01,,,
2026-02-21 15:46:01,,,
2026-02-21 15:56:01,,,16.388
2026-02-21 15:57:01,26.139,15.981,
2026-02-21 16:02:01,,,
2026-02-21 16:03:01,,,
2026-02-21 16:04:01,,,
2026-02-21 16:10:01,,,
2026-02-21 16:11:01,,,
2026-02-21 16:15:01,,,
2026-02-21 16:16:01,,,
2026-02-21 16:26:01,,,16.388
2026-02-21 16:27:01,25.889,16.231,
2026-02-21 16:32:01,,,
2026-02-21 16:33:01,,,
2026-02-21 16:34:01,,,
2026-02-21 16:40:01,,,
2026-02-21 16:41:01,,,
2026-02-21 16:45:01,,,
2026-02-21 16:46:01,,,
2026-02-21 16:56:01,,,16.388
2026-02-21 16:57:01,25.076,16.482,
2026-02-21 17:02:01,,,
2026-02-21 17:03:01,,,
2026-02-21 17:04:01,,,
2026-02-21 17:10:01,,,
2026-02-21 17:11:01,,,
2026-02-21 17:15:01,,,
2026-02-21 17:16:01,,,
2026-02-21 17:26:01,,,16.388
2026-02-21 17:27:01,24.263,16.733,
2026-02-21 17:32:01,,,
2026-02-21 17:33:01,,,
2026-02-21 17:34:01,,,
2026-02-21 17:40:01,,,
2026-02-21 17:41:01,,,
2026-02-21 17:45:01,,,
2026-02-21 17:46:01,,,
2026-02-21 17:56:01,,,16.451
2026-02-21 17:57:01,23.2,16.983,
2026-02-21 18:02:01,,,
2026-02-21 18:03:01,,,
2026-02-21 18:04:01,,,
2026-02-21 18:10:01,,,
2026-02-21 18:11:01,,,
2026-02-21 18:15:01,,,
2026-02-21 18:16:01,,,
2026-02-21 18:26:01,,,16.451
2026-02-21 18:27:01,21.949,17.171,
2026-02-21 18:32:01,,,
2026-02-21 18:33:01,,,
2026-02-21 18:34:01,,,
2026-02-21 18:40:01,,,
2026-02-21 18:41:01,,,
2026-02-21 18:45:01,,,
2026-02-21 18:46:01,,,
2026-02-21 18:56:01,,,16.513
2026-02-21 18:57:01,21.136,17.359,
2026-02-21 19:02:01,,,
2026-02-21 19:03:01,,,
2026-02-21 19:04:01,,,
2026-02-21 19:10:01,,,
2026-02-21 19:11:01,,,
2026-02-21 19:15:01,,,
2026-02-21 19:16:01,,,
2026-02-21 19:26:01,,,16.576
2026-02-21 19:27:01,20.448,17.484,
2026-02-21 19:32:01,,,
2026-02-21 19:33:01,,,
2026-02-21 19:34:01,,,
2026-02-21 19:40:01,,,
2026-02-21 19:41:01,,,
2026-02-21 19:45:01,,,
2026-02-21 19:46:01,,,
2026-02-21 19:56:01,,,16.576
2026-02-21 19:57:01,19.697,17.61,
2026-02-21 20:02:01,,,
2026-02-21 20:03:01,,,
2026-02-21 20:04:01,,,
2026-02-21 20:10:01,,,
2026-02-21 20:11:01,,,
2026-02-21 20:15:01,,,
2026-02-21 20:16:01,,,
2026-02-21 20:26:01,,,16.639
2026-02-21 20:27:01,19.447,17.672,
2026-02-21 20:32:01,,,
2026-02-21 20:33:01,,,
2026-02-21 20:34:01,,,
2026-02-21 20:40:01,,,
2026-02-21 20:41:01,,,
2026-02-21 20:45:01,,,
2026-02-21 20:46:01,,,
2026-02-21 20:56:01,,,16.639
2026-02-21 20:57:01,19.008,17.735,
2026-02-21 21:02:01,,,
2026-02-21 21:03:01,,,
2026-02-21 21:04:01,,,
2026-02-21 21:10:01,,,
2026-02-21 21:11:01,,,
2026-02-21 21:15:01,,,
2026-02-21 21:16:01,,,
2026-02-21 21:26:01,,,16.702
2026-02-21 21:27:01,18.633,17.735,
2026-02-21 21:32:01,,,
2026-02-21 21:33:01,,,
2026-02-21 21:34:01,,,
2026-02-21 21:40:01,,,
2026-02-21 21:41:01,,,
2026-02-21 21:45:01,,,
2026-02-21 21:46:01,,,
2026-02-21 21:56:01,,,16.764
2026-02-21 21:57:01,17.694,17.735,
2026-02-21 22:02:01,,,
2026-02-21 22:03:01,,,
2026-02-21 22:04:01,,,
2026-02-21 22:10:01,,,
2026-02-21 22:11:01,,,
2026-02-21 22:15:01,,,
2026-02-21 22:16:01,,,
2026-02-21 22:26:01,,,16.764
2026-02-21 22:27:01,16.692,17.672,
2026-02-21 22:32:01,,,
2026-02-21 22:33:01,,,
2026-02-21 22:34:01,,,
2026-02-21 22:40:01,,,
2026-02-21 22:41:01,,,
2026-02-21 22:45:01,,,
2026-02-21 22:46:01,,,
2026-02-21 22:56:01,,,16.764
2026-02-21 22:57:01,15.69,17.61,
2026-02-21 23:02:01,,,
2026-02-21 23:03:01,,,
2026-02-21 23:04:01,,,
2026-02-21 23:10:01,,,
2026-02-21 23:11:01,,,
2026-02-21 23:15:01,,,
2026-02-21 23:16:01,,,
2026-02-21 23:26:01,,,16.827
2026-02-21 23:27:01,14.938,17.484,
2026-02-21 23:32:01,,,
2026-02-21 23:33:01,,,
2026-02-21 23:34:01,,,
2026-02-21 23:40:01,,,
2026-02-21 23:41:01,,,
2026-02-21 23:45:01,,,
2026-02-21 23:46:01,,,
2026-02-21 23:56:01,,,16.827
2026-02-21 23:57:01,14.312,17.422,
2026-02-22 00:02:01,,,
2026-02-22 00:03:01,,,
2026-02-22 00:04:01,,,
2026-02-22 00:10:01,,,
2026-02-22 00:11:01,,,
2026-02-22 00:15:01,,,
2026-02-22 00:16:01,,,
2026-02-22 00:26:01,,,16.827
2026-02-22 00:27:01,13.936,17.297,
2026-02-22 00:32:01,,,
2026-02-22 00:33:01,,,
2026-02-22 00:34:01,,,
2026-02-22 00:40:01,,,
2026-02-22 00:41:01,,,
2026-02-22 00:45:01,,,
2026-02-22 00:46:01,,,
2026-02-22 00:56:01,,,16.827
2026-02-22 00:57:01,13.748,17.234,
2026-02-22 01:02:01,,,
2026-02-22 01:03:01,,,
2026-02-22 01:04:01,,,
2026-02-22 01:10:01,,,
2026-02-22 01:11:01,,,
2026-02-22 01:15:01,,,
2026-02-22 01:16:01,,,
2026-02-22 01:26:01,,,16.827
2026-02-22 01:27:01,13.685,17.109,
2026-02-22 01:32:01,,,
2026-02-22 01:33:01,,,
2026-02-22 01:34:01,,,
2026-02-22 01:40:01,,,
2026-02-22 01:41:01,,,
2026-02-22 01:45:01,,,
2026-02-22 01:46:01,,,
2026-02-22 01:56:01,,,16.827
2026-02-22 01:57:01,14.061,16.983,
2026-02-22 02:02:01,,,
2026-02-22 02:03:01,,,
2026-02-22 02:04:01,,,
2026-02-22 02:10:01,,,
2026-02-22 02:11:01,,,
2026-02-22 02:15:01,,,
2026-02-22 02:16:01,,,
2026-02-22 02:26:01,,,16.827
2026-02-22 02:27:01,13.811,16.921,
2026-02-22 02:32:01,,,
2026-02-22 02:33:01,,,
2026-02-22 02:34:01,,,
2026-02-22 02:40:01,,,
2026-02-22 02:41:01,,,
2026-02-22 02:45:01,,,
2026-02-22 02:46:01,,,
2026-02-22 02:56:01,,,16.827
2026-02-22 02:57:01,13.309,16.795,
2026-02-22 03:02:01,,,
2026-02-22 03:03:01,,,
2026-02-22 03:04:01,,,
2026-02-22 03:10:01,,,
2026-02-22 03:11:01,,,
2026-02-22 03:15:01,,,
2026-02-22 03:16:01,,,
2026-02-22 03:26:01,,,16.827
2026-02-22 03:27:01,12.996,16.733,
2026-02-22 03:32:01,,,
2026-02-22 03:33:01,,,
2026-02-22 03:34:01,,,
2026-02-22 03:40:01,,,
2026-02-22 03:41:01,,,
2026-02-22 03:45:01,,,
2026-02-22 03:46:01,,,
2026-02-22 03:56:01,,,16.827
2026-02-22 03:57:01,12.933,16.607,
2026-02-22 04:02:01,,,
2026-02-22 04:03:01,,,
2026-02-22 04:04:01,,,
2026-02-22 04:10:01,,,
2026-02-22 04:11:01,,,
2026-02-22 04:15:01,,,
2026-02-22 04:16:01,,,
2026-02-22 04:26:01,,,16.764
2026-02-22 04:27:01,13.309,16.482,
2026-02-22 04:32:01,,,
2026-02-22 04:33:01,,,
2026-02-22 04:34:01,,,
2026-02-22 04:40:01,,,
2026-02-22 04:41:01,,,
2026-02-22 04:45:01,,,
2026-02-22 04:46:01,,,
2026-02-22 04:56:01,,,16.764
2026-02-22 04:57:01,13.372,16.419,
2026-02-22 05:02:01,,,
2026-02-22 05:03:01,,,
2026-02-22 05:04:01,,,
2026-02-22 05:10:01,,,
2026-02-22 05:11:01,,,
2026-02-22 05:15:01,,,
2026-02-22 05:16:01,,,
2026-02-22 05:26:01,,,16.764
2026-02-22 05:27:01,13.435,16.294,
2026-02-22 05:32:01,,,
2026-02-22 05:33:01,,,
2026-02-22 05:34:01,,,
2026-02-22 05:40:01,,,
2026-02-22 05:41:01,,,
2026-02-22 05:45:01,,,
2026-02-22 05:46:01,,,
2026-02-22 05:56:01,,,16.764
2026-02-22 05:57:01,13.873,16.169,
2026-02-22 06:02:01,,,
2026-02-22 06:03:01,,,
2026-02-22 06:04:01,,,
2026-02-22 06:10:01,,,
2026-02-22 06:11:01,,,
2026-02-22 06:15:01,,,
2026-02-22 06:16:01,,,
2026-02-22 06:26:01,,,16.702
2026-02-22 06:27:01,14.061,16.106,
2026-02-22 06:32:01,,,
2026-02-22 06:33:01,,,
2026-02-22 06:34:01,,,
2026-02-22 06:40:01,,,
2026-02-22 06:41:01,,,
2026-02-22 06:45:01,,,
2026-02-22 06:46:01,,,
2026-02-22 06:56:01,,,16.702
2026-02-22 06:57:01,13.56,15.981,
2026-02-22 07:02:01,,,
2026-02-22 07:03:01,,,
2026-02-22 07:04:01,,,
2026-02-22 07:10:01,,,
2026-02-22 07:11:01,,,
2026-02-22 07:15:01,,,
2026-02-22 07:16:01,,,
2026-02-22 07:26:01,,,16.702
2026-02-22 07:27:01,13.309,15.918,
2026-02-22 07:32:01,,,
2026-02-22 07:33:01,,,
2026-02-22 07:34:01,,,
2026-02-22 07:40:01,,,
2026-02-22 07:41:01,,,
2026-02-22 07:45:01,,,
2026-02-22 07:46:01,,,
2026-02-22 07:56:01,,,16.639
2026-02-22 07:57:01,13.372,15.793,
2026-02-22 08:02:01,,,
2026-02-22 08:03:01,,,
2026-02-22 08:04:01,,,
2026-02-22 08:10:01,,,
2026-02-22 08:11:01,,,
2026-02-22 08:15:01,,,
2026-02-22 08:16:01,,,
2026-02-22 08:26:01,,,16.639
2026-02-22 08:27:01,13.309,15.73,
2026-02-22 08:32:01,,,
2026-02-22 08:33:01,,,
2026-02-22 08:34:01,,,
2026-02-22 08:40:01,,,
2026-02-22 08:41:01,,,
2026-02-22 08:45:01,,,
2026-02-22 08:46:01,,,
2026-02-22 08:56:01,,,16.576
2026-02-22 08:57:01,13.121,15.605,
2026-02-22 09:02:01,,,
2026-02-22 09:03:01,,,
2026-02-22 09:04:01,,,
2026-02-22 09:10:01,,,
2026-02-22 09:11:01,,,
2026-02-22 09:15:01,,,
2026-02-22 09:16:01,,,
2026-02-22 09:26:01,,,16.576
2026-02-22 09:27:01,13.309,15.542,
2026-02-22 09:32:01,,,
2026-02-22 09:33:01,,,
2026-02-22 09:34:01,,,
2026-02-22 09:40:01,,,
2026-02-22 09:41:01,,,
2026-02-22 09:45:01,,,
2026-02-22 09:46:01,,,
2026-02-22 09:56:01,,,16.576
2026-02-22 09:57:01,14.813,15.479,
2026-02-22 10:02:01,,,
2026-02-22 10:03:01,,,
2026-02-22 10:04:01,,,
2026-02-22 10:10:01,,,
2026-02-22 10:11:01,,,
2026-02-22 10:15:01,,,
2026-02-22 10:16:01,,,
2026-02-22 10:26:01,,,16.513
2026-02-22 10:27:01,16.066,15.417,
2026-02-22 10:32:01,,,
2026-02-22 10:33:01,,,
2026-02-22 10:34:01,,,
2026-02-22 10:40:01,,,
2026-02-22 10:41:01,,,
2026-02-22 10:45:01,,,
2026-02-22 10:46:01,,,
2026-02-22 10:56:01,,,16.513
2026-02-22 10:57:01,17.694,15.291,
2026-02-22 11:02:01,,,
2026-02-22 11:03:01,,,
2026-02-22 11:04:01,,,
2026-02-22 11:10:01,,,
2026-02-22 11:11:01,,,
2026-02-22 11:15:01,,,
2026-02-22 11:16:01,,,
2026-02-22 11:26:01,,,16.513
2026-02-22 11:27:01,18.946,15.291,
2026-02-22 11:32:01,,,
2026-02-22 11:33:01,,,
2026-02-22 11:34:01,,,
2026-02-22 11:40:01,,,
2026-02-22 11:41:01,,,
2026-02-22 11:45:01,,,
2026-02-22 11:46:01,,,
2026-02-22 11:56:01,,,16.451
2026-02-22 11:57:01,20.197,15.229,
2026-02-22 12:02:01,,,
2026-02-22 12:03:01,,,
2026-02-22 12:04:01,,,
2026-02-22 12:10:01,,,
2026-02-22 12:11:01,,,
2026-02-22 12:15:01,,,
2026-02-22 12:16:01,,,
2026-02-22 12:26:01,,,16.451
2026-02-22 12:27:01,22.512,15.229,
2026-02-22 12:32:01,,,
2026-02-22 12:33:01,,,
2026-02-22 12:34:01,,,
2026-02-22 12:40:01,,,
2026-02-22 12:41:01,,,
2026-02-22 12:45:01,,,
2026-02-22 12:46:01,,,
2026-02-22 12:56:01,,,16.451
2026-02-22 12:57:01,23.763,15.229,
2026-02-22 13:02:01,,,
2026-02-22 13:03:01,,,
2026-02-22 13:04:01,,,
2026-02-22 13:10:01,,,
2026-02-22 13:11:01,,,
2026-02-22 13:15:01,,,
2026-02-22 13:16:01,,,
2026-02-22 13:26:01,,,16.451
2026-02-22 13:27:01,25.201,15.229,
2026-02-22 13:32:01,,,
2026-02-22 13:33:01,,,
2026-02-22 13:34:01,,,
2026-02-22 13:40:01,,,
2026-02-22 13:41:01,,,
2026-02-22 13:45:01,,,
2026-02-22 13:46:01,,,
2026-02-22 13:56:01,,,16.388
2026-02-22 13:57:01,26.326,15.291,
2026-02-22 14:02:01,,,
2026-02-22 14:03:01,,,
2026-02-22 14:04:01,,,
2026-02-22 14:10:01,,,
2026-02-22 14:11:01,,,
2026-02-22 14:15:01,,,
2026-02-22 14:16:01,,,
2026-02-22 14:26:01,,,16.388
2026-02-22 14:27:01,28.888,15.417,
2026-02-22 14:32:01,,,
2026-02-22 14:33:01,,,
2026-02-22 14:34:01,,,
2026-02-22 14:40:01,,,
2026-02-22 14:41:01,,,
2026-02-22 14:45:01,,,
2026-02-22 14:46:01,,,
2026-02-22 14:56:01,,,16.388
2026-02-22 14:57:01,27.951,15.542,
2026-02-22 15:02:01,,,
2026-02-22 15:03:01,,,
2026-02-22 15:04:01,,,
2026-02-22 15:10:01,,,
2026-02-22 15:11:01,,,
2026-02-22 15:15:01,,,
2026-02-22 15:16:01,,,
2026-02-22 15:26:01,,,16.388
2026-02-22 15:27:01,27.139,15.73,
2026-02-22 15:32:01,,,
2026-02-22 15:33:01,,,
2026-02-22 15:34:01,,,
2026-02-22 15:40:01,,,
2026-02-22 15:41:01,,,
2026-02-22 15:45:01,,,
2026-02-22 15:46:01,,,
2026-02-22 15:56:01,,,16.388
2026-02-22 15:57:01,26.951,15.918,
2026-02-22 16:02:01,,,
2026-02-22 16:03:01,,,
2026-02-22 16:04:01,,,
2026-02-22 16:10:01,,,
2026-02-22 16:11:01,,,
2026-02-22 16:15:01,,,
2026-02-22 16:16:01,,,
2026-02-22 16:26:01,,,16.388
2026-02-22 16:27:01,26.514,16.169,
2026-02-22 16:32:01,,,
2026-02-22 16:33:01,,,
2026-02-22 16:34:01,,,
2026-02-22 16:40:01,,,
2026-02-22 16:41:01,,,
2026-02-22 16:45:01,,,
2026-02-22 16:46:01,,,
2026-02-22 16:56:01,,,16.388
2026-02-22 16:57:01,25.826,16.419,
2026-02-22 17:02:01,,,
2026-02-22 17:03:01,,,
2026-02-22 17:04:01,,,
2026-02-22 17:10:01,,,
2026-02-22 17:11:01,,,
2026-02-22 17:15:01,,,
2026-02-22 17:16:01,,,
2026-02-22 17:26:01,,,16.388
2026-02-22 17:27:01,24.826,16.607,
2026-02-22 17:32:01,,,
2026-02-22 17:33:01,,,
2026-02-22 17:34:01,,,
2026-02-22 17:40:01,,,
2026-02-22 17:41:01,,,
2026-02-22 17:45:01,,,
2026-02-22 17:46:01,,,
2026-02-22 17:56:01,,,16.451
2026-02-22 17:57:01,23.701,16.858,
2026-02-22 18:02:01,,,
2026-02-22 18:03:01,,,
2026-02-22 18:04:01,,,
2026-02-22 18:10:01,,,
2026-02-22 18:11:01,,,
2026-02-22 18:15:01,,,
2026-02-22 18:16:01,,,
2026-02-22 18:26:01,,,16.451
2026-02-22 18:27:01,22.575,17.109,
2026-02-22 18:32:01,,,
2026-02-22 18:33:01,,,
2026-02-22 18:34:01,,,
2026-02-22 18:40:01,,,
2026-02-22 18:41:01,,,
2026-02-22 18:45:01,,,
2026-02-22 18:46:01,,,
2026-02-22 18:56:01,,,16.513
2026-02-22 18:57:01,21.574,17.297,
2026-02-22 19:02:01,,,
2026-02-22 19:03:01,,,
2026-02-22 19:04:01,,,
2026-02-22 19:10:01,,,
2026-02-22 19:11:01,,,
2026-02-22 19:15:01,,,
2026-02-22 19:16:01,,,
2026-02-22 19:26:01,,,16.513
2026-02-22 19:27:01,20.761,17.422,
2026-02-22 19:32:01,,,
2026-02-22 19:33:01,,,
2026-02-22 19:34:01,,,
2026-02-22 19:40:01,,,
2026-02-22 19:41:01,,,
2026-02-22 19:45:01,,,
2026-02-22 19:46:01,,,
2026-02-22 19:56:01,,,16.576
2026-02-22 19:57:01,20.448,17.547,
2026-02-22 20:02:01,,,
2026-02-22 20:03:01,,,
2026-02-22 20:04:01,,,
2026-02-22 20:10:01,,,
2026-02-22 20:11:01,,,
2026-02-22 20:15:01,,,
2026-02-22 20:16:01,,,
2026-02-22 20:26:01,,,16.576
2026-02-22 20:27:01,20.01,17.672,
2026-02-22 20:32:01,,,
2026-02-22 20:33:01,,,
2026-02-22 20:34:01,,,
2026-02-22 20:40:01,,,
2026-02-22 20:41:01,,,
2026-02-22 20:45:01,,,
2026-02-22 20:46:01,,,
2026-02-22 20:56:01,,,16.639
2026-02-22 20:57:01,19.759,17.735,
2026-02-22 21:02:01,,,
2026-02-22 21:03:01,,,
2026-02-22 21:04:01,,,
2026-02-22 21:10:01,,,
2026-02-22 21:11:01,,,
2026-02-22 21:15:01,,,
2026-02-22 21:16:01,,,
2026-02-22 21:26:01,,,16.702
2026-02-22 21:27:01,19.572,17.735,
2026-02-22 21:32:01,,,
2026-02-22 21:33:01,,,
2026-02-22 21:34:01,,,
2026-02-22 21:40:01,,,
2026-02-22 21:41:01,,,
2026-02-22 21:45:01,,,
2026-02-22 21:46:01,,,
2026-02-22 21:56:01,,,16.702
2026-02-22 21:57:01,19.008,17.735,
2026-02-22 22:02:01,,,
2026-02-22 22:03:01,,,
2026-02-22 22:04:01,,,
2026-02-22 22:10:01,,,
2026-02-22 22:11:01,,,
2026-02-22 22:15:01,,,
2026-02-22 22:16:01,,,
2026-02-22 22:26:01,,,16.764
2026-02-22 22:27:01,18.069,17.672,
2026-02-22 22:32:01,,,
2026-02-22 22:33:01,,,
2026-02-22 22:34:01,,,
2026-02-22 22:40:01,,,
2026-02-22 22:41:01,,,
2026-02-22 22:45:01,,,
2026-02-22 22:46:01,,,
2026-02-22 22:56:01,,,16.764
2026-02-22 22:57:01,17.193,17.61,
2026-02-22 23:02:01,,,
2026-02-22 23:03:01,,,
2026-02-22 23:04:01,,,
2026-02-22 23:10:01,,,
2026-02-22 23:11:01,,,
2026-02-22 23:15:01,,,
2026-02-22 23:16:01,,,
2026-02-22 23:26:01,,,16.827
2026-02-22 23:27:01,16.316,17.547,
2026-02-22 23:32:01,,,
2026-02-22 23:33:01,,,
2026-02-22 23:34:01,,,
2026-02-22 23:40:01,,,
2026-02-22 23:41:01,,,
2026-02-22 23:45:01,,,
2026-02-22 23:46:01,,,
2026-02-22 23:56:01,,,16.827
2026-02-22 23:57:01,15.627,17.484,
2026-02-23 00:02:01,,,
2026-02-23 00:03:01,,,
2026-02-23 00:04:01,,,
2026-02-23 00:10:01,,,
2026-02-23 00:11:01,,,
2026-02-23 00:15:01,,,
2026-02-23 00:16:01,,,
2026-02-23 00:26:01,,,16.827
2026-02-23 00:27:01,15.064,17.422,
2026-02-23 00:32:01,,,
2026-02-23 00:33:01,,,
2026-02-23 00:34:01,,,
2026-02-23 00:40:01,,,
2026-02-23 00:41:01,,,
2026-02-23 00:45:01,,,
2026-02-23 00:46:01,,,
2026-02-23 00:56:01,,,16.827
2026-02-23 00:57:01,14.625,17.297,
2026-02-23 01:02:01,,,
2026-02-23 01:03:01,,,
2026-02-23 01:04:01,,,
2026-02-23 01:10:01,,,
2026-02-23 01:11:01,,,
2026-02-23 01:15:01,,,
2026-02-23 01:16:01,,,
2026-02-23 01:26:01,,,16.827
2026-02-23 01:27:01,14.374,17.234,
2026-02-23 01:32:01,,,
2026-02-23 01:33:01,,,
2026-02-23 01:34:01,,,
2026-02-23 01:40:01,,,
2026-02-23 01:41:01,,,
2026-02-23 01:45:01,,,
2026-02-23 01:46:01,,,
2026-02-23 01:56:01,,,16.89
2026-02-23 01:57:01,14.187,17.171,
2026-02-23 02:02:01,,,
2026-02-23 02:03:01,,,
2026-02-23 02:04:01,,,
2026-02-23 02:10:01,,,
2026-02-23 02:11:01,,,
2026-02-23 02:15:01,,,
2026-02-23 02:16:01,,,
2026-02-23 02:26:01,,,16.827
2026-02-23 02:27:01,14.124,17.046,
2026-02-23 02:32:01,,,
2026-02-23 02:33:01,,,
2026-02-23 02:34:01,,,
2026-02-23 02:40:01,,,
2026-02-23 02:41:01,,,
2026-02-23 02:45:01,,,
2026-02-23 02:46:01,,,
2026-02-23 02:56:01,,,16.827
2026-02-23 02:57:01,14.562,16.983,
2026-02-23 03:02:01,,,
2026-02-23 03:03:01,,,
2026-02-23 03:04:01,,,
2026-02-23 03:10:01,,,
2026-02-23 03:11:01,,,
2026-02-23 03:15:01,,,
2026-02-23 03:16:01,,,
2026-02-23 03:26:01,,,16.827
2026-02-23 03:27:01,14.249,16.858,
2026-02-23 03:32:01,,,
2026-02-23 03:33:01,,,
2026-02-23 03:34:01,,,
2026-02-23 03:40:01,,,
2026-02-23 03:41:01,,,
2026-02-23 03:45:01,,,
2026-02-23 03:46:01,,,
2026-02-23 03:56:01,,,16.827
2026-02-23 03:57:01,13.685,16.795,
2026-02-23 04:02:01,,,
2026-02-23 04:03:01,,,
2026-02-23 04:04:01,,,
2026-02-23 04:10:01,,,
2026-02-23 04:11:01,,,
2026-02-23 04:15:01,,,
2026-02-23 04:16:01,,,
2026-02-23 04:26:01,,,16.827
2026-02-23 04:27:01,13.435,16.67,
2026-02-23 04:32:01,,,
2026-02-23 04:33:01,,,
2026-02-23 04:34:01,,,
2026-02-23 04:40:01,,,
2026-02-23 04:41:01,,,
2026-02-23 04:45:01,,,
2026-02-23 04:46:01,,,
2026-02-23 04:56:01,,,16.827
2026-02-23 04:57:01,13.873,16.607,
2026-02-23 05:02:01,,,
2026-02-23 05:03:01,,,
2026-02-23 05:04:01,,,
2026-02-23 05:10:01,,,
2026-02-23 05:11:01,,,
2026-02-23 05:15:01,,,
2026-02-23 05:16:01,,,
2026-02-23 05:26:01,,,16.827
2026-02-23 05:27:01,14.312,16.545,
2026-02-23 05:32:01,,,
2026-02-23 05:33:01,,,
2026-02-23 05:34:01,,,
2026-02-23 05:40:01,,,
2026-02-23 05:41:01,,,
2026-02-23 05:45:01,,,
2026-02-23 05:46:01,,,
2026-02-23 05:56:01,,,16.764
2026-02-23 05:57:01,14.249,16.419,
2026-02-23 06:02:01,,,
2026-02-23 06:03:01,,,
2026-02-23 06:04:01,,,
2026-02-23 06:10:01,,,
2026-02-23 06:11:01,,,
2026-02-23 06:15:01,,,
2026-02-23 06:16:01,,,
2026-02-23 06:26:01,,,16.764
2026-02-23 06:27:01,14.249,16.357,
2026-02-23 06:32:01,,,
2026-02-23 06:33:01,,,
2026-02-23 06:34:01,,,
2026-02-23 06:40:01,,,
2026-02-23 06:41:01,,,
2026-02-23 06:45:01,,,
2026-02-23 06:46:01,,,
2026-02-23 06:56:01,,,16.764
2026-02-23 06:57:01,14.374,16.294,
2026-02-23 07:02:01,,,
2026-02-23 07:03:01,,,
2026-02-23 07:04:01,,,
2026-02-23 07:10:01,,,
2026-02-23 07:11:01,,,
2026-02-23 07:15:01,,,
2026-02-23 07:16:01,,,
2026-02-23 07:26:01,,,16.764
2026-02-23 07:27:01,14.249,16.169,
2026-02-23 07:32:01,,,
2026-02-23 07:33:01,,,
2026-02-23 07:34:01,,,
2026-02-23 07:40:01,,,
2026-02-23 07:41:01,,,
2026-02-23 07:45:01,,,
2026-02-23 07:46:01,,,
2026-02-23 07:56:01,,,16.702
2026-02-23 07:57:01,14.187,16.106,
2026-02-23 08:02:01,,,
2026-02-23 08:03:01,,,
2026-02-23 08:04:01,,,
2026-02-23 08:10:01,,,
2026-02-23 08:11:01,,,
2026-02-23 08:15:01,,,
2026-02-23 08:16:01,,,
2026-02-23 08:26:01,,,16.702
2026-02-23 08:27:01,14.374,16.043,
2026-02-23 08:32:01,,,
2026-02-23 08:33:01,,,
2026-02-23 08:34:01,,,
2026-02-23 08:40:01,,,
2026-02-23 08:41:01,,,
2026-02-23 08:45:01,,,
2026-02-23 08:46:01,,,
2026-02-23 08:56:01,,,16.702
2026-02-23 08:57:01,14.249,15.918,
2026-02-23 09:02:01,,,
2026-02-23 09:03:01,,,
2026-02-23 09:04:01,,,
2026-02-23 09:10:01,,,
2026-02-23 09:11:01,,,
2026-02-23 09:15:01,,,
2026-02-23 09:16:01,,,
2026-02-23 09:26:01,,,16.702
2026-02-23 09:27:01,14.249,15.855,
2026-02-23 09:32:01,,,
2026-02-23 09:33:01,,,
2026-02-23 09:34:01,,,
2026-02-23 09:40:01,,,
2026-02-23 09:41:01,,,
2026-02-23 09:45:01,,,
2026-02-23 09:46:01,,,
2026-02-23 09:56:01,,,16.702
2026-02-23 09:57:01,15.377,15.793,
2026-02-23 10:02:01,,,
2026-02-23 10:03:01,,,
2026-02-23 10:04:01,,,
2026-02-23 10:10:01,,,
2026-02-23 10:11:01,,,
2026-02-23 10:15:01,,,
2026-02-23 10:16:01,,,
2026-02-23 10:26:01,,,16.639
2026-02-23 10:27:01,16.504,15.73,
2026-02-23 10:32:01,,,
2026-02-23 10:33:01,,,
2026-02-23 10:34:01,,,
2026-02-23 10:40:01,,,
2026-02-23 10:41:01,,,
2026-02-23 10:45:01,,,
2026-02-23 10:46:01,,,
2026-02-23 10:56:01,,,16.639
2026-02-23 10:57:01,17.756,15.667,
2026-02-23 11:02:01,,,
2026-02-23 11:03:01,,,
2026-02-23 11:04:01,,,
2026-02-23 11:10:01,,,
2026-02-23 11:11:01,,,
2026-02-23 11:15:01,,,
2026-02-23 11:16:01,,,
2026-02-23 11:26:01,,,16.639
2026-02-23 11:27:01,19.196,15.605,
2026-02-23 11:32:01,,,
2026-02-23 11:33:01,,,
2026-02-23 11:34:01,,,
2026-02-23 11:40:01,,,
2026-02-23 11:41:01,,,
2026-02-23 11:45:01,,,
2026-02-23 11:46:01,,,
2026-02-23 11:56:01,,,16.576
2026-02-23 11:57:01,20.761,15.542,
2026-02-23 12:02:01,,,
2026-02-23 12:03:01,,,
2026-02-23 12:04:01,,,
2026-02-23 12:10:01,,,
2026-02-23 12:11:01,,,
2026-02-23 12:15:01,,,
2026-02-23 12:16:01,,,
2026-02-23 12:26:01,,,16.576
2026-02-23 12:27:01,23.325,15.542,
2026-02-23 12:32:01,,,
2026-02-23 12:33:01,,,
2026-02-23 12:34:01,,,
2026-02-23 12:40:01,,,
2026-02-23 12:41:01,,,
2026-02-23 12:45:01,,,
2026-02-23 12:46:01,,,
2026-02-23 12:56:01,,,16.576
2026-02-23 12:57:01,24.263,15.542,
2026-02-23 13:02:01,,,
2026-02-23 13:03:01,,,
2026-02-23 13:04:01,,,
2026-02-23 13:10:01,,,
2026-02-23 13:11:01,,,
2026-02-23 13:15:01,,,
2026-02-23 13:16:01,,,
2026-02-23 13:26:01,,,16.576
2026-02-23 13:27:01,25.201,15.542,
2026-02-23 13:32:01,,,
2026-02-23 13:33:01,,,
2026-02-23 13:34:01,,,
2026-02-23 13:40:01,,,
2026-02-23 13:41:01,,,
2026-02-23 13:45:01,,,
2026-02-23 13:46:01,,,
2026-02-23 13:56:01,,,16.513
2026-02-23 13:57:01,26.514,15.605,
2026-02-23 14:02:01,,,
2026-02-23 14:03:01,,,
2026-02-23 14:04:01,,,
2026-02-23 14:10:01,,,
2026-02-23 14:11:01,,,
2026-02-23 14:15:01,,,
2026-02-23 14:16:01,,,
2026-02-23 14:26:01,,,16.513
2026-02-23 14:27:01,28.95,15.73,
2026-02-23 14:32:01,,,
2026-02-23 14:33:01,,,
2026-02-23 14:34:01,,,
2026-02-23 14:40:01,,,
2026-02-23 14:41:01,,,
2026-02-23 14:45:01,,,
2026-02-23 14:46:01,,,
2026-02-23 14:56:01,,,16.513
2026-02-23 14:57:01,27.951,15.855,
2026-02-23 15:02:01,,,
2026-02-23 15:03:01,,,
2026-02-23 15:04:01,,,
2026-02-23 15:10:01,,,
2026-02-23 15:11:01,,,
2026-02-23 15:15:01,,,
2026-02-23 15:16:01,,,
2026-02-23 15:26:01,,,16.513
2026-02-23 15:27:01,27.201,16.043,
2026-02-23 15:32:01,,,
2026-02-23 15:33:01,,,
2026-02-23 15:34:01,,,
2026-02-23 15:40:01,,,
2026-02-23 15:41:01,,,
2026-02-23 15:45:01,,,
2026-02-23 15:46:01,,,
2026-02-23 15:56:01,,,16.513
2026-02-23 15:57:01,26.889,16.231,
2026-02-23 16:02:01,,,
2026-02-23 16:03:01,,,
2026-02-23 16:04:01,,,
2026-02-23 16:10:01,,,
2026-02-23 16:11:01,,,
2026-02-23 16:15:01,,,
2026-02-23 16:16:01,,,
2026-02-23 16:26:01,,,16.513
2026-02-23 16:27:01,26.451,16.419,
2026-02-23 16:32:01,,,
2026-02-23 16:33:01,,,
2026-02-23 16:34:01,,,
2026-02-23 16:40:01,,,
2026-02-23 16:41:01,,,
2026-02-23 16:45:01,,,
2026-02-23 16:46:01,,,
2026-02-23 16:56:01,,,16.513
2026-02-23 16:57:01,25.701,16.67,
2026-02-23 17:02:01,,,
2026-02-23 17:03:01,,,
2026-02-23 17:04:01,,,
2026-02-23 17:10:01,,,
2026-02-23 17:11:01,,,
2026-02-23 17:15:01,,,
2026-02-23 17:16:01,,,
2026-02-23 17:26:01,,,16.513
2026-02-23 17:27:01,24.826,16.921,
2026-02-23 17:32:01,,,
2026-02-23 17:33:01,,,
2026-02-23 17:34:01,,,
2026-02-23 17:40:01,,,
2026-02-23 17:41:01,,,
2026-02-23 17:45:01,,,
2026-02-23 17:46:01,,,
2026-02-23 17:56:01,,,16.576
2026-02-23 17:57:01,23.701,17.171,
2026-02-23 18:02:01,,,
2026-02-23 18:03:01,,,
2026-02-23 18:04:01,,,
2026-02-23 18:10:01,,,
2026-02-23 18:11:01,,,
2026-02-23 18:15:01,,,
2026-02-23 18:16:01,,,
2026-02-23 18:26:01,,,16.576
2026-02-23 18:27:01,22.95,17.359,
2026-02-23 18:32:01,,,
2026-02-23 18:33:01,,,
2026-02-23 18:34:01,,,
2026-02-23 18:40:01,,,
2026-02-23 18:41:01,,,
2026-02-23 18:45:01,,,
2026-02-23 18:46:01,,,
2026-02-23 18:56:01,,,16.639
2026-02-23 18:57:01,22.2,17.547,
2026-02-23 19:02:01,,,
2026-02-23 19:03:01,,,
2026-02-23 19:04:01,,,
2026-02-23 19:10:01,,,
2026-02-23 19:11:01,,,
2026-02-23 19:15:01,,,
2026-02-23 19:16:01,,,
2026-02-23 19:26:01,,,16.639
2026-02-23 19:27:01,21.073,17.672,
2026-02-23 19:32:01,,,
2026-02-23 19:33:01,,,
2026-02-23 19:34:01,,,
2026-02-23 19:40:01,,,
2026-02-23 19:41:01,,,
2026-02-23 19:45:01,,,
2026-02-23 19:46:01,,,
2026-02-23 19:56:01,,,16.702
2026-02-23 19:57:01,20.385,17.798,
2026-02-23 20:02:01,,,
2026-02-23 20:03:01,,,
2026-02-23 20:04:01,,,
2026-02-23 20:10:01,,,
2026-02-23 20:11:01,,,
2026-02-23 20:15:01,,,
2026-02-23 20:16:01,,,
2026-02-23 20:26:01,,,16.702
2026-02-23 20:27:01,20.072,17.86,
2026-02-23 20:32:01,,,
2026-02-23 20:33:01,,,
2026-02-23 20:34:01,,,
2026-02-23 20:40:01,,,
2026-02-23 20:41:01,,,
2026-02-23 20:45:01,,,
2026-02-23 20:46:01,,,
2026-02-23 20:56:01,,,16.764
2026-02-23 20:57:01,19.947,17.923,
2026-02-23 21:02:01,,,
2026-02-23 21:03:01,,,
2026-02-23 21:04:01,,,
2026-02-23 21:10:01,,,
2026-02-23 21:11:01,,,
2026-02-23 21:15:01,,,
2026-02-23 21:16:01,,,
2026-02-23 21:26:01,,,16.827
2026-02-23 21:27:01,19.259,17.923,
2026-02-23 21:32:01,,,
2026-02-23 21:33:01,,,
2026-02-23 21:34:01,,,
2026-02-23 21:40:01,,,
2026-02-23 21:41:01,,,
2026-02-23 21:45:01,,,
2026-02-23 21:46:01,,,
2026-02-23 21:56:01,,,16.827
2026-02-23 21:57:01,18.32,17.86,
2026-02-23 22:02:01,,,
2026-02-23 22:03:01,,,
2026-02-23 22:04:01,,,
2026-02-23 22:10:01,,,
2026-02-23 22:11:01,,,
2026-02-23 22:15:01,,,
2026-02-23 22:16:01,,,
2026-02-23 22:26:01,,,16.89
2026-02-23 22:27:01,17.694,17.86,
2026-02-23 22:32:01,,,
2026-02-23 22:33:01,,,
2026-02-23 22:34:01,,,
2026-02-23 22:40:01,,,
2026-02-23 22:41:01,,,
2026-02-23 22:45:01,,,
2026-02-23 22:46:01,,,
2026-02-23 22:56:01,,,16.89
2026-02-23 22:57:01,16.942,17.798,
2026-02-23 23:02:01,,,
2026-02-23 23:03:01,,,
2026-02-23 23:04:01,,,
2026-02-23 23:10:01,,,
2026-02-23 23:11:01,,,
2026-02-23 23:15:01,,,
2026-02-23 23:16:01,,,
2026-02-23 23:26:01,,,16.952
2026-02-23 23:27:01,16.254,17.672,
2026-02-23 23:32:01,,,
2026-02-23 23:33:01,,,
2026-02-23 23:34:01,,,
2026-02-23 23:40:01,,,
2026-02-23 23:41:01,,,
2026-02-23 23:45:01,,,
2026-02-23 23:46:01,,,
2026-02-23 23:56:01,,,16.952
2026-02-23 23:57:01,15.627,17.61,
2026-02-24 00:02:01,,,
2026-02-24 00:03:01,,,
2026-02-24 00:04:01,,,
2026-02-24 00:10:01,,,
2026-02-24 00:11:01,,,
2026-02-24 00:15:01,,,
2026-02-24 00:16:01,,,
2026-02-24 00:26:01,,,16.952
2026-02-24 00:27:01,15.252,17.547,
2026-02-24 00:32:01,,,
2026-02-24 00:33:01,,,
2026-02-24 00:34:01,,,
2026-02-24 00:40:01,,,
2026-02-24 00:41:01,,,
2026-02-24 00:45:01,,,
2026-02-24 00:46:01,,,
2026-02-24 00:56:01,,,16.952
2026-02-24 00:57:01,14.813,17.422,
2026-02-24 01:02:01,,,
2026-02-24 01:03:01,,,
2026-02-24 01:04:01,,,
2026-02-24 01:10:01,,,
2026-02-24 01:11:01,,,
2026-02-24 01:15:01,,,
2026-02-24 01:16:01,,,
2026-02-24 01:26:01,,,16.952
2026-02-24 01:27:01,14.562,17.359,
2026-02-24 01:32:01,,,
2026-02-24 01:33:01,,,
2026-02-24 01:34:01,,,
2026-02-24 01:40:01,,,
2026-02-24 01:41:01,,,
2026-02-24 01:45:01,,,
2026-02-24 01:46:01,,,
2026-02-24 01:56:01,,,16.952
2026-02-24 01:57:01,14.187,17.234,
2026-02-24 02:02:01,,,
2026-02-24 02:03:01,,,
2026-02-24 02:04:01,,,
2026-02-24 02:10:01,,,
2026-02-24 02:11:01,,,
2026-02-24 02:15:01,,,
2026-02-24 02:16:01,,,
2026-02-24 02:26:01,,,16.952
2026-02-24 02:27:01,14.061,17.171,
2026-02-24 02:32:01,,,
2026-02-24 02:33:01,,,
2026-02-24 02:34:01,,,
2026-02-24 02:40:01,,,
2026-02-24 02:41:01,,,
2026-02-24 02:45:01,,,
2026-02-24 02:46:01,,,
2026-02-24 02:56:01,,,16.952
2026-02-24 02:57:01,13.811,17.046,
2026-02-24 03:02:01,,,
2026-02-24 03:03:01,,,
2026-02-24 03:04:01,,,
2026-02-24 03:10:01,,,
2026-02-24 03:11:01,,,
2026-02-24 03:15:01,,,
2026-02-24 03:16:01,,,
2026-02-24 03:26:01,,,16.952
2026-02-24 03:27:01,13.623,16.983,
2026-02-24 03:32:01,,,
2026-02-24 03:33:01,,,
2026-02-24 03:34:01,,,
2026-02-24 03:40:01,,,
2026-02-24 03:41:01,,,
2026-02-24 03:45:01,,,
2026-02-24 03:46:01,,,
2026-02-24 03:56:01,,,16.952
2026-02-24 03:57:01,13.748,16.858,
2026-02-24 04:02:01,,,
2026-02-24 04:03:01,,,
2026-02-24 04:04:01,,,
2026-02-24 04:10:01,,,
2026-02-24 04:11:01,,,
2026-02-24 04:15:01,,,
2026-02-24 04:16:01,,,
2026-02-24 04:26:01,,,16.952
2026-02-24 04:27:01,14.249,16.795,
2026-02-24 04:32:01,,,
2026-02-24 04:33:01,,,
2026-02-24 04:34:01,,,
2026-02-24 04:40:01,,,
2026-02-24 04:41:01,,,
2026-02-24 04:45:01,,,
2026-02-24 04:46:01,,,
2026-02-24 04:56:01,,,16.952
2026-02-24 04:57:01,14.688,16.67,
2026-02-24 05:02:01,,,
2026-02-24 05:03:01,,,
2026-02-24 05:04:01,,,
2026-02-24 05:10:01,,,
2026-02-24 05:11:01,,,
2026-02-24 05:15:01,,,
2026-02-24 05:16:01,,,
2026-02-24 05:26:01,,,16.89
2026-02-24 05:27:01,14.374,16.607,
2026-02-24 05:32:01,,,
2026-02-24 05:33:01,,,
2026-02-24 05:34:01,,,
2026-02-24 05:40:01,,,
2026-02-24 05:41:01,,,
2026-02-24 05:45:01,,,
2026-02-24 05:46:01,,,
2026-02-24 05:56:01,,,16.89
2026-02-24 05:57:01,14.124,16.482,
2026-02-24 06:02:01,,,
2026-02-24 06:03:01,,,
2026-02-24 06:04:01,,,
2026-02-24 06:10:01,,,
2026-02-24 06:11:01,,,
2026-02-24 06:15:01,,,
2026-02-24 06:16:01,,,
2026-02-24 06:26:01,,,16.89
2026-02-24 06:27:01,14.124,16.419,
2026-02-24 06:32:01,,,
2026-02-24 06:33:01,,,
2026-02-24 06:34:01,,,
2026-02-24 06:40:01,,,
2026-02-24 06:41:01,,,
2026-02-24 06:45:01,,,
2026-02-24 06:46:01,,,
2026-02-24 06:56:01,,,16.89
2026-02-24 06:57:01,13.936,16.294,
2026-02-24 07:02:01,,,
2026-02-24 07:03:01,,,
2026-02-24 07:04:01,,,
2026-02-24 07:10:01,,,
2026-02-24 07:11:01,,,
2026-02-24 07:15:01,,,
2026-02-24 07:16:01,,,
2026-02-24 07:26:01,,,16.89
2026-02-24 07:27:01,13.748,16.231,
2026-02-24 07:32:01,,,
2026-02-24 07:33:01,,,
2026-02-24 07:34:01,,,
2026-02-24 07:40:01,,,
2026-02-24 07:41:01,,,
2026-02-24 07:45:01,,,
2026-02-24 07:46:01,,,
2026-02-24 07:56:01,,,16.827
2026-02-24 07:57:01,13.873,16.169,
2026-02-24 08:02:01,,,
2026-02-24 08:03:01,,,
2026-02-24 08:04:01,,,
2026-02-24 08:10:01,,,
2026-02-24 08:11:01,,,
2026-02-24 08:15:01,,,
2026-02-24 08:16:01,,,
2026-02-24 08:26:01,,,16.827
2026-02-24 08:27:01,13.811,16.106,
2026-02-24 08:32:01,,,
2026-02-24 08:33:01,,,
2026-02-24 08:34:01,,,
2026-02-24 08:40:01,,,
2026-02-24 08:41:01,,,
2026-02-24 08:45:01,,,
2026-02-24 08:46:01,,,
2026-02-24 08:56:01,,,16.827
2026-02-24 08:57:01,13.748,15.981,
2026-02-24 09:02:01,,,
2026-02-24 09:03:01,,,
2026-02-24 09:04:01,,,
2026-02-24 09:10:01,,,
2026-02-24 09:11:01,,,
2026-02-24 09:15:01,,,
2026-02-24 09:16:01,,,
2026-02-24 09:26:01,,,16.827
2026-02-24 09:27:01,13.999,15.918,
2026-02-24 09:32:01,,,
2026-02-24 09:33:01,,,
2026-02-24 09:34:01,,,
2026-02-24 09:40:01,,,
2026-02-24 09:41:01,,,
2026-02-24 09:45:01,,,
2026-02-24 09:46:01,,,
2026-02-24 09:56:01,,,16.764
2026-02-24 09:57:01,15.314,15.855,
2026-02-24 10:02:01,,,
2026-02-24 10:03:01,,,
2026-02-24 10:04:01,,,
2026-02-24 10:10:01,,,
2026-02-24 10:11:01,,,
2026-02-24 10:15:01,,,
2026-02-24 10:16:01,,,
2026-02-24 10:26:01,,,16.764
2026-02-24 10:27:01,16.567,15.793,
2026-02-24 10:32:01,,,
2026-02-24 10:33:01,,,
2026-02-24 10:34:01,,,
2026-02-24 10:40:01,,,
2026-02-24 10:41:01,,,
2026-02-24 10:45:01,,,
2026-02-24 10:46:01,,,
2026-02-24 10:56:01,,,16.764
2026-02-24 10:57:01,18.007,15.73,
2026-02-24 11:02:01,,,
2026-02-24 11:03:01,,,
2026-02-24 11:04:01,,,
2026-02-24 11:10:01,,,
2026-02-24 11:11:01,,,
2026-02-24 11:15:01,,,
2026-02-24 11:16:01,,,
2026-02-24 11:26:01,,,16.702
2026-02-24 11:27:01,19.447,15.667,
2026-02-24 11:32:01,,,
2026-02-24 11:33:01,,,
2026-02-24 11:34:01,,,
2026-02-24 11:40:01,,,
2026-02-24 11:41:01,,,
2026-02-24 11:45:01,,,
2026-02-24 11:46:01,,,
2026-02-24 11:56:01,,,16.702
2026-02-24 11:57:01,20.886,15.667,
2026-02-24 12:02:01,,,
2026-02-24 12:03:01,,,
2026-02-24 12:04:01,,,
2026-02-24 12:10:01,,,
2026-02-24 12:11:01,,,
2026-02-24 12:15:01,,,
2026-02-24 12:16:01,,,
2026-02-24 12:26:01,,,16.702
2026-02-24 12:27:01,23.2,15.667,
2026-02-24 12:32:01,,,
2026-02-24 12:33:01,,,
2026-02-24 12:34:01,,,
2026-02-24 12:40:01,,,
2026-02-24 12:41:01,,,
2026-02-24 12:45:01,,,
2026-02-24 12:46:01,,,
2026-02-24 12:56:01,,,16.639
2026-02-24 12:57:01,24.388,15.667,
2026-02-24 13:02:01,,,
2026-02-24 13:03:01,,,
2026-02-24 13:04:01,,,
2026-02-24 13:10:01,,,
2026-02-24 13:11:01,,,
2026-02-24 13:15:01,,,
2026-02-24 13:16:01,,,
2026-02-24 13:26:01,,,16.639
2026-02-24 13:27:01,25.076,15.667,
2026-02-24 13:32:01,,,
2026-02-24 13:33:01,,,
2026-02-24 13:34:01,,,
2026-02-24 13:40:01,,,
2026-02-24 13:41:01,,,
2026-02-24 13:45:01,,,
2026-02-24 13:46:01,,,
2026-02-24 13:56:01,,,16.639
2026-02-24 13:57:01,26.201,15.73,
2026-02-24 14:02:01,,,
2026-02-24 14:03:01,,,
2026-02-24 14:04:01,,,
2026-02-24 14:10:01,,,
2026-02-24 14:11:01,,,
2026-02-24 14:15:01,,,
2026-02-24 14:16:01,,,
2026-02-24 14:26:01,,,16.639
2026-02-24 14:27:01,28.576,15.855,
2026-02-24 14:32:01,,,
2026-02-24 14:33:01,,,
2026-02-24 14:34:01,,,
2026-02-24 14:40:01,,,
2026-02-24 14:41:01,,,
2026-02-24 14:45:01,,,
2026-02-24 14:46:01,,,
2026-02-24 14:56:01,,,16.639
2026-02-24 14:57:01,27.826,15.981,
2026-02-24 15:02:01,,,
2026-02-24 15:03:01,,,
2026-02-24 15:04:01,,,
2026-02-24 15:10:01,,,
2026-02-24 15:11:01,,,
2026-02-24 15:15:01,,,
2026-02-24 15:16:01,,,
2026-02-24 15:26:01,,,16.639
2026-02-24 15:27:01,27.014,16.106,
2026-02-24 15:32:01,,,
2026-02-24 15:33:01,,,
2026-02-24 15:34:01,,,
2026-02-24 15:40:01,,,
2026-02-24 15:41:01,,,
2026-02-24 15:45:01,,,
2026-02-24 15:46:01,,,
2026-02-24 15:56:01,,,16.639
2026-02-24 15:57:01,26.826,16.294,
2026-02-24 16:02:01,,,
2026-02-24 16:03:01,,,
2026-02-24 16:04:01,,,
2026-02-24 16:10:01,,,
2026-02-24 16:11:01,,,
2026-02-24 16:15:01,,,
2026-02-24 16:16:01,,,
2026-02-24 16:26:01,,,16.639
2026-02-24 16:27:01,26.326,16.482,
2026-02-24 16:32:01,,,
2026-02-24 16:33:01,,,
2026-02-24 16:34:01,,,
2026-02-24 16:40:01,,,
2026-02-24 16:41:01,,,
2026-02-24 16:45:01,,,
2026-02-24 16:46:01,,,
2026-02-24 16:56:01,,,16.639
2026-02-24 16:57:01,25.639,16.733,
2026-02-24 17:02:01,,,
2026-02-24 17:03:01,,,
2026-02-24 17:04:01,,,
2026-02-24 17:10:01,,,
2026-02-24 17:11:01,,,
2026-02-24 17:15:01,,,
2026-02-24 17:16:01,,,
2026-02-24 17:26:01,,,16.639
2026-02-24 17:27:01,24.701,16.921,
2026-02-24 17:32:01,,,
2026-02-24 17:33:01,,,
2026-02-24 17:34:01,,,
2026-02-24 17:40:01,,,
2026-02-24 17:41:01,,,
2026-02-24 17:45:01,,,
2026-02-24 17:46:01,,,
2026-02-24 17:56:01,,,16.639
2026-02-24 17:57:01,23.513,17.171,
2026-02-24 18:02:01,,,
2026-02-24 18:03:01,,,
2026-02-24 18:04:01,,,
2026-02-24 18:10:01,,,
2026-02-24 18:11:01,,,
2026-02-24 18:15:01,,,
2026-02-24 18:16:01,,,
2026-02-24 18:26:01,,,16.702
2026-02-24 18:27:01,22.637,17.359,
2026-02-24 18:32:01,,,
2026-02-24 18:33:01,,,
2026-02-24 18:34:01,,,
2026-02-24 18:40:01,,,
2026-02-24 18:41:01,,,
2026-02-24 18:45:01,,,
2026-02-24 18:46:01,,,
2026-02-24 18:56:01,,,16.702
2026-02-24 18:57:01,21.699,17.484,
2026-02-24 19:02:01,,,
2026-02-24 19:03:01,,,
2026-02-24 19:04:01,,,
2026-02-24 19:10:01,,,
2026-02-24 19:11:01,,,
2026-02-24 19:15:01,,,
2026-02-24 19:16:01,,,
2026-02-24 19:26:01,,,16.764
2026-02-24 19:27:01,20.635,17.672,
2026-02-24 19:32:01,,,
2026-02-24 19:33:01,,,
2026-02-24 19:34:01,,,
2026-02-24 19:40:01,,,
2026-02-24 19:41:01,,,
2026-02-24 19:45:01,,,
2026-02-24 19:46:01,,,
2026-02-24 19:56:01,,,16.764
2026-02-24 19:57:01,19.634,17.735,
2026-02-24 20:02:01,,,
2026-02-24 20:03:01,,,
2026-02-24 20:04:01,,,
2026-02-24 20:10:01,,,
2026-02-24 20:11:01,,,
2026-02-24 20:15:01,,,
2026-02-24 20:16:01,,,
2026-02-24 20:26:01,,,16.827
2026-02-24 20:27:01,19.008,17.798,
2026-02-24 20:32:01,,,
2026-02-24 20:33:01,,,
2026-02-24 20:34:01,,,
2026-02-24 20:40:01,,,
2026-02-24 20:41:01,,,
2026-02-24 20:45:01,,,
2026-02-24 20:46:01,,,
2026-02-24 20:56:01,,,16.827
2026-02-24 20:57:01,19.321,17.86,
2026-02-24 21:02:01,,,
2026-02-24 21:03:01,,,
2026-02-24 21:04:01,,,
2026-02-24 21:10:01,,,
2026-02-24 21:11:01,,,
2026-02-24 21:15:01,,,
2026-02-24 21:16:01,,,
2026-02-24 21:26:01,,,16.89
2026-02-24 21:27:01,19.259,17.86,
2026-02-24 21:32:01,,,
2026-02-24 21:33:01,,,
2026-02-24 21:34:01,,,
2026-02-24 21:40:01,,,
2026-02-24 21:41:01,,,
2026-02-24 21:45:01,,,
2026-02-24 21:46:01,,,
2026-02-24 21:56:01,,,16.952
2026-02-24 21:57:01,18.633,17.86,
2026-02-24 22:02:01,,,
2026-02-24 22:03:01,,,
2026-02-24 22:04:01,,,
2026-02-24 22:10:01,,,
2026-02-24 22:11:01,,,
2026-02-24 22:15:01,,,
2026-02-24 22:16:01,,,
2026-02-24 22:26:01,,,16.952
2026-02-24 22:27:01,17.631,17.86,
2026-02-24 22:32:01,,,
2026-02-24 22:33:01,,,
2026-02-24 22:34:01,,,
2026-02-24 22:40:01,,,
2026-02-24 22:41:01,,,
2026-02-24 22:45:01,,,
2026-02-24 22:46:01,,,
2026-02-24 22:56:01,,,17.015
2026-02-24 22:57:01,16.567,17.798,
2026-02-24 23:02:01,,,
2026-02-24 23:03:01,,,
2026-02-24 23:04:01,,,
2026-02-24 23:10:01,,,
2026-02-24 23:11:01,,,
2026-02-24 23:15:01,,,
2026-02-24 23:16:01,,,
2026-02-24 23:26:01,,,17.015
2026-02-24 23:27:01,15.753,17.735,
2026-02-24 23:32:01,,,
2026-02-24 23:33:01,,,
2026-02-24 23:34:01,,,
2026-02-24 23:40:01,,,
2026-02-24 23:41:01,,,
2026-02-24 23:45:01,,,
2026-02-24 23:46:01,,,
2026-02-24 23:56:01,,,17.015
2026-02-24 23:57:01,15.126,17.672,
2026-02-25 00:02:01,,,
2026-02-25 00:03:01,,,
2026-02-25 00:04:01,,,
2026-02-25 00:10:01,,,
2026-02-25 00:11:01,,,
2026-02-25 00:15:01,,,
2026-02-25 00:16:01,,,
2026-02-25 00:26:01,,,17.078
2026-02-25 00:27:01,14.688,17.547,
2026-02-25 00:32:01,,,
2026-02-25 00:33:01,,,
2026-02-25 00:34:01,,,
2026-02-25 00:40:01,,,
2026-02-25 00:41:01,,,
2026-02-25 00:45:01,,,
2026-02-25 00:46:01,,,
2026-02-25 00:56:01,,,17.078
2026-02-25 00:57:01,14.312,17.484,
2026-02-25 01:02:01,,,
2026-02-25 01:03:01,,,
2026-02-25 01:04:01,,,
2026-02-25 01:10:01,,,
2026-02-25 01:11:01,,,
2026-02-25 01:15:01,,,
2026-02-25 01:16:01,,,
2026-02-25 01:26:01,,,17.078
2026-02-25 01:27:01,14.061,17.422,
2026-02-25 01:32:01,,,
2026-02-25 01:33:01,,,
2026-02-25 01:34:01,,,
2026-02-25 01:40:01,,,
2026-02-25 01:41:01,,,
2026-02-25 01:45:01,,,
2026-02-25 01:46:01,,,
2026-02-25 01:56:01,,,17.078
2026-02-25 01:57:01,13.873,17.297,
2026-02-25 02:02:01,,,
2026-02-25 02:03:01,,,
2026-02-25 02:04:01,,,
2026-02-25 02:10:01,,,
2026-02-25 02:11:01,,,
2026-02-25 02:15:01,,,
2026-02-25 02:16:01,,,
2026-02-25 02:26:01,,,17.078
2026-02-25 02:27:01,14.061,17.234,
2026-02-25 02:32:01,,,
2026-02-25 02:33:01,,,
2026-02-25 02:34:01,,,
2026-02-25 02:40:01,,,
2026-02-25 02:41:01,,,
2026-02-25 02:45:01,,,
2026-02-25 02:46:01,,,
2026-02-25 02:56:01,,,17.078
2026-02-25 02:57:01,14.625,17.171,
2026-02-25 03:02:01,,,
2026-02-25 03:03:01,,,
2026-02-25 03:04:01,,,
2026-02-25 03:10:01,,,
2026-02-25 03:11:01,,,
2026-02-25 03:15:01,,,
2026-02-25 03:16:01,,,
2026-02-25 03:26:01,,,17.078
2026-02-25 03:27:01,14.813,17.046,
2026-02-25 03:32:01,,,
2026-02-25 03:33:01,,,
2026-02-25 03:34:01,,,
2026-02-25 03:40:01,,,
2026-02-25 03:41:01,,,
2026-02-25 03:45:01,,,
2026-02-25 03:46:01,,,
2026-02-25 03:56:01,,,17.078
2026-02-25 03:57:01,14.813,16.983,
2026-02-25 04:02:01,,,
2026-02-25 04:03:01,,,
2026-02-25 04:04:01,,,
2026-02-25 04:10:01,,,
2026-02-25 04:11:01,,,
2026-02-25 04:15:01,,,
2026-02-25 04:16:01,,,
2026-02-25 04:26:01,,,17.015
2026-02-25 04:27:01,14.688,16.858,
2026-02-25 04:32:01,,,
2026-02-25 04:33:01,,,
2026-02-25 04:34:01,,,
2026-02-25 04:40:01,,,
2026-02-25 04:41:01,,,
2026-02-25 04:45:01,,,
2026-02-25 04:46:01,,,
2026-02-25 04:56:01,,,17.015
2026-02-25 04:57:01,14.5,16.795,
2026-02-25 05:02:01,,,
2026-02-25 05:03:01,,,
2026-02-25 05:04:01,,,
2026-02-25 05:10:01,,,
2026-02-25 05:11:01,,,
2026-02-25 05:15:01,,,
2026-02-25 05:16:01,,,
2026-02-25 05:26:01,,,17.015
2026-02-25 05:27:01,13.999,16.67,
2026-02-25 05:32:01,,,
2026-02-25 05:33:01,,,
2026-02-25 05:34:01,,,
2026-02-25 05:40:01,,,
2026-02-25 05:41:01,,,
2026-02-25 05:45:01,,,
2026-02-25 05:46:01,,,
2026-02-25 05:56:01,,,17.015
2026-02-25 05:57:01,13.811,16.607,
2026-02-25 06:02:01,,,
2026-02-25 06:03:01,,,
2026-02-25 06:04:01,,,
2026-02-25 06:10:01,,,
2026-02-25 06:11:01,,,
2026-02-25 06:15:01,,,
2026-02-25 06:16:01,,,
2026-02-25 06:26:01,,,16.952
2026-02-25 06:27:01,14.061,16.482,
2026-02-25 06:32:01,,,
2026-02-25 06:33:01,,,
2026-02-25 06:34:01,,,
2026-02-25 06:40:01,,,
2026-02-25 06:41:01,,,
2026-02-25 06:45:01,,,
2026-02-25 06:46:01,,,
2026-02-25 06:56:01,,,16.952
2026-02-25 06:57:01,14.437,16.419,
2026-02-25 07:02:01,,,
2026-02-25 07:03:01,,,
2026-02-25 07:04:01,,,
2026-02-25 07:10:01,,,
2026-02-25 07:11:01,,,
2026-02-25 07:15:01,,,
2026-02-25 07:16:01,,,
2026-02-25 07:26:01,,,16.952
2026-02-25 07:27:01,14.124,16.357,
2026-02-25 07:32:01,,,
2026-02-25 07:33:01,,,
2026-02-25 07:34:01,,,
2026-02-25 07:40:01,,,
2026-02-25 07:41:01,,,
2026-02-25 07:45:01,,,
2026-02-25 07:46:01,,,
2026-02-25 07:56:01,,,16.952
2026-02-25 07:57:01,13.873,16.231,
2026-02-25 08:02:01,,,
2026-02-25 08:03:01,,,
2026-02-25 08:04:01,,,
2026-02-25 08:10:01,,,
2026-02-25 08:11:01,,,
2026-02-25 08:15:01,,,
2026-02-25 08:16:01,,,
2026-02-25 08:26:01,,,16.89
2026-02-25 08:27:01,13.372,16.169,
2026-02-25 08:32:01,,,
2026-02-25 08:33:01,,,
2026-02-25 08:34:01,,,
2026-02-25 08:40:01,,,
2026-02-25 08:41:01,,,
2026-02-25 08:45:01,,,
2026-02-25 08:46:01,,,
2026-02-25 08:56:01,,,16.89
2026-02-25 08:57:01,13.121,16.106,
2026-02-25 09:02:01,,,
2026-02-25 09:03:01,,,
2026-02-25 09:04:01,,,
2026-02-25 09:10:01,,,
2026-02-25 09:11:01,,,
2026-02-25 09:15:01,,,
2026-02-25 09:16:01,,,
2026-02-25 09:26:01,,,16.89
2026-02-25 09:27:01,13.309,15.981,
2026-02-25 09:32:01,,,
2026-02-25 09:33:01,,,
2026-02-25 09:34:01,,,
2026-02-25 09:40:01,,,
2026-02-25 09:41:01,,,
2026-02-25 09:45:01,,,
2026-02-25 09:46:01,,,
2026-02-25 09:56:01,,,16.827
2026-02-25 09:57:01,14.813,15.918,
2026-02-25 10:02:01,,,
2026-02-25 10:03:01,,,
2026-02-25 10:04:01,,,
2026-02-25 10:10:01,,,
2026-02-25 10:11:01,,,
2026-02-25 10:15:01,,,
2026-02-25 10:16:01,,,
2026-02-25 10:26:01,,,16.827
2026-02-25 10:27:01,16.066,15.855,
2026-02-25 10:32:01,,,
2026-02-25 10:33:01,,,
2026-02-25 10:34:01,,,
2026-02-25 10:40:01,,,
2026-02-25 10:41:01,,,
2026-02-25 10:45:01,,,
2026-02-25 10:46:01,,,
2026-02-25 10:56:01,,,16.827
2026-02-25 10:57:01,17.443,15.793,
2026-02-25 11:02:01,,,
2026-02-25 11:03:01,,,
2026-02-25 11:04:01,,,
2026-02-25 11:10:01,,,
2026-02-25 11:11:01,,,
2026-02-25 11:15:01,,,
2026-02-25 11:16:01,,,
2026-02-25 11:26:01,,,16.827
2026-02-25 11:27:01,18.758,15.73,
2026-02-25 11:32:01,,,
2026-02-25 11:33:01,,,
2026-02-25 11:34:01,,,
2026-02-25 11:40:01,,,
2026-02-25 11:41:01,,,
2026-02-25 11:45:01,,,
2026-02-25 11:46:01,,,
2026-02-25 11:56:01,,,16.764
2026-02-25 11:57:01,20.197,15.667,
