time,temperature
1970-01-01 11:18:30.000011574,16.938
1970-01-01 11:18:30.006956019,16.875
1970-01-01 11:18:30.013900463,16.812
1970-01-01 11:18:30.020844907,16.812
1970-01-01 11:18:30.027789352,16.75
1970-01-01 11:18:30.034733796,16.687
1970-01-01 11:18:30.041678241,16.687
1970-01-01 11:18:30.048622685,16.624
1970-01-01 11:18:30.055567130,16.562
1970-01-01 11:18:30.062511574,16.562
1970-01-01 11:18:30.069456019,16.499
1970-01-01 11:18:30.076400463,16.499
1970-01-01 11:18:30.083344907,16.436
1970-01-01 11:18:30.090289352,16.436
1970-01-01 11:18:30.097233796,16.374
1970-01-01 11:18:30.104178241,16.311
1970-01-01 11:18:30.111122685,16.311
1970-01-01 11:18:30.118067130,16.248
1970-01-01 11:18:30.125011573,16.248
1970-01-01 11:18:30.131956019,16.186
1970-01-01 11:18:30.138900463,16.186
1970-01-01 11:18:30.145844907,16.123
1970-01-01 11:18:30.152789352,16.123
1970-01-01 11:18:30.159733796,16.06
1970-01-01 11:18:30.166678241,16.06
1970-01-01 11:18:30.173622685,15.998
1970-01-01 11:18:30.180567130,15.998
1970-01-01 11:18:30.187511574,15.935
1970-01-01 11:18:30.194456019,15.935
1970-01-01 11:18:30.201400463,15.872
1970-01-01 11:18:30.208344907,15.872
1970-01-01 11:18:30.215289352,15.81
1970-01-01 11:18:30.222233796,15.81
1970-01-01 11:18:30.229178241,15.747
1970-01-01 11:18:30.236122685,15.747
1970-01-01 11:18:30.243067130,15.747
1970-01-01 11:18:30.250011574,15.684
1970-01-01 11:18:30.256956018,15.684
1970-01-01 11:18:30.263900462,15.622
1970-01-01 11:18:30.270844907,15.622
1970-01-01 11:18:30.277789352,15.622
1970-01-01 11:18:30.284733796,15.559
1970-01-01 11:18:30.291678241,15.559
1970-01-01 11:18:30.298622685,15.559
1970-01-01 11:18:30.305567130,15.559
1970-01-01 11:18:30.312511574,15.496
1970-01-01 11:18:30.319456019,15.496
1970-01-01 11:18:30.326400463,15.496
1970-01-01 11:18:30.333344907,15.496
1970-01-01 11:18:30.340289352,15.496
1970-01-01 11:18:30.347233796,15.496
1970-01-01 11:18:30.354178241,15.496
1970-01-01 11:18:30.361122685,15.496
1970-01-01 11:18:30.368067130,15.496
1970-01-01 11:18:30.375011574,15.559
1970-01-01 11:18:30.381956019,15.559
1970-01-01 11:18:30.388900463,15.622
1970-01-01 11:18:30.395844907,15.622
1970-01-01 11:18:30.402789352,15.684
1970-01-01 11:18:30.409733796,15.747
1970-01-01 11:18:30.416678241,15.747
1970-01-01 11:18:30.423622685,15.81
1970-01-01 11:18:30.430567130,15.872
1970-01-01 11:18:30.437511574,15.935
1970-01-01 11:18:30.444456019,15.998
1970-01-01 11:18:30.451400463,16.06
1970-01-01 11:18:30.458344907,16.123
1970-01-01 11:18:30.465289352,16.186
1970-01-01 11:18:30.472233796,16.248
1970-01-01 11:18:30.479178241,16.374
1970-01-01 11:18:30.486122685,16.436
1970-01-01 11:18:30.493067130,16.499
1970-01-01 11:18:30.500011573,16.624
1970-01-01 11:18:30.506956019,16.687
1970-01-01 11:18:30.513900463,16.75
1970-01-01 11:18:30.520844906,16.875
1970-01-01 11:18:30.527789352,16.938
1970-01-01 11:18:30.534733796,17.063
1970-01-01 11:18:30.541678241,17.126
1970-01-01 11:18:30.548622685,17.188
1970-01-01 11:18:30.555567130,17.314
1970-01-01 11:18:30.562511574,17.376
1970-01-01 11:18:30.569456019,17.439
1970-01-01 11:18:30.576400463,17.502
1970-01-01 11:18:30.583344907,17.627
1970-01-01 11:18:30.590289352,17.69
1970-01-01 11:18:30.597233796,17.752
1970-01-01 11:18:30.604178241,17.815
1970-01-01 11:18:30.611122685,17.878
1970-01-01 11:18:30.618067130,18.003
1970-01-01 11:18:30.625011574,18.003
1970-01-01 11:18:30.631956019,18.066
1970-01-01 11:18:30.638900463,18.128
1970-01-01 11:18:30.645844907,18.191
1970-01-01 11:18:30.652789352,18.254
1970-01-01 11:18:30.659733796,18.254
1970-01-01 11:18:30.666678241,18.316
1970-01-01 11:18:30.673622685,18.379
1970-01-01 11:18:30.680567130,18.379
1970-01-01 11:18:30.687511574,18.441
1970-01-01 11:18:30.694456019,18.441
1970-01-01 11:18:30.701400463,18.441
1970-01-01 11:18:30.708344907,18.504
1970-01-01 11:18:30.715289352,18.504
1970-01-01 11:18:30.722233796,18.504
1970-01-01 11:18:30.729178241,18.567
1970-01-01 11:18:30.736122685,18.567
1970-01-01 11:18:30.743067130,18.567
1970-01-01 11:18:30.750011574,18.567
1970-01-01 11:18:30.756956019,18.504
1970-01-01 11:18:30.763900463,18.567
1970-01-01 11:18:30.770844907,18.504
1970-01-01 11:18:30.777789352,18.504
1970-01-01 11:18:30.784733796,18.504
1970-01-01 11:18:30.791678241,18.504
1970-01-01 11:18:30.798622685,18.504
1970-01-01 11:18:30.805567130,18.504
1970-01-01 11:18:30.812511574,18.441
1970-01-01 11:18:30.819456019,18.441
1970-01-01 11:18:30.826400463,18.441
1970-01-01 11:18:30.833344907,18.441
1970-01-01 11:18:30.840289352,18.379
1970-01-01 11:18:30.847233796,18.379
1970-01-01 11:18:30.854178241,18.379
1970-01-01 11:18:30.861122685,18.316
1970-01-01 11:18:30.868067130,18.316
1970-01-01 11:18:30.875011574,18.254
1970-01-01 11:18:30.881956019,18.254
1970-01-01 11:18:30.888900463,18.191
1970-01-01 11:18:30.895844907,18.191
1970-01-01 11:18:30.902789352,18.128
1970-01-01 11:18:30.909733796,18.128
1970-01-01 11:18:30.916678241,18.066
1970-01-01 11:18:30.923622685,18.066
1970-01-01 11:18:30.930567130,18.003
1970-01-01 11:18:30.937511574,17.94
1970-01-01 11:18:30.944456019,17.94
1970-01-01 11:18:30.951400463,17.878
1970-01-01 11:18:30.958344907,17.878
1970-01-01 11:18:30.965289352,17.815
1970-01-01 11:18:30.972233796,17.815
1970-01-01 11:18:30.979178241,17.752
1970-01-01 11:18:30.986122685,17.752
1970-01-01 11:18:30.993067130,17.69
1970-01-01 11:18:31.000011574,17.69
1970-01-01 11:18:31.006956019,17.627
1970-01-01 11:18:31.013900463,17.627
1970-01-01 11:18:31.020844907,17.564
1970-01-01 11:18:31.027789352,17.564
1970-01-01 11:18:31.034733796,17.502
1970-01-01 11:18:31.041678241,17.502
1970-01-01 11:18:31.048622685,17.502
1970-01-01 11:18:31.055567130,17.439
1970-01-01 11:18:31.062511574,17.439
1970-01-01 11:18:31.069456019,17.376
1970-01-01 11:18:31.076400463,17.376
1970-01-01 11:18:31.083344907,17.376
1970-01-01 11:18:31.090289352,17.314
1970-01-01 11:18:31.097233796,17.314
1970-01-01 11:18:31.104178241,17.314
1970-01-01 11:18:31.111122685,17.251
1970-01-01 11:18:31.118067130,17.251
1970-01-01 11:18:31.125011573,17.251
1970-01-01 11:18:31.131956019,17.188
1970-01-01 11:18:31.138900463,17.188
1970-01-01 11:18:31.145844907,17.188
1970-01-01 11:18:31.152789352,17.126
1970-01-01 11:18:31.159733796,17.126
1970-01-01 11:18:31.166678241,17.126
1970-01-01 11:18:31.173622685,17.063
1970-01-01 11:18:31.180567130,17.063
1970-01-01 11:18:31.187511574,17.063
1970-01-01 11:18:31.194456019,17.063
1970-01-01 11:18:31.201400463,17.0
1970-01-01 11:18:31.208344907,17.0
1970-01-01 11:18:31.215289352,17.0
1970-01-01 11:18:31.222233796,17.0
1970-01-01 11:18:31.229178241,16.938
1970-01-01 11:18:31.236122685,16.938
1970-01-01 11:18:31.243067130,16.938
1970-01-01 11:18:31.250011574,16.938
1970-01-01 11:18:31.256956018,16.938
1970-01-01 11:18:31.263900462,16.875
1970-01-01 11:18:31.270844907,16.875
1970-01-01 11:18:31.277789352,16.875
1970-01-01 11:18:31.284733796,16.875
1970-01-01 11:18:31.291678241,16.875
1970-01-01 11:18:31.298622685,16.875
1970-01-01 11:18:31.305567130,16.875
1970-01-01 11:18:31.312511574,16.875
1970-01-01 11:18:31.319456019,16.875
1970-01-01 11:18:31.326400463,16.875
1970-01-01 11:18:31.333344907,16.875
1970-01-01 11:18:31.340289352,16.875
1970-01-01 11:18:31.347233796,16.875
1970-01-01 11:18:31.354178241,16.875
1970-01-01 11:18:31.361122685,16.875
1970-01-01 11:18:31.368067130,16.875
1970-01-01 11:18:31.375011574,16.875
1970-01-01 11:18:31.381956019,16.938
1970-01-01 11:18:31.388900463,16.938
1970-01-01 11:18:31.395844907,16.938
1970-01-01 11:18:31.402789352,16.938
1970-01-01 11:18:31.409733796,16.938
1970-01-01 11:18:31.416678241,16.938
1970-01-01 11:18:31.423622685,17.0
1970-01-01 11:18:31.430567130,17.0
1970-01-01 11:18:31.437511574,17.0
1970-01-01 11:18:31.444456019,17.0
1970-01-01 11:18:31.451400463,17.0
1970-01-01 11:18:31.458344907,17.063
1970-01-01 11:18:31.465289352,17.063
1970-01-01 11:18:31.472233796,17.063
1970-01-01 11:18:31.479178241,17.063
1970-01-01 11:18:31.486122685,17.126
1970-01-01 11:18:31.493067130,17.126
1970-01-01 11:18:31.500011573,17.126
1970-01-01 11:18:31.506956019,17.126
1970-01-01 11:18:31.513900463,17.126
1970-01-01 11:18:31.520844906,17.188
1970-01-01 11:18:31.527789352,17.188
1970-01-01 11:18:31.534733796,17.188
1970-01-01 11:18:31.541678241,17.188
1970-01-01 11:18:31.548622685,17.251
1970-01-01 11:18:31.555567130,17.251
1970-01-01 11:18:31.562511574,17.314
1970-01-01 11:18:31.569456019,17.376
1970-01-01 11:18:31.576400463,17.439
1970-01-01 11:18:31.583344907,17.502
1970-01-01 11:18:31.590289352,17.564
1970-01-01 11:18:31.597233796,17.627
1970-01-01 11:18:31.604178241,17.69
1970-01-01 11:18:31.611122685,17.752
1970-01-01 11:18:31.618067130,17.815
1970-01-01 11:18:31.625011574,17.878
1970-01-01 11:18:31.631956019,18.003
1970-01-01 11:18:31.638900463,18.066
1970-01-01 11:18:31.645844907,18.191
1970-01-01 11:18:31.652789352,18.254
1970-01-01 11:18:31.659733796,18.316
1970-01-01 11:18:31.666678241,18.316
1970-01-01 11:18:31.673622685,18.379
1970-01-01 11:18:31.680567130,18.441
1970-01-01 11:18:31.687511574,18.441
1970-01-01 11:18:31.694456019,18.441
1970-01-01 11:18:31.701400463,18.441
1970-01-01 11:18:31.708344907,18.441
1970-01-01 11:18:31.715289352,18.441
1970-01-01 11:18:31.722233796,18.441
1970-01-01 11:18:31.729178241,18.504
1970-01-01 11:18:31.736122685,18.504
1970-01-01 11:18:31.743067130,18.504
1970-01-01 11:18:31.750011574,18.504
1970-01-01 11:18:31.756956019,18.504
1970-01-01 11:18:31.763900463,18.504
1970-01-01 11:18:31.770844907,18.504
1970-01-01 11:18:31.777789352,18.504
1970-01-01 11:18:31.784733796,18.504
1970-01-01 11:18:31.791678241,18.504
1970-01-01 11:18:31.798622685,18.504
1970-01-01 11:18:31.805567130,18.504
1970-01-01 11:18:31.812511574,18.504
1970-01-01 11:18:31.819456019,18.504
1970-01-01 11:18:31.826400463,18.504
1970-01-01 11:18:31.833344907,18.504
1970-01-01 11:18:31.840289352,18.504
1970-01-01 11:18:31.847233796,18.504
1970-01-01 11:18:31.854178241,18.504
1970-01-01 11:18:31.861122685,18.441
1970-01-01 11:18:31.868067130,18.441
1970-01-01 11:18:31.875011574,18.441
1970-01-01 11:18:31.881956019,18.441
1970-01-01 11:18:31.888900463,18.379
1970-01-01 11:18:31.895844907,18.379
1970-01-01 11:18:31.902789352,18.316
1970-01-01 11:18:31.909733796,18.316
1970-01-01 11:18:31.916678241,18.316
1970-01-01 11:18:31.923622685,18.254
1970-01-01 11:18:31.930567130,18.254
1970-01-01 11:18:31.937511574,18.191
1970-01-01 11:18:31.944456019,18.191
1970-01-01 11:18:31.951400463,18.128
1970-01-01 11:18:31.958344907,18.128
1970-01-01 11:18:31.965289352,18.066
1970-01-01 11:18:31.972233796,18.066
1970-01-01 11:18:31.979178241,18.003
1970-01-01 11:18:31.986122685,18.003
1970-01-01 11:18:31.993067130,17.94
1970-01-01 11:18:32.000011574,17.94
1970-01-01 11:18:32.006956019,17.878
1970-01-01 11:18:32.013900463,17.815
1970-01-01 11:18:32.020844907,17.815
1970-01-01 11:18:32.027789352,17.752
1970-01-01 11:18:32.034733796,17.752
1970-01-01 11:18:32.041678241,17.69
1970-01-01 11:18:32.048622685,17.69
1970-01-01 11:18:32.055567130,17.627
1970-01-01 11:18:32.062511574,17.627
1970-01-01 11:18:32.069456019,17.564
1970-01-01 11:18:32.076400463,17.564
1970-01-01 11:18:32.083344907,17.502
1970-01-01 11:18:32.090289352,17.439
1970-01-01 11:18:32.097233796,17.439
1970-01-01 11:18:32.104178241,17.376
1970-01-01 11:18:32.111122685,17.376
1970-01-01 11:18:32.118067130,17.376
1970-01-01 11:18:32.125011573,17.314
1970-01-01 11:18:32.131956019,17.314
1970-01-01 11:18:32.138900463,17.251
1970-01-01 11:18:32.145844907,17.251
1970-01-01 11:18:32.152789352,17.188
1970-01-01 11:18:32.159733796,17.188
1970-01-01 11:18:32.166678241,17.126
1970-01-01 11:18:32.173622685,17.126
1970-01-01 11:18:32.180567130,17.063
1970-01-01 11:18:32.187511574,17.063
1970-01-01 11:18:32.194456019,17.063
1970-01-01 11:18:32.201400463,17.0
1970-01-01 11:18:32.208344907,17.0
1970-01-01 11:18:32.215289352,16.938
1970-01-01 11:18:32.222233796,16.938
1970-01-01 11:18:32.229178241,16.938
1970-01-01 11:18:32.236122685,16.875
1970-01-01 11:18:32.243067130,16.875
1970-01-01 11:18:32.250011574,16.875
1970-01-01 11:18:32.256956018,16.812
1970-01-01 11:18:32.263900462,16.812
1970-01-01 11:18:32.270844907,16.812
1970-01-01 11:18:32.277789352,16.812
1970-01-01 11:18:32.284733796,16.75
1970-01-01 11:18:32.291678241,16.75
1970-01-01 11:18:32.298622685,16.75
1970-01-01 11:18:32.305567130,16.75
1970-01-01 11:18:32.312511574,16.687
1970-01-01 11:18:32.319456019,16.687
1970-01-01 11:18:32.326400463,16.687
1970-01-01 11:18:32.333344907,16.687
1970-01-01 11:18:32.340289352,16.687
1970-01-01 11:18:32.347233796,16.687
1970-01-01 11:18:32.354178241,16.75
1970-01-01 11:18:32.361122685,16.75
1970-01-01 11:18:32.368067130,16.75
1970-01-01 11:18:32.375011574,16.75
1970-01-01 11:18:32.381956019,16.812
1970-01-01 11:18:32.388900463,16.812
1970-01-01 11:18:32.395844907,16.875
1970-01-01 11:18:32.402789352,16.875
1970-01-01 11:18:32.409733796,16.938
1970-01-01 11:18:32.416678241,16.938
1970-01-01 11:18:32.423622685,17.0
1970-01-01 11:18:32.430567130,17.063
1970-01-01 11:18:32.437511574,17.063
1970-01-01 11:18:32.444456019,17.126
1970-01-01 11:18:32.451400463,17.188
1970-01-01 11:18:32.458344907,17.188
1970-01-01 11:18:32.465289352,17.251
1970-01-01 11:18:32.472233796,17.314
1970-01-01 11:18:32.479178241,17.314
1970-01-01 11:18:32.486122685,17.376
1970-01-01 11:18:32.493067130,17.439
1970-01-01 11:18:32.500011573,17.502
1970-01-01 11:18:32.506956019,17.564
1970-01-01 11:18:32.513900463,17.69
1970-01-01 11:18:32.520844906,17.752
1970-01-01 11:18:32.527789352,17.815
1970-01-01 11:18:32.534733796,17.878
1970-01-01 11:18:32.541678241,18.003
1970-01-01 11:18:32.548622685,18.066
1970-01-01 11:18:32.555567130,18.128
1970-01-01 11:18:32.562511574,18.254
1970-01-01 11:18:32.569456019,18.316
1970-01-01 11:18:32.576400463,18.441
1970-01-01 11:18:32.583344907,18.504
1970-01-01 11:18:32.590289352,18.567
1970-01-01 11:18:32.597233796,18.629
1970-01-01 11:18:32.604178241,18.692
1970-01-01 11:18:32.611122685,18.817
1970-01-01 11:18:32.618067130,18.88
1970-01-01 11:18:32.625011574,18.943
1970-01-01 11:18:32.631956019,19.005
1970-01-01 11:18:32.638900463,19.068
1970-01-01 11:18:32.645844907,19.13
1970-01-01 11:18:32.652789352,19.13
1970-01-01 11:18:32.659733796,19.193
1970-01-01 11:18:32.666678241,19.193
1970-01-01 11:18:32.673622685,19.256
1970-01-01 11:18:32.680567130,19.318
1970-01-01 11:18:32.687511574,19.318
1970-01-01 11:18:32.694456019,19.318
1970-01-01 11:18:32.701400463,19.381
1970-01-01 11:18:32.708344907,19.381
1970-01-01 11:18:32.715289352,19.443
1970-01-01 11:18:32.722233796,19.443
1970-01-01 11:18:32.729178241,19.443
1970-01-01 11:18:32.736122685,19.443
1970-01-01 11:18:32.743067130,19.443
1970-01-01 11:18:32.750011574,19.443
1970-01-01 11:18:32.756956019,19.443
1970-01-01 11:18:32.763900463,19.443
1970-01-01 11:18:32.770844907,19.443
1970-01-01 11:18:32.777789352,19.381
1970-01-01 11:18:32.784733796,19.381
1970-01-01 11:18:32.791678241,19.381
1970-01-01 11:18:32.798622685,19.381
1970-01-01 11:18:32.805567130,19.381
1970-01-01 11:18:32.812511574,19.381
1970-01-01 11:18:32.819456019,19.318
1970-01-01 11:18:32.826400463,19.318
1970-01-01 11:18:32.833344907,19.318
1970-01-01 11:18:32.840289352,19.318
1970-01-01 11:18:32.847233796,19.318
1970-01-01 11:18:32.854178241,19.256
1970-01-01 11:18:32.861122685,19.256
1970-01-01 11:18:32.868067130,19.256
1970-01-01 11:18:32.875011574,19.193
1970-01-01 11:18:32.881956019,19.193
1970-01-01 11:18:32.888900463,19.193
1970-01-01 11:18:32.895844907,19.13
1970-01-01 11:18:32.902789352,19.13
1970-01-01 11:18:32.909733796,19.068
1970-01-01 11:18:32.916678241,19.068
1970-01-01 11:18:32.923622685,19.005
1970-01-01 11:18:32.930567130,18.943
1970-01-01 11:18:32.937511574,18.943
1970-01-01 11:18:32.944456019,18.88
1970-01-01 11:18:32.951400463,18.88
1970-01-01 11:18:32.958344907,18.817
1970-01-01 11:18:32.965289352,18.755
1970-01-01 11:18:32.972233796,18.755
1970-01-01 11:18:32.979178241,18.692
1970-01-01 11:18:32.986122685,18.629
1970-01-01 11:18:32.993067130,18.629
1970-01-01 11:18:33.000011574,18.567
1970-01-01 11:18:33.006956019,18.504
1970-01-01 11:18:33.013900463,18.441
1970-01-01 11:18:33.020844907,18.441
1970-01-01 11:18:33.027789352,18.379
1970-01-01 11:18:33.034733796,18.316
1970-01-01 11:18:33.041678241,18.254
1970-01-01 11:18:33.048622685,18.254
1970-01-01 11:18:33.055567130,18.191
1970-01-01 11:18:33.062511574,18.128
1970-01-01 11:18:33.069456019,18.066
1970-01-01 11:18:33.076400463,18.066
1970-01-01 11:18:33.083344907,18.003
1970-01-01 11:18:33.090289352,17.94
1970-01-01 11:18:33.097233796,17.878
1970-01-01 11:18:33.104178241,17.878
1970-01-01 11:18:33.111122685,17.815
1970-01-01 11:18:33.118067130,17.752
1970-01-01 11:18:33.125011573,17.69
1970-01-01 11:18:33.131956019,17.69
1970-01-01 11:18:33.138900463,17.627
1970-01-01 11:18:33.145844907,17.564
1970-01-01 11:18:33.152789352,17.564
1970-01-01 11:18:33.159733796,17.502
1970-01-01 11:18:33.166678241,17.439
1970-01-01 11:18:33.173622685,17.439
1970-01-01 11:18:33.180567130,17.376
1970-01-01 11:18:33.187511574,17.314
1970-01-01 11:18:33.194456019,17.314
1970-01-01 11:18:33.201400463,17.251
1970-01-01 11:18:33.208344907,17.188
1970-01-01 11:18:33.215289352,17.126
1970-01-01 11:18:33.222233796,17.126
1970-01-01 11:18:33.229178241,17.063
1970-01-01 11:18:33.236122685,17.0
1970-01-01 11:18:33.243067130,17.0
1970-01-01 11:18:33.250011574,16.938
1970-01-01 11:18:33.256956018,16.875
1970-01-01 11:18:33.263900462,16.875
1970-01-01 11:18:33.270844907,16.812
1970-01-01 11:18:33.277789352,16.75
1970-01-01 11:18:33.284733796,16.75
1970-01-01 11:18:33.291678241,16.687
1970-01-01 11:18:33.298622685,16.687
1970-01-01 11:18:33.305567130,16.687
1970-01-01 11:18:33.312511574,16.624
1970-01-01 11:18:33.319456019,16.624
1970-01-01 11:18:33.326400463,16.624
1970-01-01 11:18:33.333344907,16.562
1970-01-01 11:18:33.340289352,16.562
1970-01-01 11:18:33.347233796,16.562
1970-01-01 11:18:33.354178241,16.499
1970-01-01 11:18:33.361122685,16.499
1970-01-01 11:18:33.368067130,16.499
1970-01-01 11:18:33.375011574,16.499
1970-01-01 11:18:33.381956019,16.562
1970-01-01 11:18:33.388900463,16.562
1970-01-01 11:18:33.395844907,16.562
1970-01-01 11:18:33.402789352,16.624
1970-01-01 11:18:33.409733796,16.624
1970-01-01 11:18:33.416678241,16.687
1970-01-01 11:18:33.423622685,16.687
1970-01-01 11:18:33.430567130,16.75
1970-01-01 11:18:33.437511574,16.75
1970-01-01 11:18:33.444456019,16.812
1970-01-01 11:18:33.451400463,16.875
1970-01-01 11:18:33.458344907,16.938
1970-01-01 11:18:33.465289352,16.938
1970-01-01 11:18:33.472233796,17.0
1970-01-01 11:18:33.479178241,17.063
1970-01-01 11:18:33.486122685,17.126
1970-01-01 11:18:33.493067130,17.188
1970-01-01 11:18:33.500011573,17.188
1970-01-01 11:18:33.506956019,17.251
1970-01-01 11:18:33.513900463,17.314
1970-01-01 11:18:33.520844906,17.439
1970-01-01 11:18:33.527789352,17.502
1970-01-01 11:18:33.534733796,17.564
1970-01-01 11:18:33.541678241,17.627
1970-01-01 11:18:33.548622685,17.69
1970-01-01 11:18:33.555567130,17.815
1970-01-01 11:18:33.562511574,17.878
1970-01-01 11:18:33.569456019,17.94
1970-01-01 11:18:33.576400463,18.066
1970-01-01 11:18:33.583344907,18.128
1970-01-01 11:18:33.590289352,18.191
1970-01-01 11:18:33.597233796,18.254
1970-01-01 11:18:33.604178241,18.379
1970-01-01 11:18:33.611122685,18.441
1970-01-01 11:18:33.618067130,18.504
1970-01-01 11:18:33.625011574,18.567
1970-01-01 11:18:33.631956019,18.629
1970-01-01 11:18:33.638900463,18.692
1970-01-01 11:18:33.645844907,18.755
1970-01-01 11:18:33.652789352,18.817
1970-01-01 11:18:33.659733796,18.88
1970-01-01 11:18:33.666678241,18.88
1970-01-01 11:18:33.673622685,18.88
1970-01-01 11:18:33.680567130,18.943
1970-01-01 11:18:33.687511574,18.943
1970-01-01 11:18:33.694456019,18.943
1970-01-01 11:18:33.701400463,18.943
1970-01-01 11:18:33.708344907,18.943
1970-01-01 11:18:33.715289352,18.943
1970-01-01 11:18:33.722233796,18.943
1970-01-01 11:18:33.729178241,18.943
1970-01-01 11:18:33.736122685,18.88
1970-01-01 11:18:33.743067130,18.88
1970-01-01 11:18:33.750011574,18.88
1970-01-01 11:18:33.756956019,18.817
1970-01-01 11:18:33.763900463,18.817
1970-01-01 11:18:33.770844907,18.817
1970-01-01 11:18:33.777789352,18.817
1970-01-01 11:18:33.784733796,18.817
1970-01-01 11:18:33.791678241,18.755
1970-01-01 11:18:33.798622685,18.755
1970-01-01 11:18:33.805567130,18.755
1970-01-01 11:18:33.812511574,18.692
1970-01-01 11:18:33.819456019,18.692
1970-01-01 11:18:33.826400463,18.692
1970-01-01 11:18:33.833344907,18.629
1970-01-01 11:18:33.840289352,18.629
1970-01-01 11:18:33.847233796,18.629
1970-01-01 11:18:33.854178241,18.567
1970-01-01 11:18:33.861122685,18.567
1970-01-01 11:18:33.868067130,18.504
1970-01-01 11:18:33.875011574,18.504
1970-01-01 11:18:33.881956019,18.441
1970-01-01 11:18:33.888900463,18.441
1970-01-01 11:18:33.895844907,18.379
1970-01-01 11:18:33.902789352,18.379
1970-01-01 11:18:33.909733796,18.316
1970-01-01 11:18:33.916678241,18.254
1970-01-01 11:18:33.923622685,18.254
1970-01-01 11:18:33.930567130,18.191
1970-01-01 11:18:33.937511574,18.191
1970-01-01 11:18:33.944456019,18.128
1970-01-01 11:18:33.951400463,18.066
1970-01-01 11:18:33.958344907,18.066
1970-01-01 11:18:33.965289352,18.003
1970-01-01 11:18:33.972233796,17.94
1970-01-01 11:18:33.979178241,17.94
1970-01-01 11:18:33.986122685,17.878
1970-01-01 11:18:33.993067130,17.815
1970-01-01 11:18:34.000011574,17.752
1970-01-01 11:18:34.006956019,17.752
1970-01-01 11:18:34.013900463,17.69
1970-01-01 11:18:34.020844907,17.627
1970-01-01 11:18:34.027789352,17.564
1970-01-01 11:18:34.034733796,17.564
1970-01-01 11:18:34.041678241,17.502
1970-01-01 11:18:34.048622685,17.439
1970-01-01 11:18:34.055567130,17.376
1970-01-01 11:18:34.062511574,17.314
1970-01-01 11:18:34.069456019,17.314
1970-01-01 11:18:34.076400463,17.251
1970-01-01 11:18:34.083344907,17.188
1970-01-01 11:18:34.090289352,17.126
1970-01-01 11:18:34.097233796,17.063
1970-01-01 11:18:34.104178241,17.063
1970-01-01 11:18:34.111122685,17.0
1970-01-01 11:18:34.118067130,16.938
1970-01-01 11:18:34.125011573,16.938
1970-01-01 11:18:34.131956019,16.875
1970-01-01 11:18:34.138900463,16.812
1970-01-01 11:18:34.145844907,16.75
1970-01-01 11:18:34.152789352,16.75
1970-01-01 11:18:34.159733796,16.687
1970-01-01 11:18:34.166678241,16.624
1970-01-01 11:18:34.173622685,16.624
1970-01-01 11:18:34.180567130,16.562
1970-01-01 11:18:34.187511574,16.499
1970-01-01 11:18:34.194456019,16.499
1970-01-01 11:18:34.201400463,16.436
1970-01-01 11:18:34.208344907,16.374
1970-01-01 11:18:34.215289352,16.311
1970-01-01 11:18:34.222233796,16.248
1970-01-01 11:18:34.229178241,16.248
1970-01-01 11:18:34.236122685,16.186
1970-01-01 11:18:34.243067130,16.123
1970-01-01 11:18:34.250011574,16.123
1970-01-01 11:18:34.256956018,16.06
1970-01-01 11:18:34.263900462,15.998
1970-01-01 11:18:34.270844907,15.998
1970-01-01 11:18:34.277789352,15.935
1970-01-01 11:18:34.284733796,15.935
1970-01-01 11:18:34.291678241,15.872
1970-01-01 11:18:34.298622685,15.872
1970-01-01 11:18:34.305567130,15.81
1970-01-01 11:18:34.312511574,15.81
1970-01-01 11:18:34.319456019,15.81
1970-01-01 11:18:34.326400463,15.747
1970-01-01 11:18:34.333344907,15.747
1970-01-01 11:18:34.340289352,15.747
1970-01-01 11:18:34.347233796,15.747
1970-01-01 11:18:34.354178241,15.747
1970-01-01 11:18:34.361122685,15.747
1970-01-01 11:18:34.368067130,15.747
1970-01-01 11:18:34.375011574,15.81
1970-01-01 11:18:34.381956019,15.81
1970-01-01 11:18:34.388900463,15.81
1970-01-01 11:18:34.395844907,15.872
1970-01-01 11:18:34.402789352,15.872
1970-01-01 11:18:34.409733796,15.935
1970-01-01 11:18:34.416678241,15.935
1970-01-01 11:18:34.423622685,15.998
1970-01-01 11:18:34.430567130,16.06
1970-01-01 11:18:34.437511574,16.123
1970-01-01 11:18:34.444456019,16.186
1970-01-01 11:18:34.451400463,16.248
1970-01-01 11:18:34.458344907,16.311
1970-01-01 11:18:34.465289352,16.374
1970-01-01 11:18:34.472233796,16.436
1970-01-01 11:18:34.479178241,16.562
1970-01-01 11:18:34.486122685,16.624
1970-01-01 11:18:34.493067130,16.687
1970-01-01 11:18:34.500011573,16.812
1970-01-01 11:18:34.506956019,16.875
1970-01-01 11:18:34.513900463,16.938
1970-01-01 11:18:34.520844906,17.063
1970-01-01 11:18:34.527789352,17.126
1970-01-01 11:18:34.534733796,17.251
1970-01-01 11:18:34.541678241,17.314
1970-01-01 11:18:34.548622685,17.439
1970-01-01 11:18:34.555567130,17.564
1970-01-01 11:18:34.562511574,17.69
1970-01-01 11:18:34.569456019,17.815
1970-01-01 11:18:34.576400463,17.94
1970-01-01 11:18:34.583344907,18.003
1970-01-01 11:18:34.590289352,18.128
1970-01-01 11:18:34.597233796,18.254
1970-01-01 11:18:34.604178241,18.316
1970-01-01 11:18:34.611122685,18.441
1970-01-01 11:18:34.618067130,18.567
1970-01-01 11:18:34.625011574,18.629
1970-01-01 11:18:34.631956019,18.755
1970-01-01 11:18:34.638900463,18.817
1970-01-01 11:18:34.645844907,18.88
1970-01-01 11:18:34.652789352,18.943
1970-01-01 11:18:34.659733796,19.005
1970-01-01 11:18:34.666678241,19.005
1970-01-01 11:18:34.673622685,19.068
1970-01-01 11:18:34.680567130,19.13
1970-01-01 11:18:34.687511574,19.13
1970-01-01 11:18:34.694456019,19.13
1970-01-01 11:18:34.701400463,19.193
1970-01-01 11:18:34.708344907,19.193
1970-01-01 11:18:34.715289352,19.193
1970-01-01 11:18:34.722233796,19.193
1970-01-01 11:18:34.729178241,19.193
1970-01-01 11:18:34.736122685,19.193
1970-01-01 11:18:34.743067130,19.193
1970-01-01 11:18:34.750011574,19.193
1970-01-01 11:18:34.756956019,19.193
1970-01-01 11:18:34.763900463,19.193
1970-01-01 11:18:34.770844907,19.193
1970-01-01 11:18:34.777789352,19.193
1970-01-01 11:18:34.784733796,19.193
1970-01-01 11:18:34.791678241,19.193
1970-01-01 11:18:34.798622685,19.13
1970-01-01 11:18:34.805567130,19.13
1970-01-01 11:18:34.812511574,19.13
1970-01-01 11:18:34.819456019,19.13
1970-01-01 11:18:34.826400463,19.13
1970-01-01 11:18:34.833344907,19.068
1970-01-01 11:18:34.840289352,19.068
1970-01-01 11:18:34.847233796,19.068
1970-01-01 11:18:34.854178241,19.005
1970-01-01 11:18:34.861122685,19.005
1970-01-01 11:18:34.868067130,19.005
1970-01-01 11:18:34.875011574,18.943
1970-01-01 11:18:34.881956019,18.943
1970-01-01 11:18:34.888900463,18.88
1970-01-01 11:18:34.895844907,18.88
1970-01-01 11:18:34.902789352,18.817
1970-01-01 11:18:34.909733796,18.755
1970-01-01 11:18:34.916678241,18.755
1970-01-01 11:18:34.923622685,18.692
1970-01-01 11:18:34.930567130,18.692
1970-01-01 11:18:34.937511574,18.629
1970-01-01 11:18:34.944456019,18.567
1970-01-01 11:18:34.951400463,18.567
1970-01-01 11:18:34.958344907,18.504
1970-01-01 11:18:34.965289352,18.441
1970-01-01 11:18:34.972233796,18.441
1970-01-01 11:18:34.979178241,18.379
1970-01-01 11:18:34.986122685,18.316
1970-01-01 11:18:34.993067130,18.254
1970-01-01 11:18:35.000011574,18.254
1970-01-01 11:18:35.006956019,18.191
1970-01-01 11:18:35.013900463,18.128
1970-01-01 11:18:35.020844907,18.066
1970-01-01 11:18:35.027789352,18.066
1970-01-01 11:18:35.034733796,18.003
1970-01-01 11:18:35.041678241,17.94
1970-01-01 11:18:35.048622685,17.878
1970-01-01 11:18:35.055567130,17.878
1970-01-01 11:18:35.062511574,17.815
1970-01-01 11:18:35.069456019,17.752
1970-01-01 11:18:35.076400463,17.69
1970-01-01 11:18:35.083344907,17.69
1970-01-01 11:18:35.090289352,17.627
1970-01-01 11:18:35.097233796,17.564
1970-01-01 11:18:35.104178241,17.502
1970-01-01 11:18:35.111122685,17.502
1970-01-01 11:18:35.118067130,17.439
1970-01-01 11:18:35.125011573,17.376
1970-01-01 11:18:35.131956019,17.376
1970-01-01 11:18:35.138900463,17.314
1970-01-01 11:18:35.145844907,17.251
1970-01-01 11:18:35.152789352,17.251
1970-01-01 11:18:35.159733796,17.188
1970-01-01 11:18:35.166678241,17.126
1970-01-01 11:18:35.173622685,17.126
1970-01-01 11:18:35.180567130,17.063
1970-01-01 11:18:35.187511574,17.063
1970-01-01 11:18:35.194456019,17.0
1970-01-01 11:18:35.201400463,17.0
1970-01-01 11:18:35.208344907,16.938
1970-01-01 11:18:35.215289352,16.938
1970-01-01 11:18:35.222233796,16.875
1970-01-01 11:18:35.229178241,16.812
1970-01-01 11:18:35.236122685,16.812
1970-01-01 11:18:35.243067130,16.75
1970-01-01 11:18:35.250011574,16.75
1970-01-01 11:18:35.256956018,16.75
1970-01-01 11:18:35.263900462,16.687
1970-01-01 11:18:35.270844907,16.687
1970-01-01 11:18:35.277789352,16.624
1970-01-01 11:18:35.284733796,16.624
1970-01-01 11:18:35.291678241,16.624
1970-01-01 11:18:35.298622685,16.562
1970-01-01 11:18:35.305567130,16.562
1970-01-01 11:18:35.312511574,16.562
1970-01-01 11:18:35.319456019,16.562
1970-01-01 11:18:35.326400463,16.562
1970-01-01 11:18:35.333344907,16.562
1970-01-01 11:18:35.340289352,16.562
1970-01-01 11:18:35.347233796,16.499
1970-01-01 11:18:35.354178241,16.562
1970-01-01 11:18:35.361122685,16.562
1970-01-01 11:18:35.368067130,16.562
1970-01-01 11:18:35.375011574,16.624
1970-01-01 11:18:35.381956019,16.624
1970-01-01 11:18:35.388900463,16.687
1970-01-01 11:18:35.395844907,16.687
1970-01-01 11:18:35.402789352,16.75
1970-01-01 11:18:35.409733796,16.75
1970-01-01 11:18:35.416678241,16.812
1970-01-01 11:18:35.423622685,16.875
1970-01-01 11:18:35.430567130,16.938
1970-01-01 11:18:35.437511574,17.0
1970-01-01 11:18:35.444456019,17.063
1970-01-01 11:18:35.451400463,17.126
1970-01-01 11:18:35.458344907,17.188
1970-01-01 11:18:35.465289352,17.251
1970-01-01 11:18:35.472233796,17.314
1970-01-01 11:18:35.479178241,17.376
1970-01-01 11:18:35.486122685,17.439
1970-01-01 11:18:35.493067130,17.564
1970-01-01 11:18:35.500011573,17.627
1970-01-01 11:18:35.506956019,17.69
1970-01-01 11:18:35.513900463,17.815
1970-01-01 11:18:35.520844906,17.878
1970-01-01 11:18:35.527789352,18.003
1970-01-01 11:18:35.534733796,18.066
1970-01-01 11:18:35.541678241,18.191
1970-01-01 11:18:35.548622685,18.316
1970-01-01 11:18:35.555567130,18.379
1970-01-01 11:18:35.562511574,18.567
1970-01-01 11:18:35.569456019,18.629
1970-01-01 11:18:35.576400463,18.692
1970-01-01 11:18:35.583344907,18.817
1970-01-01 11:18:35.590289352,18.943
1970-01-01 11:18:35.597233796,19.068
1970-01-01 11:18:35.604178241,19.193
1970-01-01 11:18:35.611122685,19.318
1970-01-01 11:18:35.618067130,19.381
1970-01-01 11:18:35.625011574,19.506
1970-01-01 11:18:35.631956019,19.569
1970-01-01 11:18:35.638900463,19.631
1970-01-01 11:18:35.645844907,19.694
1970-01-01 11:18:35.652789352,19.757
1970-01-01 11:18:35.659733796,19.819
1970-01-01 11:18:35.666678241,19.882
1970-01-01 11:18:35.673622685,19.882
1970-01-01 11:18:35.680567130,19.944
1970-01-01 11:18:35.687511574,19.944
1970-01-01 11:18:35.694456019,20.007
1970-01-01 11:18:35.701400463,20.007
1970-01-01 11:18:35.708344907,20.007
1970-01-01 11:18:35.715289352,20.007
1970-01-01 11:18:35.722233796,20.007
1970-01-01 11:18:35.729178241,20.007
1970-01-01 11:18:35.736122685,20.007
1970-01-01 11:18:35.743067130,20.007
1970-01-01 11:18:35.750011574,20.007
1970-01-01 11:18:35.756956019,20.007
1970-01-01 11:18:35.763900463,20.007
1970-01-01 11:18:35.770844907,20.007
1970-01-01 11:18:35.777789352,20.007
1970-01-01 11:18:35.784733796,20.007
1970-01-01 11:18:35.791678241,20.007
1970-01-01 11:18:35.798622685,20.007
1970-01-01 11:18:35.805567130,20.007
1970-01-01 11:18:35.812511574,19.944
1970-01-01 11:18:35.819456019,19.944
1970-01-01 11:18:35.826400463,19.944
1970-01-01 11:18:35.833344907,19.944
1970-01-01 11:18:35.840289352,19.882
1970-01-01 11:18:35.847233796,19.882
1970-01-01 11:18:35.854178241,19.882
1970-01-01 11:18:35.861122685,19.882
1970-01-01 11:18:35.868067130,19.819
1970-01-01 11:18:35.875011574,19.819
1970-01-01 11:18:35.881956019,19.819
1970-01-01 11:18:35.888900463,19.757
1970-01-01 11:18:35.895844907,19.757
1970-01-01 11:18:35.902789352,19.694
1970-01-01 11:18:35.909733796,19.694
1970-01-01 11:18:35.916678241,19.631
1970-01-01 11:18:35.923622685,19.631
1970-01-01 11:18:35.930567130,19.631
1970-01-01 11:18:35.937511574,19.569
1970-01-01 11:18:35.944456019,19.569
1970-01-01 11:18:35.951400463,19.506
1970-01-01 11:18:35.958344907,19.506
1970-01-01 11:18:35.965289352,19.506
1970-01-01 11:18:35.972233796,19.443
1970-01-01 11:18:35.979178241,19.443
1970-01-01 11:18:35.986122685,19.381
1970-01-01 11:18:35.993067130,19.381
1970-01-01 11:18:36.000011574,19.318
1970-01-01 11:18:36.006956019,19.318
1970-01-01 11:18:36.013900463,19.256
1970-01-01 11:18:36.020844907,19.193
1970-01-01 11:18:36.027789352,19.193
1970-01-01 11:18:36.034733796,19.13
1970-01-01 11:18:36.041678241,19.13
1970-01-01 11:18:36.048622685,19.068
1970-01-01 11:18:36.055567130,19.068
1970-01-01 11:18:36.062511574,19.005
1970-01-01 11:18:36.069456019,18.943
1970-01-01 11:18:36.076400463,18.943
1970-01-01 11:18:36.083344907,18.88
1970-01-01 11:18:36.090289352,18.88
1970-01-01 11:18:36.097233796,18.817
1970-01-01 11:18:36.104178241,18.817
1970-01-01 11:18:36.111122685,18.755
1970-01-01 11:18:36.118067130,18.755
1970-01-01 11:18:36.125011573,18.692
1970-01-01 11:18:36.131956019,18.692
1970-01-01 11:18:36.138900463,18.629
1970-01-01 11:18:36.145844907,18.629
1970-01-01 11:18:36.152789352,18.567
1970-01-01 11:18:36.159733796,18.567
1970-01-01 11:18:36.166678241,18.504
1970-01-01 11:18:36.173622685,18.504
1970-01-01 11:18:36.180567130,18.504
1970-01-01 11:18:36.187511574,18.441
1970-01-01 11:18:36.194456019,18.441
1970-01-01 11:18:36.201400463,18.379
1970-01-01 11:18:36.208344907,18.379
1970-01-01 11:18:36.215289352,18.316
1970-01-01 11:18:36.222233796,18.316
1970-01-01 11:18:36.229178241,18.316
1970-01-01 11:18:36.236122685,18.316
1970-01-01 11:18:36.243067130,18.254
1970-01-01 11:18:36.250011574,18.254
1970-01-01 11:18:36.256956018,18.254
1970-01-01 11:18:36.263900462,18.254
1970-01-01 11:18:36.270844907,18.254
1970-01-01 11:18:36.277789352,18.191
1970-01-01 11:18:36.284733796,18.191
1970-01-01 11:18:36.291678241,18.191
1970-01-01 11:18:36.298622685,18.128
1970-01-01 11:18:36.305567130,18.128
1970-01-01 11:18:36.312511574,18.128
1970-01-01 11:18:36.319456019,18.128
1970-01-01 11:18:36.326400463,18.128
1970-01-01 11:18:36.333344907,18.128
1970-01-01 11:18:36.340289352,18.128
1970-01-01 11:18:36.347233796,18.128
1970-01-01 11:18:36.354178241,18.128
1970-01-01 11:18:36.361122685,18.128
1970-01-01 11:18:36.368067130,18.128
1970-01-01 11:18:36.375011574,18.128
1970-01-01 11:18:36.381956019,18.128
1970-01-01 11:18:36.388900463,18.128
1970-01-01 11:18:36.395844907,18.128
1970-01-01 11:18:36.402789352,18.128
1970-01-01 11:18:36.409733796,18.128
1970-01-01 11:18:36.416678241,18.191
1970-01-01 11:18:36.423622685,18.191
1970-01-01 11:18:36.430567130,18.191
1970-01-01 11:18:36.437511574,18.191
1970-01-01 11:18:36.444456019,18.254
1970-01-01 11:18:36.451400463,18.254
1970-01-01 11:18:36.458344907,18.254
1970-01-01 11:18:36.465289352,18.254
1970-01-01 11:18:36.472233796,18.254
1970-01-01 11:18:36.479178241,18.254
1970-01-01 11:18:36.486122685,18.316
1970-01-01 11:18:36.493067130,18.316
1970-01-01 11:18:36.500011573,18.316
1970-01-01 11:18:36.506956019,18.316
1970-01-01 11:18:36.513900463,18.316
1970-01-01 11:18:36.520844906,18.316
1970-01-01 11:18:36.527789352,18.316
1970-01-01 11:18:36.534733796,18.316
1970-01-01 11:18:36.541678241,18.379
1970-01-01 11:18:36.548622685,18.379
1970-01-01 11:18:36.555567130,18.379
1970-01-01 11:18:36.562511574,18.441
1970-01-01 11:18:36.569456019,18.441
1970-01-01 11:18:36.576400463,18.441
1970-01-01 11:18:36.583344907,18.504
1970-01-01 11:18:36.590289352,18.504
1970-01-01 11:18:36.597233796,18.504
1970-01-01 11:18:36.604178241,18.504
1970-01-01 11:18:36.611122685,18.567
1970-01-01 11:18:36.618067130,18.567
1970-01-01 11:18:36.625011574,18.567
1970-01-01 11:18:36.631956019,18.629
1970-01-01 11:18:36.638900463,18.629
1970-01-01 11:18:36.645844907,18.629
1970-01-01 11:18:36.652789352,18.629
1970-01-01 11:18:36.659733796,18.629
1970-01-01 11:18:36.666678241,18.629
1970-01-01 11:18:36.673622685,18.692
1970-01-01 11:18:36.680567130,18.692
1970-01-01 11:18:36.687511574,18.692
1970-01-01 11:18:36.694456019,18.755
1970-01-01 11:18:36.701400463,18.755
1970-01-01 11:18:36.708344907,18.755
1970-01-01 11:18:36.715289352,18.817
1970-01-01 11:18:36.722233796,18.817
1970-01-01 11:18:36.729178241,18.817
1970-01-01 11:18:36.736122685,18.817
1970-01-01 11:18:36.743067130,18.817
1970-01-01 11:18:36.750011574,18.943
1970-01-01 11:18:36.756956019,19.005
1970-01-01 11:18:36.763900463,19.068
1970-01-01 11:18:36.770844907,19.13
1970-01-01 11:18:36.777789352,19.13
1970-01-01 11:18:36.784733796,19.13
1970-01-01 11:18:36.791678241,19.13
1970-01-01 11:18:36.798622685,19.13
1970-01-01 11:18:36.805567130,19.068
1970-01-01 11:18:36.812511574,19.068
1970-01-01 11:18:36.819456019,19.068
1970-01-01 11:18:36.826400463,19.068
1970-01-01 11:18:36.833344907,19.005
1970-01-01 11:18:36.840289352,19.005
1970-01-01 11:18:36.847233796,19.005
1970-01-01 11:18:36.854178241,19.005
1970-01-01 11:18:36.861122685,19.005
1970-01-01 11:18:36.868067130,19.005
1970-01-01 11:18:36.875011574,19.005
1970-01-01 11:18:36.881956019,19.005
1970-01-01 11:18:36.888900463,19.005
1970-01-01 11:18:36.895844907,18.943
1970-01-01 11:18:36.902789352,18.943
1970-01-01 11:18:36.909733796,18.943
1970-01-01 11:18:36.916678241,18.943
1970-01-01 11:18:36.923622685,18.943
1970-01-01 11:18:36.930567130,18.943
1970-01-01 11:18:36.937511574,18.88
1970-01-01 11:18:36.944456019,18.88
1970-01-01 11:18:36.951400463,18.88
1970-01-01 11:18:36.958344907,18.88
1970-01-01 11:18:36.965289352,18.88
1970-01-01 11:18:36.972233796,18.88
1970-01-01 11:18:36.979178241,18.88
1970-01-01 11:18:36.986122685,18.88
1970-01-01 11:18:36.993067130,18.817
1970-01-01 11:18:37.000011574,18.817
1970-01-01 11:18:37.006956019,18.817
1970-01-01 11:18:37.013900463,18.817
1970-01-01 11:18:37.020844907,18.817
1970-01-01 11:18:37.027789352,18.755
1970-01-01 11:18:37.034733796,18.755
1970-01-01 11:18:37.041678241,18.755
1970-01-01 11:18:37.048622685,18.692
1970-01-01 11:18:37.055567130,18.692
1970-01-01 11:18:37.062511574,18.692
1970-01-01 11:18:37.069456019,18.692
1970-01-01 11:18:37.076400463,18.692
1970-01-01 11:18:37.083344907,18.629
1970-01-01 11:18:37.090289352,18.629
1970-01-01 11:18:37.097233796,18.629
1970-01-01 11:18:37.104178241,18.629
1970-01-01 11:18:37.111122685,18.629
1970-01-01 11:18:37.118067130,18.567
1970-01-01 11:18:37.125011573,18.567
1970-01-01 11:18:37.131956019,18.567
1970-01-01 11:18:37.138900463,18.567
1970-01-01 11:18:37.145844907,18.567
1970-01-01 11:18:37.152789352,18.567
1970-01-01 11:18:37.159733796,18.504
1970-01-01 11:18:37.166678241,18.504
1970-01-01 11:18:37.173622685,18.504
1970-01-01 11:18:37.180567130,18.504
1970-01-01 11:18:37.187511574,18.504
1970-01-01 11:18:37.194456019,18.441
1970-01-01 11:18:37.201400463,18.441
1970-01-01 11:18:37.208344907,18.441
1970-01-01 11:18:37.215289352,18.441
1970-01-01 11:18:37.222233796,18.441
1970-01-01 11:18:37.229178241,18.441
1970-01-01 11:18:37.236122685,18.379
1970-01-01 11:18:37.243067130,18.379
1970-01-01 11:18:37.250011574,18.379
1970-01-01 11:18:37.256956018,18.379
1970-01-01 11:18:37.263900462,18.379
1970-01-01 11:18:37.270844907,18.379
1970-01-01 11:18:37.277789352,18.379
1970-01-01 11:18:37.284733796,18.379
1970-01-01 11:18:37.291678241,18.379
1970-01-01 11:18:37.298622685,18.379
1970-01-01 11:18:37.305567130,18.379
1970-01-01 11:18:37.312511574,18.379
1970-01-01 11:18:37.319456019,18.316
1970-01-01 11:18:37.326400463,18.316
1970-01-01 11:18:37.333344907,18.316
1970-01-01 11:18:37.340289352,18.316
1970-01-01 11:18:37.347233796,18.316
1970-01-01 11:18:37.354178241,18.316
1970-01-01 11:18:37.361122685,18.316
1970-01-01 11:18:37.368067130,18.316
1970-01-01 11:18:37.375011574,18.316
1970-01-01 11:18:37.381956019,18.316
1970-01-01 11:18:37.388900463,18.316
1970-01-01 11:18:37.395844907,18.316
1970-01-01 11:18:37.402789352,18.316
1970-01-01 11:18:37.409733796,18.316
1970-01-01 11:18:37.416678241,18.316
1970-01-01 11:18:37.423622685,18.316
1970-01-01 11:18:37.430567130,18.316
1970-01-01 11:18:37.437511574,18.316
1970-01-01 11:18:37.444456019,18.316
1970-01-01 11:18:37.451400463,18.316
1970-01-01 11:18:37.458344907,18.316
1970-01-01 11:18:37.465289352,18.379
1970-01-01 11:18:37.472233796,18.379
1970-01-01 11:18:37.479178241,18.379
1970-01-01 11:18:37.486122685,18.379
1970-01-01 11:18:37.493067130,18.379
1970-01-01 11:18:37.500011573,18.379
1970-01-01 11:18:37.506956019,18.379
1970-01-01 11:18:37.513900463,18.441
1970-01-01 11:18:37.520844906,18.441
1970-01-01 11:18:37.527789352,18.441
1970-01-01 11:18:37.534733796,18.504
1970-01-01 11:18:37.541678241,18.504
1970-01-01 11:18:37.548622685,18.567
1970-01-01 11:18:37.555567130,18.629
1970-01-01 11:18:37.562511574,18.629
1970-01-01 11:18:37.569456019,18.692
1970-01-01 11:18:37.576400463,18.755
1970-01-01 11:18:37.583344907,18.755
1970-01-01 11:18:37.590289352,18.817
1970-01-01 11:18:37.597233796,18.88
1970-01-01 11:18:37.604178241,18.88
1970-01-01 11:18:37.611122685,18.943
1970-01-01 11:18:37.618067130,18.943
1970-01-01 11:18:37.625011574,19.005
1970-01-01 11:18:37.631956019,19.005
1970-01-01 11:18:37.638900463,19.005
1970-01-01 11:18:37.645844907,19.068
1970-01-01 11:18:37.652789352,19.068
1970-01-01 11:18:37.659733796,19.068
1970-01-01 11:18:37.666678241,19.13
1970-01-01 11:18:37.673622685,19.13
1970-01-01 11:18:37.680567130,19.13
1970-01-01 11:18:37.687511574,19.13
1970-01-01 11:18:37.694456019,19.193
1970-01-01 11:18:37.701400463,19.193
1970-01-01 11:18:37.708344907,19.193
1970-01-01 11:18:37.715289352,19.193
1970-01-01 11:18:37.722233796,19.256
1970-01-01 11:18:37.729178241,19.256
1970-01-01 11:18:37.736122685,19.256
1970-01-01 11:18:37.743067130,19.256
1970-01-01 11:18:37.750011574,19.256
1970-01-01 11:18:37.756956019,19.318
1970-01-01 11:18:37.763900463,19.318
1970-01-01 11:18:37.770844907,19.318
1970-01-01 11:18:37.777789352,19.318
1970-01-01 11:18:37.784733796,19.318
1970-01-01 11:18:37.791678241,19.318
1970-01-01 11:18:37.798622685,19.318
1970-01-01 11:18:37.805567130,19.318
1970-01-01 11:18:37.812511574,19.318
1970-01-01 11:18:37.819456019,19.318
1970-01-01 11:18:37.826400463,19.318
1970-01-01 11:18:37.833344907,19.318
1970-01-01 11:18:37.840289352,19.318
1970-01-01 11:18:37.847233796,19.318
1970-01-01 11:18:37.854178241,19.318
1970-01-01 11:18:37.861122685,19.318
1970-01-01 11:18:37.868067130,19.318
1970-01-01 11:18:37.875011574,19.256
1970-01-01 11:18:37.881956019,19.381
1970-01-01 11:18:37.888900463,19.443
1970-01-01 11:18:37.895844907,19.318
1970-01-01 11:18:37.902789352,19.256
1970-01-01 11:18:37.909733796,19.256
1970-01-01 11:18:37.916678241,19.318
1970-01-01 11:18:37.923622685,19.318
1970-01-01 11:18:37.930567130,19.318
1970-01-01 11:18:37.937511574,19.694
1970-01-01 11:18:37.944456019,19.694
1970-01-01 11:18:37.951400463,19.631
1970-01-01 11:18:37.958344907,19.631
1970-01-01 11:18:37.965289352,19.631
1970-01-01 11:18:37.972233796,19.631
1970-01-01 11:18:37.979178241,19.569
1970-01-01 11:18:37.986122685,19.569
1970-01-01 11:18:37.993067130,19.569
1970-01-01 11:18:38.000011574,19.569
1970-01-01 11:18:38.006956019,19.506
1970-01-01 11:18:38.013900463,19.506
1970-01-01 11:18:38.020844907,19.506
1970-01-01 11:18:38.027789352,19.506
1970-01-01 11:18:38.034733796,19.506
1970-01-01 11:18:38.041678241,19.506
1970-01-01 11:18:38.048622685,19.443
1970-01-01 11:18:38.055567130,19.443
1970-01-01 11:18:38.062511574,19.443
1970-01-01 11:18:38.069456019,19.381
1970-01-01 11:18:38.076400463,19.381
1970-01-01 11:18:38.083344907,19.318
1970-01-01 11:18:38.090289352,19.318
1970-01-01 11:18:38.097233796,19.318
1970-01-01 11:18:38.104178241,19.256
1970-01-01 11:18:38.111122685,19.256
1970-01-01 11:18:38.118067130,19.193
1970-01-01 11:18:38.125011573,19.193
1970-01-01 11:18:38.131956019,19.13
1970-01-01 11:18:38.138900463,19.13
1970-01-01 11:18:38.145844907,19.068
1970-01-01 11:18:38.152789352,19.068
1970-01-01 11:18:38.159733796,19.068
1970-01-01 11:18:38.166678241,19.005
1970-01-01 11:18:38.173622685,19.005
1970-01-01 11:18:38.180567130,18.943
1970-01-01 11:18:38.187511574,18.943
1970-01-01 11:18:38.194456019,18.88
1970-01-01 11:18:38.201400463,18.88
1970-01-01 11:18:38.208344907,18.88
1970-01-01 11:18:38.215289352,18.817
1970-01-01 11:18:38.222233796,18.817
1970-01-01 11:18:38.229178241,18.817
1970-01-01 11:18:38.236122685,18.755
1970-01-01 11:18:38.243067130,18.755
1970-01-01 11:18:38.250011574,18.755
1970-01-01 11:18:38.256956018,18.692
1970-01-01 11:18:38.263900462,18.692
1970-01-01 11:18:38.270844907,18.692
1970-01-01 11:18:38.277789352,18.629
1970-01-01 11:18:38.284733796,18.629
1970-01-01 11:18:38.291678241,18.629
1970-01-01 11:18:38.298622685,18.629
1970-01-01 11:18:38.305567130,18.629
1970-01-01 11:18:38.312511574,18.567
1970-01-01 11:18:38.319456019,18.567
1970-01-01 11:18:38.326400463,18.567
1970-01-01 11:18:38.333344907,18.567
1970-01-01 11:18:38.340289352,18.567
1970-01-01 11:18:38.347233796,18.567
1970-01-01 11:18:38.354178241,18.567
1970-01-01 11:18:38.361122685,18.567
1970-01-01 11:18:38.368067130,18.567
1970-01-01 11:18:38.375011574,18.567
1970-01-01 11:18:38.381956019,18.629
1970-01-01 11:18:38.388900463,18.629
1970-01-01 11:18:38.395844907,18.629
1970-01-01 11:18:38.402789352,18.629
1970-01-01 11:18:38.409733796,18.692
1970-01-01 11:18:38.416678241,18.692
1970-01-01 11:18:38.423622685,18.692
1970-01-01 11:18:38.430567130,18.755
1970-01-01 11:18:38.437511574,18.817
1970-01-01 11:18:38.444456019,18.817
1970-01-01 11:18:38.451400463,18.88
1970-01-01 11:18:38.458344907,18.943
1970-01-01 11:18:38.465289352,18.943
1970-01-01 11:18:38.472233796,19.005
1970-01-01 11:18:38.479178241,19.068
1970-01-01 11:18:38.486122685,19.13
1970-01-01 11:18:38.493067130,19.193
1970-01-01 11:18:38.500011573,19.256
1970-01-01 11:18:38.506956019,19.318
1970-01-01 11:18:38.513900463,19.381
1970-01-01 11:18:38.520844906,19.443
1970-01-01 11:18:38.527789352,19.506
1970-01-01 11:18:38.534733796,19.569
1970-01-01 11:18:38.541678241,19.631
1970-01-01 11:18:38.548622685,19.757
1970-01-01 11:18:38.555567130,19.819
1970-01-01 11:18:38.562511574,19.882
1970-01-01 11:18:38.569456019,19.944
1970-01-01 11:18:38.576400463,19.944
1970-01-01 11:18:38.583344907,19.944
1970-01-01 11:18:38.590289352,20.007
1970-01-01 11:18:38.597233796,20.007
1970-01-01 11:18:38.604178241,20.07
1970-01-01 11:18:38.611122685,20.07
1970-01-01 11:18:38.618067130,20.07
1970-01-01 11:18:38.625011574,20.07
1970-01-01 11:18:38.631956019,20.132
1970-01-01 11:18:38.638900463,20.132
1970-01-01 11:18:38.645844907,20.132
1970-01-01 11:18:38.652789352,20.132
1970-01-01 11:18:38.659733796,20.195
1970-01-01 11:18:38.666678241,20.195
1970-01-01 11:18:38.673622685,20.195
1970-01-01 11:18:38.680567130,20.195
1970-01-01 11:18:38.687511574,20.195
1970-01-01 11:18:38.694456019,20.132
1970-01-01 11:18:38.701400463,20.132
1970-01-01 11:18:38.708344907,20.07
1970-01-01 11:18:38.715289352,20.07
1970-01-01 11:18:38.722233796,20.07
1970-01-01 11:18:38.729178241,20.132
1970-01-01 11:18:38.736122685,20.07
1970-01-01 11:18:38.743067130,20.07
1970-01-01 11:18:38.750011574,20.07
1970-01-01 11:18:38.756956019,20.07
1970-01-01 11:18:38.763900463,20.07
1970-01-01 11:18:38.770844907,20.07
1970-01-01 11:18:38.777789352,20.07
1970-01-01 11:18:38.784733796,20.07
1970-01-01 11:18:38.791678241,20.07
1970-01-01 11:18:38.798622685,20.007
1970-01-01 11:18:38.805567130,20.007
1970-01-01 11:18:38.812511574,20.007
1970-01-01 11:18:38.819456019,20.007
1970-01-01 11:18:38.826400463,20.007
1970-01-01 11:18:38.833344907,20.007
1970-01-01 11:18:38.840289352,19.944
1970-01-01 11:18:38.847233796,19.944
1970-01-01 11:18:38.854178241,19.944
1970-01-01 11:18:38.861122685,19.882
1970-01-01 11:18:38.868067130,19.882
1970-01-01 11:18:38.875011574,19.819
1970-01-01 11:18:38.881956019,19.819
1970-01-01 11:18:38.888900463,19.757
1970-01-01 11:18:38.895844907,19.757
1970-01-01 11:18:38.902789352,19.694
1970-01-01 11:18:38.909733796,19.694
1970-01-01 11:18:38.916678241,19.631
1970-01-01 11:18:38.923622685,19.631
1970-01-01 11:18:38.930567130,19.569
1970-01-01 11:18:38.937511574,19.569
1970-01-01 11:18:38.944456019,19.506
1970-01-01 11:18:38.951400463,19.506
1970-01-01 11:18:38.958344907,19.443
1970-01-01 11:18:38.965289352,19.443
1970-01-01 11:18:38.972233796,19.381
1970-01-01 11:18:38.979178241,19.381
1970-01-01 11:18:38.986122685,19.318
1970-01-01 11:18:38.993067130,19.318
1970-01-01 11:18:39.000011574,19.318
1970-01-01 11:18:39.006956019,19.318
1970-01-01 11:18:39.013900463,19.256
1970-01-01 11:18:39.020844907,19.256
1970-01-01 11:18:39.027789352,19.256
1970-01-01 11:18:39.034733796,19.193
1970-01-01 11:18:39.041678241,19.193
1970-01-01 11:18:39.048622685,19.193
1970-01-01 11:18:39.055567130,19.13
1970-01-01 11:18:39.062511574,19.13
1970-01-01 11:18:39.069456019,19.13
1970-01-01 11:18:39.076400463,19.13
1970-01-01 11:18:39.083344907,19.068
1970-01-01 11:18:39.090289352,19.068
1970-01-01 11:18:39.097233796,19.068
1970-01-01 11:18:39.104178241,19.068
1970-01-01 11:18:39.111122685,19.068
1970-01-01 11:18:39.118067130,19.005
1970-01-01 11:18:39.125011573,19.005
1970-01-01 11:18:39.131956019,19.005
1970-01-01 11:18:39.138900463,19.005
1970-01-01 11:18:39.145844907,18.943
1970-01-01 11:18:39.152789352,18.943
1970-01-01 11:18:39.159733796,18.943
1970-01-01 11:18:39.166678241,18.943
1970-01-01 11:18:39.173622685,18.943
1970-01-01 11:18:39.180567130,18.88
1970-01-01 11:18:39.187511574,18.88
1970-01-01 11:18:39.194456019,18.88
1970-01-01 11:18:39.201400463,18.817
1970-01-01 11:18:39.208344907,18.817
1970-01-01 11:18:39.215289352,18.817
1970-01-01 11:18:39.222233796,18.817
1970-01-01 11:18:39.229178241,18.755
1970-01-01 11:18:39.236122685,18.755
1970-01-01 11:18:39.243067130,18.755
1970-01-01 11:18:39.250011574,18.692
1970-01-01 11:18:39.256956018,18.692
1970-01-01 11:18:39.263900462,18.692
1970-01-01 11:18:39.270844907,18.629
1970-01-01 11:18:39.277789352,18.629
1970-01-01 11:18:39.284733796,18.629
1970-01-01 11:18:39.291678241,18.567
1970-01-01 11:18:39.298622685,18.567
1970-01-01 11:18:39.305567130,18.567
1970-01-01 11:18:39.312511574,18.567
1970-01-01 11:18:39.319456019,18.567
1970-01-01 11:18:39.326400463,18.504
1970-01-01 11:18:39.333344907,18.504
1970-01-01 11:18:39.340289352,18.504
1970-01-01 11:18:39.347233796,18.504
1970-01-01 11:18:39.354178241,18.504
1970-01-01 11:18:39.361122685,18.441
1970-01-01 11:18:39.368067130,18.441
1970-01-01 11:18:39.375011574,18.441
1970-01-01 11:18:39.381956019,18.441
1970-01-01 11:18:39.388900463,18.441
1970-01-01 11:18:39.395844907,18.441
1970-01-01 11:18:39.402789352,18.441
1970-01-01 11:18:39.409733796,18.441
1970-01-01 11:18:39.416678241,18.441
1970-01-01 11:18:39.423622685,18.379
1970-01-01 11:18:39.430567130,18.379
1970-01-01 11:18:39.437511574,18.379
1970-01-01 11:18:39.444456019,18.379
1970-01-01 11:18:39.451400463,18.379
1970-01-01 11:18:39.458344907,18.379
1970-01-01 11:18:39.465289352,18.379
1970-01-01 11:18:39.472233796,18.379
1970-01-01 11:18:39.479178241,18.379
1970-01-01 11:18:39.486122685,18.379
1970-01-01 11:18:39.493067130,18.316
1970-01-01 11:18:39.500011573,18.316
1970-01-01 11:18:39.506956019,18.316
1970-01-01 11:18:39.513900463,18.316
1970-01-01 11:18:39.520844906,18.316
1970-01-01 11:18:39.527789352,18.316
1970-01-01 11:18:39.534733796,18.316
1970-01-01 11:18:39.541678241,18.316
1970-01-01 11:18:39.548622685,18.316
1970-01-01 11:18:39.555567130,18.316
1970-01-01 11:18:39.562511574,18.316
1970-01-01 11:18:39.569456019,18.316
1970-01-01 11:18:39.576400463,18.316
1970-01-01 11:18:39.583344907,18.379
1970-01-01 11:18:39.590289352,18.379
1970-01-01 11:18:39.597233796,18.379
1970-01-01 11:18:39.604178241,18.441
1970-01-01 11:18:39.611122685,18.441
1970-01-01 11:18:39.618067130,18.441
1970-01-01 11:18:39.625011574,18.504
1970-01-01 11:18:39.631956019,18.504
1970-01-01 11:18:39.638900463,18.567
1970-01-01 11:18:39.645844907,18.567
1970-01-01 11:18:39.652789352,18.567
1970-01-01 11:18:39.659733796,18.629
1970-01-01 11:18:39.666678241,18.629
1970-01-01 11:18:39.673622685,18.629
1970-01-01 11:18:39.680567130,18.692
1970-01-01 11:18:39.687511574,18.692
1970-01-01 11:18:39.694456019,18.692
1970-01-01 11:18:39.701400463,18.692
1970-01-01 11:18:39.708344907,18.692
1970-01-01 11:18:39.715289352,18.755
1970-01-01 11:18:39.722233796,18.755
1970-01-01 11:18:39.729178241,18.755
1970-01-01 11:18:39.736122685,18.755
1970-01-01 11:18:39.743067130,18.755
1970-01-01 11:18:39.750011574,18.755
1970-01-01 11:18:39.756956019,18.755
1970-01-01 11:18:39.763900463,18.755
1970-01-01 11:18:39.770844907,18.817
1970-01-01 11:18:39.777789352,18.817
1970-01-01 11:18:39.784733796,18.817
1970-01-01 11:18:39.791678241,18.817
1970-01-01 11:18:39.798622685,18.755
1970-01-01 11:18:39.805567130,18.755
1970-01-01 11:18:39.812511574,18.755
1970-01-01 11:18:39.819456019,18.755
1970-01-01 11:18:39.826400463,18.755
1970-01-01 11:18:39.833344907,18.755
1970-01-01 11:18:39.840289352,18.755
1970-01-01 11:18:39.847233796,18.755
1970-01-01 11:18:39.854178241,18.692
1970-01-01 11:18:39.861122685,18.692
1970-01-01 11:18:39.868067130,18.692
1970-01-01 11:18:39.875011574,18.692
1970-01-01 11:18:39.881956019,18.692
1970-01-01 11:18:39.888900463,18.629
1970-01-01 11:18:39.895844907,18.629
1970-01-01 11:18:39.902789352,18.629
1970-01-01 11:18:39.909733796,18.629
1970-01-01 11:18:39.916678241,18.567
1970-01-01 11:18:39.923622685,18.567
1970-01-01 11:18:39.930567130,18.567
1970-01-01 11:18:39.937511574,18.567
1970-01-01 11:18:39.944456019,18.504
1970-01-01 11:18:39.951400463,18.504
1970-01-01 11:18:39.958344907,18.504
1970-01-01 11:18:39.965289352,18.504
1970-01-01 11:18:39.972233796,18.441
1970-01-01 11:18:39.979178241,18.441
1970-01-01 11:18:39.986122685,18.441
1970-01-01 11:18:39.993067130,18.441
1970-01-01 11:18:40.000011574,18.379
1970-01-01 11:18:40.006956019,18.379
1970-01-01 11:18:40.013900463,18.379
1970-01-01 11:18:40.020844907,18.316
1970-01-01 11:18:40.027789352,18.316
1970-01-01 11:18:40.034733796,18.316
1970-01-01 11:18:40.041678241,18.316
1970-01-01 11:18:40.048622685,18.254
1970-01-01 11:18:40.055567130,18.254
1970-01-01 11:18:40.062511574,18.254
1970-01-01 11:18:40.069456019,18.254
1970-01-01 11:18:40.076400463,18.191
1970-01-01 11:18:40.083344907,18.191
1970-01-01 11:18:40.090289352,18.191
1970-01-01 11:18:40.097233796,18.191
1970-01-01 11:18:40.104178241,18.128
1970-01-01 11:18:40.111122685,18.128
1970-01-01 11:18:40.118067130,18.128
1970-01-01 11:18:40.125011573,18.128
1970-01-01 11:18:40.131956019,18.066
1970-01-01 11:18:40.138900463,18.066
1970-01-01 11:18:40.145844907,18.066
1970-01-01 11:18:40.152789352,18.066
1970-01-01 11:18:40.159733796,18.003
1970-01-01 11:18:40.166678241,18.003
1970-01-01 11:18:40.173622685,18.003
1970-01-01 11:18:40.180567130,18.003
1970-01-01 11:18:40.187511574,17.94
1970-01-01 11:18:40.194456019,17.94
1970-01-01 11:18:40.201400463,17.94
1970-01-01 11:18:40.208344907,17.94
1970-01-01 11:18:40.215289352,17.878
1970-01-01 11:18:40.222233796,17.878
1970-01-01 11:18:40.229178241,17.878
1970-01-01 11:18:40.236122685,17.878
1970-01-01 11:18:40.243067130,17.815
1970-01-01 11:18:40.250011574,17.815
1970-01-01 11:18:40.256956018,17.815
1970-01-01 11:18:40.263900462,17.815
1970-01-01 11:18:40.270844907,17.815
1970-01-01 11:18:40.277789352,17.752
1970-01-01 11:18:40.284733796,17.752
1970-01-01 11:18:40.291678241,17.752
1970-01-01 11:18:40.298622685,17.752
1970-01-01 11:18:40.305567130,17.752
1970-01-01 11:18:40.312511574,17.69
1970-01-01 11:18:40.319456019,17.69
1970-01-01 11:18:40.326400463,17.69
1970-01-01 11:18:40.333344907,17.69
1970-01-01 11:18:40.340289352,17.69
1970-01-01 11:18:40.347233796,17.69
1970-01-01 11:18:40.354178241,17.69
1970-01-01 11:18:40.361122685,17.69
1970-01-01 11:18:40.368067130,17.69
1970-01-01 11:18:40.375011574,17.69
1970-01-01 11:18:40.381956019,17.69
1970-01-01 11:18:40.388900463,17.69
1970-01-01 11:18:40.395844907,17.69
1970-01-01 11:18:40.402789352,17.69
1970-01-01 11:18:40.409733796,17.69
1970-01-01 11:18:40.416678241,17.69
1970-01-01 11:18:40.423622685,17.69
1970-01-01 11:18:40.430567130,17.69
1970-01-01 11:18:40.437511574,17.69
1970-01-01 11:18:40.444456019,17.69
1970-01-01 11:18:40.451400463,17.69
1970-01-01 11:18:40.458344907,17.69
1970-01-01 11:18:40.465289352,17.752
1970-01-01 11:18:40.472233796,17.752
1970-01-01 11:18:40.479178241,17.752
1970-01-01 11:18:40.486122685,17.752
1970-01-01 11:18:40.493067130,17.752
1970-01-01 11:18:40.500011573,17.752
1970-01-01 11:18:40.506956019,17.752
1970-01-01 11:18:40.513900463,17.752
1970-01-01 11:18:40.520844906,17.752
1970-01-01 11:18:40.527789352,17.815
1970-01-01 11:18:40.534733796,17.815
1970-01-01 11:18:40.541678241,17.815
1970-01-01 11:18:40.548622685,17.815
1970-01-01 11:18:40.555567130,17.815
1970-01-01 11:18:40.562511574,17.815
1970-01-01 11:18:40.569456019,17.815
1970-01-01 11:18:40.576400463,17.878
1970-01-01 11:18:40.583344907,17.878
1970-01-01 11:18:40.590289352,17.878
1970-01-01 11:18:40.597233796,17.878
1970-01-01 11:18:40.604178241,17.878
1970-01-01 11:18:40.611122685,17.878
1970-01-01 11:18:40.618067130,17.878
1970-01-01 11:18:40.625011574,17.878
1970-01-01 11:18:40.631956019,17.878
1970-01-01 11:18:40.638900463,17.878
1970-01-01 11:18:40.645844907,17.878
1970-01-01 11:18:40.652789352,17.94
1970-01-01 11:18:40.659733796,17.94
1970-01-01 11:18:40.666678241,17.94
1970-01-01 11:18:40.673622685,17.94
1970-01-01 11:18:40.680567130,17.94
1970-01-01 11:18:40.687511574,17.94
1970-01-01 11:18:40.694456019,17.94
1970-01-01 11:18:40.701400463,17.94
1970-01-01 11:18:40.708344907,17.94
1970-01-01 11:18:40.715289352,17.94
1970-01-01 11:18:40.722233796,18.003
1970-01-01 11:18:40.729178241,18.003
1970-01-01 11:18:40.736122685,18.003
1970-01-01 11:18:40.743067130,18.003
1970-01-01 11:18:40.750011574,18.003
1970-01-01 11:18:40.756956019,18.003
1970-01-01 11:18:40.763900463,18.003
1970-01-01 11:18:40.770844907,18.003
1970-01-01 11:18:40.777789352,18.003
1970-01-01 11:18:40.784733796,18.003
1970-01-01 11:18:40.791678241,18.003
1970-01-01 11:18:40.798622685,18.003
1970-01-01 11:18:40.805567130,18.066
1970-01-01 11:18:40.812511574,18.066
1970-01-01 11:18:40.819456019,18.066
1970-01-01 11:18:40.826400463,18.066
1970-01-01 11:18:40.833344907,18.066
1970-01-01 11:18:40.840289352,18.003
1970-01-01 11:18:40.847233796,18.003
1970-01-01 11:18:40.854178241,18.003
1970-01-01 11:18:40.861122685,18.003
1970-01-01 11:18:40.868067130,18.003
1970-01-01 11:18:40.875011574,18.003
1970-01-01 11:18:40.881956019,18.003
1970-01-01 11:18:40.888900463,18.003
1970-01-01 11:18:40.895844907,18.003
1970-01-01 11:18:40.902789352,17.94
1970-01-01 11:18:40.909733796,17.94
1970-01-01 11:18:40.916678241,17.94
1970-01-01 11:18:40.923622685,17.94
1970-01-01 11:18:40.930567130,17.94
1970-01-01 11:18:40.937511574,17.94
1970-01-01 11:18:40.944456019,17.878
1970-01-01 11:18:40.951400463,17.878
1970-01-01 11:18:40.958344907,17.878
1970-01-01 11:18:40.965289352,17.878
1970-01-01 11:18:40.972233796,17.878
1970-01-01 11:18:40.979178241,17.815
1970-01-01 11:18:40.986122685,17.815
1970-01-01 11:18:40.993067130,17.815
1970-01-01 11:18:41.000011574,17.752
1970-01-01 11:18:41.006956019,17.752
1970-01-01 11:18:41.013900463,17.752
1970-01-01 11:18:41.020844907,17.752
1970-01-01 11:18:41.027789352,17.69
1970-01-01 11:18:41.034733796,17.69
1970-01-01 11:18:41.041678241,17.69
1970-01-01 11:18:41.048622685,17.69
1970-01-01 11:18:41.055567130,17.627
1970-01-01 11:18:41.062511574,17.627
1970-01-01 11:18:41.069456019,17.627
1970-01-01 11:18:41.076400463,17.627
1970-01-01 11:18:41.083344907,17.564
1970-01-01 11:18:41.090289352,17.564
1970-01-01 11:18:41.097233796,17.564
1970-01-01 11:18:41.104178241,17.502
1970-01-01 11:18:41.111122685,17.502
1970-01-01 11:18:41.118067130,17.502
1970-01-01 11:18:41.125011573,17.502
1970-01-01 11:18:41.131956019,17.439
1970-01-01 11:18:41.138900463,17.439
1970-01-01 11:18:41.145844907,17.439
1970-01-01 11:18:41.152789352,17.376
1970-01-01 11:18:41.159733796,17.376
1970-01-01 11:18:41.166678241,17.376
1970-01-01 11:18:41.173622685,17.376
1970-01-01 11:18:41.180567130,17.314
1970-01-01 11:18:41.187511574,17.314
1970-01-01 11:18:41.194456019,17.314
1970-01-01 11:18:41.201400463,17.314
1970-01-01 11:18:41.208344907,17.314
1970-01-01 11:18:41.215289352,17.251
1970-01-01 11:18:41.222233796,17.251
1970-01-01 11:18:41.229178241,17.251
1970-01-01 11:18:41.236122685,17.251
1970-01-01 11:18:41.243067130,17.251
1970-01-01 11:18:41.250011574,17.251
1970-01-01 11:18:41.256956018,17.188
1970-01-01 11:18:41.263900462,17.188
1970-01-01 11:18:41.270844907,17.188
1970-01-01 11:18:41.277789352,17.188
1970-01-01 11:18:41.284733796,17.188
1970-01-01 11:18:41.291678241,17.188
1970-01-01 11:18:41.298622685,17.126
1970-01-01 11:18:41.305567130,17.126
1970-01-01 11:18:41.312511574,17.126
1970-01-01 11:18:41.319456019,17.126
1970-01-01 11:18:41.326400463,17.126
1970-01-01 11:18:41.333344907,17.126
1970-01-01 11:18:41.340289352,17.126
1970-01-01 11:18:41.347233796,17.126
1970-01-01 11:18:41.354178241,17.126
1970-01-01 11:18:41.361122685,17.126
1970-01-01 11:18:41.368067130,17.126
1970-01-01 11:18:41.375011574,17.126
1970-01-01 11:18:41.381956019,17.126
1970-01-01 11:18:41.388900463,17.126
1970-01-01 11:18:41.395844907,17.188
1970-01-01 11:18:41.402789352,17.188
1970-01-01 11:18:41.409733796,17.188
1970-01-01 11:18:41.416678241,17.251
1970-01-01 11:18:41.423622685,17.251
1970-01-01 11:18:41.430567130,17.314
1970-01-01 11:18:41.437511574,17.314
1970-01-01 11:18:41.444456019,17.314
1970-01-01 11:18:41.451400463,17.376
1970-01-01 11:18:41.458344907,17.439
1970-01-01 11:18:41.465289352,17.439
1970-01-01 11:18:41.472233796,17.502
1970-01-01 11:18:41.479178241,17.502
1970-01-01 11:18:41.486122685,17.564
1970-01-01 11:18:41.493067130,17.564
1970-01-01 11:18:41.500011573,17.627
1970-01-01 11:18:41.506956019,17.69
1970-01-01 11:18:41.513900463,17.69
1970-01-01 11:18:41.520844906,17.752
1970-01-01 11:18:41.527789352,17.815
1970-01-01 11:18:41.534733796,17.815
1970-01-01 11:18:41.541678241,17.878
1970-01-01 11:18:41.548622685,17.94
1970-01-01 11:18:41.555567130,18.003
1970-01-01 11:18:41.562511574,18.066
1970-01-01 11:18:41.569456019,18.128
1970-01-01 11:18:41.576400463,18.191
1970-01-01 11:18:41.583344907,18.254
1970-01-01 11:18:41.590289352,18.316
1970-01-01 11:18:41.597233796,18.379
1970-01-01 11:18:41.604178241,18.441
1970-01-01 11:18:41.611122685,18.504
1970-01-01 11:18:41.618067130,18.504
1970-01-01 11:18:41.625011574,18.567
1970-01-01 11:18:41.631956019,18.629
1970-01-01 11:18:41.638900463,18.692
1970-01-01 11:18:41.645844907,18.692
1970-01-01 11:18:41.652789352,18.755
1970-01-01 11:18:41.659733796,18.755
1970-01-01 11:18:41.666678241,18.817
1970-01-01 11:18:41.673622685,18.817
1970-01-01 11:18:41.680567130,18.88
1970-01-01 11:18:41.687511574,18.88
1970-01-01 11:18:41.694456019,18.943
1970-01-01 11:18:41.701400463,18.943
1970-01-01 11:18:41.708344907,19.005
1970-01-01 11:18:41.715289352,19.005
1970-01-01 11:18:41.722233796,19.005
1970-01-01 11:18:41.729178241,19.068
1970-01-01 11:18:41.736122685,19.068
1970-01-01 11:18:41.743067130,19.068
1970-01-01 11:18:41.750011574,19.068
1970-01-01 11:18:41.756956019,19.068
1970-01-01 11:18:41.763900463,19.13
1970-01-01 11:18:41.770844907,19.13
1970-01-01 11:18:41.777789352,19.13
1970-01-01 11:18:41.784733796,19.13
1970-01-01 11:18:41.791678241,19.13
1970-01-01 11:18:41.798622685,19.13
1970-01-01 11:18:41.805567130,19.13
1970-01-01 11:18:41.812511574,19.13
1970-01-01 11:18:41.819456019,19.068
1970-01-01 11:18:41.826400463,19.068
1970-01-01 11:18:41.833344907,19.068
1970-01-01 11:18:41.840289352,19.068
1970-01-01 11:18:41.847233796,19.068
1970-01-01 11:18:41.854178241,19.068
1970-01-01 11:18:41.861122685,19.068
1970-01-01 11:18:41.868067130,19.068
1970-01-01 11:18:41.875011574,19.005
1970-01-01 11:18:41.881956019,19.005
1970-01-01 11:18:41.888900463,19.005
1970-01-01 11:18:41.895844907,19.005
1970-01-01 11:18:41.902789352,19.005
1970-01-01 11:18:41.909733796,19.005
1970-01-01 11:18:41.916678241,18.943
1970-01-01 11:18:41.923622685,18.943
1970-01-01 11:18:41.930567130,18.943
1970-01-01 11:18:41.937511574,18.943
1970-01-01 11:18:41.944456019,18.943
1970-01-01 11:18:41.951400463,18.943
1970-01-01 11:18:41.958344907,18.88
1970-01-01 11:18:41.965289352,18.88
1970-01-01 11:18:41.972233796,18.88
1970-01-01 11:18:41.979178241,18.817
1970-01-01 11:18:41.986122685,18.817
1970-01-01 11:18:41.993067130,18.817
1970-01-01 11:18:42.000011574,18.755
1970-01-01 11:18:42.006956019,18.755
1970-01-01 11:18:42.013900463,18.755
1970-01-01 11:18:42.020844907,18.755
1970-01-01 11:18:42.027789352,18.692
1970-01-01 11:18:42.034733796,18.692
1970-01-01 11:18:42.041678241,18.692
1970-01-01 11:18:42.048622685,18.629
1970-01-01 11:18:42.055567130,18.629
1970-01-01 11:18:42.062511574,18.629
1970-01-01 11:18:42.069456019,18.567
1970-01-01 11:18:42.076400463,18.567
1970-01-01 11:18:42.083344907,18.567
1970-01-01 11:18:42.090289352,18.567
1970-01-01 11:18:42.097233796,18.567
1970-01-01 11:18:42.104178241,18.504
1970-01-01 11:18:42.111122685,18.504
1970-01-01 11:18:42.118067130,18.504
1970-01-01 11:18:42.125011573,18.441
1970-01-01 11:18:42.131956019,18.441
1970-01-01 11:18:42.138900463,18.441
1970-01-01 11:18:42.145844907,18.441
1970-01-01 11:18:42.152789352,18.379
1970-01-01 11:18:42.159733796,18.379
1970-01-01 11:18:42.166678241,18.379
1970-01-01 11:18:42.173622685,18.379
1970-01-01 11:18:42.180567130,18.379
1970-01-01 11:18:42.187511574,18.316
1970-01-01 11:18:42.194456019,18.316
1970-01-01 11:18:42.201400463,18.316
1970-01-01 11:18:42.208344907,18.316
1970-01-01 11:18:42.215289352,18.316
1970-01-01 11:18:42.222233796,18.254
1970-01-01 11:18:42.229178241,18.254
1970-01-01 11:18:42.236122685,18.254
1970-01-01 11:18:42.243067130,18.254
1970-01-01 11:18:42.250011574,18.254
1970-01-01 11:18:42.256956018,18.254
1970-01-01 11:18:42.263900462,18.254
1970-01-01 11:18:42.270844907,18.191
1970-01-01 11:18:42.277789352,18.254
1970-01-01 11:18:42.284733796,18.191
1970-01-01 11:18:42.291678241,18.191
1970-01-01 11:18:42.298622685,18.191
1970-01-01 11:18:42.305567130,18.191
1970-01-01 11:18:42.312511574,18.191
1970-01-01 11:18:42.319456019,18.191
1970-01-01 11:18:42.326400463,18.191
1970-01-01 11:18:42.333344907,18.191
1970-01-01 11:18:42.340289352,18.191
1970-01-01 11:18:42.347233796,18.191
1970-01-01 11:18:42.354178241,18.191
1970-01-01 11:18:42.361122685,18.191
1970-01-01 11:18:42.368067130,18.191
1970-01-01 11:18:42.375011574,18.191
1970-01-01 11:18:42.381956019,18.191
1970-01-01 11:18:42.388900463,18.191
1970-01-01 11:18:42.395844907,18.254
1970-01-01 11:18:42.402789352,18.254
1970-01-01 11:18:42.409733796,18.254
1970-01-01 11:18:42.416678241,18.254
1970-01-01 11:18:42.423622685,18.316
1970-01-01 11:18:42.430567130,18.316
1970-01-01 11:18:42.437511574,18.316
1970-01-01 11:18:42.444456019,18.316
1970-01-01 11:18:42.451400463,18.379
1970-01-01 11:18:42.458344907,18.379
1970-01-01 11:18:42.465289352,18.379
1970-01-01 11:18:42.472233796,18.441
1970-01-01 11:18:42.479178241,18.441
1970-01-01 11:18:42.486122685,18.504
1970-01-01 11:18:42.493067130,18.504
1970-01-01 11:18:42.500011573,18.567
1970-01-01 11:18:42.506956019,18.629
1970-01-01 11:18:42.513900463,18.692
1970-01-01 11:18:42.520844906,18.692
1970-01-01 11:18:42.527789352,18.755
1970-01-01 11:18:42.534733796,18.817
1970-01-01 11:18:42.541678241,18.88
1970-01-01 11:18:42.548622685,18.943
1970-01-01 11:18:42.555567130,19.005
1970-01-01 11:18:42.562511574,19.068
1970-01-01 11:18:42.569456019,19.13
1970-01-01 11:18:42.576400463,19.193
1970-01-01 11:18:42.583344907,19.256
1970-01-01 11:18:42.590289352,19.318
1970-01-01 11:18:42.597233796,19.381
1970-01-01 11:18:42.604178241,19.443
1970-01-01 11:18:42.611122685,19.506
1970-01-01 11:18:42.618067130,19.569
1970-01-01 11:18:42.625011574,19.631
1970-01-01 11:18:42.631956019,19.694
1970-01-01 11:18:42.638900463,19.757
1970-01-01 11:18:42.645844907,19.819
1970-01-01 11:18:42.652789352,19.944
1970-01-01 11:18:42.659733796,19.944
1970-01-01 11:18:42.666678241,20.007
1970-01-01 11:18:42.673622685,20.07
1970-01-01 11:18:42.680567130,20.07
1970-01-01 11:18:42.687511574,20.132
1970-01-01 11:18:42.694456019,20.132
1970-01-01 11:18:42.701400463,20.195
1970-01-01 11:18:42.708344907,20.195
1970-01-01 11:18:42.715289352,20.195
1970-01-01 11:18:42.722233796,20.195
1970-01-01 11:18:42.729178241,20.257
1970-01-01 11:18:42.736122685,20.257
1970-01-01 11:18:42.743067130,20.257
1970-01-01 11:18:42.750011574,20.257
1970-01-01 11:18:42.756956019,20.257
1970-01-01 11:18:42.763900463,20.257
1970-01-01 11:18:42.770844907,20.257
1970-01-01 11:18:42.777789352,20.257
1970-01-01 11:18:42.784733796,20.32
1970-01-01 11:18:42.791678241,20.32
1970-01-01 11:18:42.798622685,20.257
1970-01-01 11:18:42.805567130,20.195
1970-01-01 11:18:42.812511574,20.195
1970-01-01 11:18:42.819456019,20.132
1970-01-01 11:18:42.826400463,20.07
1970-01-01 11:18:42.833344907,20.07
1970-01-01 11:18:42.840289352,20.07
1970-01-01 11:18:42.847233796,20.07
1970-01-01 11:18:42.854178241,20.07
1970-01-01 11:18:42.861122685,20.07
1970-01-01 11:18:42.868067130,20.132
1970-01-01 11:18:42.875011574,20.07
1970-01-01 11:18:42.881956019,20.07
1970-01-01 11:18:42.888900463,20.07
1970-01-01 11:18:42.895844907,20.007
1970-01-01 11:18:42.902789352,20.007
1970-01-01 11:18:42.909733796,19.944
1970-01-01 11:18:42.916678241,19.882
1970-01-01 11:18:42.923622685,19.882
1970-01-01 11:18:42.930567130,19.882
1970-01-01 11:18:42.937511574,19.819
1970-01-01 11:18:42.944456019,19.819
1970-01-01 11:18:42.951400463,19.757
1970-01-01 11:18:42.958344907,19.757
1970-01-01 11:18:42.965289352,19.757
1970-01-01 11:18:42.972233796,19.694
1970-01-01 11:18:42.979178241,19.694
1970-01-01 11:18:42.986122685,19.694
1970-01-01 11:18:42.993067130,19.631
1970-01-01 11:18:43.000011574,19.631
1970-01-01 11:18:43.006956019,19.569
1970-01-01 11:18:43.013900463,19.569
1970-01-01 11:18:43.020844907,19.506
1970-01-01 11:18:43.027789352,19.506
1970-01-01 11:18:43.034733796,19.443
1970-01-01 11:18:43.041678241,19.443
1970-01-01 11:18:43.048622685,19.443
1970-01-01 11:18:43.055567130,19.381
1970-01-01 11:18:43.062511574,19.381
1970-01-01 11:18:43.069456019,19.318
1970-01-01 11:18:43.076400463,19.318
1970-01-01 11:18:43.083344907,19.318
1970-01-01 11:18:43.090289352,19.256
1970-01-01 11:18:43.097233796,19.256
1970-01-01 11:18:43.104178241,19.256
1970-01-01 11:18:43.111122685,19.193
1970-01-01 11:18:43.118067130,19.193
1970-01-01 11:18:43.125011573,19.13
1970-01-01 11:18:43.131956019,19.13
1970-01-01 11:18:43.138900463,19.13
1970-01-01 11:18:43.145844907,19.068
1970-01-01 11:18:43.152789352,19.068
1970-01-01 11:18:43.159733796,19.068
1970-01-01 11:18:43.166678241,19.068
1970-01-01 11:18:43.173622685,19.005
1970-01-01 11:18:43.180567130,19.005
1970-01-01 11:18:43.187511574,19.005
1970-01-01 11:18:43.194456019,18.943
1970-01-01 11:18:43.201400463,18.943
1970-01-01 11:18:43.208344907,18.943
1970-01-01 11:18:43.215289352,18.88
1970-01-01 11:18:43.222233796,18.88
1970-01-01 11:18:43.229178241,18.88
1970-01-01 11:18:43.236122685,18.817
1970-01-01 11:18:43.243067130,18.817
1970-01-01 11:18:43.250011574,18.817
1970-01-01 11:18:43.256956018,18.755
1970-01-01 11:18:43.263900462,18.755
1970-01-01 11:18:43.270844907,18.692
1970-01-01 11:18:43.277789352,18.692
1970-01-01 11:18:43.284733796,18.692
1970-01-01 11:18:43.291678241,18.692
1970-01-01 11:18:43.298622685,18.629
1970-01-01 11:18:43.305567130,18.629
1970-01-01 11:18:43.312511574,18.567
1970-01-01 11:18:43.319456019,18.567
1970-01-01 11:18:43.326400463,18.567
1970-01-01 11:18:43.333344907,18.504
1970-01-01 11:18:43.340289352,18.504
1970-01-01 11:18:43.347233796,18.504
1970-01-01 11:18:43.354178241,18.504
1970-01-01 11:18:43.361122685,18.441
1970-01-01 11:18:43.368067130,18.441
1970-01-01 11:18:43.375011574,18.441
1970-01-01 11:18:43.381956019,18.379
1970-01-01 11:18:43.388900463,18.379
1970-01-01 11:18:43.395844907,18.379
1970-01-01 11:18:43.402789352,18.316
1970-01-01 11:18:43.409733796,18.316
1970-01-01 11:18:43.416678241,18.316
1970-01-01 11:18:43.423622685,18.316
1970-01-01 11:18:43.430567130,18.254
1970-01-01 11:18:43.437511574,18.254
1970-01-01 11:18:43.444456019,18.254
1970-01-01 11:18:43.451400463,18.254
1970-01-01 11:18:43.458344907,18.254
1970-01-01 11:18:43.465289352,18.254
1970-01-01 11:18:43.472233796,18.254
1970-01-01 11:18:43.479178241,18.254
1970-01-01 11:18:43.486122685,18.254
1970-01-01 11:18:43.493067130,18.254
1970-01-01 11:18:43.500011573,18.254
1970-01-01 11:18:43.506956019,18.254
1970-01-01 11:18:43.513900463,18.254
1970-01-01 11:18:43.520844906,18.254
1970-01-01 11:18:43.527789352,18.316
1970-01-01 11:18:43.534733796,18.316
1970-01-01 11:18:43.541678241,18.316
1970-01-01 11:18:43.548622685,18.316
1970-01-01 11:18:43.555567130,18.316
1970-01-01 11:18:43.562511574,18.316
1970-01-01 11:18:43.569456019,18.316
1970-01-01 11:18:43.576400463,18.316
1970-01-01 11:18:43.583344907,18.316
1970-01-01 11:18:43.590289352,18.316
1970-01-01 11:18:43.597233796,18.316
1970-01-01 11:18:43.604178241,18.316
1970-01-01 11:18:43.611122685,18.316
1970-01-01 11:18:43.618067130,18.316
1970-01-01 11:18:43.625011574,18.316
1970-01-01 11:18:43.631956019,18.316
1970-01-01 11:18:43.638900463,18.316
1970-01-01 11:18:43.645844907,18.316
1970-01-01 11:18:43.652789352,18.316
1970-01-01 11:18:43.659733796,18.254
1970-01-01 11:18:43.666678241,18.254
1970-01-01 11:18:43.673622685,18.254
1970-01-01 11:18:43.680567130,18.254
1970-01-01 11:18:43.687511574,18.191
1970-01-01 11:18:43.694456019,18.191
1970-01-01 11:18:43.701400463,18.191
1970-01-01 11:18:43.708344907,18.191
1970-01-01 11:18:43.715289352,18.128
1970-01-01 11:18:43.722233796,18.128
1970-01-01 11:18:43.729178241,18.128
1970-01-01 11:18:43.736122685,18.128
1970-01-01 11:18:43.743067130,18.066
1970-01-01 11:18:43.750011574,18.066
1970-01-01 11:18:43.756956019,18.066
1970-01-01 11:18:43.763900463,18.003
1970-01-01 11:18:43.770844907,18.003
1970-01-01 11:18:43.777789352,18.003
1970-01-01 11:18:43.784733796,17.94
1970-01-01 11:18:43.791678241,17.94
1970-01-01 11:18:43.798622685,17.94
1970-01-01 11:18:43.805567130,17.94
1970-01-01 11:18:43.812511574,17.878
1970-01-01 11:18:43.819456019,17.878
1970-01-01 11:18:43.826400463,17.878
1970-01-01 11:18:43.833344907,17.878
1970-01-01 11:18:43.840289352,17.815
1970-01-01 11:18:43.847233796,17.815
1970-01-01 11:18:43.854178241,17.815
1970-01-01 11:18:43.861122685,17.815
1970-01-01 11:18:43.868067130,17.752
1970-01-01 11:18:43.875011574,17.752
1970-01-01 11:18:43.881956019,17.752
1970-01-01 11:18:43.888900463,17.752
1970-01-01 11:18:43.895844907,17.69
1970-01-01 11:18:43.902789352,17.69
1970-01-01 11:18:43.909733796,17.69
1970-01-01 11:18:43.916678241,17.69
1970-01-01 11:18:43.923622685,17.69
1970-01-01 11:18:43.930567130,17.627
1970-01-01 11:18:43.937511574,17.627
1970-01-01 11:18:43.944456019,17.627
1970-01-01 11:18:43.951400463,17.627
1970-01-01 11:18:43.958344907,17.564
1970-01-01 11:18:43.965289352,17.564
1970-01-01 11:18:43.972233796,17.564
1970-01-01 11:18:43.979178241,17.502
1970-01-01 11:18:43.986122685,17.502
1970-01-01 11:18:43.993067130,17.502
1970-01-01 11:18:44.000011574,17.502
1970-01-01 11:18:44.006956019,17.502
1970-01-01 11:18:44.013900463,17.439
1970-01-01 11:18:44.020844907,17.439
1970-01-01 11:18:44.027789352,17.439
1970-01-01 11:18:44.034733796,17.439
1970-01-01 11:18:44.041678241,17.376
1970-01-01 11:18:44.048622685,17.376
1970-01-01 11:18:44.055567130,17.376
1970-01-01 11:18:44.062511574,17.376
1970-01-01 11:18:44.069456019,17.376
1970-01-01 11:18:44.076400463,17.314
1970-01-01 11:18:44.083344907,17.314
1970-01-01 11:18:44.090289352,17.314
1970-01-01 11:18:44.097233796,17.314
1970-01-01 11:18:44.104178241,17.251
1970-01-01 11:18:44.111122685,17.251
1970-01-01 11:18:44.118067130,17.251
1970-01-01 11:18:44.125011573,17.251
1970-01-01 11:18:44.131956019,17.251
1970-01-01 11:18:44.138900463,17.188
1970-01-01 11:18:44.145844907,17.188
1970-01-01 11:18:44.152789352,17.188
1970-01-01 11:18:44.159733796,17.188
1970-01-01 11:18:44.166678241,17.126
1970-01-01 11:18:44.173622685,17.126
1970-01-01 11:18:44.180567130,17.126
1970-01-01 11:18:44.187511574,17.063
1970-01-01 11:18:44.194456019,17.063
1970-01-01 11:18:44.201400463,17.063
1970-01-01 11:18:44.208344907,17.063
1970-01-01 11:18:44.215289352,17.0
1970-01-01 11:18:44.222233796,17.0
1970-01-01 11:18:44.229178241,17.0
1970-01-01 11:18:44.236122685,17.0
1970-01-01 11:18:44.243067130,16.938
1970-01-01 11:18:44.250011574,16.938
1970-01-01 11:18:44.256956018,16.938
1970-01-01 11:18:44.263900462,16.875
1970-01-01 11:18:44.270844907,16.875
1970-01-01 11:18:44.277789352,16.875
1970-01-01 11:18:44.284733796,16.875
1970-01-01 11:18:44.291678241,16.812
1970-01-01 11:18:44.298622685,16.812
1970-01-01 11:18:44.305567130,16.812
1970-01-01 11:18:44.312511574,16.812
1970-01-01 11:18:44.319456019,16.75
1970-01-01 11:18:44.326400463,16.75
1970-01-01 11:18:44.333344907,16.75
1970-01-01 11:18:44.340289352,16.75
1970-01-01 11:18:44.347233796,16.75
1970-01-01 11:18:44.354178241,16.75
1970-01-01 11:18:44.361122685,16.687
1970-01-01 11:18:44.368067130,16.687
1970-01-01 11:18:44.375011574,16.687
1970-01-01 11:18:44.381956019,16.687
1970-01-01 11:18:44.388900463,16.75
1970-01-01 11:18:44.395844907,16.75
1970-01-01 11:18:44.402789352,16.75
1970-01-01 11:18:44.409733796,16.75
1970-01-01 11:18:44.416678241,16.75
1970-01-01 11:18:44.423622685,16.812
1970-01-01 11:18:44.430567130,16.812
1970-01-01 11:18:44.437511574,16.812
1970-01-01 11:18:44.444456019,16.812
1970-01-01 11:18:44.451400463,16.875
1970-01-01 11:18:44.458344907,16.875
1970-01-01 11:18:44.465289352,16.938
1970-01-01 11:18:44.472233796,16.938
1970-01-01 11:18:44.479178241,17.0
1970-01-01 11:18:44.486122685,17.0
1970-01-01 11:18:44.493067130,17.063
1970-01-01 11:18:44.500011573,17.126
1970-01-01 11:18:44.506956019,17.188
1970-01-01 11:18:44.513900463,17.251
1970-01-01 11:18:44.520844906,17.251
1970-01-01 11:18:44.527789352,17.314
1970-01-01 11:18:44.534733796,17.376
1970-01-01 11:18:44.541678241,17.502
1970-01-01 11:18:44.548622685,17.502
1970-01-01 11:18:44.555567130,17.564
1970-01-01 11:18:44.562511574,17.627
1970-01-01 11:18:44.569456019,17.752
1970-01-01 11:18:44.576400463,17.815
1970-01-01 11:18:44.583344907,17.878
1970-01-01 11:18:44.590289352,17.94
1970-01-01 11:18:44.597233796,18.003
1970-01-01 11:18:44.604178241,18.066
1970-01-01 11:18:44.611122685,18.128
1970-01-01 11:18:44.618067130,18.191
1970-01-01 11:18:44.625011574,18.254
1970-01-01 11:18:44.631956019,18.254
1970-01-01 11:18:44.638900463,18.316
1970-01-01 11:18:44.645844907,18.379
1970-01-01 11:18:44.652789352,18.441
1970-01-01 11:18:44.659733796,18.441
1970-01-01 11:18:44.666678241,18.504
1970-01-01 11:18:44.673622685,18.504
1970-01-01 11:18:44.680567130,18.504
1970-01-01 11:18:44.687511574,18.567
1970-01-01 11:18:44.694456019,18.567
1970-01-01 11:18:44.701400463,18.567
1970-01-01 11:18:44.708344907,18.567
1970-01-01 11:18:44.715289352,18.567
1970-01-01 11:18:44.722233796,18.567
1970-01-01 11:18:44.729178241,18.567
1970-01-01 11:18:44.736122685,18.567
1970-01-01 11:18:44.743067130,18.567
1970-01-01 11:18:44.750011574,18.567
1970-01-01 11:18:44.756956019,18.567
1970-01-01 11:18:44.763900463,18.567
1970-01-01 11:18:44.770844907,18.567
1970-01-01 11:18:44.777789352,18.567
1970-01-01 11:18:44.784733796,18.567
1970-01-01 11:18:44.791678241,18.504
1970-01-01 11:18:44.798622685,18.504
1970-01-01 11:18:44.805567130,18.504
1970-01-01 11:18:44.812511574,18.441
1970-01-01 11:18:44.819456019,18.441
1970-01-01 11:18:44.826400463,18.441
1970-01-01 11:18:44.833344907,18.379
1970-01-01 11:18:44.840289352,18.379
1970-01-01 11:18:44.847233796,18.316
1970-01-01 11:18:44.854178241,18.316
1970-01-01 11:18:44.861122685,18.254
1970-01-01 11:18:44.868067130,18.254
1970-01-01 11:18:44.875011574,18.191
1970-01-01 11:18:44.881956019,18.191
1970-01-01 11:18:44.888900463,18.128
1970-01-01 11:18:44.895844907,18.128
1970-01-01 11:18:44.902789352,18.066
1970-01-01 11:18:44.909733796,18.003
1970-01-01 11:18:44.916678241,18.003
1970-01-01 11:18:44.923622685,17.94
1970-01-01 11:18:44.930567130,17.94
1970-01-01 11:18:44.937511574,17.878
1970-01-01 11:18:44.944456019,17.878
1970-01-01 11:18:44.951400463,17.815
1970-01-01 11:18:44.958344907,17.752
1970-01-01 11:18:44.965289352,17.752
1970-01-01 11:18:44.972233796,17.69
1970-01-01 11:18:44.979178241,17.69
1970-01-01 11:18:44.986122685,17.627
1970-01-01 11:18:44.993067130,17.564
1970-01-01 11:18:45.000011574,17.564
1970-01-01 11:18:45.006956019,17.502
1970-01-01 11:18:45.013900463,17.439
1970-01-01 11:18:45.020844907,17.439
1970-01-01 11:18:45.027789352,17.376
1970-01-01 11:18:45.034733796,17.376
1970-01-01 11:18:45.041678241,17.314
1970-01-01 11:18:45.048622685,17.314
1970-01-01 11:18:45.055567130,17.251
1970-01-01 11:18:45.062511574,17.251
1970-01-01 11:18:45.069456019,17.188
1970-01-01 11:18:45.076400463,17.188
1970-01-01 11:18:45.083344907,17.126
1970-01-01 11:18:45.090289352,17.126
1970-01-01 11:18:45.097233796,17.063
1970-01-01 11:18:45.104178241,17.063
1970-01-01 11:18:45.111122685,17.0
1970-01-01 11:18:45.118067130,17.0
1970-01-01 11:18:45.125011573,16.938
1970-01-01 11:18:45.131956019,16.938
1970-01-01 11:18:45.138900463,16.875
1970-01-01 11:18:45.145844907,16.875
1970-01-01 11:18:45.152789352,16.875
1970-01-01 11:18:45.159733796,16.812
1970-01-01 11:18:45.166678241,16.812
1970-01-01 11:18:45.173622685,16.75
1970-01-01 11:18:45.180567130,16.75
1970-01-01 11:18:45.187511574,16.687
1970-01-01 11:18:45.194456019,16.687
1970-01-01 11:18:45.201400463,16.624
1970-01-01 11:18:45.208344907,16.624
1970-01-01 11:18:45.215289352,16.624
1970-01-01 11:18:45.222233796,16.562
1970-01-01 11:18:45.229178241,16.562
1970-01-01 11:18:45.236122685,16.562
1970-01-01 11:18:45.243067130,16.499
1970-01-01 11:18:45.250011574,16.499
1970-01-01 11:18:45.256956018,16.499
1970-01-01 11:18:45.263900462,16.436
1970-01-01 11:18:45.270844907,16.436
1970-01-01 11:18:45.277789352,16.436
1970-01-01 11:18:45.284733796,16.374
1970-01-01 11:18:45.291678241,16.374
1970-01-01 11:18:45.298622685,16.374
1970-01-01 11:18:45.305567130,16.311
1970-01-01 11:18:45.312511574,16.311
1970-01-01 11:18:45.319456019,16.311
1970-01-01 11:18:45.326400463,16.311
1970-01-01 11:18:45.333344907,16.311
1970-01-01 11:18:45.340289352,16.248
1970-01-01 11:18:45.347233796,16.248
1970-01-01 11:18:45.354178241,16.248
1970-01-01 11:18:45.361122685,16.248
1970-01-01 11:18:45.368067130,16.248
1970-01-01 11:18:45.375011574,16.248
1970-01-01 11:18:45.381956019,16.311
1970-01-01 11:18:45.388900463,16.311
1970-01-01 11:18:45.395844907,16.311
1970-01-01 11:18:45.402789352,16.374
1970-01-01 11:18:45.409733796,16.374
1970-01-01 11:18:45.416678241,16.374
1970-01-01 11:18:45.423622685,16.436
1970-01-01 11:18:45.430567130,16.436
1970-01-01 11:18:45.437511574,16.499
1970-01-01 11:18:45.444456019,16.499
1970-01-01 11:18:45.451400463,16.562
1970-01-01 11:18:45.458344907,16.624
1970-01-01 11:18:45.465289352,16.624
1970-01-01 11:18:45.472233796,16.687
1970-01-01 11:18:45.479178241,16.75
1970-01-01 11:18:45.486122685,16.812
1970-01-01 11:18:45.493067130,16.875
1970-01-01 11:18:45.500011573,16.938
1970-01-01 11:18:45.506956019,17.0
1970-01-01 11:18:45.513900463,17.063
1970-01-01 11:18:45.520844906,17.126
1970-01-01 11:18:45.527789352,17.188
1970-01-01 11:18:45.534733796,17.251
1970-01-01 11:18:45.541678241,17.376
1970-01-01 11:18:45.548622685,17.439
1970-01-01 11:18:45.555567130,17.502
1970-01-01 11:18:45.562511574,17.564
1970-01-01 11:18:45.569456019,17.627
1970-01-01 11:18:45.576400463,17.69
1970-01-01 11:18:45.583344907,17.815
1970-01-01 11:18:45.590289352,17.878
1970-01-01 11:18:45.597233796,17.94
1970-01-01 11:18:45.604178241,18.066
1970-01-01 11:18:45.611122685,18.128
1970-01-01 11:18:45.618067130,18.191
1970-01-01 11:18:45.625011574,18.254
1970-01-01 11:18:45.631956019,18.316
1970-01-01 11:18:45.638900463,18.379
1970-01-01 11:18:45.645844907,18.441
1970-01-01 11:18:45.652789352,18.504
1970-01-01 11:18:45.659733796,18.567
1970-01-01 11:18:45.666678241,18.629
1970-01-01 11:18:45.673622685,18.692
1970-01-01 11:18:45.680567130,18.692
1970-01-01 11:18:45.687511574,18.755
1970-01-01 11:18:45.694456019,18.755
1970-01-01 11:18:45.701400463,18.755
1970-01-01 11:18:45.708344907,18.817
1970-01-01 11:18:45.715289352,18.817
1970-01-01 11:18:45.722233796,18.817
1970-01-01 11:18:45.729178241,18.88
1970-01-01 11:18:45.736122685,18.88
1970-01-01 11:18:45.743067130,18.88
1970-01-01 11:18:45.750011574,18.88
1970-01-01 11:18:45.756956019,18.88
1970-01-01 11:18:45.763900463,18.88
1970-01-01 11:18:45.770844907,18.943
1970-01-01 11:18:45.777789352,18.943
1970-01-01 11:18:45.784733796,18.943
1970-01-01 11:18:45.791678241,18.943
1970-01-01 11:18:45.798622685,18.943
1970-01-01 11:18:45.805567130,18.943
1970-01-01 11:18:45.812511574,18.943
1970-01-01 11:18:45.819456019,18.943
1970-01-01 11:18:45.826400463,18.943
1970-01-01 11:18:45.833344907,18.943
1970-01-01 11:18:45.840289352,18.943
1970-01-01 11:18:45.847233796,18.943
1970-01-01 11:18:45.854178241,18.88
1970-01-01 11:18:45.861122685,18.88
1970-01-01 11:18:45.868067130,18.88
1970-01-01 11:18:45.875011574,18.88
1970-01-01 11:18:45.881956019,18.88
1970-01-01 11:18:45.888900463,18.817
1970-01-01 11:18:45.895844907,18.817
1970-01-01 11:18:45.902789352,18.817
1970-01-01 11:18:45.909733796,18.755
1970-01-01 11:18:45.916678241,18.755
1970-01-01 11:18:45.923622685,18.692
1970-01-01 11:18:45.930567130,18.692
1970-01-01 11:18:45.937511574,18.692
1970-01-01 11:18:45.944456019,18.629
1970-01-01 11:18:45.951400463,18.629
1970-01-01 11:18:45.958344907,18.567
1970-01-01 11:18:45.965289352,18.567
1970-01-01 11:18:45.972233796,18.504
1970-01-01 11:18:45.979178241,18.504
1970-01-01 11:18:45.986122685,18.441
1970-01-01 11:18:45.993067130,18.441
1970-01-01 11:18:46.000011574,18.379
1970-01-01 11:18:46.006956019,18.379
1970-01-01 11:18:46.013900463,18.316
1970-01-01 11:18:46.020844907,18.316
1970-01-01 11:18:46.027789352,18.254
1970-01-01 11:18:46.034733796,18.254
1970-01-01 11:18:46.041678241,18.191
1970-01-01 11:18:46.048622685,18.128
1970-01-01 11:18:46.055567130,18.128
1970-01-01 11:18:46.062511574,18.128
1970-01-01 11:18:46.069456019,18.066
1970-01-01 11:18:46.076400463,18.003
1970-01-01 11:18:46.083344907,18.003
1970-01-01 11:18:46.090289352,17.94
1970-01-01 11:18:46.097233796,17.94
1970-01-01 11:18:46.104178241,17.878
1970-01-01 11:18:46.111122685,17.878
1970-01-01 11:18:46.118067130,17.878
1970-01-01 11:18:46.125011573,17.815
1970-01-01 11:18:46.131956019,17.815
1970-01-01 11:18:46.138900463,17.752
1970-01-01 11:18:46.145844907,17.752
1970-01-01 11:18:46.152789352,17.69
1970-01-01 11:18:46.159733796,17.69
1970-01-01 11:18:46.166678241,17.627
1970-01-01 11:18:46.173622685,17.627
1970-01-01 11:18:46.180567130,17.564
1970-01-01 11:18:46.187511574,17.564
1970-01-01 11:18:46.194456019,17.564
1970-01-01 11:18:46.201400463,17.502
1970-01-01 11:18:46.208344907,17.502
1970-01-01 11:18:46.215289352,17.439
1970-01-01 11:18:46.222233796,17.439
1970-01-01 11:18:46.229178241,17.376
1970-01-01 11:18:46.236122685,17.376
1970-01-01 11:18:46.243067130,17.376
1970-01-01 11:18:46.250011574,17.314
1970-01-01 11:18:46.256956018,17.314
1970-01-01 11:18:46.263900462,17.314
1970-01-01 11:18:46.270844907,17.251
1970-01-01 11:18:46.277789352,17.251
1970-01-01 11:18:46.284733796,17.188
1970-01-01 11:18:46.291678241,17.188
1970-01-01 11:18:46.298622685,17.188
1970-01-01 11:18:46.305567130,17.126
1970-01-01 11:18:46.312511574,17.126
1970-01-01 11:18:46.319456019,17.126
1970-01-01 11:18:46.326400463,17.126
1970-01-01 11:18:46.333344907,17.063
1970-01-01 11:18:46.340289352,17.063
1970-01-01 11:18:46.347233796,17.063
1970-01-01 11:18:46.354178241,17.063
1970-01-01 11:18:46.361122685,17.063
1970-01-01 11:18:46.368067130,17.063
1970-01-01 11:18:46.375011574,17.063
1970-01-01 11:18:46.381956019,17.063
1970-01-01 11:18:46.388900463,17.126
1970-01-01 11:18:46.395844907,17.126
1970-01-01 11:18:46.402789352,17.126
1970-01-01 11:18:46.409733796,17.188
1970-01-01 11:18:46.416678241,17.188
1970-01-01 11:18:46.423622685,17.251
1970-01-01 11:18:46.430567130,17.251
1970-01-01 11:18:46.437511574,17.314
1970-01-01 11:18:46.444456019,17.314
1970-01-01 11:18:46.451400463,17.376
1970-01-01 11:18:46.458344907,17.439
1970-01-01 11:18:46.465289352,17.502
1970-01-01 11:18:46.472233796,17.564
1970-01-01 11:18:46.479178241,17.564
1970-01-01 11:18:46.486122685,17.627
1970-01-01 11:18:46.493067130,17.69
1970-01-01 11:18:46.500011573,17.752
1970-01-01 11:18:46.506956019,17.815
1970-01-01 11:18:46.513900463,17.878
1970-01-01 11:18:46.520844906,18.003
1970-01-01 11:18:46.527789352,18.066
1970-01-01 11:18:46.534733796,18.128
1970-01-01 11:18:46.541678241,18.191
1970-01-01 11:18:46.548622685,18.254
1970-01-01 11:18:46.555567130,18.316
1970-01-01 11:18:46.562511574,18.441
1970-01-01 11:18:46.569456019,18.504
1970-01-01 11:18:46.576400463,18.567
1970-01-01 11:18:46.583344907,18.692
1970-01-01 11:18:46.590289352,18.755
1970-01-01 11:18:46.597233796,18.817
1970-01-01 11:18:46.604178241,18.88
1970-01-01 11:18:46.611122685,19.005
1970-01-01 11:18:46.618067130,19.068
1970-01-01 11:18:46.625011574,19.13
1970-01-01 11:18:46.631956019,19.193
1970-01-01 11:18:46.638900463,19.256
1970-01-01 11:18:46.645844907,19.318
1970-01-01 11:18:46.652789352,19.381
1970-01-01 11:18:46.659733796,19.443
1970-01-01 11:18:46.666678241,19.443
1970-01-01 11:18:46.673622685,19.506
1970-01-01 11:18:46.680567130,19.569
1970-01-01 11:18:46.687511574,19.631
1970-01-01 11:18:46.694456019,19.631
1970-01-01 11:18:46.701400463,19.631
1970-01-01 11:18:46.708344907,19.694
1970-01-01 11:18:46.715289352,19.694
1970-01-01 11:18:46.722233796,19.757
1970-01-01 11:18:46.729178241,19.757
1970-01-01 11:18:46.736122685,19.757
1970-01-01 11:18:46.743067130,19.757
1970-01-01 11:18:46.750011574,19.819
1970-01-01 11:18:46.756956019,19.819
1970-01-01 11:18:46.763900463,19.819
1970-01-01 11:18:46.770844907,19.819
1970-01-01 11:18:46.777789352,19.819
1970-01-01 11:18:46.784733796,19.819
1970-01-01 11:18:46.791678241,19.819
1970-01-01 11:18:46.798622685,19.882
1970-01-01 11:18:46.805567130,19.882
1970-01-01 11:18:46.812511574,19.882
1970-01-01 11:18:46.819456019,19.882
1970-01-01 11:18:46.826400463,19.882
1970-01-01 11:18:46.833344907,19.882
1970-01-01 11:18:46.840289352,19.882
1970-01-01 11:18:46.847233796,19.882
1970-01-01 11:18:46.854178241,19.882
1970-01-01 11:18:46.861122685,19.819
1970-01-01 11:18:46.868067130,19.819
1970-01-01 11:18:46.875011574,19.819
1970-01-01 11:18:46.881956019,19.819
1970-01-01 11:18:46.888900463,19.819
1970-01-01 11:18:46.895844907,19.757
1970-01-01 11:18:46.902789352,19.757
1970-01-01 11:18:46.909733796,19.757
1970-01-01 11:18:46.916678241,19.757
1970-01-01 11:18:46.923622685,19.694
1970-01-01 11:18:46.930567130,19.694
1970-01-01 11:18:46.937511574,19.694
1970-01-01 11:18:46.944456019,19.694
1970-01-01 11:18:46.951400463,19.631
1970-01-01 11:18:46.958344907,19.631
1970-01-01 11:18:46.965289352,19.631
1970-01-01 11:18:46.972233796,19.569
1970-01-01 11:18:46.979178241,19.569
1970-01-01 11:18:46.986122685,19.506
1970-01-01 11:18:46.993067130,19.506
1970-01-01 11:18:47.000011574,19.506
1970-01-01 11:18:47.006956019,19.443
1970-01-01 11:18:47.013900463,19.443
1970-01-01 11:18:47.020844907,19.443
1970-01-01 11:18:47.027789352,19.381
1970-01-01 11:18:47.034733796,19.381
1970-01-01 11:18:47.041678241,19.318
1970-01-01 11:18:47.048622685,19.318
1970-01-01 11:18:47.055567130,19.318
1970-01-01 11:18:47.062511574,19.256
1970-01-01 11:18:47.069456019,19.256
1970-01-01 11:18:47.076400463,19.256
1970-01-01 11:18:47.083344907,19.193
1970-01-01 11:18:47.090289352,19.193
1970-01-01 11:18:47.097233796,19.193
1970-01-01 11:18:47.104178241,19.13
1970-01-01 11:18:47.111122685,19.13
1970-01-01 11:18:47.118067130,19.13
1970-01-01 11:18:47.125011573,19.068
1970-01-01 11:18:47.131956019,19.068
1970-01-01 11:18:47.138900463,19.068
1970-01-01 11:18:47.145844907,19.068
1970-01-01 11:18:47.152789352,19.068
1970-01-01 11:18:47.159733796,19.005
1970-01-01 11:18:47.166678241,19.005
1970-01-01 11:18:47.173622685,19.005
1970-01-01 11:18:47.180567130,19.005
1970-01-01 11:18:47.187511574,18.943
1970-01-01 11:18:47.194456019,18.943
1970-01-01 11:18:47.201400463,18.943
1970-01-01 11:18:47.208344907,18.943
1970-01-01 11:18:47.215289352,18.943
1970-01-01 11:18:47.222233796,18.943
1970-01-01 11:18:47.229178241,18.943
1970-01-01 11:18:47.236122685,18.88
1970-01-01 11:18:47.243067130,18.88
1970-01-01 11:18:47.250011574,18.88
1970-01-01 11:18:47.256956018,18.88
1970-01-01 11:18:47.263900462,18.88
1970-01-01 11:18:47.270844907,18.88
1970-01-01 11:18:47.277789352,18.88
1970-01-01 11:18:47.284733796,18.88
1970-01-01 11:18:47.291678241,18.88
1970-01-01 11:18:47.298622685,18.88
1970-01-01 11:18:47.305567130,18.88
1970-01-01 11:18:47.312511574,18.88
1970-01-01 11:18:47.319456019,18.88
1970-01-01 11:18:47.326400463,18.88
1970-01-01 11:18:47.333344907,18.88
1970-01-01 11:18:47.340289352,18.88
1970-01-01 11:18:47.347233796,18.88
1970-01-01 11:18:47.354178241,18.88
1970-01-01 11:18:47.361122685,18.88
1970-01-01 11:18:47.368067130,18.88
1970-01-01 11:18:47.375011574,18.88
1970-01-01 11:18:47.381956019,18.88
1970-01-01 11:18:47.388900463,18.88
1970-01-01 11:18:47.395844907,18.88
1970-01-01 11:18:47.402789352,18.88
1970-01-01 11:18:47.409733796,18.88
1970-01-01 11:18:47.416678241,18.88
1970-01-01 11:18:47.423622685,18.88
1970-01-01 11:18:47.430567130,18.943
1970-01-01 11:18:47.437511574,18.943
1970-01-01 11:18:47.444456019,18.943
1970-01-01 11:18:47.451400463,18.943
1970-01-01 11:18:47.458344907,18.943
1970-01-01 11:18:47.465289352,19.005
1970-01-01 11:18:47.472233796,19.005
1970-01-01 11:18:47.479178241,19.005
1970-01-01 11:18:47.486122685,19.005
1970-01-01 11:18:47.493067130,19.005
1970-01-01 11:18:47.500011573,19.068
1970-01-01 11:18:47.506956019,19.068
1970-01-01 11:18:47.513900463,19.068
1970-01-01 11:18:47.520844906,19.068
1970-01-01 11:18:47.527789352,19.068
1970-01-01 11:18:47.534733796,19.13
1970-01-01 11:18:47.541678241,19.13
1970-01-01 11:18:47.548622685,19.13
1970-01-01 11:18:47.555567130,19.13
1970-01-01 11:18:47.562511574,19.193
1970-01-01 11:18:47.569456019,19.193
1970-01-01 11:18:47.576400463,19.256
1970-01-01 11:18:47.583344907,19.256
1970-01-01 11:18:47.590289352,19.318
1970-01-01 11:18:47.597233796,19.318
1970-01-01 11:18:47.604178241,19.381
1970-01-01 11:18:47.611122685,19.443
1970-01-01 11:18:47.618067130,19.443
1970-01-01 11:18:47.625011574,19.506
1970-01-01 11:18:47.631956019,19.569
1970-01-01 11:18:47.638900463,19.631
1970-01-01 11:18:47.645844907,19.631
1970-01-01 11:18:47.652789352,19.694
1970-01-01 11:18:47.659733796,19.757
1970-01-01 11:18:47.666678241,19.819
1970-01-01 11:18:47.673622685,19.819
1970-01-01 11:18:47.680567130,19.882
1970-01-01 11:18:47.687511574,19.944
1970-01-01 11:18:47.694456019,19.944
1970-01-01 11:18:47.701400463,19.944
1970-01-01 11:18:47.708344907,20.007
1970-01-01 11:18:47.715289352,20.007
1970-01-01 11:18:47.722233796,20.007
1970-01-01 11:18:47.729178241,20.07
1970-01-01 11:18:47.736122685,20.07
1970-01-01 11:18:47.743067130,20.07
1970-01-01 11:18:47.750011574,20.132
1970-01-01 11:18:47.756956019,20.132
1970-01-01 11:18:47.763900463,20.132
1970-01-01 11:18:47.770844907,20.132
1970-01-01 11:18:47.777789352,20.132
1970-01-01 11:18:47.784733796,20.195
1970-01-01 11:18:47.791678241,20.195
1970-01-01 11:18:47.798622685,20.195
1970-01-01 11:18:47.805567130,20.195
1970-01-01 11:18:47.812511574,20.195
1970-01-01 11:18:47.819456019,20.195
1970-01-01 11:18:47.826400463,20.132
1970-01-01 11:18:47.833344907,20.132
1970-01-01 11:18:47.840289352,20.132
1970-01-01 11:18:47.847233796,20.132
1970-01-01 11:18:47.854178241,20.132
1970-01-01 11:18:47.861122685,20.07
1970-01-01 11:18:47.868067130,20.07
1970-01-01 11:18:47.875011574,20.07
1970-01-01 11:18:47.881956019,20.07
1970-01-01 11:18:47.888900463,20.007
1970-01-01 11:18:47.895844907,20.007
1970-01-01 11:18:47.902789352,19.944
1970-01-01 11:18:47.909733796,19.944
1970-01-01 11:18:47.916678241,19.882
1970-01-01 11:18:47.923622685,19.882
1970-01-01 11:18:47.930567130,19.819
1970-01-01 11:18:47.937511574,19.819
1970-01-01 11:18:47.944456019,19.757
1970-01-01 11:18:47.951400463,19.757
1970-01-01 11:18:47.958344907,19.694
1970-01-01 11:18:47.965289352,19.694
1970-01-01 11:18:47.972233796,19.631
1970-01-01 11:18:47.979178241,19.569
1970-01-01 11:18:47.986122685,19.569
1970-01-01 11:18:47.993067130,19.506
1970-01-01 11:18:48.000011574,19.506
1970-01-01 11:18:48.006956019,19.443
1970-01-01 11:18:48.013900463,19.381
1970-01-01 11:18:48.020844907,19.318
1970-01-01 11:18:48.027789352,19.318
1970-01-01 11:18:48.034733796,19.256
1970-01-01 11:18:48.041678241,19.256
1970-01-01 11:18:48.048622685,19.193
1970-01-01 11:18:48.055567130,19.13
1970-01-01 11:18:48.062511574,19.13
1970-01-01 11:18:48.069456019,19.068
1970-01-01 11:18:48.076400463,19.005
1970-01-01 11:18:48.083344907,19.005
1970-01-01 11:18:48.090289352,18.943
1970-01-01 11:18:48.097233796,18.943
1970-01-01 11:18:48.104178241,18.88
1970-01-01 11:18:48.111122685,18.817
1970-01-01 11:18:48.118067130,18.817
1970-01-01 11:18:48.125011573,18.755
1970-01-01 11:18:48.131956019,18.755
1970-01-01 11:18:48.138900463,18.692
1970-01-01 11:18:48.145844907,18.692
1970-01-01 11:18:48.152789352,18.629
1970-01-01 11:18:48.159733796,18.629
1970-01-01 11:18:48.166678241,18.567
1970-01-01 11:18:48.173622685,18.504
1970-01-01 11:18:48.180567130,18.504
1970-01-01 11:18:48.187511574,18.441
1970-01-01 11:18:48.194456019,18.441
1970-01-01 11:18:48.201400463,18.441
1970-01-01 11:18:48.208344907,18.379
1970-01-01 11:18:48.215289352,18.316
1970-01-01 11:18:48.222233796,18.316
1970-01-01 11:18:48.229178241,18.254
1970-01-01 11:18:48.236122685,18.254
1970-01-01 11:18:48.243067130,18.254
1970-01-01 11:18:48.250011574,18.191
1970-01-01 11:18:48.256956018,18.191
1970-01-01 11:18:48.263900462,18.128
1970-01-01 11:18:48.270844907,18.128
1970-01-01 11:18:48.277789352,18.128
1970-01-01 11:18:48.284733796,18.066
1970-01-01 11:18:48.291678241,18.066
1970-01-01 11:18:48.298622685,18.066
1970-01-01 11:18:48.305567130,18.003
1970-01-01 11:18:48.312511574,18.003
1970-01-01 11:18:48.319456019,18.003
1970-01-01 11:18:48.326400463,18.003
1970-01-01 11:18:48.333344907,17.94
1970-01-01 11:18:48.340289352,17.94
1970-01-01 11:18:48.347233796,17.94
1970-01-01 11:18:48.354178241,17.94
1970-01-01 11:18:48.361122685,17.94
1970-01-01 11:18:48.368067130,17.94
1970-01-01 11:18:48.375011574,17.94
1970-01-01 11:18:48.381956019,18.003
1970-01-01 11:18:48.388900463,18.003
1970-01-01 11:18:48.395844907,18.003
1970-01-01 11:18:48.402789352,18.066
1970-01-01 11:18:48.409733796,18.066
1970-01-01 11:18:48.416678241,18.128
1970-01-01 11:18:48.423622685,18.128
1970-01-01 11:18:48.430567130,18.191
1970-01-01 11:18:48.437511574,18.191
1970-01-01 11:18:48.444456019,18.254
1970-01-01 11:18:48.451400463,18.316
1970-01-01 11:18:48.458344907,18.316
1970-01-01 11:18:48.465289352,18.379
1970-01-01 11:18:48.472233796,18.441
1970-01-01 11:18:48.479178241,18.504
1970-01-01 11:18:48.486122685,18.567
1970-01-01 11:18:48.493067130,18.567
1970-01-01 11:18:48.500011573,18.629
1970-01-01 11:18:48.506956019,18.692
1970-01-01 11:18:48.513900463,18.755
1970-01-01 11:18:48.520844906,18.88
1970-01-01 11:18:48.527789352,18.943
1970-01-01 11:18:48.534733796,19.005
1970-01-01 11:18:48.541678241,19.068
1970-01-01 11:18:48.548622685,19.193
1970-01-01 11:18:48.555567130,19.256
1970-01-01 11:18:48.562511574,19.318
1970-01-01 11:18:48.569456019,19.443
1970-01-01 11:18:48.576400463,19.506
1970-01-01 11:18:48.583344907,19.569
1970-01-01 11:18:48.590289352,19.694
1970-01-01 11:18:48.597233796,19.757
1970-01-01 11:18:48.604178241,19.819
1970-01-01 11:18:48.611122685,19.944
1970-01-01 11:18:48.618067130,20.007
1970-01-01 11:18:48.625011574,20.07
1970-01-01 11:18:48.631956019,20.132
1970-01-01 11:18:48.638900463,20.195
1970-01-01 11:18:48.645844907,20.257
1970-01-01 11:18:48.652789352,20.32
1970-01-01 11:18:48.659733796,20.383
1970-01-01 11:18:48.666678241,20.383
1970-01-01 11:18:48.673622685,20.445
1970-01-01 11:18:48.680567130,20.445
1970-01-01 11:18:48.687511574,20.508
1970-01-01 11:18:48.694456019,20.508
1970-01-01 11:18:48.701400463,20.508
1970-01-01 11:18:48.708344907,20.57
1970-01-01 11:18:48.715289352,20.57
1970-01-01 11:18:48.722233796,20.57
1970-01-01 11:18:48.729178241,20.57
1970-01-01 11:18:48.736122685,20.57
1970-01-01 11:18:48.743067130,20.57
1970-01-01 11:18:48.750011574,20.57
1970-01-01 11:18:48.756956019,20.57
1970-01-01 11:18:48.763900463,20.508
1970-01-01 11:18:48.770844907,20.508
1970-01-01 11:18:48.777789352,20.508
1970-01-01 11:18:48.784733796,20.508
1970-01-01 11:18:48.791678241,20.508
1970-01-01 11:18:48.798622685,20.508
1970-01-01 11:18:48.805567130,20.508
1970-01-01 11:18:48.812511574,20.445
1970-01-01 11:18:48.819456019,20.445
1970-01-01 11:18:48.826400463,20.445
1970-01-01 11:18:48.833344907,20.383
1970-01-01 11:18:48.840289352,20.383
1970-01-01 11:18:48.847233796,20.32
1970-01-01 11:18:48.854178241,20.32
1970-01-01 11:18:48.861122685,20.32
1970-01-01 11:18:48.868067130,20.257
1970-01-01 11:18:48.875011574,20.195
1970-01-01 11:18:48.881956019,20.195
1970-01-01 11:18:48.888900463,20.132
1970-01-01 11:18:48.895844907,20.132
1970-01-01 11:18:48.902789352,20.07
1970-01-01 11:18:48.909733796,20.007
1970-01-01 11:18:48.916678241,20.007
1970-01-01 11:18:48.923622685,19.944
1970-01-01 11:18:48.930567130,19.882
1970-01-01 11:18:48.937511574,19.819
1970-01-01 11:18:48.944456019,19.819
1970-01-01 11:18:48.951400463,19.757
1970-01-01 11:18:48.958344907,19.694
1970-01-01 11:18:48.965289352,19.694
1970-01-01 11:18:48.972233796,19.631
1970-01-01 11:18:48.979178241,19.569
1970-01-01 11:18:48.986122685,19.506
1970-01-01 11:18:48.993067130,19.443
1970-01-01 11:18:49.000011574,19.381
1970-01-01 11:18:49.006956019,19.318
1970-01-01 11:18:49.013900463,19.318
1970-01-01 11:18:49.020844907,19.256
1970-01-01 11:18:49.027789352,19.193
1970-01-01 11:18:49.034733796,19.13
1970-01-01 11:18:49.041678241,19.068
1970-01-01 11:18:49.048622685,19.005
1970-01-01 11:18:49.055567130,19.005
1970-01-01 11:18:49.062511574,18.943
1970-01-01 11:18:49.069456019,18.88
1970-01-01 11:18:49.076400463,18.817
1970-01-01 11:18:49.083344907,18.755
1970-01-01 11:18:49.090289352,18.755
1970-01-01 11:18:49.097233796,18.692
1970-01-01 11:18:49.104178241,18.629
1970-01-01 11:18:49.111122685,18.567
1970-01-01 11:18:49.118067130,18.504
1970-01-01 11:18:49.125011573,18.504
1970-01-01 11:18:49.131956019,18.441
1970-01-01 11:18:49.138900463,18.379
1970-01-01 11:18:49.145844907,18.379
1970-01-01 11:18:49.152789352,18.316
1970-01-01 11:18:49.159733796,18.254
1970-01-01 11:18:49.166678241,18.254
1970-01-01 11:18:49.173622685,18.191
1970-01-01 11:18:49.180567130,18.128
1970-01-01 11:18:49.187511574,18.128
1970-01-01 11:18:49.194456019,18.066
1970-01-01 11:18:49.201400463,18.066
1970-01-01 11:18:49.208344907,18.003
1970-01-01 11:18:49.215289352,17.94
1970-01-01 11:18:49.222233796,17.94
1970-01-01 11:18:49.229178241,17.878
1970-01-01 11:18:49.236122685,17.815
1970-01-01 11:18:49.243067130,17.815
1970-01-01 11:18:49.250011574,17.752
1970-01-01 11:18:49.256956018,17.752
1970-01-01 11:18:49.263900462,17.69
1970-01-01 11:18:49.270844907,17.69
1970-01-01 11:18:49.277789352,17.627
1970-01-01 11:18:49.284733796,17.627
1970-01-01 11:18:49.291678241,17.627
1970-01-01 11:18:49.298622685,17.564
1970-01-01 11:18:49.305567130,17.564
1970-01-01 11:18:49.312511574,17.564
1970-01-01 11:18:49.319456019,17.502
1970-01-01 11:18:49.326400463,17.502
1970-01-01 11:18:49.333344907,17.502
1970-01-01 11:18:49.340289352,17.439
1970-01-01 11:18:49.347233796,17.439
1970-01-01 11:18:49.354178241,17.439
1970-01-01 11:18:49.361122685,17.439
1970-01-01 11:18:49.368067130,17.439
1970-01-01 11:18:49.375011574,17.439
1970-01-01 11:18:49.381956019,17.502
1970-01-01 11:18:49.388900463,17.502
1970-01-01 11:18:49.395844907,17.502
1970-01-01 11:18:49.402789352,17.564
1970-01-01 11:18:49.409733796,17.564
1970-01-01 11:18:49.416678241,17.564
1970-01-01 11:18:49.423622685,17.627
1970-01-01 11:18:49.430567130,17.627
1970-01-01 11:18:49.437511574,17.69
1970-01-01 11:18:49.444456019,17.752
1970-01-01 11:18:49.451400463,17.815
1970-01-01 11:18:49.458344907,17.815
1970-01-01 11:18:49.465289352,17.878
1970-01-01 11:18:49.472233796,17.94
1970-01-01 11:18:49.479178241,18.003
1970-01-01 11:18:49.486122685,18.066
1970-01-01 11:18:49.493067130,18.128
1970-01-01 11:18:49.500011573,18.191
1970-01-01 11:18:49.506956019,18.254
1970-01-01 11:18:49.513900463,18.316
1970-01-01 11:18:49.520844906,18.379
1970-01-01 11:18:49.527789352,18.441
1970-01-01 11:18:49.534733796,18.567
1970-01-01 11:18:49.541678241,18.629
1970-01-01 11:18:49.548622685,18.755
1970-01-01 11:18:49.555567130,18.817
1970-01-01 11:18:49.562511574,18.88
1970-01-01 11:18:49.569456019,19.005
1970-01-01 11:18:49.576400463,19.068
1970-01-01 11:18:49.583344907,19.193
1970-01-01 11:18:49.590289352,19.256
1970-01-01 11:18:49.597233796,19.381
1970-01-01 11:18:49.604178241,19.443
1970-01-01 11:18:49.611122685,19.569
1970-01-01 11:18:49.618067130,19.631
1970-01-01 11:18:49.625011574,19.694
1970-01-01 11:18:49.631956019,19.819
1970-01-01 11:18:49.638900463,19.882
1970-01-01 11:18:49.645844907,19.944
1970-01-01 11:18:49.652789352,20.007
1970-01-01 11:18:49.659733796,20.07
1970-01-01 11:18:49.666678241,20.132
1970-01-01 11:18:49.673622685,20.132
1970-01-01 11:18:49.680567130,20.195
1970-01-01 11:18:49.687511574,20.195
1970-01-01 11:18:49.694456019,20.257
1970-01-01 11:18:49.701400463,20.257
1970-01-01 11:18:49.708344907,20.257
1970-01-01 11:18:49.715289352,20.32
1970-01-01 11:18:49.722233796,20.32
1970-01-01 11:18:49.729178241,20.32
1970-01-01 11:18:49.736122685,20.32
1970-01-01 11:18:49.743067130,20.32
1970-01-01 11:18:49.750011574,20.32
1970-01-01 11:18:49.756956019,20.32
1970-01-01 11:18:49.763900463,20.383
1970-01-01 11:18:49.770844907,20.383
1970-01-01 11:18:49.777789352,20.32
1970-01-01 11:18:49.784733796,20.32
1970-01-01 11:18:49.791678241,20.32
1970-01-01 11:18:49.798622685,20.32
1970-01-01 11:18:49.805567130,20.32
1970-01-01 11:18:49.812511574,20.32
1970-01-01 11:18:49.819456019,20.32
1970-01-01 11:18:49.826400463,20.32
1970-01-01 11:18:49.833344907,20.32
1970-01-01 11:18:49.840289352,20.32
1970-01-01 11:18:49.847233796,20.257
1970-01-01 11:18:49.854178241,20.257
1970-01-01 11:18:49.861122685,20.257
1970-01-01 11:18:49.868067130,20.195
1970-01-01 11:18:49.875011574,20.195
1970-01-01 11:18:49.881956019,20.195
1970-01-01 11:18:49.888900463,20.132
1970-01-01 11:18:49.895844907,20.132
1970-01-01 11:18:49.902789352,20.07
1970-01-01 11:18:49.909733796,20.07
1970-01-01 11:18:49.916678241,20.007
1970-01-01 11:18:49.923622685,20.007
1970-01-01 11:18:49.930567130,19.944
1970-01-01 11:18:49.937511574,19.944
1970-01-01 11:18:49.944456019,19.882
1970-01-01 11:18:49.951400463,19.882
1970-01-01 11:18:49.958344907,19.819
1970-01-01 11:18:49.965289352,19.819
1970-01-01 11:18:49.972233796,19.757
1970-01-01 11:18:49.979178241,19.694
1970-01-01 11:18:49.986122685,19.694
1970-01-01 11:18:49.993067130,19.631
1970-01-01 11:18:50.000011574,19.631
1970-01-01 11:18:50.006956019,19.569
1970-01-01 11:18:50.013900463,19.506
1970-01-01 11:18:50.020844907,19.506
1970-01-01 11:18:50.027789352,19.443
1970-01-01 11:18:50.034733796,19.381
1970-01-01 11:18:50.041678241,19.381
1970-01-01 11:18:50.048622685,19.318
1970-01-01 11:18:50.055567130,19.256
1970-01-01 11:18:50.062511574,19.256
1970-01-01 11:18:50.069456019,19.193
1970-01-01 11:18:50.076400463,19.193
1970-01-01 11:18:50.083344907,19.13
1970-01-01 11:18:50.090289352,19.068
1970-01-01 11:18:50.097233796,19.068
1970-01-01 11:18:50.104178241,19.005
1970-01-01 11:18:50.111122685,19.005
1970-01-01 11:18:50.118067130,18.943
1970-01-01 11:18:50.125011573,18.88
1970-01-01 11:18:50.131956019,18.88
1970-01-01 11:18:50.138900463,18.817
1970-01-01 11:18:50.145844907,18.817
1970-01-01 11:18:50.152789352,18.755
1970-01-01 11:18:50.159733796,18.755
1970-01-01 11:18:50.166678241,18.692
1970-01-01 11:18:50.173622685,18.692
1970-01-01 11:18:50.180567130,18.629
1970-01-01 11:18:50.187511574,18.629
1970-01-01 11:18:50.194456019,18.567
1970-01-01 11:18:50.201400463,18.567
1970-01-01 11:18:50.208344907,18.504
1970-01-01 11:18:50.215289352,18.504
1970-01-01 11:18:50.222233796,18.441
1970-01-01 11:18:50.229178241,18.441
1970-01-01 11:18:50.236122685,18.379
1970-01-01 11:18:50.243067130,18.379
1970-01-01 11:18:50.250011574,18.379
1970-01-01 11:18:50.256956018,18.316
1970-01-01 11:18:50.263900462,18.316
1970-01-01 11:18:50.270844907,18.254
1970-01-01 11:18:50.277789352,18.254
1970-01-01 11:18:50.284733796,18.254
1970-01-01 11:18:50.291678241,18.191
1970-01-01 11:18:50.298622685,18.191
1970-01-01 11:18:50.305567130,18.191
1970-01-01 11:18:50.312511574,18.191
1970-01-01 11:18:50.319456019,18.191
1970-01-01 11:18:50.326400463,18.128
1970-01-01 11:18:50.333344907,18.128
1970-01-01 11:18:50.340289352,18.128
1970-01-01 11:18:50.347233796,18.128
1970-01-01 11:18:50.354178241,18.128
1970-01-01 11:18:50.361122685,18.128
1970-01-01 11:18:50.368067130,18.128
1970-01-01 11:18:50.375011574,18.191
1970-01-01 11:18:50.381956019,18.191
1970-01-01 11:18:50.388900463,18.191
1970-01-01 11:18:50.395844907,18.191
1970-01-01 11:18:50.402789352,18.254
1970-01-01 11:18:50.409733796,18.254
1970-01-01 11:18:50.416678241,18.316
1970-01-01 11:18:50.423622685,18.379
1970-01-01 11:18:50.430567130,18.379
1970-01-01 11:18:50.437511574,18.441
1970-01-01 11:18:50.444456019,18.504
1970-01-01 11:18:50.451400463,18.504
1970-01-01 11:18:50.458344907,18.504
1970-01-01 11:18:50.465289352,18.567
1970-01-01 11:18:50.472233796,18.629
1970-01-01 11:18:50.479178241,18.692
1970-01-01 11:18:50.486122685,18.755
1970-01-01 11:18:50.493067130,18.88
1970-01-01 11:18:50.500011573,18.943
1970-01-01 11:18:50.506956019,19.005
1970-01-01 11:18:50.513900463,19.068
1970-01-01 11:18:50.520844906,19.193
1970-01-01 11:18:50.527789352,19.256
1970-01-01 11:18:50.534733796,19.318
1970-01-01 11:18:50.541678241,19.443
1970-01-01 11:18:50.548622685,19.506
1970-01-01 11:18:50.555567130,19.631
1970-01-01 11:18:50.562511574,19.694
1970-01-01 11:18:50.569456019,19.819
1970-01-01 11:18:50.576400463,19.944
1970-01-01 11:18:50.583344907,20.007
1970-01-01 11:18:50.590289352,20.07
1970-01-01 11:18:50.597233796,20.195
1970-01-01 11:18:50.604178241,20.195
1970-01-01 11:18:50.611122685,20.32
1970-01-01 11:18:50.618067130,20.32
1970-01-01 11:18:50.625011574,20.383
1970-01-01 11:18:50.631956019,20.445
1970-01-01 11:18:50.638900463,20.508
1970-01-01 11:18:50.645844907,20.508
1970-01-01 11:18:50.652789352,20.508
1970-01-01 11:18:50.659733796,20.57
1970-01-01 11:18:50.666678241,20.57
1970-01-01 11:18:50.673622685,20.57
1970-01-01 11:18:50.680567130,20.633
1970-01-01 11:18:50.687511574,20.633
1970-01-01 11:18:50.694456019,20.633
1970-01-01 11:18:50.701400463,20.696
1970-01-01 11:18:50.708344907,20.696
1970-01-01 11:18:50.715289352,20.696
1970-01-01 11:18:50.722233796,20.696
1970-01-01 11:18:50.729178241,20.758
1970-01-01 11:18:50.736122685,20.758
1970-01-01 11:18:50.743067130,20.758
1970-01-01 11:18:50.750011574,20.758
1970-01-01 11:18:50.756956019,20.758
1970-01-01 11:18:50.763900463,20.758
1970-01-01 11:18:50.770844907,20.758
1970-01-01 11:18:50.777789352,20.758
1970-01-01 11:18:50.784733796,20.696
1970-01-01 11:18:50.791678241,20.696
1970-01-01 11:18:50.798622685,20.696
1970-01-01 11:18:50.805567130,20.696
1970-01-01 11:18:50.812511574,20.696
1970-01-01 11:18:50.819456019,20.696
1970-01-01 11:18:50.826400463,20.696
1970-01-01 11:18:50.833344907,20.633
1970-01-01 11:18:50.840289352,20.633
1970-01-01 11:18:50.847233796,20.633
1970-01-01 11:18:50.854178241,20.633
1970-01-01 11:18:50.861122685,20.57
1970-01-01 11:18:50.868067130,20.57
1970-01-01 11:18:50.875011574,20.57
1970-01-01 11:18:50.881956019,20.508
1970-01-01 11:18:50.888900463,20.508
1970-01-01 11:18:50.895844907,20.508
1970-01-01 11:18:50.902789352,20.445
1970-01-01 11:18:50.909733796,20.445
1970-01-01 11:18:50.916678241,20.383
1970-01-01 11:18:50.923622685,20.383
1970-01-01 11:18:50.930567130,20.383
1970-01-01 11:18:50.937511574,20.32
1970-01-01 11:18:50.944456019,20.32
1970-01-01 11:18:50.951400463,20.257
1970-01-01 11:18:50.958344907,20.257
1970-01-01 11:18:50.965289352,20.195
1970-01-01 11:18:50.972233796,20.195
1970-01-01 11:18:50.979178241,20.132
1970-01-01 11:18:50.986122685,20.132
1970-01-01 11:18:50.993067130,20.07
1970-01-01 11:18:51.000011574,20.07
1970-01-01 11:18:51.006956019,20.007
1970-01-01 11:18:51.013900463,19.944
1970-01-01 11:18:51.020844907,19.944
1970-01-01 11:18:51.027789352,19.882
1970-01-01 11:18:51.034733796,19.882
1970-01-01 11:18:51.041678241,19.819
1970-01-01 11:18:51.048622685,19.819
1970-01-01 11:18:51.055567130,19.757
1970-01-01 11:18:51.062511574,19.694
1970-01-01 11:18:51.069456019,19.694
1970-01-01 11:18:51.076400463,19.631
1970-01-01 11:18:51.083344907,19.631
1970-01-01 11:18:51.090289352,19.569
1970-01-01 11:18:51.097233796,19.569
1970-01-01 11:18:51.104178241,19.506
1970-01-01 11:18:51.111122685,19.506
1970-01-01 11:18:51.118067130,19.443
1970-01-01 11:18:51.125011573,19.381
1970-01-01 11:18:51.131956019,19.381
1970-01-01 11:18:51.138900463,19.318
1970-01-01 11:18:51.145844907,19.318
1970-01-01 11:18:51.152789352,19.256
1970-01-01 11:18:51.159733796,19.256
1970-01-01 11:18:51.166678241,19.193
1970-01-01 11:18:51.173622685,19.193
1970-01-01 11:18:51.180567130,19.13
1970-01-01 11:18:51.187511574,19.13
1970-01-01 11:18:51.194456019,19.068
1970-01-01 11:18:51.201400463,19.068
1970-01-01 11:18:51.208344907,19.005
1970-01-01 11:18:51.215289352,19.005
1970-01-01 11:18:51.222233796,18.943
1970-01-01 11:18:51.229178241,18.943
1970-01-01 11:18:51.236122685,18.88
1970-01-01 11:18:51.243067130,18.88
1970-01-01 11:18:51.250011574,18.88
1970-01-01 11:18:51.256956018,18.817
1970-01-01 11:18:51.263900462,18.817
1970-01-01 11:18:51.270844907,18.755
1970-01-01 11:18:51.277789352,18.755
1970-01-01 11:18:51.284733796,18.755
1970-01-01 11:18:51.291678241,18.692
1970-01-01 11:18:51.298622685,18.692
1970-01-01 11:18:51.305567130,18.692
1970-01-01 11:18:51.312511574,18.629
1970-01-01 11:18:51.319456019,18.629
1970-01-01 11:18:51.326400463,18.629
1970-01-01 11:18:51.333344907,18.567
1970-01-01 11:18:51.340289352,18.567
1970-01-01 11:18:51.347233796,18.567
1970-01-01 11:18:51.354178241,18.567
1970-01-01 11:18:51.361122685,18.567
1970-01-01 11:18:51.368067130,18.567
1970-01-01 11:18:51.375011574,18.567
1970-01-01 11:18:51.381956019,18.567
1970-01-01 11:18:51.388900463,18.629
1970-01-01 11:18:51.395844907,18.629
1970-01-01 11:18:51.402789352,18.629
1970-01-01 11:18:51.409733796,18.692
1970-01-01 11:18:51.416678241,18.692
1970-01-01 11:18:51.423622685,18.755
1970-01-01 11:18:51.430567130,18.817
1970-01-01 11:18:51.437511574,18.817
1970-01-01 11:18:51.444456019,18.88
1970-01-01 11:18:51.451400463,18.88
1970-01-01 11:18:51.458344907,18.943
1970-01-01 11:18:51.465289352,19.005
1970-01-01 11:18:51.472233796,19.005
1970-01-01 11:18:51.479178241,19.068
1970-01-01 11:18:51.486122685,19.13
1970-01-01 11:18:51.493067130,19.13
1970-01-01 11:18:51.500011573,19.193
1970-01-01 11:18:51.506956019,19.256
1970-01-01 11:18:51.513900463,19.318
1970-01-01 11:18:51.520844906,19.318
1970-01-01 11:18:51.527789352,19.381
1970-01-01 11:18:51.534733796,19.443
1970-01-01 11:18:51.541678241,19.506
1970-01-01 11:18:51.548622685,19.506
1970-01-01 11:18:51.555567130,19.569
1970-01-01 11:18:51.562511574,19.631
1970-01-01 11:18:51.569456019,19.694
1970-01-01 11:18:51.576400463,19.757
1970-01-01 11:18:51.583344907,19.757
1970-01-01 11:18:51.590289352,19.819
1970-01-01 11:18:51.597233796,19.944
1970-01-01 11:18:51.604178241,20.007
1970-01-01 11:18:51.611122685,20.07
1970-01-01 11:18:51.618067130,20.07
1970-01-01 11:18:51.625011574,20.132
1970-01-01 11:18:51.631956019,20.195
1970-01-01 11:18:51.638900463,20.257
1970-01-01 11:18:51.645844907,20.257
1970-01-01 11:18:51.652789352,20.32
1970-01-01 11:18:51.659733796,20.383
1970-01-01 11:18:51.666678241,20.383
1970-01-01 11:18:51.673622685,20.445
1970-01-01 11:18:51.680567130,20.445
1970-01-01 11:18:51.687511574,20.445
1970-01-01 11:18:51.694456019,20.508
1970-01-01 11:18:51.701400463,20.508
1970-01-01 11:18:51.708344907,20.508
1970-01-01 11:18:51.715289352,20.508
1970-01-01 11:18:51.722233796,20.508
1970-01-01 11:18:51.729178241,20.508
1970-01-01 11:18:51.736122685,20.508
1970-01-01 11:18:51.743067130,20.508
1970-01-01 11:18:51.750011574,20.508
1970-01-01 11:18:51.756956019,20.445
1970-01-01 11:18:51.763900463,20.445
1970-01-01 11:18:51.770844907,20.445
1970-01-01 11:18:51.777789352,20.445
1970-01-01 11:18:51.784733796,20.445
1970-01-01 11:18:51.791678241,20.383
1970-01-01 11:18:51.798622685,20.383
1970-01-01 11:18:51.805567130,20.383
1970-01-01 11:18:51.812511574,20.383
1970-01-01 11:18:51.819456019,20.32
1970-01-01 11:18:51.826400463,20.32
1970-01-01 11:18:51.833344907,20.32
1970-01-01 11:18:51.840289352,20.32
1970-01-01 11:18:51.847233796,20.257
1970-01-01 11:18:51.854178241,20.257
1970-01-01 11:18:51.861122685,20.257
1970-01-01 11:18:51.868067130,20.195
1970-01-01 11:18:51.875011574,20.195
1970-01-01 11:18:51.881956019,20.132
1970-01-01 11:18:51.888900463,20.132
1970-01-01 11:18:51.895844907,20.07
1970-01-01 11:18:51.902789352,20.07
1970-01-01 11:18:51.909733796,20.007
1970-01-01 11:18:51.916678241,20.007
1970-01-01 11:18:51.923622685,19.944
1970-01-01 11:18:51.930567130,19.944
1970-01-01 11:18:51.937511574,19.882
1970-01-01 11:18:51.944456019,19.882
1970-01-01 11:18:51.951400463,19.819
1970-01-01 11:18:51.958344907,19.819
1970-01-01 11:18:51.965289352,19.757
1970-01-01 11:18:51.972233796,19.757
1970-01-01 11:18:51.979178241,19.694
1970-01-01 11:18:51.986122685,19.694
1970-01-01 11:18:51.993067130,19.631
1970-01-01 11:18:52.000011574,19.569
1970-01-01 11:18:52.006956019,19.569
1970-01-01 11:18:52.013900463,19.506
1970-01-01 11:18:52.020844907,19.506
1970-01-01 11:18:52.027789352,19.443
1970-01-01 11:18:52.034733796,19.381
1970-01-01 11:18:52.041678241,19.381
1970-01-01 11:18:52.048622685,19.318
1970-01-01 11:18:52.055567130,19.256
1970-01-01 11:18:52.062511574,19.256
1970-01-01 11:18:52.069456019,19.193
1970-01-01 11:18:52.076400463,19.13
1970-01-01 11:18:52.083344907,19.13
1970-01-01 11:18:52.090289352,19.068
1970-01-01 11:18:52.097233796,19.068
1970-01-01 11:18:52.104178241,19.005
1970-01-01 11:18:52.111122685,18.943
1970-01-01 11:18:52.118067130,18.943
1970-01-01 11:18:52.125011573,18.88
1970-01-01 11:18:52.131956019,18.88
1970-01-01 11:18:52.138900463,18.817
1970-01-01 11:18:52.145844907,18.755
1970-01-01 11:18:52.152789352,18.755
1970-01-01 11:18:52.159733796,18.692
1970-01-01 11:18:52.166678241,18.692
1970-01-01 11:18:52.173622685,18.629
1970-01-01 11:18:52.180567130,18.629
1970-01-01 11:18:52.187511574,18.567
1970-01-01 11:18:52.194456019,18.567
1970-01-01 11:18:52.201400463,18.504
1970-01-01 11:18:52.208344907,18.504
1970-01-01 11:18:52.215289352,18.441
1970-01-01 11:18:52.222233796,18.441
1970-01-01 11:18:52.229178241,18.441
1970-01-01 11:18:52.236122685,18.379
1970-01-01 11:18:52.243067130,18.379
1970-01-01 11:18:52.250011574,18.316
1970-01-01 11:18:52.256956018,18.316
1970-01-01 11:18:52.263900462,18.316
1970-01-01 11:18:52.270844907,18.254
1970-01-01 11:18:52.277789352,18.254
1970-01-01 11:18:52.284733796,18.254
1970-01-01 11:18:52.291678241,18.191
1970-01-01 11:18:52.298622685,18.191
1970-01-01 11:18:52.305567130,18.191
1970-01-01 11:18:52.312511574,18.191
1970-01-01 11:18:52.319456019,18.191
1970-01-01 11:18:52.326400463,18.128
1970-01-01 11:18:52.333344907,18.128
1970-01-01 11:18:52.340289352,18.128
1970-01-01 11:18:52.347233796,18.128
1970-01-01 11:18:52.354178241,18.128
1970-01-01 11:18:52.361122685,18.128
1970-01-01 11:18:52.368067130,18.191
1970-01-01 11:18:52.375011574,18.191
1970-01-01 11:18:52.381956019,18.191
1970-01-01 11:18:52.388900463,18.191
1970-01-01 11:18:52.395844907,18.254
1970-01-01 11:18:52.402789352,18.254
1970-01-01 11:18:52.409733796,18.316
1970-01-01 11:18:52.416678241,18.379
1970-01-01 11:18:52.423622685,18.441
1970-01-01 11:18:52.430567130,18.441
1970-01-01 11:18:52.437511574,18.504
1970-01-01 11:18:52.444456019,18.504
1970-01-01 11:18:52.451400463,18.567
1970-01-01 11:18:52.458344907,18.567
1970-01-01 11:18:52.465289352,18.629
1970-01-01 11:18:52.472233796,18.692
1970-01-01 11:18:52.479178241,18.755
1970-01-01 11:18:52.486122685,18.755
1970-01-01 11:18:52.493067130,18.817
1970-01-01 11:18:52.500011573,18.88
1970-01-01 11:18:52.506956019,18.943
1970-01-01 11:18:52.513900463,19.005
1970-01-01 11:18:52.520844906,19.068
1970-01-01 11:18:52.527789352,19.13
1970-01-01 11:18:52.534733796,19.193
1970-01-01 11:18:52.541678241,19.256
1970-01-01 11:18:52.548622685,19.318
1970-01-01 11:18:52.555567130,19.381
1970-01-01 11:18:52.562511574,19.443
1970-01-01 11:18:52.569456019,19.443
1970-01-01 11:18:52.576400463,19.569
1970-01-01 11:18:52.583344907,19.569
1970-01-01 11:18:52.590289352,19.631
1970-01-01 11:18:52.597233796,19.694
1970-01-01 11:18:52.604178241,19.757
1970-01-01 11:18:52.611122685,19.757
1970-01-01 11:18:52.618067130,19.819
1970-01-01 11:18:52.625011574,19.819
1970-01-01 11:18:52.631956019,19.882
1970-01-01 11:18:52.638900463,19.882
1970-01-01 11:18:52.645844907,19.882
1970-01-01 11:18:52.652789352,19.944
1970-01-01 11:18:52.659733796,19.944
1970-01-01 11:18:52.666678241,19.944
1970-01-01 11:18:52.673622685,19.944
1970-01-01 11:18:52.680567130,19.944
1970-01-01 11:18:52.687511574,19.944
1970-01-01 11:18:52.694456019,19.944
1970-01-01 11:18:52.701400463,19.944
1970-01-01 11:18:52.708344907,19.944
1970-01-01 11:18:52.715289352,19.944
1970-01-01 11:18:52.722233796,19.944
1970-01-01 11:18:52.729178241,19.944
1970-01-01 11:18:52.736122685,19.944
1970-01-01 11:18:52.743067130,19.944
1970-01-01 11:18:52.750011574,19.944
1970-01-01 11:18:52.756956019,19.944
1970-01-01 11:18:52.763900463,19.944
1970-01-01 11:18:52.770844907,19.944
1970-01-01 11:18:52.777789352,19.944
1970-01-01 11:18:52.784733796,19.944
1970-01-01 11:18:52.791678241,19.944
1970-01-01 11:18:52.798622685,19.944
1970-01-01 11:18:52.805567130,19.882
1970-01-01 11:18:52.812511574,19.882
1970-01-01 11:18:52.819456019,19.882
1970-01-01 11:18:52.826400463,19.882
1970-01-01 11:18:52.833344907,19.882
1970-01-01 11:18:52.840289352,19.819
1970-01-01 11:18:52.847233796,19.819
1970-01-01 11:18:52.854178241,19.819
1970-01-01 11:18:52.861122685,19.819
1970-01-01 11:18:52.868067130,19.757
1970-01-01 11:18:52.875011574,19.757
1970-01-01 11:18:52.881956019,19.757
1970-01-01 11:18:52.888900463,19.757
1970-01-01 11:18:52.895844907,19.694
1970-01-01 11:18:52.902789352,19.694
1970-01-01 11:18:52.909733796,19.694
1970-01-01 11:18:52.916678241,19.631
1970-01-01 11:18:52.923622685,19.631
1970-01-01 11:18:52.930567130,19.631
1970-01-01 11:18:52.937511574,19.569
1970-01-01 11:18:52.944456019,19.569
1970-01-01 11:18:52.951400463,19.569
1970-01-01 11:18:52.958344907,19.506
1970-01-01 11:18:52.965289352,19.506
1970-01-01 11:18:52.972233796,19.506
1970-01-01 11:18:52.979178241,19.443
1970-01-01 11:18:52.986122685,19.443
1970-01-01 11:18:52.993067130,19.443
1970-01-01 11:18:53.000011574,19.381
1970-01-01 11:18:53.006956019,19.381
1970-01-01 11:18:53.013900463,19.381
1970-01-01 11:18:53.020844907,19.318
1970-01-01 11:18:53.027789352,19.318
1970-01-01 11:18:53.034733796,19.256
1970-01-01 11:18:53.041678241,19.256
1970-01-01 11:18:53.048622685,19.193
1970-01-01 11:18:53.055567130,19.193
1970-01-01 11:18:53.062511574,19.13
1970-01-01 11:18:53.069456019,19.13
1970-01-01 11:18:53.076400463,19.13
1970-01-01 11:18:53.083344907,19.068
1970-01-01 11:18:53.090289352,19.068
1970-01-01 11:18:53.097233796,19.005
1970-01-01 11:18:53.104178241,19.005
1970-01-01 11:18:53.111122685,18.943
1970-01-01 11:18:53.118067130,18.943
1970-01-01 11:18:53.125011573,18.88
1970-01-01 11:18:53.131956019,18.88
1970-01-01 11:18:53.138900463,18.817
1970-01-01 11:18:53.145844907,18.817
1970-01-01 11:18:53.152789352,18.755
1970-01-01 11:18:53.159733796,18.755
1970-01-01 11:18:53.166678241,18.692
1970-01-01 11:18:53.173622685,18.692
1970-01-01 11:18:53.180567130,18.629
1970-01-01 11:18:53.187511574,18.629
1970-01-01 11:18:53.194456019,18.567
1970-01-01 11:18:53.201400463,18.567
1970-01-01 11:18:53.208344907,18.567
1970-01-01 11:18:53.215289352,18.504
1970-01-01 11:18:53.222233796,18.504
1970-01-01 11:18:53.229178241,18.441
1970-01-01 11:18:53.236122685,18.441
1970-01-01 11:18:53.243067130,18.379
1970-01-01 11:18:53.250011574,18.379
1970-01-01 11:18:53.256956018,18.316
1970-01-01 11:18:53.263900462,18.316
1970-01-01 11:18:53.270844907,18.254
1970-01-01 11:18:53.277789352,18.254
1970-01-01 11:18:53.284733796,18.191
1970-01-01 11:18:53.291678241,18.191
1970-01-01 11:18:53.298622685,18.128
1970-01-01 11:18:53.305567130,18.128
1970-01-01 11:18:53.312511574,18.128
1970-01-01 11:18:53.319456019,18.066
1970-01-01 11:18:53.326400463,18.066
1970-01-01 11:18:53.333344907,18.066
1970-01-01 11:18:53.340289352,18.066
1970-01-01 11:18:53.347233796,18.003
1970-01-01 11:18:53.354178241,18.003
1970-01-01 11:18:53.361122685,18.003
1970-01-01 11:18:53.368067130,18.003
1970-01-01 11:18:53.375011574,18.003
1970-01-01 11:18:53.381956019,18.003
1970-01-01 11:18:53.388900463,18.003
1970-01-01 11:18:53.395844907,18.066
1970-01-01 11:18:53.402789352,18.066
1970-01-01 11:18:53.409733796,18.066
1970-01-01 11:18:53.416678241,18.128
1970-01-01 11:18:53.423622685,18.128
1970-01-01 11:18:53.430567130,18.128
1970-01-01 11:18:53.437511574,18.191
1970-01-01 11:18:53.444456019,18.191
1970-01-01 11:18:53.451400463,18.254
1970-01-01 11:18:53.458344907,18.316
1970-01-01 11:18:53.465289352,18.316
1970-01-01 11:18:53.472233796,18.379
1970-01-01 11:18:53.479178241,18.379
1970-01-01 11:18:53.486122685,18.441
1970-01-01 11:18:53.493067130,18.441
1970-01-01 11:18:53.500011573,18.504
1970-01-01 11:18:53.506956019,18.567
1970-01-01 11:18:53.513900463,18.629
1970-01-01 11:18:53.520844906,18.692
1970-01-01 11:18:53.527789352,18.755
1970-01-01 11:18:53.534733796,18.817
1970-01-01 11:18:53.541678241,18.88
1970-01-01 11:18:53.548622685,18.943
1970-01-01 11:18:53.555567130,19.005
1970-01-01 11:18:53.562511574,19.068
1970-01-01 11:18:53.569456019,19.13
1970-01-01 11:18:53.576400463,19.193
1970-01-01 11:18:53.583344907,19.318
1970-01-01 11:18:53.590289352,19.381
1970-01-01 11:18:53.597233796,19.443
1970-01-01 11:18:53.604178241,19.569
1970-01-01 11:18:53.611122685,19.631
1970-01-01 11:18:53.618067130,19.694
1970-01-01 11:18:53.625011574,19.757
1970-01-01 11:18:53.631956019,19.819
1970-01-01 11:18:53.638900463,19.882
1970-01-01 11:18:53.645844907,19.882
1970-01-01 11:18:53.652789352,19.944
1970-01-01 11:18:53.659733796,20.007
1970-01-01 11:18:53.666678241,20.07
1970-01-01 11:18:53.673622685,20.07
1970-01-01 11:18:53.680567130,20.132
1970-01-01 11:18:53.687511574,20.132
1970-01-01 11:18:53.694456019,20.195
1970-01-01 11:18:53.701400463,20.195
1970-01-01 11:18:53.708344907,20.195
1970-01-01 11:18:53.715289352,20.195
1970-01-01 11:18:53.722233796,20.195
1970-01-01 11:18:53.729178241,20.195
1970-01-01 11:18:53.736122685,20.195
1970-01-01 11:18:53.743067130,20.195
1970-01-01 11:18:53.750011574,20.195
1970-01-01 11:18:53.756956019,20.195
1970-01-01 11:18:53.763900463,20.195
1970-01-01 11:18:53.770844907,20.195
1970-01-01 11:18:53.777789352,20.195
1970-01-01 11:18:53.784733796,20.195
1970-01-01 11:18:53.791678241,20.195
1970-01-01 11:18:53.798622685,20.195
1970-01-01 11:18:53.805567130,20.195
1970-01-01 11:18:53.812511574,20.132
1970-01-01 11:18:53.819456019,20.132
1970-01-01 11:18:53.826400463,20.132
1970-01-01 11:18:53.833344907,20.132
1970-01-01 11:18:53.840289352,20.07
1970-01-01 11:18:53.847233796,20.07
1970-01-01 11:18:53.854178241,20.07
1970-01-01 11:18:53.861122685,20.007
1970-01-01 11:18:53.868067130,20.007
1970-01-01 11:18:53.875011574,20.007
1970-01-01 11:18:53.881956019,19.944
1970-01-01 11:18:53.888900463,19.944
1970-01-01 11:18:53.895844907,19.882
1970-01-01 11:18:53.902789352,19.882
1970-01-01 11:18:53.909733796,19.819
1970-01-01 11:18:53.916678241,19.819
1970-01-01 11:18:53.923622685,19.757
1970-01-01 11:18:53.930567130,19.757
1970-01-01 11:18:53.937511574,19.694
1970-01-01 11:18:53.944456019,19.631
1970-01-01 11:18:53.951400463,19.631
1970-01-01 11:18:53.958344907,19.569
1970-01-01 11:18:53.965289352,19.569
1970-01-01 11:18:53.972233796,19.506
1970-01-01 11:18:53.979178241,19.443
1970-01-01 11:18:53.986122685,19.443
1970-01-01 11:18:53.993067130,19.381
1970-01-01 11:18:54.000011574,19.318
1970-01-01 11:18:54.006956019,19.256
1970-01-01 11:18:54.013900463,19.256
1970-01-01 11:18:54.020844907,19.193
1970-01-01 11:18:54.027789352,19.13
1970-01-01 11:18:54.034733796,19.13
1970-01-01 11:18:54.041678241,19.068
1970-01-01 11:18:54.048622685,19.005
1970-01-01 11:18:54.055567130,18.943
1970-01-01 11:18:54.062511574,18.943
1970-01-01 11:18:54.069456019,18.88
1970-01-01 11:18:54.076400463,18.817
1970-01-01 11:18:54.083344907,18.817
1970-01-01 11:18:54.090289352,18.755
1970-01-01 11:18:54.097233796,18.692
1970-01-01 11:18:54.104178241,18.692
1970-01-01 11:18:54.111122685,18.629
1970-01-01 11:18:54.118067130,18.629
1970-01-01 11:18:54.125011573,18.567
1970-01-01 11:18:54.131956019,18.504
1970-01-01 11:18:54.138900463,18.504
1970-01-01 11:18:54.145844907,18.441
1970-01-01 11:18:54.152789352,18.441
1970-01-01 11:18:54.159733796,18.379
1970-01-01 11:18:54.166678241,18.316
1970-01-01 11:18:54.173622685,18.316
1970-01-01 11:18:54.180567130,18.254
1970-01-01 11:18:54.187511574,18.254
1970-01-01 11:18:54.194456019,18.191
1970-01-01 11:18:54.201400463,18.191
1970-01-01 11:18:54.208344907,18.128
1970-01-01 11:18:54.215289352,18.128
1970-01-01 11:18:54.222233796,18.066
1970-01-01 11:18:54.229178241,18.066
1970-01-01 11:18:54.236122685,18.003
1970-01-01 11:18:54.243067130,18.003
1970-01-01 11:18:54.250011574,17.94
1970-01-01 11:18:54.256956018,17.94
1970-01-01 11:18:54.263900462,17.878
1970-01-01 11:18:54.270844907,17.878
1970-01-01 11:18:54.277789352,17.815
1970-01-01 11:18:54.284733796,17.815
1970-01-01 11:18:54.291678241,17.815
1970-01-01 11:18:54.298622685,17.752
1970-01-01 11:18:54.305567130,17.752
1970-01-01 11:18:54.312511574,17.752
1970-01-01 11:18:54.319456019,17.69
1970-01-01 11:18:54.326400463,17.69
1970-01-01 11:18:54.333344907,17.69
1970-01-01 11:18:54.340289352,17.69
1970-01-01 11:18:54.347233796,17.69
1970-01-01 11:18:54.354178241,17.69
1970-01-01 11:18:54.361122685,17.69
1970-01-01 11:18:54.368067130,17.69
1970-01-01 11:18:54.375011574,17.69
1970-01-01 11:18:54.381956019,17.69
1970-01-01 11:18:54.388900463,17.69
1970-01-01 11:18:54.395844907,17.752
1970-01-01 11:18:54.402789352,17.752
1970-01-01 11:18:54.409733796,17.815
1970-01-01 11:18:54.416678241,17.815
1970-01-01 11:18:54.423622685,17.815
1970-01-01 11:18:54.430567130,17.878
1970-01-01 11:18:54.437511574,17.878
1970-01-01 11:18:54.444456019,17.94
1970-01-01 11:18:54.451400463,17.94
1970-01-01 11:18:54.458344907,18.003
1970-01-01 11:18:54.465289352,18.066
1970-01-01 11:18:54.472233796,18.128
1970-01-01 11:18:54.479178241,18.191
1970-01-01 11:18:54.486122685,18.254
1970-01-01 11:18:54.493067130,18.316
1970-01-01 11:18:54.500011573,18.379
1970-01-01 11:18:54.506956019,18.441
1970-01-01 11:18:54.513900463,18.504
1970-01-01 11:18:54.520844906,18.567
1970-01-01 11:18:54.527789352,18.692
1970-01-01 11:18:54.534733796,18.755
1970-01-01 11:18:54.541678241,18.817
1970-01-01 11:18:54.548622685,18.943
1970-01-01 11:18:54.555567130,19.068
1970-01-01 11:18:54.562511574,19.13
1970-01-01 11:18:54.569456019,19.193
1970-01-01 11:18:54.576400463,19.318
1970-01-01 11:18:54.583344907,19.381
1970-01-01 11:18:54.590289352,19.506
1970-01-01 11:18:54.597233796,19.631
1970-01-01 11:18:54.604178241,19.694
1970-01-01 11:18:54.611122685,19.819
1970-01-01 11:18:54.618067130,19.882
1970-01-01 11:18:54.625011574,19.944
1970-01-01 11:18:54.631956019,20.07
1970-01-01 11:18:54.638900463,20.132
1970-01-01 11:18:54.645844907,20.195
1970-01-01 11:18:54.652789352,20.257
1970-01-01 11:18:54.659733796,20.32
1970-01-01 11:18:54.666678241,20.383
1970-01-01 11:18:54.673622685,20.445
1970-01-01 11:18:54.680567130,20.508
1970-01-01 11:18:54.687511574,20.508
1970-01-01 11:18:54.694456019,20.57
1970-01-01 11:18:54.701400463,20.57
1970-01-01 11:18:54.708344907,20.57
1970-01-01 11:18:54.715289352,20.633
1970-01-01 11:18:54.722233796,20.633
1970-01-01 11:18:54.729178241,20.633
1970-01-01 11:18:54.736122685,20.633
1970-01-01 11:18:54.743067130,20.633
1970-01-01 11:18:54.750011574,20.696
1970-01-01 11:18:54.756956019,20.696
1970-01-01 11:18:54.763900463,20.696
1970-01-01 11:18:54.770844907,20.696
1970-01-01 11:18:54.777789352,20.696
1970-01-01 11:18:54.784733796,20.696
1970-01-01 11:18:54.791678241,20.696
1970-01-01 11:18:54.798622685,20.696
1970-01-01 11:18:54.805567130,20.696
1970-01-01 11:18:54.812511574,20.696
1970-01-01 11:18:54.819456019,20.758
1970-01-01 11:18:54.826400463,20.758
1970-01-01 11:18:54.833344907,20.758
1970-01-01 11:18:54.840289352,20.696
1970-01-01 11:18:54.847233796,20.696
1970-01-01 11:18:54.854178241,20.696
1970-01-01 11:18:54.861122685,20.696
1970-01-01 11:18:54.868067130,20.696
1970-01-01 11:18:54.875011574,20.696
1970-01-01 11:18:54.881956019,20.696
1970-01-01 11:18:54.888900463,20.633
1970-01-01 11:18:54.895844907,20.633
1970-01-01 11:18:54.902789352,20.633
1970-01-01 11:18:54.909733796,20.633
1970-01-01 11:18:54.916678241,20.57
1970-01-01 11:18:54.923622685,20.57
1970-01-01 11:18:54.930567130,20.57
1970-01-01 11:18:54.937511574,20.508
1970-01-01 11:18:54.944456019,20.508
1970-01-01 11:18:54.951400463,20.508
1970-01-01 11:18:54.958344907,20.445
1970-01-01 11:18:54.965289352,20.445
1970-01-01 11:18:54.972233796,20.383
1970-01-01 11:18:54.979178241,20.383
1970-01-01 11:18:54.986122685,20.32
1970-01-01 11:18:54.993067130,20.32
1970-01-01 11:18:55.000011574,20.257
1970-01-01 11:18:55.006956019,20.257
1970-01-01 11:18:55.013900463,20.195
1970-01-01 11:18:55.020844907,20.195
1970-01-01 11:18:55.027789352,20.132
1970-01-01 11:18:55.034733796,20.07
1970-01-01 11:18:55.041678241,20.07
1970-01-01 11:18:55.048622685,20.007
1970-01-01 11:18:55.055567130,20.007
1970-01-01 11:18:55.062511574,19.944
1970-01-01 11:18:55.069456019,19.944
1970-01-01 11:18:55.076400463,19.882
1970-01-01 11:18:55.083344907,19.819
1970-01-01 11:18:55.090289352,19.819
1970-01-01 11:18:55.097233796,19.757
1970-01-01 11:18:55.104178241,19.757
1970-01-01 11:18:55.111122685,19.694
1970-01-01 11:18:55.118067130,19.631
1970-01-01 11:18:55.125011573,19.631
1970-01-01 11:18:55.131956019,19.569
1970-01-01 11:18:55.138900463,19.569
1970-01-01 11:18:55.145844907,19.506
1970-01-01 11:18:55.152789352,19.506
1970-01-01 11:18:55.159733796,19.443
1970-01-01 11:18:55.166678241,19.381
1970-01-01 11:18:55.173622685,19.381
1970-01-01 11:18:55.180567130,19.318
1970-01-01 11:18:55.187511574,19.318
1970-01-01 11:18:55.194456019,19.256
1970-01-01 11:18:55.201400463,19.256
1970-01-01 11:18:55.208344907,19.193
1970-01-01 11:18:55.215289352,19.193
1970-01-01 11:18:55.222233796,19.13
1970-01-01 11:18:55.229178241,19.13
1970-01-01 11:18:55.236122685,19.068
1970-01-01 11:18:55.243067130,19.068
1970-01-01 11:18:55.250011574,19.005
1970-01-01 11:18:55.256956018,19.005
1970-01-01 11:18:55.263900462,18.943
1970-01-01 11:18:55.270844907,18.943
1970-01-01 11:18:55.277789352,18.943
1970-01-01 11:18:55.284733796,18.88
1970-01-01 11:18:55.291678241,18.88
1970-01-01 11:18:55.298622685,18.88
1970-01-01 11:18:55.305567130,18.88
1970-01-01 11:18:55.312511574,18.817
1970-01-01 11:18:55.319456019,18.817
1970-01-01 11:18:55.326400463,18.817
1970-01-01 11:18:55.333344907,18.817
1970-01-01 11:18:55.340289352,18.817
1970-01-01 11:18:55.347233796,18.817
1970-01-01 11:18:55.354178241,18.817
1970-01-01 11:18:55.361122685,18.817
1970-01-01 11:18:55.368067130,18.817
1970-01-01 11:18:55.375011574,18.817
1970-01-01 11:18:55.381956019,18.817
1970-01-01 11:18:55.388900463,18.88
1970-01-01 11:18:55.395844907,18.88
1970-01-01 11:18:55.402789352,18.88
1970-01-01 11:18:55.409733796,18.943
1970-01-01 11:18:55.416678241,19.005
1970-01-01 11:18:55.423622685,19.068
1970-01-01 11:18:55.430567130,19.068
1970-01-01 11:18:55.437511574,19.13
1970-01-01 11:18:55.444456019,19.193
1970-01-01 11:18:55.451400463,19.256
1970-01-01 11:18:55.458344907,19.318
1970-01-01 11:18:55.465289352,19.381
1970-01-01 11:18:55.472233796,19.443
1970-01-01 11:18:55.479178241,19.506
1970-01-01 11:18:55.486122685,19.569
1970-01-01 11:18:55.493067130,19.569
1970-01-01 11:18:55.500011573,19.631
1970-01-01 11:18:55.506956019,19.694
1970-01-01 11:18:55.513900463,19.757
1970-01-01 11:18:55.520844906,19.819
1970-01-01 11:18:55.527789352,19.882
1970-01-01 11:18:55.534733796,19.944
1970-01-01 11:18:55.541678241,20.07
1970-01-01 11:18:55.548622685,20.132
1970-01-01 11:18:55.555567130,20.195
1970-01-01 11:18:55.562511574,20.257
1970-01-01 11:18:55.569456019,20.32
1970-01-01 11:18:55.576400463,20.383
1970-01-01 11:18:55.583344907,20.508
1970-01-01 11:18:55.590289352,20.57
1970-01-01 11:18:55.597233796,20.633
1970-01-01 11:18:55.604178241,20.696
1970-01-01 11:18:55.611122685,20.758
1970-01-01 11:18:55.618067130,20.883
1970-01-01 11:18:55.625011574,20.946
1970-01-01 11:18:55.631956019,21.009
1970-01-01 11:18:55.638900463,21.071
1970-01-01 11:18:55.645844907,21.134
1970-01-01 11:18:55.652789352,21.259
1970-01-01 11:18:55.659733796,21.321
1970-01-01 11:18:55.666678241,21.321
1970-01-01 11:18:55.673622685,21.384
1970-01-01 11:18:55.680567130,21.447
1970-01-01 11:18:55.687511574,21.509
1970-01-01 11:18:55.694456019,21.509
1970-01-01 11:18:55.701400463,21.572
1970-01-01 11:18:55.708344907,21.572
1970-01-01 11:18:55.715289352,21.572
1970-01-01 11:18:55.722233796,21.572
1970-01-01 11:18:55.729178241,21.572
1970-01-01 11:18:55.736122685,21.634
1970-01-01 11:18:55.743067130,21.634
1970-01-01 11:18:55.750011574,21.634
1970-01-01 11:18:55.756956019,21.634
1970-01-01 11:18:55.763900463,21.634
1970-01-01 11:18:55.770844907,21.634
1970-01-01 11:18:55.777789352,21.634
1970-01-01 11:18:55.784733796,21.634
1970-01-01 11:18:55.791678241,21.634
1970-01-01 11:18:55.798622685,21.634
1970-01-01 11:18:55.805567130,21.634
1970-01-01 11:18:55.812511574,21.634
1970-01-01 11:18:55.819456019,21.634
1970-01-01 11:18:55.826400463,21.634
1970-01-01 11:18:55.833344907,21.634
1970-01-01 11:18:55.840289352,21.572
1970-01-01 11:18:55.847233796,21.509
1970-01-01 11:18:55.854178241,21.509
1970-01-01 11:18:55.861122685,21.509
1970-01-01 11:18:55.868067130,21.509
1970-01-01 11:18:55.875011574,21.509
1970-01-01 11:18:55.881956019,21.447
1970-01-01 11:18:55.888900463,21.447
1970-01-01 11:18:55.895844907,21.447
1970-01-01 11:18:55.902789352,21.447
1970-01-01 11:18:55.909733796,21.384
1970-01-01 11:18:55.916678241,21.384
1970-01-01 11:18:55.923622685,21.384
1970-01-01 11:18:55.930567130,21.321
1970-01-01 11:18:55.937511574,21.321
1970-01-01 11:18:55.944456019,21.321
1970-01-01 11:18:55.951400463,21.259
1970-01-01 11:18:55.958344907,21.259
1970-01-01 11:18:55.965289352,21.259
1970-01-01 11:18:55.972233796,21.259
1970-01-01 11:18:55.979178241,21.196
1970-01-01 11:18:55.986122685,21.196
1970-01-01 11:18:55.993067130,21.196
1970-01-01 11:18:56.000011574,21.134
1970-01-01 11:18:56.006956019,21.134
1970-01-01 11:18:56.013900463,21.134
1970-01-01 11:18:56.020844907,21.071
1970-01-01 11:18:56.027789352,21.071
1970-01-01 11:18:56.034733796,21.009
1970-01-01 11:18:56.041678241,21.009
1970-01-01 11:18:56.048622685,21.009
1970-01-01 11:18:56.055567130,20.946
1970-01-01 11:18:56.062511574,20.946
1970-01-01 11:18:56.069456019,20.883
1970-01-01 11:18:56.076400463,20.883
1970-01-01 11:18:56.083344907,20.821
1970-01-01 11:18:56.090289352,20.821
1970-01-01 11:18:56.097233796,20.821
1970-01-01 11:18:56.104178241,20.758
1970-01-01 11:18:56.111122685,20.758
1970-01-01 11:18:56.118067130,20.758
1970-01-01 11:18:56.125011573,20.696
1970-01-01 11:18:56.131956019,20.696
1970-01-01 11:18:56.138900463,20.696
1970-01-01 11:18:56.145844907,20.633
1970-01-01 11:18:56.152789352,20.633
1970-01-01 11:18:56.159733796,20.57
1970-01-01 11:18:56.166678241,20.57
1970-01-01 11:18:56.173622685,20.57
1970-01-01 11:18:56.180567130,20.57
1970-01-01 11:18:56.187511574,20.508
1970-01-01 11:18:56.194456019,20.508
1970-01-01 11:18:56.201400463,20.508
1970-01-01 11:18:56.208344907,20.445
1970-01-01 11:18:56.215289352,20.445
1970-01-01 11:18:56.222233796,20.383
1970-01-01 11:18:56.229178241,20.383
1970-01-01 11:18:56.236122685,20.383
1970-01-01 11:18:56.243067130,20.32
1970-01-01 11:18:56.250011574,20.32
1970-01-01 11:18:56.256956018,20.32
1970-01-01 11:18:56.263900462,20.257
1970-01-01 11:18:56.270844907,20.257
1970-01-01 11:18:56.277789352,20.257
1970-01-01 11:18:56.284733796,20.257
1970-01-01 11:18:56.291678241,20.195
1970-01-01 11:18:56.298622685,20.195
1970-01-01 11:18:56.305567130,20.195
1970-01-01 11:18:56.312511574,20.195
1970-01-01 11:18:56.319456019,20.195
1970-01-01 11:18:56.326400463,20.195
1970-01-01 11:18:56.333344907,20.195
1970-01-01 11:18:56.340289352,20.195
1970-01-01 11:18:56.347233796,20.195
1970-01-01 11:18:56.354178241,20.132
1970-01-01 11:18:56.361122685,20.195
1970-01-01 11:18:56.368067130,20.195
1970-01-01 11:18:56.375011574,20.132
1970-01-01 11:18:56.381956019,20.132
1970-01-01 11:18:56.388900463,20.195
1970-01-01 11:18:56.395844907,20.132
1970-01-01 11:18:56.402789352,20.132
1970-01-01 11:18:56.409733796,20.132
1970-01-01 11:18:56.416678241,20.195
1970-01-01 11:18:56.423622685,20.132
1970-01-01 11:18:56.430567130,20.195
1970-01-01 11:18:56.437511574,20.195
1970-01-01 11:18:56.444456019,20.195
1970-01-01 11:18:56.451400463,20.195
1970-01-01 11:18:56.458344907,20.257
1970-01-01 11:18:56.465289352,20.257
1970-01-01 11:18:56.472233796,20.32
1970-01-01 11:18:56.479178241,20.383
1970-01-01 11:18:56.486122685,20.383
1970-01-01 11:18:56.493067130,20.445
1970-01-01 11:18:56.500011573,20.508
1970-01-01 11:18:56.506956019,20.57
1970-01-01 11:18:56.513900463,20.57
1970-01-01 11:18:56.520844906,20.633
1970-01-01 11:18:56.527789352,20.696
1970-01-01 11:18:56.534733796,20.758
1970-01-01 11:18:56.541678241,20.821
1970-01-01 11:18:56.548622685,20.821
1970-01-01 11:18:56.555567130,20.883
1970-01-01 11:18:56.562511574,20.946
1970-01-01 11:18:56.569456019,21.009
1970-01-01 11:18:56.576400463,21.071
1970-01-01 11:18:56.583344907,21.134
1970-01-01 11:18:56.590289352,21.259
1970-01-01 11:18:56.597233796,21.321
1970-01-01 11:18:56.604178241,21.384
1970-01-01 11:18:56.611122685,21.447
1970-01-01 11:18:56.618067130,21.509
1970-01-01 11:18:56.625011574,21.572
1970-01-01 11:18:56.631956019,21.634
1970-01-01 11:18:56.638900463,21.697
1970-01-01 11:18:56.645844907,21.76
1970-01-01 11:18:56.652789352,21.76
1970-01-01 11:18:56.659733796,21.822
1970-01-01 11:18:56.666678241,21.885
1970-01-01 11:18:56.673622685,21.885
1970-01-01 11:18:56.680567130,21.885
1970-01-01 11:18:56.687511574,21.947
1970-01-01 11:18:56.694456019,21.947
1970-01-01 11:18:56.701400463,21.947
1970-01-01 11:18:56.708344907,21.947
1970-01-01 11:18:56.715289352,21.947
1970-01-01 11:18:56.722233796,21.947
1970-01-01 11:18:56.729178241,21.947
1970-01-01 11:18:56.736122685,21.947
1970-01-01 11:18:56.743067130,21.947
1970-01-01 11:18:56.750011574,21.947
1970-01-01 11:18:56.756956019,21.947
1970-01-01 11:18:56.763900463,21.947
1970-01-01 11:18:56.770844907,21.885
1970-01-01 11:18:56.777789352,21.885
1970-01-01 11:18:56.784733796,21.885
1970-01-01 11:18:56.791678241,21.822
1970-01-01 11:18:56.798622685,21.822
1970-01-01 11:18:56.805567130,21.822
1970-01-01 11:18:56.812511574,21.822
1970-01-01 11:18:56.819456019,21.76
1970-01-01 11:18:56.826400463,21.76
1970-01-01 11:18:56.833344907,21.697
1970-01-01 11:18:56.840289352,21.697
1970-01-01 11:18:56.847233796,21.697
1970-01-01 11:18:56.854178241,21.634
1970-01-01 11:18:56.861122685,21.634
1970-01-01 11:18:56.868067130,21.572
1970-01-01 11:18:56.875011574,21.572
1970-01-01 11:18:56.881956019,21.572
1970-01-01 11:18:56.888900463,21.509
1970-01-01 11:18:56.895844907,21.509
1970-01-01 11:18:56.902789352,21.447
1970-01-01 11:18:56.909733796,21.447
1970-01-01 11:18:56.916678241,21.384
1970-01-01 11:18:56.923622685,21.384
1970-01-01 11:18:56.930567130,21.321
1970-01-01 11:18:56.937511574,21.321
1970-01-01 11:18:56.944456019,21.259
1970-01-01 11:18:56.951400463,21.196
1970-01-01 11:18:56.958344907,21.196
1970-01-01 11:18:56.965289352,21.134
1970-01-01 11:18:56.972233796,21.134
1970-01-01 11:18:56.979178241,21.071
1970-01-01 11:18:56.986122685,21.071
1970-01-01 11:18:56.993067130,21.009
1970-01-01 11:18:57.000011574,21.009
1970-01-01 11:18:57.006956019,20.946
1970-01-01 11:18:57.013900463,20.883
1970-01-01 11:18:57.020844907,20.883
1970-01-01 11:18:57.027789352,20.821
1970-01-01 11:18:57.034733796,20.821
1970-01-01 11:18:57.041678241,20.758
1970-01-01 11:18:57.048622685,20.758
1970-01-01 11:18:57.055567130,20.696
1970-01-01 11:18:57.062511574,20.696
1970-01-01 11:18:57.069456019,20.633
1970-01-01 11:18:57.076400463,20.633
1970-01-01 11:18:57.083344907,20.57
1970-01-01 11:18:57.090289352,20.57
1970-01-01 11:18:57.097233796,20.508
1970-01-01 11:18:57.104178241,20.508
1970-01-01 11:18:57.111122685,20.445
1970-01-01 11:18:57.118067130,20.445
1970-01-01 11:18:57.125011573,20.383
1970-01-01 11:18:57.131956019,20.383
1970-01-01 11:18:57.138900463,20.32
1970-01-01 11:18:57.145844907,20.32
1970-01-01 11:18:57.152789352,20.257
1970-01-01 11:18:57.159733796,20.257
1970-01-01 11:18:57.166678241,20.195
1970-01-01 11:18:57.173622685,20.195
1970-01-01 11:18:57.180567130,20.132
1970-01-01 11:18:57.187511574,20.132
1970-01-01 11:18:57.194456019,20.07
1970-01-01 11:18:57.201400463,20.07
1970-01-01 11:18:57.208344907,20.007
1970-01-01 11:18:57.215289352,20.007
1970-01-01 11:18:57.222233796,19.944
1970-01-01 11:18:57.229178241,19.944
1970-01-01 11:18:57.236122685,19.882
1970-01-01 11:18:57.243067130,19.819
1970-01-01 11:18:57.250011574,19.819
1970-01-01 11:18:57.256956018,19.757
1970-01-01 11:18:57.263900462,19.757
1970-01-01 11:18:57.270844907,19.694
1970-01-01 11:18:57.277789352,19.694
1970-01-01 11:18:57.284733796,19.694
1970-01-01 11:18:57.291678241,19.631
1970-01-01 11:18:57.298622685,19.631
1970-01-01 11:18:57.305567130,19.569
1970-01-01 11:18:57.312511574,19.569
1970-01-01 11:18:57.319456019,19.506
1970-01-01 11:18:57.326400463,19.506
1970-01-01 11:18:57.333344907,19.506
1970-01-01 11:18:57.340289352,19.443
1970-01-01 11:18:57.347233796,19.443
1970-01-01 11:18:57.354178241,19.443
1970-01-01 11:18:57.361122685,19.443
1970-01-01 11:18:57.368067130,19.443
1970-01-01 11:18:57.375011574,19.443
1970-01-01 11:18:57.381956019,19.443
1970-01-01 11:18:57.388900463,19.443
1970-01-01 11:18:57.395844907,19.443
1970-01-01 11:18:57.402789352,19.443
1970-01-01 11:18:57.409733796,19.506
1970-01-01 11:18:57.416678241,19.506
1970-01-01 11:18:57.423622685,19.506
1970-01-01 11:18:57.430567130,19.506
1970-01-01 11:18:57.437511574,19.506
1970-01-01 11:18:57.444456019,19.506
1970-01-01 11:18:57.451400463,19.506
1970-01-01 11:18:57.458344907,19.506
1970-01-01 11:18:57.465289352,19.569
1970-01-01 11:18:57.472233796,19.569
1970-01-01 11:18:57.479178241,19.569
1970-01-01 11:18:57.486122685,19.569
1970-01-01 11:18:57.493067130,19.569
1970-01-01 11:18:57.500011573,19.569
1970-01-01 11:18:57.506956019,19.569
1970-01-01 11:18:57.513900463,19.631
1970-01-01 11:18:57.520844906,19.631
1970-01-01 11:18:57.527789352,19.694
1970-01-01 11:18:57.534733796,19.694
1970-01-01 11:18:57.541678241,19.757
1970-01-01 11:18:57.548622685,19.757
1970-01-01 11:18:57.555567130,19.819
1970-01-01 11:18:57.562511574,19.819
1970-01-01 11:18:57.569456019,19.819
1970-01-01 11:18:57.576400463,19.882
1970-01-01 11:18:57.583344907,19.882
1970-01-01 11:18:57.590289352,19.944
1970-01-01 11:18:57.597233796,20.007
1970-01-01 11:18:57.604178241,20.07
1970-01-01 11:18:57.611122685,20.07
1970-01-01 11:18:57.618067130,20.132
1970-01-01 11:18:57.625011574,20.195
1970-01-01 11:18:57.631956019,20.257
1970-01-01 11:18:57.638900463,20.257
1970-01-01 11:18:57.645844907,20.257
1970-01-01 11:18:57.652789352,20.32
1970-01-01 11:18:57.659733796,20.32
1970-01-01 11:18:57.666678241,20.32
1970-01-01 11:18:57.673622685,20.32
1970-01-01 11:18:57.680567130,20.32
1970-01-01 11:18:57.687511574,20.32
1970-01-01 11:18:57.694456019,20.32
1970-01-01 11:18:57.701400463,20.32
1970-01-01 11:18:57.708344907,20.32
1970-01-01 11:18:57.715289352,20.32
1970-01-01 11:18:57.722233796,20.257
1970-01-01 11:18:57.729178241,20.257
1970-01-01 11:18:57.736122685,20.257
1970-01-01 11:18:57.743067130,20.257
1970-01-01 11:18:57.750011574,20.257
1970-01-01 11:18:57.756956019,20.257
1970-01-01 11:18:57.763900463,20.195
1970-01-01 11:18:57.770844907,20.195
