datetime,datetime_start,datetime_end,flux_mccallum_mm_day,flux_hatch_amplitude_mm_day,flux_keery_mm_day,flux_luce_mm_day,A_shallow,A_deep,r2_shallow,r2_deep,delta_phi,quality_flag,TC,par
2025-12-22 16:00:00,2025-12-21 16:00:00,2025-12-23 15:30:00,1056.003278545546,,1395.5695773075427,,3.1426153883732795,5.301008076941116e-09,0.8272370885710781,5.8242780598405375e-09,4.762702434863375,1,TC1,sup_int
2025-12-23 04:00:00,2025-12-22 04:00:00,2025-12-24 03:30:00,1051.7284068312983,,1313.676681791959,,3.302711915625784,2.3799487713915823e-08,0.8377553021053672,2.6122550123020005e-08,4.74992905862836,1,TC1,sup_int
2025-12-23 16:00:00,2025-12-22 16:00:00,2025-12-24 15:30:00,1081.54705383241,,1198.1623553315187,,3.248256363636704,7.746496999416763e-09,0.8189542959955944,-8.737909507061659e-09,1.5778790817731434,1,TC1,sup_int
2025-12-24 04:00:00,2025-12-23 04:00:00,2025-12-25 03:30:00,173.11958216128875,504.30740258168896,341.18176829355275,507.589794233749,3.3753169205156888,1.4438501629445293,0.8460832369371719,0.9202810504807845,5.253682571791895,0,TC1,sup_int
2025-12-24 16:00:00,2025-12-23 16:00:00,2025-12-25 15:30:00,1054.9070474761158,,1335.3572884177108,,3.316847011679568,1.4371480894226352e-08,0.8286065388495575,1.797332216391112e-08,4.6290499613799625,1,TC1,sup_int
2025-12-25 04:00:00,2025-12-24 04:00:00,2025-12-26 03:30:00,1057.4219996528511,,1389.0035746083986,,3.5316633091956526,5.931175772744268e-09,0.8516751239753566,6.0405628277138135e-09,4.640865535892928,1,TC1,sup_int
2025-12-25 16:00:00,2025-12-24 16:00:00,2025-12-26 15:30:00,1056.2524607117618,,1340.005502848061,,3.564375093250769,1.3216620908806931e-08,0.8679649341888682,1.4641613699239997e-08,4.5564498186686,1,TC1,sup_int
2025-12-26 04:00:00,2025-12-25 04:00:00,2025-12-27 03:30:00,170.713778887221,520.8819408347648,334.48772584793676,497.24601547515675,3.6054580664808755,1.5843405756181863,0.873999460282856,0.9407226256520074,5.160838888880319,0,TC1,sup_int
2025-12-26 16:00:00,2025-12-25 16:00:00,2025-12-27 15:30:00,189.6651658204386,468.2108909113252,338.3558514831691,530.8909664679043,3.521963010574856,1.4140633886662528,0.8709129110649346,0.9396019127789803,5.139759076923953,0,TC1,sup_int
2025-12-27 04:00:00,2025-12-26 04:00:00,2025-12-28 03:30:00,178.07456957067348,500.69005565828763,335.1619600159734,509.8769441896449,3.503042437389951,1.4894546299456788,0.8728736546253021,0.9466347236183861,5.139957913365671,0,TC1,sup_int
2025-12-27 16:00:00,2025-12-26 16:00:00,2025-12-28 15:30:00,188.94043406985222,472.5043870407544,336.55090673676,528.0636098265427,3.4446129058662316,1.393986882050391,0.876973278468243,0.9355598021903285,5.115380768088706,0,TC1,sup_int
2025-12-28 04:00:00,2025-12-27 04:00:00,2025-12-29 03:30:00,184.89808036847623,484.094838141747,335.0972350151681,520.5063570611893,3.441764259167914,1.4221568359270425,0.8815951644889615,0.9462874922869839,5.110212388456241,0,TC1,sup_int
2025-12-28 16:00:00,2025-12-27 16:00:00,2025-12-29 15:30:00,194.74152229521954,460.0951633641356,336.14703168171224,536.2765359185796,3.4304442826312416,1.3564910197277948,0.8819021089295576,0.9466328810970414,5.085011572745811,0,TC1,sup_int
2025-12-29 04:00:00,2025-12-28 04:00:00,2025-12-30 03:30:00,187.92080887771866,477.1622811861316,334.98814607329655,525.0133454727688,3.4621217074232593,1.4129777301582789,0.8831081077506303,0.9430533619633883,5.095888389399061,0,TC1,sup_int
2025-12-29 16:00:00,2025-12-28 16:00:00,2025-12-30 15:30:00,197.70925484435165,453.60882950082606,336.19151558369964,540.6195649185796,3.4728177821629576,1.3562433032974404,0.8719276550508273,0.9383681701179336,5.073348118154562,0,TC1,sup_int
2025-12-30 04:00:00,2025-12-29 04:00:00,2025-12-31 03:30:00,1055.525436658961,,1407.7641435470425,,3.5850651627115444,5.240083700286391e-09,0.8836756126778413,6.3990600596142144e-09,4.837550848443627,1,TC1,sup_int
2025-12-30 16:00:00,2025-12-29 16:00:00,2025-12-31 15:30:00,197.9278522844184,453.92322531142855,335.64968324064574,540.4082634538365,3.612350911772068,1.4115958307755825,0.8793456806262997,0.93665041362507,5.064265921874469,0,TC1,sup_int
2025-12-31 04:00:00,2025-12-30 04:00:00,2026-01-01 03:30:00,186.71375465131888,483.39928768430235,332.6978179542523,520.9567743265487,3.665643192330407,1.5128035648842346,0.8814584832896535,0.9515081856335716,5.066063396459439,0,TC1,sup_int
2025-12-31 16:00:00,2025-12-30 16:00:00,2026-01-01 15:30:00,191.92135897673256,470.353126945714,333.41818186925843,529.4783741477604,3.6443697152211163,1.4690131364941932,0.8768986016853904,0.939967439962893,5.0553954696095635,0,TC1,sup_int
2026-01-01 04:00:00,2025-12-31 04:00:00,2026-01-02 03:30:00,197.2270970568842,459.1643818129627,333.0793846808699,536.8976425447081,3.624579218700054,1.4307193034105892,0.8723324592938879,0.9380812375482541,5.028366981508247,0,TC1,sup_int
2026-01-01 16:00:00,2025-12-31 16:00:00,2026-01-02 15:30:00,188.76084541683798,479.2516225568318,332.28237055801156,523.6508871347683,3.58195176426716,1.467385122389922,0.8689965891196488,0.930906204047582,5.051245490172951,0,TC1,sup_int
2026-01-02 04:00:00,2026-01-01 04:00:00,2026-01-03 03:30:00,205.2435630226427,442.04366515353166,333.32652930096265,548.4484114531177,3.509386129868842,1.3395509902945901,0.8643038565040322,0.9300001186221543,4.9992419812304325,0,TC1,sup_int
2026-01-02 16:00:00,2026-01-01 16:00:00,2026-01-03 15:30:00,198.84422594114844,455.0641203286396,333.5144463486179,539.642160338168,3.587176870140887,1.4048567194918498,0.8669683136184358,0.9334412452610638,5.028279797755193,0,TC1,sup_int
2026-01-03 04:00:00,2026-01-02 04:00:00,2026-01-04 03:30:00,199.05935141044475,456.94756979750866,331.9107842327849,538.379763816774,3.594146808069381,1.4127014448419088,0.8700454266237518,0.9442590576656077,5.003221775814022,0,TC1,sup_int
2026-01-03 16:00:00,2026-01-02 16:00:00,2026-01-04 15:30:00,1060.5404298854555,,1391.781669043331,,3.5921372176951056,4.598486036400118e-09,0.8717035534339386,5.303901318143289e-09,4.419084712778058,1,TC1,sup_int
2026-01-04 04:00:00,2026-01-03 04:00:00,2026-01-05 03:30:00,1046.1261031687511,,1382.4777292892147,,3.6386222997180098,1.3726969783078857e-08,0.8802377523815106,1.6789919121684704e-08,5.333438916131496,1,TC1,sup_int
2026-01-04 16:00:00,2026-01-03 16:00:00,2026-01-05 15:30:00,-1040.6038261654712,,-740.7254207134216,-129042582881.35808,9.26067000861508e-09,1.347209879843443,3.929059411156288e-09,0.9463744193559305,5.545865075657866,1,TC1,sup_int
2026-01-05 04:00:00,2026-01-04 04:00:00,2026-01-06 03:30:00,1083.0705261581656,,1251.0556528920345,,3.4448640160948827,2.2927988396759247e-09,0.8703984367213309,-2.7016247017286332e-09,1.2477696847260074,1,TC1,sup_int
2026-01-05 16:00:00,2026-01-04 16:00:00,2026-01-06 15:30:00,1082.378038732904,,1127.8675887757208,,3.4189332965037917,2.1791028315121252e-08,0.8517343895230275,-2.358794692902677e-08,1.303535046228073,1,TC1,sup_int
2026-01-06 04:00:00,2026-01-05 04:00:00,2026-01-07 03:30:00,1054.5579788931238,,1346.5916506203273,,3.3026370222216688,1.2449185238239124e-08,0.839128702103231,1.7002822261247275e-08,4.690706433821103,1,TC1,sup_int
2026-01-06 16:00:00,2026-01-05 16:00:00,2026-01-07 15:30:00,1082.469782319723,,1125.8765376964043,,3.4175177829538694,2.203104676468115e-08,0.8574646934630642,-2.3317373587516954e-08,1.2792887401082949,1,TC1,sup_int
2026-01-07 04:00:00,2026-01-06 04:00:00,2026-01-08 03:30:00,1048.6672996625418,,1306.6737516384503,,3.3296078468050885,3.16424761948042e-08,0.8519232711121758,4.699837252708505e-08,4.901390504392357,1,TC1,sup_int
2026-01-07 16:00:00,2026-01-06 16:00:00,2026-01-08 15:30:00,182.09027588267648,503.60500277879913,326.77329817222613,508.0330696109325,3.0039033574421636,1.2834704569302249,0.8242871210224191,0.9330419428677005,4.99478343833064,0,TC1,sup_int
2026-01-08 04:00:00,2026-01-07 04:00:00,2026-01-09 03:30:00,239.66089340682916,380.5933766296686,333.10081515341335,591.851296411473,2.6213196083881187,0.8723092588450355,0.7394757561096947,0.6221691910253948,4.8580220723568655,0,TC1,sup_int
2026-01-08 16:00:00,2026-01-07 16:00:00,2026-01-09 15:30:00,182.72423233063785,503.10923789476044,326.0930108300758,508.3461819523168,2.6791257420263865,1.143757818432197,0.7581121668336979,0.6533347144730264,4.981788365370135,0,TC1,sup_int
2026-01-09 04:00:00,2026-01-08 04:00:00,2026-01-10 03:30:00,234.8650061292788,388.45756168850113,333.01525583283075,586.1304471477359,2.5711514370829875,0.8721969747312257,0.7708001399326145,0.6941537847504173,4.875686938536879,0,TC1,sup_int
2026-01-09 16:00:00,2026-01-08 16:00:00,2026-01-10 15:30:00,240.79496679379153,380.0829503911179,332.1371322865595,592.2242507700978,2.962877806151333,0.9847254941794933,0.7610172751680925,0.8397057386939224,4.8395200118314055,0,TC1,sup_int
2026-01-10 04:00:00,2026-01-09 04:00:00,2026-01-11 03:30:00,1063.9656745341729,,1482.5247102766295,,3.383232255723779,8.4902374020146e-10,0.8330464181154039,8.698671782880751e-10,4.412763341220699,1,TC1,sup_int
2026-01-10 16:00:00,2026-01-09 16:00:00,2026-01-11 15:30:00,1083.3793411763859,,1205.60097281306,,3.2498667459108583,4.226927363681909e-09,0.833308511164069,-5.326708851782769e-09,1.1046756412047307,1,TC1,sup_int
2026-01-11 04:00:00,2026-01-10 04:00:00,2026-01-12 03:30:00,1047.0109670247703,,1326.9719065585455,,3.4657730748960724,2.7132809110597123e-08,0.8607960994479723,3.243857582546639e-08,5.070634023010154,1,TC1,sup_int
2026-01-11 16:00:00,2026-01-10 16:00:00,2026-01-12 15:30:00,244.6677775914701,371.0003789543349,334.43678011443166,598.8937473608762,3.3814769125808355,1.098423850035028,0.859363917025511,0.8397878772977877,4.857771866567109,0,TC1,sup_int
2026-01-12 04:00:00,2026-01-11 04:00:00,2026-01-13 03:30:00,196.16047770083827,469.90561629295553,327.4079599791781,529.7731528138917,3.4874495057628487,1.4046010431198315,0.8729223014971126,0.9204371393952061,4.947063392528031,0,TC1,sup_int
2026-01-12 16:00:00,2026-01-11 16:00:00,2026-01-13 15:30:00,1059.666133067682,,1347.6472829688735,,3.4671798927262643,9.062176564711422e-09,0.8696595710223908,1.1273576627779391e-08,4.343422810114426,1,TC1,sup_int
2026-01-13 04:00:00,2026-01-12 04:00:00,2026-01-14 03:30:00,215.91283850319255,425.0231625211129,330.65679193982726,560.167926695352,3.50197186918238,1.2904527818990945,0.8730095610517349,0.9336785638712983,4.916260895649922,0,TC1,sup_int
2026-01-13 16:00:00,2026-01-12 16:00:00,2026-01-14 15:30:00,-1076.1656561791795,,-910.2658296954016,-114293636211.4095,1.0792990057240104e-08,1.3906685402572339,-4.4815304800494005e-09,0.9311178359231014,2.391854538769837,1,TC1,sup_int
2026-01-14 04:00:00,2026-01-13 04:00:00,2026-01-15 03:30:00,230.07531398433068,395.37082999887207,333.80930098978934,581.1409081461624,3.4907856925437035,1.2037948009471542,0.8660969184373664,0.8906675850994995,4.90633623490117,0,TC1,sup_int
2026-01-14 16:00:00,2026-01-13 16:00:00,2026-01-15 15:30:00,197.82292078112908,462.12701140423627,330.1940611771814,534.9231531856148,3.602040705095492,1.4298406910157937,0.8746532913098579,0.9008677807614549,4.982379376638021,0,TC1,sup_int
2026-01-15 04:00:00,2026-01-14 04:00:00,2026-01-16 03:30:00,230.722429460328,393.3657603885492,334.4830050205286,582.5841989490657,3.4979467745653663,1.2005727933350028,0.8723393768261977,0.8696075232924104,4.913657602404877,0,TC1,sup_int
2026-01-15 16:00:00,2026-01-14 16:00:00,2026-01-16 15:30:00,-865.2689739469321,,-32.51709902295033,-8778.621757324197,8.042113641693049e-10,8.763171743808584e-09,-3.3248204189817443e-10,9.841446324543313e-09,1.8068043486042344,1,TC1,sup_int
2026-01-16 04:00:00,2026-01-15 04:00:00,2026-01-17 03:30:00,213.0942361814024,430.07374240700693,330.870934271602,556.6658519433172,3.587877395350136,1.336273586289685,0.8736261690584559,0.9473016149313281,4.930748459535536,0,TC1,sup_int
2026-01-16 16:00:00,2026-01-15 16:00:00,2026-01-17 15:30:00,224.39922847761937,410.04317755609804,330.29303747855016,570.6757268188314,3.5397539236431945,1.2624432987445309,0.8607992262886722,0.931663493081097,4.877079078262346,0,TC1,sup_int
2026-01-17 04:00:00,2026-01-16 04:00:00,2026-01-18 03:30:00,198.75748482163982,463.63535049152364,327.8273260033103,533.920655122465,3.669641505168073,1.4608223427677127,0.875863039102835,0.9395426220859865,4.942887676839359,0,TC1,sup_int
2026-01-17 16:00:00,2026-01-16 16:00:00,2026-01-18 15:30:00,1059.5980323138215,,1329.228157288098,,3.5686710907302444,1.2279873562448529e-08,0.872169056169741,1.5283043830471854e-08,4.288952904127743,1,TC1,sup_int
2026-01-18 04:00:00,2026-01-17 04:00:00,2026-01-19 03:30:00,190.5787295002489,483.6531435214713,326.6110891398969,520.7923392029347,3.6612518753564407,1.5116699868171846,0.8808576642286042,0.9303746365142785,4.957636657181345,0,TC1,sup_int
2026-01-18 16:00:00,2026-01-17 16:00:00,2026-01-19 15:30:00,1083.5268751905487,,1348.312519744239,,3.588668082906522,3.915159307865679e-10,0.8761566750859581,-4.693894162244305e-10,1.1790441972850942,1,TC1,sup_int
2026-01-19 04:00:00,2026-01-18 04:00:00,2026-01-20 03:30:00,188.66091404096983,488.1076275278111,326.60312491363356,517.915516783912,3.6610957074669006,1.5234791493176867,0.8842791065146276,0.9456415868166417,4.965318494997302,0,TC1,sup_int
2026-01-19 16:00:00,2026-01-18 16:00:00,2026-01-20 15:30:00,211.22774583529753,434.7035176100855,330.1579770685654,553.4736899338217,3.624722673956796,1.3630405502415037,0.8774476121263245,0.9410947178355443,4.927611560911895,0,TC1,sup_int
2026-01-20 04:00:00,2026-01-19 04:00:00,2026-01-21 03:30:00,195.50236025724365,470.3263388183395,328.090380696585,529.4960150801943,3.6846813687687994,1.4851891275113267,0.885716437080615,0.9523509330634946,4.960045561340937,0,TC1,sup_int
2026-01-20 16:00:00,2026-01-19 16:00:00,2026-01-21 15:30:00,-1076.0970398132622,,-904.3189392733705,-102260333940.8118,1.235092295104323e-08,1.4238571577295158,-5.027879446117822e-09,0.9500622649191227,2.386979975184301,1,TC1,sup_int
2026-01-21 04:00:00,2026-01-20 04:00:00,2026-01-22 03:30:00,1066.6435272845108,,1564.6907099233147,,3.5976965896360054,2.0325408023325053e-10,0.8806669255286204,2.2881729844215215e-10,4.391407760776563,1,TC1,sup_int
2026-01-21 16:00:00,2026-01-20 16:00:00,2026-01-22 15:30:00,209.70102394284234,437.6466263341217,330.1911670258303,551.453495412272,3.555269285110333,1.3450203262235843,0.882567762067315,0.9448891673830966,4.9342434386782825,0,TC1,sup_int
2026-01-22 04:00:00,2026-01-21 04:00:00,2026-01-23 03:30:00,209.48149595117502,403.1451032424249,355.85342463621623,575.5746543460359,4.3752299403761,1.5362498711631591,0.8176323411537462,0.4663854312135417,5.318681693518119,0,TC1,sup_int
2026-01-22 16:00:00,2026-01-21 16:00:00,2026-01-23 15:30:00,240.31269787966326,350.4129103174788,356.1487466456725,614.2387121881515,5.438530481236187,1.6725457826114958,0.7909334594514322,0.519745179579158,5.191417012036034,0,TC1,sup_int
2026-01-23 04:00:00,2026-01-22 04:00:00,2026-01-24 03:30:00,247.42418339250037,325.98210776676086,368.1727499085064,632.8379878079639,6.339474676184362,1.8166931222317093,0.8705405821553317,0.5724931988119519,5.335879282657023,0,TC1,sup_int
2026-01-23 16:00:00,2026-01-22 16:00:00,2026-01-24 15:30:00,1083.0008170384065,,1514.2022606108985,,7.567970356071057,6.071321223544146e-11,0.9302209499333093,-3.1705971181850146e-11,1.5363735212716303,1,TC1,sup_int
2026-01-24 04:00:00,2026-01-23 04:00:00,2026-01-25 03:30:00,286.38108519338044,282.32020061025133,362.7467579344627,667.0115660409657,7.62954008397124,1.8924519229548875,0.9365845991635693,0.9290256947579065,5.094446093633172,0,TC1,sup_int
2026-01-24 16:00:00,2026-01-23 16:00:00,2026-01-25 15:30:00,272.4088978953984,301.0419688620545,360.7648892597704,652.2245522120804,7.520186134518789,1.9906903247271608,0.9307094540301927,0.9321316296043125,5.124040444020962,0,TC1,sup_int
2026-01-25 04:00:00,2026-01-24 04:00:00,2026-01-26 03:30:00,279.728457859398,296.52545432072145,356.80101707476854,655.7746821004866,7.116952453086085,1.8554653533777967,0.8684330588727294,0.9037662645281591,5.037902368557633,0,TC1,sup_int
2026-01-25 16:00:00,2026-01-24 16:00:00,2026-01-26 15:30:00,1082.4578086658312,,1214.181657352149,,6.488267531626937,9.558563718314872e-09,0.8753659710577644,-7.885798680717926e-09,1.3827424554506553,1,TC1,sup_int
2026-01-26 04:00:00,2026-01-25 04:00:00,2026-01-27 03:30:00,1052.2508513482699,,1410.2234948772932,,6.166037007098508,1.0831052721371748e-08,0.8833312430822347,1.2673676552665825e-08,5.065342384611714,1,TC1,sup_int
2026-01-26 16:00:00,2026-01-25 16:00:00,2026-01-27 15:30:00,281.1095655450944,294.0801531941083,357.52982819345686,657.7014619326204,6.270290775625612,1.6211115534601706,0.8663998271083846,0.8642210830625882,5.042572319987039,0,TC1,sup_int
2026-01-27 04:00:00,2026-01-26 04:00:00,2026-01-28 03:30:00,295.8555945702968,268.64911890727984,365.80158559273883,677.9183632961452,6.5707225632702295,1.549027601510474,0.8962686754431803,0.8962948891959654,5.098246890262086,0,TC1,sup_int
2026-01-27 16:00:00,2026-01-26 16:00:00,2026-01-28 15:30:00,309.1885856125826,257.551275459648,363.1230172775625,686.8297465308441,7.258692849158576,1.638291676147678,0.8779229581437112,0.9138861948587084,5.006784937029393,0,TC1,sup_int
2026-01-28 04:00:00,2026-01-27 04:00:00,2026-01-29 03:30:00,1047.6257703909273,,1454.6911283527625,,7.494785223580101,9.374064191547404e-09,0.8890960596161681,8.238180249087179e-09,5.521131564859836,1,TC1,sup_int
2026-01-28 16:00:00,2026-01-27 16:00:00,2026-01-29 15:30:00,1082.8564547406704,,1229.991737589504,,7.26393779064272,7.355994258162468e-09,0.8843049722136703,-6.798356766424263e-09,1.2906953816928026,1,TC1,sup_int
2026-01-29 04:00:00,2026-01-28 04:00:00,2026-01-30 03:30:00,281.7977740997871,294.64903869244966,356.276368463157,657.25291793651,7.2513711014969795,1.8784253674964242,0.8935871771853987,0.922011073352265,5.022105128756014,0,TC1,sup_int
2026-01-29 16:00:00,2026-01-28 16:00:00,2026-01-30 15:30:00,1061.5756392558965,,1422.4981527418756,,7.0113610365018895,5.259335411622601e-09,0.8879575887171309,5.033628625028541e-09,4.434016138361286,1,TC1,sup_int
2026-01-30 04:00:00,2026-01-29 04:00:00,2026-01-31 03:30:00,299.97457601115343,270.66737611037996,359.64571782573177,676.3029929010168,7.096726106493177,1.6859551084498328,0.8929300268707813,0.9300036716346317,4.9958294459441515,0,TC1,sup_int
2026-01-30 16:00:00,2026-01-29 16:00:00,2026-01-31 15:30:00,287.30413925052244,285.680242789339,358.63634481275074,664.3443140761533,6.8410935832772415,1.7174542177942898,0.8896616679555602,0.9157478863519651,5.0329711977672815,0,TC1,sup_int
2026-01-31 04:00:00,2026-01-30 04:00:00,2026-02-01 03:30:00,342.1761478822117,218.41108459828288,372.2576465504837,718.5377939604056,6.409733340975215,1.2175576624461417,0.8346874195834101,0.6762437527700194,4.9977547982761,0,TC1,sup_int
2026-01-31 16:00:00,2026-01-30 16:00:00,2026-02-01 15:30:00,1082.7223011221838,,1215.0320059725639,,6.1392011037356236,8.305807819297684e-09,0.8831596168228619,-6.3801590677314834e-09,1.3127714515041833,1,TC1,sup_int
2026-02-01 04:00:00,2026-01-31 04:00:00,2026-02-02 03:30:00,371.18322801906135,195.9120073848029,371.96611357093377,736.8292882486624,5.326394855672214,0.901937245076522,0.8212704848539928,0.5819635103522558,4.877625804986408,0,TC1,sup_int
2026-02-01 16:00:00,2026-01-31 16:00:00,2026-02-02 15:30:00,1083.3271219642024,,1238.8194182763368,,5.833301228182549,4.39466130153221e-09,0.7647064124552813,-4.592743074738337e-09,1.1528136607361978,1,TC1,sup_int
2026-02-02 04:00:00,2026-02-01 04:00:00,2026-02-03 03:30:00,246.26273235813386,373.20942416610814,330.91699138330887,597.2658623900212,6.167429414265827,2.014718680962861,0.7688864995062035,0.6597436668742298,4.800445689238902,0,TC1,sup_int
2026-02-02 16:00:00,2026-02-01 16:00:00,2026-02-03 15:30:00,615.358780372916,356.4418462034498,159.3907859742414,609.712973993103,6.7901710920637015e-09,2.122868547616008e-09,1.3036075552363968e-09,-1.1295129276334137e-09,1.6883806262605445,1,TC1,sup_int
2026-02-03 04:00:00,2026-02-02 04:00:00,2026-02-04 03:30:00,161.14141889349148,570.601423334061,320.6038515801427,467.5396839065435,7.596043295925381,3.5923047402207096,0.8967538741682125,0.8723075809642682,4.9859393626117825,0,TC1,sup_int
2026-02-03 16:00:00,2026-02-02 16:00:00,2026-02-04 15:30:00,185.72982861920354,496.1455409112163,325.8864969021931,512.7654176831409,7.769650349671695,3.2782682632760656,0.9042856679986524,0.8745135844411364,4.966355869261923,0,TC1,sup_int
2026-02-04 04:00:00,2026-02-03 04:00:00,2026-02-05 03:30:00,147.6689432723744,614.6960183417714,320.07561427922974,442.81235199817297,7.910087833757136,3.9613269799400372,0.9151629347033079,0.9639364723660527,5.033764251443451,0,TC1,sup_int
2026-02-04 16:00:00,2026-02-03 16:00:00,2026-02-05 15:30:00,142.71216153959318,634.2714525382191,318.876451125286,432.30677025344437,7.5269258866685185,3.858586771265545,0.8763648411664487,0.9572391605547537,5.035688433332185,0,TC1,sup_int
2026-02-05 04:00:00,2026-02-04 04:00:00,2026-02-06 03:30:00,213.59682928630988,423.7165209266879,334.69051164016156,561.0773045646835,6.952477743572448,2.5548130875540576,0.8305406245502838,0.6361414255330803,4.98562770794615,0,TC1,sup_int
2026-02-05 16:00:00,2026-02-04 16:00:00,2026-02-06 15:30:00,1059.5151645794492,,1359.673593603368,,6.514762893628071,1.4433709782935011e-08,0.8432947121758729,5.987961237963191e-09,4.393270205897036,1,TC1,sup_int
2026-02-06 04:00:00,2026-02-05 04:00:00,2026-02-07 03:30:00,1053.857579281269,,1370.4389338761557,,6.236477620112353,1.745673205988396e-08,0.8275089713614123,2.5083232046974047e-08,4.819648486840135,1,TC1,sup_int
2026-02-06 16:00:00,2026-02-05 16:00:00,2026-02-07 15:30:00,372.39681337946286,206.39113499410144,359.4405980342409,728.3137827037843,6.197618007694548,1.108961533435175,0.8502586582923153,0.8713538766909358,4.708720712739945,0,TC1,sup_int
2026-02-07 04:00:00,2026-02-06 04:00:00,2026-02-08 03:30:00,1083.9926918254666,,1274.3560062363294,,6.518577294118145,2.0665399391717187e-09,0.8775622402568873,-3.2381002323944585e-09,0.9228833769407583,1,TC1,sup_int
2026-02-07 16:00:00,2026-02-06 16:00:00,2026-02-08 15:30:00,1063.1279845356573,,1343.482029323732,,6.577806747575966,1.4042667695335354e-08,0.8806862108735091,1.989540909796972e-08,4.066548447103536,1,TC1,sup_int
2026-02-08 04:00:00,2026-02-07 04:00:00,2026-02-09 03:30:00,404.66689799570554,182.31064584953407,361.1157625151085,747.8503656008334,6.644305005250347,1.0425505187574897,0.8779723055688187,0.9001948407964516,4.607336107502384,0,TC1,sup_int
2026-02-08 16:00:00,2026-02-07 16:00:00,2026-02-09 15:30:00,371.0960935959752,208.57321656806624,358.15706443171314,726.5392640764736,6.687349309420379,1.2099689713435409,0.9001597222954794,0.9162965842258374,4.696879760557311,0,TC1,sup_int
2026-02-09 04:00:00,2026-02-08 04:00:00,2026-02-10 03:30:00,1084.1224822839856,,1389.0374929961831,,6.5515726458075925,2.711899593776934e-10,0.8928535731999603,-3.7065550628767596e-10,0.9383778657506818,1,TC1,sup_int
2026-02-09 16:00:00,2026-02-08 16:00:00,2026-02-10 15:30:00,364.7707415846421,214.68383031951896,356.82687027876995,721.5691743877925,6.543758146561763,1.2206534097154615,0.89612891691487,0.9079901234753872,4.703583550566407,0,TC1,sup_int
2026-02-10 04:00:00,2026-02-09 04:00:00,2026-02-11 03:30:00,1060.6660398408253,,1394.884019788637,,6.47855464076194,7.846942651212885e-09,0.8916638625827092,1.289098694456925e-08,4.419224508063033,1,TC1,sup_int
2026-02-10 16:00:00,2026-02-09 16:00:00,2026-02-11 15:30:00,374.5102077402842,209.25493003908926,354.7275414691262,725.9848307159059,6.681997669081304,1.2131772062974773,0.8736299596701997,0.9130732799713188,4.6389830502090765,0,TC1,sup_int
2026-02-11 04:00:00,2026-02-10 04:00:00,2026-02-12 03:30:00,410.826822557188,176.20604697998462,363.56491350265,752.778090718405,7.020527464127439,1.0625821423525308,0.88929766916741,0.8622941921890008,4.615098619417095,0,TC1,sup_int
2026-02-11 16:00:00,2026-02-10 16:00:00,2026-02-12 15:30:00,378.4388800091299,204.7025878789515,356.4619802953468,729.6867352835328,7.518404679405226,1.3336575263381345,0.880239589653167,0.8779347126937013,4.646753172811213,0,TC1,sup_int
2026-02-12 04:00:00,2026-02-11 04:00:00,2026-02-13 03:30:00,1054.8048832521633,,1395.4785963744764,,7.531994341212558,1.380864889100053e-08,0.873951838168107,2.0209035778151474e-08,4.844368662898894,1,TC1,sup_int
2026-02-12 16:00:00,2026-02-11 16:00:00,2026-02-13 15:30:00,380.4878668165682,200.2991044436613,359.5901508422183,733.2659366782393,7.823282935740912,1.356171450392853,0.8721766808151358,0.9219254327638738,4.67969816990736,0,TC1,sup_int
2026-02-13 04:00:00,2026-02-12 04:00:00,2026-02-14 03:30:00,1051.646363897844,,1409.3050865294106,,7.897576172489365,1.4613621868164728e-08,0.8762896060360744,1.8668268264576682e-08,5.10095170738807,1,TC1,sup_int
2026-02-13 16:00:00,2026-02-12 16:00:00,2026-02-14 15:30:00,376.9479973191855,202.10616390220264,360.42412206128944,731.7973936205265,7.464004696215493,1.3062474737084093,0.8803907402027946,0.9277716106524726,4.704120825233019,0,TC1,sup_int
2026-02-14 04:00:00,2026-02-13 04:00:00,2026-02-15 03:30:00,366.75645051623945,213.64507822823484,356.304160034842,722.4140673837725,7.514946210848551,1.394658047484909,0.8910068396073895,0.9400164165706153,4.689114353418885,0,TC1,sup_int
2026-02-14 16:00:00,2026-02-13 16:00:00,2026-02-15 15:30:00,373.19841083444936,208.00526396185847,357.08224301945256,727.0011607718336,7.172559658169829,1.2940251299913978,0.9017796458339554,0.9316540700816,4.67477188103222,0,TC1,sup_int
2026-02-15 04:00:00,2026-02-14 04:00:00,2026-02-16 03:30:00,374.3534215626555,210.07873937626826,353.9873698943907,725.3148086069291,7.03802074669546,1.2831325986438737,0.8940494571172612,0.9262360927660281,4.629895027597755,0,TC1,sup_int
2026-02-15 16:00:00,2026-02-14 16:00:00,2026-02-16 15:30:00,366.1158488270635,220.9583006571548,349.3026851528654,716.4664721758509,7.080522957884174,1.3615109667157868,0.8840044323211127,0.9179919489376306,4.599368020937,0,TC1,sup_int
2026-02-16 04:00:00,2026-02-15 04:00:00,2026-02-17 03:30:00,390.23783014170607,197.49881534605177,355.11841668144274,735.540778116134,6.9236822477977595,1.1824689360509226,0.8633122360390273,0.875924957618076,4.584805908793399,0,TC1,sup_int
2026-02-16 16:00:00,2026-02-15 16:00:00,2026-02-17 15:30:00,359.4237378137112,230.26100166973524,345.36970747931747,708.9069732768754,7.009014152140438,1.4074929364387572,0.8480517180287376,0.8995811701705896,4.572382919689191,0,TC1,sup_int
2026-02-17 04:00:00,2026-02-16 04:00:00,2026-02-18 03:30:00,1066.1435546959412,,1408.2468657447278,,6.811491955575773,4.265646058598804e-09,0.8346882641649755,5.2037816278271976e-09,3.9986071470482765,1,TC1,sup_int
2026-02-17 16:00:00,2026-02-16 16:00:00,2026-02-18 15:30:00,365.66918086087924,223.39109025486385,347.2121440818919,714.4886527152487,6.843723611127207,1.3312363646841572,0.8335730870096333,0.9338467250947291,4.573502471472716,0,TC1,sup_int
2026-02-18 04:00:00,2026-02-17 04:00:00,2026-02-19 03:30:00,370.5472864730281,219.89839978174376,346.89229076419963,717.3283034845094,7.135007963970891,1.3650555801274333,0.8626884680035057,0.9494343363876162,4.551186765617668,0,TC1,sup_int
2026-02-18 16:00:00,2026-02-17 16:00:00,2026-02-19 15:30:00,1063.4360735176178,,1327.4010751928374,,7.277650150930401,1.9255309569032875e-08,0.8632414590669021,2.4743364246404553e-08,3.993481608092802,1,TC1,sup_int
2026-02-19 04:00:00,2026-02-18 04:00:00,2026-02-20 03:30:00,368.6013550049701,217.39067327823776,350.9593359872774,719.367662344388,7.294569377763919,1.3788117792650862,0.8664636976995358,0.9307940113383231,4.611845844747311,0,TC1,sup_int
2026-02-19 16:00:00,2026-02-18 16:00:00,2026-02-20 15:30:00,401.61670726909244,186.37234912960324,358.808465782961,744.5644469599839,6.860001476948407,1.1018073277544032,0.872002541979053,0.8741532547179096,4.589398707015674,0,TC1,sup_int
2026-02-20 04:00:00,2026-02-19 04:00:00,2026-02-21 03:30:00,374.6504605964861,211.05712442976616,352.73418523123377,724.5190411875433,6.678220966743024,1.2235270164604688,0.8499315830759748,0.9073025298345994,4.61238740959971,0,TC1,sup_int
2026-02-20 16:00:00,2026-02-19 16:00:00,2026-02-21 15:30:00,1084.1933417366204,,1358.988754368875,,6.328411202676416,4.228117855831215e-10,0.8750538677347419,-5.840758987574191e-10,0.8796472329508696,1,TC1,sup_int
2026-02-21 04:00:00,2026-02-20 04:00:00,2026-02-22 03:30:00,1067.476062723902,,1437.8979827267215,,6.312211967506304,2.2267718780000223e-09,0.8865249908412876,3.126969017053227e-09,3.955073178206788,1,TC1,sup_int
2026-02-21 16:00:00,2026-02-20 16:00:00,2026-02-22 15:30:00,380.4676031333125,211.08524697367167,348.22434954769636,724.4961674518154,6.585007974916323,1.2066191285802785,0.8762699246176562,0.9402302080032026,4.531858863773336,0,TC1,sup_int
2026-02-22 04:00:00,2026-02-21 04:00:00,2026-02-23 03:30:00,1067.4324365231269,,1438.031448491926,,6.5069417053889325,2.3006514471290984e-09,0.8737767949587156,3.1009134149329043e-09,3.9597165104887138,1,TC1,sup_int
2026-02-22 16:00:00,2026-02-21 16:00:00,2026-02-23 15:30:00,1067.563096749094,,1431.3370929008613,,6.498860889415148,2.5105293399718676e-09,0.8700690248852837,3.5653099361709906e-09,3.9285157710450243,1,TC1,sup_int
2026-02-23 04:00:00,2026-02-22 04:00:00,2026-02-24 03:30:00,1059.9886666731181,,1378.3693650663918,,6.4945976455001375,1.0559868979242992e-08,0.8787205982626363,1.6785915213368696e-08,4.418283713628709,1,TC1,sup_int
2026-02-23 16:00:00,2026-02-22 16:00:00,2026-02-24 15:30:00,1064.656602904811,,1344.9717356263122,,6.401867122634758,1.179861697231388e-08,0.8818311224293527,1.7914077776737258e-08,3.946189050580505,1,TC1,sup_int
2026-02-24 04:00:00,2026-02-23 04:00:00,2026-02-25 03:30:00,393.279960758736,199.22579990458064,350.9996578371133,734.1379804706345,6.3616293484684325,1.0965386772729075,0.8734760476490414,0.9518425238394489,4.520349180186649,0,TC1,sup_int
2025-12-22 16:00:00,2025-12-21 16:00:00,2025-12-23 15:30:00,0.0,,0.0,0.0,5.301008076941116e-09,5.301008076941116e-09,5.8242780598405375e-09,5.8242780598405375e-09,0.0,1,TC1,int_inf
2025-12-23 04:00:00,2025-12-22 04:00:00,2025-12-24 03:30:00,0.0,,0.0,0.0,2.3799487713915823e-08,2.3799487713915823e-08,2.6122550123020005e-08,2.6122550123020005e-08,0.0,1,TC1,int_inf
2025-12-23 16:00:00,2025-12-22 16:00:00,2025-12-24 15:30:00,0.0,,0.0,0.0,7.746496999416763e-09,7.746496999416763e-09,-8.737909507061659e-09,-8.737909507061659e-09,0.0,1,TC1,int_inf
2025-12-24 04:00:00,2025-12-23 04:00:00,2025-12-25 03:30:00,0.0,,0.0,0.0,1.4438501629445293,1.4438501629445293,0.9202810504807845,0.9202810504807845,0.0,0,TC1,int_inf
2025-12-24 16:00:00,2025-12-23 16:00:00,2025-12-25 15:30:00,0.0,,0.0,0.0,1.4371480894226352e-08,1.4371480894226352e-08,1.797332216391112e-08,1.797332216391112e-08,0.0,1,TC1,int_inf
2025-12-25 04:00:00,2025-12-24 04:00:00,2025-12-26 03:30:00,0.0,,0.0,0.0,5.931175772744268e-09,5.931175772744268e-09,6.0405628277138135e-09,6.0405628277138135e-09,0.0,1,TC1,int_inf
2025-12-25 16:00:00,2025-12-24 16:00:00,2025-12-26 15:30:00,0.0,,0.0,0.0,1.3216620908806931e-08,1.3216620908806931e-08,1.4641613699239997e-08,1.4641613699239997e-08,0.0,1,TC1,int_inf
2025-12-26 04:00:00,2025-12-25 04:00:00,2025-12-27 03:30:00,0.0,,0.0,0.0,1.5843405756181863,1.5843405756181863,0.9407226256520074,0.9407226256520074,0.0,0,TC1,int_inf
2025-12-26 16:00:00,2025-12-25 16:00:00,2025-12-27 15:30:00,0.0,,0.0,0.0,1.4140633886662528,1.4140633886662528,0.9396019127789803,0.9396019127789803,0.0,0,TC1,int_inf
2025-12-27 04:00:00,2025-12-26 04:00:00,2025-12-28 03:30:00,0.0,,0.0,0.0,1.4894546299456788,1.4894546299456788,0.9466347236183861,0.9466347236183861,0.0,0,TC1,int_inf
2025-12-27 16:00:00,2025-12-26 16:00:00,2025-12-28 15:30:00,0.0,,0.0,0.0,1.393986882050391,1.393986882050391,0.9355598021903285,0.9355598021903285,0.0,0,TC1,int_inf
2025-12-28 04:00:00,2025-12-27 04:00:00,2025-12-29 03:30:00,0.0,,0.0,0.0,1.4221568359270425,1.4221568359270425,0.9462874922869839,0.9462874922869839,0.0,0,TC1,int_inf
2025-12-28 16:00:00,2025-12-27 16:00:00,2025-12-29 15:30:00,0.0,,0.0,0.0,1.3564910197277948,1.3564910197277948,0.9466328810970414,0.9466328810970414,0.0,0,TC1,int_inf
2025-12-29 04:00:00,2025-12-28 04:00:00,2025-12-30 03:30:00,0.0,,0.0,0.0,1.4129777301582789,1.4129777301582789,0.9430533619633883,0.9430533619633883,0.0,0,TC1,int_inf
2025-12-29 16:00:00,2025-12-28 16:00:00,2025-12-30 15:30:00,0.0,,0.0,0.0,1.3562433032974404,1.3562433032974404,0.9383681701179336,0.9383681701179336,0.0,0,TC1,int_inf
2025-12-30 04:00:00,2025-12-29 04:00:00,2025-12-31 03:30:00,0.0,,0.0,0.0,5.240083700286391e-09,5.240083700286391e-09,6.3990600596142144e-09,6.3990600596142144e-09,0.0,1,TC1,int_inf
2025-12-30 16:00:00,2025-12-29 16:00:00,2025-12-31 15:30:00,0.0,,0.0,0.0,1.4115958307755825,1.4115958307755825,0.93665041362507,0.93665041362507,0.0,0,TC1,int_inf
2025-12-31 04:00:00,2025-12-30 04:00:00,2026-01-01 03:30:00,0.0,,0.0,0.0,1.5128035648842346,1.5128035648842346,0.9515081856335716,0.9515081856335716,0.0,0,TC1,int_inf
2025-12-31 16:00:00,2025-12-30 16:00:00,2026-01-01 15:30:00,0.0,,0.0,0.0,1.4690131364941932,1.4690131364941932,0.939967439962893,0.939967439962893,0.0,0,TC1,int_inf
2026-01-01 04:00:00,2025-12-31 04:00:00,2026-01-02 03:30:00,0.0,,0.0,0.0,1.4307193034105892,1.4307193034105892,0.9380812375482541,0.9380812375482541,0.0,0,TC1,int_inf
2026-01-01 16:00:00,2025-12-31 16:00:00,2026-01-02 15:30:00,0.0,,0.0,0.0,1.467385122389922,1.467385122389922,0.930906204047582,0.930906204047582,0.0,0,TC1,int_inf
2026-01-02 04:00:00,2026-01-01 04:00:00,2026-01-03 03:30:00,0.0,,0.0,0.0,1.3395509902945901,1.3395509902945901,0.9300001186221543,0.9300001186221543,0.0,0,TC1,int_inf
2026-01-02 16:00:00,2026-01-01 16:00:00,2026-01-03 15:30:00,944.5376359568234,1414.8249314092034,20.065686798877174,181.7742483958362,1.4048567194918498,1.1169683032170001,0.9334412452610638,0.7833015879474451,0.12960601170393235,0,TC1,int_inf
2026-01-03 04:00:00,2026-01-02 04:00:00,2026-01-04 03:30:00,1083.8655840214817,628.9431110193026,39.39691736329159,435.138143037259,1.4127014448419088,0.7196948885852057,0.9442590576656077,0.50721260037245,0.030277141733515922,0,TC1,int_inf
2026-01-03 16:00:00,2026-01-02 16:00:00,2026-01-04 15:30:00,-1084.082572054085,,-969.0981423599775,-61861785164.27634,4.598486036400118e-09,0.3206986462281567,5.303901318143289e-09,0.20571809208757685,0.7256285189835632,1,TC1,int_inf
2026-01-04 04:00:00,2026-01-03 04:00:00,2026-01-05 03:30:00,264.8420194594771,398.25208882023827,294.09822993045367,579.072430316694,1.3726969783078857e-08,4.765745104107211e-09,1.6789919121684704e-08,5.127670066329415e-09,4.202747321092514,1,TC1,int_inf
2026-01-04 16:00:00,2026-01-03 16:00:00,2026-01-05 15:30:00,405.5295914069205,211.11334205379026,330.26085022002434,724.4733160386254,1.347209879843443,0.24689381677052671,0.9463744193559305,0.8593247303066864,4.210678949406985,0,TC1,int_inf
2026-01-05 04:00:00,2026-01-04 04:00:00,2026-01-06 03:30:00,-1079.4432728765958,,-921.0226793156668,-80994952000.81859,2.2927988396759247e-09,0.20935517970328496,-2.7016247017286332e-09,0.8520327142425101,1.8550582901435853,1,TC1,int_inf
2026-01-05 16:00:00,2026-01-04 16:00:00,2026-01-06 15:30:00,456.68312749243887,147.53099275684355,365.9893822893881,775.6588597811281,2.1791028315121252e-08,2.7360577414814458e-09,-2.358794692902677e-08,-1.7877887170669737e-08,4.471622276375441,1,TC1,int_inf
2026-01-06 04:00:00,2026-01-05 04:00:00,2026-01-07 03:30:00,-1048.8149017180347,,-686.7338277600131,-15996419761.417149,1.2449185238239124e-08,0.22450372176668823,1.7002822261247275e-08,0.6615016472227337,4.42385742192082,1,TC1,int_inf
2026-01-06 16:00:00,2026-01-05 16:00:00,2026-01-07 15:30:00,336.9928487575636,233.06232901476304,361.529173455935,706.6328677757189,2.203104676468115e-08,4.480576160093008e-09,-2.3317373587516954e-08,-1.5947925424697473e-08,4.874119893952497,1,TC1,int_inf
2026-01-07 04:00:00,2026-01-06 04:00:00,2026-01-08 03:30:00,-1048.8586997076695,,-651.6970552885396,-6795803391.495382,3.16424761948042e-08,0.2424214946404965,4.699837252708505e-08,0.5311552111945554,4.194514988309281,1,TC1,int_inf
2026-01-07 16:00:00,2026-01-06 16:00:00,2026-01-08 15:30:00,1083.616868389143,,1180.8914383329748,,1.2834704569302249,2.3416988625957202e-09,0.9330419428677005,-1.3772532669875659e-08,1.0011336705101856,1,TC1,int_inf
2026-01-08 04:00:00,2026-01-07 04:00:00,2026-01-09 03:30:00,1066.98621656824,,1217.02933691437,,0.8723092588450355,9.07045272224849e-09,0.6221691910253948,4.8329554247494855e-08,3.3878715843875704,1,TC1,int_inf
2026-01-08 16:00:00,2026-01-07 16:00:00,2026-01-09 15:30:00,385.1578690708568,158.95035980740764,405.6215699516622,766.6108659847791,1.143757818432197,0.15527563387383603,0.6533347144730264,0.1705386582552847,5.258647111354094,1,TC1,int_inf
2026-01-09 04:00:00,2026-01-08 04:00:00,2026-01-10 03:30:00,377.379559435661,259.8856481029617,305.5974657317383,684.9514361307945,0.8721969747312257,0.1987023149712384,0.6941537847504173,0.18278953640334383,3.9871399914714436,1,TC1,int_inf
2026-01-09 16:00:00,2026-01-08 16:00:00,2026-01-10 15:30:00,1051.6361493684847,,1287.00076936291,,0.9847254941794933,1.0439871037104531e-08,0.8397057386939224,2.2854612979905653e-08,4.65887050865084,1,TC1,int_inf
2026-01-10 04:00:00,2026-01-09 04:00:00,2026-01-11 03:30:00,-1046.9009271793057,,-784.2432315286421,-207662685492.73657,8.4902374020146e-10,0.19876417107136887,8.698671782880751e-10,0.5814610114109767,5.243216713230434,1,TC1,int_inf
2026-01-10 16:00:00,2026-01-09 16:00:00,2026-01-11 15:30:00,-593.1938227310402,,29.527913248431958,-1509.4661234872747,4.226927363681909e-09,1.1419892503861107e-08,-5.326708851782769e-09,3.4785143543381025e-08,1.5220593747025508,1,TC1,int_inf
2026-01-11 04:00:00,2026-01-10 04:00:00,2026-01-12 03:30:00,-1033.2041299298699,,-600.855021001692,-6557482287.2886305,2.7132809110597123e-08,0.20058190158859637,3.243857582546639e-08,0.21150919610301178,5.068248816032796,1,TC1,int_inf
2026-01-11 16:00:00,2026-01-10 16:00:00,2026-01-12 15:30:00,346.00985309211427,311.1664004096893,287.7661452577632,644.3089277695315,1.098423850035028,0.3005689746189328,0.8397878772977877,0.37012528853374593,3.851437012610794,0,TC1,int_inf
2026-01-12 04:00:00,2026-01-11 04:00:00,2026-01-13 03:30:00,400.64164958050526,153.29339654535096,400.06199539225435,771.105621155104,1.4046010431198315,0.183570140258453,0.9204371393952061,0.20388568285935138,5.121161591559675,1,TC1,int_inf
2026-01-12 16:00:00,2026-01-11 16:00:00,2026-01-13 15:30:00,-1047.6345164334984,,-700.5979714668297,-24904606929.220375,9.062176564711422e-09,0.25443217273323643,1.1273576627779391e-08,0.4532719223218519,4.618551636375123,1,TC1,int_inf
2026-01-13 04:00:00,2026-01-12 04:00:00,2026-01-14 03:30:00,434.51669556926805,149.34235777342994,379.0657562483544,774.2305279274414,1.2904527818990945,0.16410577403131033,0.9336785638712983,0.5467782953581775,4.718267742184773,0,TC1,int_inf
2026-01-13 16:00:00,2026-01-12 16:00:00,2026-01-14 15:30:00,432.84262949806833,164.04413200325757,362.10379379392316,762.5449787122875,1.3906685402572339,0.19517042517642785,0.9311178359231014,0.8558108703341184,4.5134326713266235,0,TC1,int_inf
2026-01-14 04:00:00,2026-01-13 04:00:00,2026-01-15 03:30:00,446.66906521237996,167.99490337448836,348.2769505029872,759.380648706482,1.2037948009471542,0.1732383431257368,0.8906675850994995,0.736492988742468,4.291207136783415,0,TC1,int_inf
2026-01-14 16:00:00,2026-01-13 16:00:00,2026-01-15 15:30:00,419.352670936016,145.8545362395315,395.0568572279151,776.9782834404873,1.4298406910157937,0.17740241240540028,0.9008677807614549,0.5462475060778572,4.979646740433659,0,TC1,int_inf
2026-01-15 04:00:00,2026-01-14 04:00:00,2026-01-16 03:30:00,447.6730588423629,176.95749339752285,337.7785288597613,752.1723109305156,1.2005727933350028,0.18253092475324906,0.8696075232924104,0.42976372810486985,4.158348941395246,0,TC1,int_inf
2026-01-15 16:00:00,2026-01-14 16:00:00,2026-01-16 15:30:00,-1027.7658395564101,,-620.2136164209189,-16918118486.398397,8.763171743808584e-09,0.1671372330509341,9.841446324543313e-09,0.4106554927532855,5.669751995840701,1,TC1,int_inf
2026-01-16 04:00:00,2026-01-15 04:00:00,2026-01-17 03:30:00,1084.2453968527448,,1088.1150522972393,,1.336273586289685,9.302792397525295e-09,0.9473016149313281,-5.229368493786524e-08,0.6807251263744218,1,TC1,int_inf
2026-01-16 16:00:00,2026-01-15 16:00:00,2026-01-17 15:30:00,1064.2404500132232,,1380.8696029314406,,1.2624432987445309,1.4093547717752841e-09,0.931663493081097,1.1844463299048869e-08,4.086999346623577,1,TC1,int_inf
2026-01-17 04:00:00,2026-01-16 04:00:00,2026-01-18 03:30:00,418.85195951741855,156.7721000934495,381.13664719557033,768.3443294915066,1.4608223427677127,0.19546528142949,0.9395426220859865,0.7290575876199145,4.806175836161172,0,TC1,int_inf
2026-01-17 16:00:00,2026-01-16 16:00:00,2026-01-18 15:30:00,-1041.5093442000368,,-658.4687370090634,-14834643838.570164,1.2279873562448529e-08,0.20536708796273334,1.5283043830471854e-08,0.5670164807051215,4.854047035211656,1,TC1,int_inf
2026-01-18 04:00:00,2026-01-17 04:00:00,2026-01-19 03:30:00,390.6446714351486,163.9552132721454,394.34041502985673,762.6160932761981,1.5116699868171846,0.2120309240318433,0.9303746365142785,0.4431871267864995,5.089490949942833,0,TC1,int_inf
2026-01-18 16:00:00,2026-01-17 16:00:00,2026-01-19 15:30:00,-1081.2239248687713,,-1036.427203817337,-536693039482.98486,3.915159307865679e-10,0.2368837129839863,-4.693894162244305e-10,0.45530908185201724,1.6818095949906833,1,TC1,int_inf
2026-01-19 04:00:00,2026-01-18 04:00:00,2026-01-20 03:30:00,1081.978615389535,,1145.3752308810963,,1.5234791493176867,7.94533755454907e-09,0.9456415868166417,-2.720465630545732e-08,1.416120349770614,1,TC1,int_inf
2026-01-19 16:00:00,2026-01-18 16:00:00,2026-01-20 15:30:00,398.55242631925705,205.8894321332101,340.2732985213501,728.7217378926772,1.3630405502415037,0.2432667525313236,0.9410947178355443,0.5715816626006869,4.363293758367295,0,TC1,int_inf
2026-01-20 04:00:00,2026-01-19 04:00:00,2026-01-21 03:30:00,363.24661249507767,184.8819074492904,391.79228121178096,745.7708199001161,1.4851891275113267,0.23652122622662558,0.9523509330634946,0.5481597981456744,5.170890124779092,0,TC1,int_inf
2026-01-20 16:00:00,2026-01-19 16:00:00,2026-01-21 15:30:00,359.4343175713132,204.70320123044303,372.0452479689135,729.6862366098323,1.4238571577295158,0.25257270844472945,0.9500622649191227,0.6877232835711873,4.9255006560801124,0,TC1,int_inf
2026-01-21 04:00:00,2026-01-20 04:00:00,2026-01-22 03:30:00,-1044.6498029793056,,-848.1665747640792,-1273638690598.157,2.0325408023325053e-10,0.29184033585773866,2.2881729844215215e-10,0.9179788317289358,5.9135117296042825,1,TC1,int_inf
2026-01-21 16:00:00,2026-01-20 16:00:00,2026-01-22 15:30:00,1042.2542112952506,,1333.166914606992,,1.3450203262235843,1.2451913944389048e-08,0.9448891673830966,7.88793814709976e-08,5.349103947970356,1,TC1,int_inf
2026-01-22 04:00:00,2026-01-21 04:00:00,2026-01-23 03:30:00,1083.462148320728,295.8207707942306,79.24684358010609,656.329605162522,1.5362498711631591,0.39955564528171444,0.4663854312135417,0.04787151743994378,0.07077432948737661,1,TC1,int_inf
2026-01-22 16:00:00,2026-01-21 16:00:00,2026-01-23 15:30:00,241.5372107204118,274.73672905434785,427.6248367598491,673.0512855573385,1.6725457826114958,0.4034746289327158,0.519745179579158,0.048469881298797146,6.227112663189083,1,TC1,int_inf
2026-01-23 04:00:00,2026-01-22 04:00:00,2026-01-24 03:30:00,220.34558571381564,322.89883758504504,409.7833177807211,635.2137349708097,1.8166931222317093,0.5157411853313602,0.5724931988119519,0.07936041536726068,6.0707945362670825,1,TC1,int_inf
2026-01-23 16:00:00,2026-01-22 16:00:00,2026-01-24 15:30:00,-1073.3732705938357,,-1099.2208453306575,-9170073018420.805,6.071321223544146e-11,0.6276475025703954,-3.1705971181850146e-11,0.11018703322035883,3.3968681357974484,1,TC1,int_inf
2026-01-24 04:00:00,2026-01-23 04:00:00,2026-01-25 03:30:00,1080.671960709628,,1169.2164880323307,,1.8924519229548875,8.659439609814967e-09,0.9290256947579065,-2.114810015996227e-08,1.7117667719155238,1,TC1,int_inf
2026-01-24 16:00:00,2026-01-23 16:00:00,2026-01-25 15:30:00,1053.7862673124366,,1407.858697893292,,1.9906903247271608,3.27006144384967e-09,0.9321316296043125,6.882508452044078e-09,4.95600865920315,1,TC1,int_inf
2026-01-25 04:00:00,2026-01-24 04:00:00,2026-01-26 03:30:00,1080.738568786521,,1237.7848396227184,,1.8554653533777967,2.717525426909617e-09,0.9037662645281591,-5.910874012471368e-09,1.7990865197009804,1,TC1,int_inf
2026-01-25 16:00:00,2026-01-24 16:00:00,2026-01-26 15:30:00,-1070.9614065663004,,-848.5293788715005,-65433232670.64961,9.558563718314872e-09,0.7051001744569669,-7.885798680717926e-09,0.9123988548859931,2.938419196931872,1,TC1,int_inf
2026-01-26 04:00:00,2026-01-25 04:00:00,2026-01-27 03:30:00,351.40502681520036,185.01140053336835,402.57840467848575,745.6660342198538,1.0831052721371748e-08,1.7261600482321171e-09,1.2673676552665825e-08,5.169922157044482e-09,5.364567450654401,1,TC1,int_inf
2026-01-26 16:00:00,2026-01-25 16:00:00,2026-01-27 15:30:00,230.14904405185158,350.79482269672474,369.281958694027,613.9512490067578,1.6211115534601706,0.4990760783581847,0.8642210830625882,0.7093805978491576,5.4273893886124975,0,TC1,int_inf
2026-01-27 04:00:00,2026-01-26 04:00:00,2026-01-28 03:30:00,289.985071359326,286.4847371424456,355.1015964103598,663.7065271012832,1.549027601510474,0.38999662027486354,0.8962948891959654,0.7772786302719565,4.972603625159842,0,TC1,int_inf
2026-01-27 16:00:00,2026-01-26 16:00:00,2026-01-28 15:30:00,279.6135314511287,291.82708841658484,361.21297945347874,659.4796191239636,1.638291676147678,0.420277331434513,0.9138861948587084,0.8721446920112607,5.100670520928662,0,TC1,int_inf
2026-01-28 04:00:00,2026-01-27 04:00:00,2026-01-29 03:30:00,296.78757044229405,328.2326707322736,313.8328274773807,631.1077690765095,9.374064191547404e-09,2.7045953254756228e-09,8.238180249087179e-09,9.524120159198901e-09,4.370662330136389,1,TC1,int_inf
2026-01-28 16:00:00,2026-01-27 16:00:00,2026-01-29 15:30:00,-1076.7362031570754,,-874.7111161311284,-50491633951.77815,7.355994258162468e-09,0.41871701975859077,-6.798356766424263e-09,0.7782498577117904,2.210873089212246,1,TC1,int_inf
2026-01-29 04:00:00,2026-01-28 04:00:00,2026-01-30 03:30:00,263.4358876199137,310.4209573533949,362.5771946988569,644.8896745805849,1.8784253674964242,0.5127761255335256,0.922011073352265,0.7816119718600826,5.187217523537956,0,TC1,int_inf
2026-01-29 16:00:00,2026-01-28 16:00:00,2026-01-30 15:30:00,-1040.2905819688892,,-716.4147677676896,-71655885449.86581,5.259335411622601e-09,0.4248567678836025,5.033628625028541e-09,0.7171651178062806,5.392452565543345,1,TC1,int_inf
2026-01-30 04:00:00,2026-01-29 04:00:00,2026-01-31 03:30:00,1055.6568655222054,,1342.5085569953612,,1.6859551084498328,6.272799502049509e-09,0.9300036716346317,1.942463834225805e-08,4.604627042234906,1,TC1,int_inf
2026-01-30 16:00:00,2026-01-29 16:00:00,2026-01-31 15:30:00,279.9075344463573,292.6226713688077,360.16085001159666,658.8514224469694,1.7174542177942898,0.4418015056451161,0.9157478863519651,0.9137687621192616,5.084607491393404,0,TC1,int_inf
2026-01-31 04:00:00,2026-01-30 04:00:00,2026-02-01 03:30:00,301.96185055288134,278.53286028647375,350.34947638582395,670.024571127054,1.2175576624461417,0.297870620371935,0.6762437527700194,0.5211464861381301,4.8589021043067095,0,TC1,int_inf
2026-01-31 16:00:00,2026-01-30 16:00:00,2026-02-01 15:30:00,124.815253484563,671.5111312539057,337.6196422098997,413.0953326105881,8.305807819297684e-09,4.437758827080529e-09,-6.3801590677314834e-09,-8.798653139407975e-09,5.412335783847611,1,TC1,int_inf
2026-02-01 04:00:00,2026-01-31 04:00:00,2026-02-02 03:30:00,344.4611063893614,272.89215862218896,318.4738198604469,674.5243343837653,0.901937245076522,0.21607998011608026,0.5819635103522558,0.1569283648480484,4.267775789981721,1,TC1,int_inf
2026-02-01 16:00:00,2026-01-31 16:00:00,2026-02-02 15:30:00,-306.37890373860785,,94.31918096496646,-906.0688635708754,4.39466130153221e-09,8.883628332956306e-09,-4.592743074738337e-09,1.5926833851764854e-08,2.390945563553807,1,TC1,int_inf
2026-02-02 04:00:00,2026-02-01 04:00:00,2026-02-03 03:30:00,195.63832421873258,404.533675855057,376.5356250524281,574.585474324715,2.014718680962861,0.7096635574638557,0.6597436668742298,0.3527777218715261,5.691803634285104,0,TC1,int_inf
2026-02-02 16:00:00,2026-02-01 16:00:00,2026-02-03 15:30:00,-30.823176079535774,,328.97925240092417,-166.6225089086979,2.122868547616008e-09,2.5216331245303536e-09,-1.1295129276334137e-09,-1.836770513463648e-09,6.056725601266062,1,TC1,int_inf
2026-02-03 04:00:00,2026-02-02 04:00:00,2026-02-04 03:30:00,78.25631532336132,878.6302535051453,375.19929030948373,322.9113640459561,3.5923047402207096,2.2845801190873836,0.8723075809642682,0.6486051810882945,6.258732189382964,0,TC1,int_inf
2026-02-03 16:00:00,2026-02-02 16:00:00,2026-02-04 15:30:00,1039.1153074869835,,1392.1782287744652,,3.2782682632760656,1.578765607135324e-08,0.8745135844411364,7.624358366875583e-09,5.751111422436811,1,TC1,int_inf
2026-02-04 04:00:00,2026-02-03 04:00:00,2026-02-05 03:30:00,979.6917971355155,1581.5497263882614,15.841517662863414,154.95831648451414,3.9613269799400372,3.2693121823456246,0.9639364723660527,0.9690247190844762,0.091364293636921,0,TC1,int_inf
2026-02-04 16:00:00,2026-02-03 16:00:00,2026-02-05 15:30:00,1041.7042385437987,,1438.3938273939643,,3.858586771265545,8.552462293920371e-09,0.9572391605547537,4.464633884815328e-09,5.801794005939815,1,TC1,int_inf
2026-02-05 04:00:00,2026-02-04 04:00:00,2026-02-06 03:30:00,1032.9459540332464,1303.4491169477474,19.221086006443336,203.2272651635677,2.5548130875540576,1.9694829238941631,0.6361414255330803,0.5484935634701213,0.08360743346917276,0,TC1,int_inf
2026-02-05 16:00:00,2026-02-04 16:00:00,2026-02-06 15:30:00,-1084.2832306532237,,-1000.1252089110654,-100303579286.01602,1.4433709782935011e-08,1.632127954931344,5.987961237963191e-09,0.4434142088410665,0.6539333762948409,1,TC1,int_inf
2026-02-06 04:00:00,2026-02-05 04:00:00,2026-02-07 03:30:00,562.9588280024238,248.91886755544675,225.55678134981815,693.7915459457435,1.745673205988396e-08,3.8029882576395835e-09,2.5083232046974047e-08,-4.324529179200454e-09,2.510688633491794,1,TC1,int_inf
2026-02-06 16:00:00,2026-02-05 16:00:00,2026-02-07 15:30:00,346.38152883833146,181.3663366426636,412.10804913477887,748.6135301114207,1.108961533435175,0.17305182130997876,0.8713538766909358,0.6055925200867698,5.513957856119602,0,TC1,int_inf
2026-02-07 04:00:00,2026-02-06 04:00:00,2026-02-08 03:30:00,-1075.5694024343818,,-881.8048618707988,-69764185693.2795,2.0665399391717187e-09,0.16253097400557326,-3.2381002323944585e-09,0.7244581677247304,2.4072974594965615,1,TC1,int_inf
2026-02-07 16:00:00,2026-02-06 16:00:00,2026-02-08 15:30:00,-1019.7492252350482,,-588.6156556674576,-13475544739.506598,1.4042667695335354e-08,0.21333188836021422,1.989540909796972e-08,0.6842429604778373,6.007449115324646,1,TC1,int_inf
2026-02-08 04:00:00,2026-02-07 04:00:00,2026-02-09 03:30:00,1056.287949671585,,1256.8344985620965,,1.0425505187574897,1.2869166010620603e-08,0.9001948407964516,6.672819885533698e-08,4.271413517034511,1,TC1,int_inf
2026-02-08 16:00:00,2026-02-07 16:00:00,2026-02-09 15:30:00,1052.6674452612006,,1374.352184871693,,1.2099689713435409,3.4568022611036753e-09,0.9162965842258374,1.6501059296736287e-08,4.910085833220682,1,TC1,int_inf
2026-02-09 04:00:00,2026-02-08 04:00:00,2026-02-10 03:30:00,-1078.0687466169998,,-1008.3116861699259,-604018516750.9121,2.711899593776934e-10,0.18466460403521212,-3.7065550628767596e-10,0.5280038346669933,2.3029019595335987,1,TC1,int_inf
2026-02-09 16:00:00,2026-02-08 16:00:00,2026-02-10 15:30:00,307.8833283776393,225.05184780360366,398.90479014794323,713.1387999199782,1.2206534097154615,0.23929819538790775,0.9079901234753872,0.6724146703933047,5.5059428194656075,0,TC1,int_inf
2026-02-10 04:00:00,2026-02-09 04:00:00,2026-02-11 03:30:00,-1037.580103865339,,-657.5867969370036,-20173572378.938133,7.846942651212885e-09,0.1784609121618679,1.289098694456925e-08,0.54368427247603,5.1772308484532825,1,TC1,int_inf
2026-02-10 16:00:00,2026-02-09 16:00:00,2026-02-11 15:30:00,306.72223695941256,227.02134165738178,397.9219600615413,711.5384028862414,1.2131772062974773,0.24002138122774383,0.9130732799713188,0.6918130922532403,5.49752367642375,0,TC1,int_inf
2026-02-11 04:00:00,2026-02-10 04:00:00,2026-02-12 03:30:00,372.37164923432834,196.11751876937288,370.7483447722835,736.6624347181271,1.0625821423525308,0.1801306601255301,0.8622941921890008,0.4924261187732917,4.856953299282724,0,TC1,int_inf
2026-02-11 16:00:00,2026-02-10 16:00:00,2026-02-12 15:30:00,1048.0841561939808,,1347.1720427266414,,1.3336575263381345,7.393942846878332e-09,0.8779347126937013,1.9440031917561384e-08,5.086890158104635,1,TC1,int_inf
2026-02-12 04:00:00,2026-02-11 04:00:00,2026-02-13 03:30:00,-1040.5828151420183,,-652.753672324752,-13868950097.269627,1.380864889100053e-08,0.21590097334601885,2.0209035778151474e-08,0.2685434317280655,4.888962040676763,1,TC1,int_inf
2026-02-12 16:00:00,2026-02-11 16:00:00,2026-02-13 15:30:00,1034.1697678029939,,1313.3340394169768,,1.356171450392853,2.4369524787015706e-08,0.9219254327638738,7.96064839603261e-08,5.657547689072494,1,TC1,int_inf
2026-02-13 04:00:00,2026-02-12 04:00:00,2026-02-14 03:30:00,-1038.6106602052837,,-658.9761438151216,-19170242994.052723,1.4613621868164728e-08,0.31582412641499025,1.8668268264576682e-08,0.6963383726084282,5.101364815044704,1,TC1,int_inf
2026-02-13 16:00:00,2026-02-12 16:00:00,2026-02-14 15:30:00,236.82601710236096,313.61772579598926,393.96672465560613,642.401565929641,1.3062474737084093,0.3602459097807807,0.9277716106524726,0.9267510314052081,5.7589178340141505,0,TC1,int_inf
2026-02-14 04:00:00,2026-02-13 04:00:00,2026-02-15 03:30:00,245.3025013731769,303.71525216734005,391.7996042577325,650.1286844492925,1.394658047484909,0.3724792576267379,0.9400164165706153,0.9514269546594696,5.688057376531267,0,TC1,int_inf
2026-02-14 16:00:00,2026-02-13 16:00:00,2026-02-15 15:30:00,256.7194064503104,288.3516371344219,391.8417023055442,662.2277490667775,1.2940251299913978,0.3279522619223265,0.9316540700816,0.9189828082577005,5.636388746130667,0,TC1,int_inf
2026-02-15 04:00:00,2026-02-14 04:00:00,2026-02-16 03:30:00,248.2096343033271,300.7786039402408,390.74270487781445,652.4312519629748,1.2831325986438737,0.3393627587963862,0.9262360927660281,0.9177156182685745,5.659385278273632,0,TC1,int_inf
2026-02-15 16:00:00,2026-02-14 16:00:00,2026-02-16 15:30:00,235.96001486550762,319.9511266436869,389.10938272970947,637.4907383041037,1.3615109667157868,0.383024500071049,0.9179919489376306,0.8780697433896982,5.691908052246703,0,TC1,int_inf
2026-02-16 04:00:00,2026-02-15 04:00:00,2026-02-17 03:30:00,259.72272103841976,291.68736735981804,384.6833467776658,659.5899782427874,1.1824689360509226,0.3031962369406114,0.875924957618076,0.6882385829171555,5.5200095311728035,0,TC1,int_inf
2026-02-16 16:00:00,2026-02-15 16:00:00,2026-02-17 15:30:00,218.46692740907542,349.60376175684746,387.3294800059508,614.848096734213,1.4074929364387572,0.431888296912808,0.8995811701705896,0.7987247064010957,5.746923252971895,0,TC1,int_inf
2026-02-17 04:00:00,2026-02-16 04:00:00,2026-02-18 03:30:00,-1030.0495154236032,,-679.7176368495515,-69004539135.97255,4.265646058598804e-09,0.33183506979859395,5.2037816278271976e-09,0.7513236808940846,6.011166224704086,1,TC1,int_inf
2026-02-17 16:00:00,2026-02-16 16:00:00,2026-02-18 15:30:00,1079.1267324628827,,1141.9243728579202,,1.3312363646841572,1.2293120965622961e-08,0.9338467250947291,-4.701181666177945e-08,1.9257365086342837,1,TC1,int_inf
2026-02-18 04:00:00,2026-02-17 04:00:00,2026-02-19 03:30:00,1040.7396347885315,,1386.4584679702925,,1.3650555801274333,6.537662688987922e-09,0.9494343363876162,3.331919262716809e-08,5.643271219770289,1,TC1,int_inf
2026-02-18 16:00:00,2026-02-17 16:00:00,2026-02-19 15:30:00,829.9856261878945,72.2679280313402,284.51540937090846,831.0635383578333,1.9255309569032875e-08,1.2149772299352435e-09,2.4743364246404553e-08,-5.5625575257067794e-09,2.326182562189354,1,TC1,int_inf
2026-02-19 04:00:00,2026-02-18 04:00:00,2026-02-20 03:30:00,244.5290242673072,314.2713105319043,382.69143676777975,641.8936347739999,1.3788117792650862,0.3810477247233571,0.9307940113383231,0.8799134105469505,5.559306277137883,0,TC1,int_inf
2026-02-19 16:00:00,2026-02-18 16:00:00,2026-02-20 15:30:00,273.4991558804802,293.84005667542874,366.1539526724421,657.8908209811136,1.1018073277544032,0.28462440291134933,0.8741532547179096,0.6189804725370878,5.196009541333963,0,TC1,int_inf
2026-02-20 04:00:00,2026-02-19 04:00:00,2026-02-21 03:30:00,258.5825904847289,293.77283547591014,384.0805352949164,657.943842472084,1.2235270164604688,0.31599450924910916,0.9073025298345994,0.6715593027999809,5.516438275871764,0,TC1,int_inf
2026-02-20 16:00:00,2026-02-19 16:00:00,2026-02-21 15:30:00,-1076.3987737026448,,-986.2094355533047,-521491018905.59766,4.228117855831215e-10,0.24857286535768908,-5.840758987574191e-10,0.7411541204387575,2.5513411994575304,1,TC1,int_inf
2026-02-21 04:00:00,2026-02-20 04:00:00,2026-02-22 03:30:00,-1032.8290844741418,,-700.8579446517381,-94335318468.43407,2.2267718780000223e-09,0.23681535144031285,3.126969017053227e-09,0.9403767640221266,5.945704211940335,1,TC1,int_inf
2026-02-21 16:00:00,2026-02-20 16:00:00,2026-02-22 15:30:00,320.0866184733727,223.37986423085042,387.97863594655644,714.4977780910681,1.2066191285802785,0.23469830192330904,0.9402302080032026,0.9639826978754318,5.302656579304442,0,TC1,int_inf
2026-02-22 04:00:00,2026-02-21 04:00:00,2026-02-23 03:30:00,-1033.5984904787067,,-701.0625406755836,-88470223371.61221,2.3006514471290984e-09,0.22946040475880913,3.1009134149329043e-09,0.969308277133621,5.877854903123055,1,TC1,int_inf
2026-02-22 16:00:00,2026-02-21 16:00:00,2026-02-23 15:30:00,-1034.2752868284786,,-695.8164632703391,-72543806262.51598,2.5105293399718676e-09,0.20531725300845524,3.5653099361709906e-09,0.8874565240451149,5.773218215529742,1,TC1,int_inf
2026-02-23 04:00:00,2026-02-22 04:00:00,2026-02-24 03:30:00,-1031.7109703008948,,-635.5377327199269,-18470636936.094578,1.0559868979242992e-08,0.2198873383429457,1.6785915213368696e-08,0.845823532476523,5.483440355661716,1,TC1,int_inf
2026-02-23 16:00:00,2026-02-22 16:00:00,2026-02-24 15:30:00,-1027.4980973376403,,-613.2857251305632,-14334085245.232672,1.179861697231388e-08,0.19066058105143174,1.7914077776737258e-08,0.7723969115441263,5.627929181543048,1,TC1,int_inf
2026-02-24 04:00:00,2026-02-23 04:00:00,2026-02-25 03:30:00,316.3639273933635,223.62867753643198,391.517052420155,714.2955263279824,1.0965386772729075,0.21353668218722122,0.9518425238394489,0.8338828607259883,5.367121231393577,0,TC1,int_inf
2025-12-22 16:00:00,2025-12-21 16:00:00,2025-12-23 15:30:00,2112.006557091092,,697.7847886537713,,3.1426153883732795,5.301008076941116e-09,0.8272370885710781,5.8242780598405375e-09,4.762702434863375,1,TC1,sup_inf
2025-12-23 04:00:00,2025-12-22 04:00:00,2025-12-24 03:30:00,2103.4568136625967,,656.8383408959795,,3.302711915625784,2.3799487713915823e-08,0.8377553021053672,2.6122550123020005e-08,4.74992905862836,1,TC1,sup_inf
2025-12-23 16:00:00,2025-12-22 16:00:00,2025-12-24 15:30:00,2163.09410766482,,599.0811776657594,,3.248256363636704,7.746496999416763e-09,0.8189542959955944,-8.737909507061659e-09,1.5778790817731434,1,TC1,sup_inf
2025-12-24 04:00:00,2025-12-23 04:00:00,2025-12-25 03:30:00,346.2391643225775,922.8281999637358,170.59088414677638,507.589794233749,3.3753169205156888,1.4438501629445293,0.8460832369371719,0.9202810504807845,5.253682571791895,0,TC1,sup_inf
2025-12-24 16:00:00,2025-12-23 16:00:00,2025-12-25 15:30:00,2109.8140949522317,,667.6786442088554,,3.316847011679568,1.4371480894226352e-08,0.8286065388495575,1.797332216391112e-08,4.6290499613799625,1,TC1,sup_inf
2025-12-25 04:00:00,2025-12-24 04:00:00,2025-12-26 03:30:00,2114.8439993057023,,694.5017873041993,,3.5316633091956526,5.931175772744268e-09,0.8516751239753566,6.0405628277138135e-09,4.640865535892928,1,TC1,sup_inf
2025-12-25 16:00:00,2025-12-24 16:00:00,2025-12-26 15:30:00,2112.5049214235237,,670.0027514240305,,3.564375093250769,1.3216620908806931e-08,0.8679649341888682,1.4641613699239997e-08,4.5564498186686,1,TC1,sup_inf
2025-12-26 04:00:00,2025-12-25 04:00:00,2025-12-27 03:30:00,341.427557774442,945.5400782426652,167.24386292396838,497.24601547515675,3.6054580664808755,1.5843405756181863,0.873999460282856,0.9407226256520074,5.160838888880319,0,TC1,sup_inf
2025-12-26 16:00:00,2025-12-25 16:00:00,2025-12-27 15:30:00,379.3303316408772,873.1398474266341,169.17792574158454,530.8909664679043,3.521963010574856,1.4140633886662528,0.8709129110649346,0.9396019127789803,5.139759076923953,0,TC1,sup_inf
2025-12-27 04:00:00,2025-12-26 04:00:00,2025-12-28 03:30:00,356.14913914134695,917.8631331373412,167.5809800079867,509.8769441896449,3.503042437389951,1.4894546299456788,0.8728736546253021,0.9466347236183861,5.139957913365671,0,TC1,sup_inf
2025-12-27 16:00:00,2025-12-26 16:00:00,2025-12-28 15:30:00,377.88086813970443,879.0674128306122,168.27545336838,528.0636098265427,3.4446129058662316,1.393986882050391,0.876973278468243,0.9355598021903285,5.115380768088706,0,TC1,sup_inf
2025-12-28 04:00:00,2025-12-27 04:00:00,2025-12-29 03:30:00,369.79616073695246,895.0449639067734,167.54861750758405,520.5063570611893,3.441764259167914,1.4221568359270425,0.8815951644889615,0.9462874922869839,5.110212388456241,0,TC1,sup_inf
2025-12-28 16:00:00,2025-12-27 16:00:00,2025-12-29 15:30:00,389.4830445904391,861.9216767632108,168.07351584085612,536.2765359185796,3.4304442826312416,1.3564910197277948,0.8819021089295576,0.9466328810970414,5.085011572745811,0,TC1,sup_inf
2025-12-29 04:00:00,2025-12-28 04:00:00,2025-12-30 03:30:00,375.8416177554373,885.4925436298112,167.49407303664827,525.0133454727688,3.4621217074232593,1.4129777301582789,0.8831081077506303,0.9430533619633883,5.095888389399061,0,TC1,sup_inf
2025-12-29 16:00:00,2025-12-28 16:00:00,2025-12-30 15:30:00,395.4185096887033,852.9425726833222,168.09575779184982,540.6195649185796,3.4728177821629576,1.3562433032974404,0.8719276550508273,0.9383681701179336,5.073348118154562,0,TC1,sup_inf
2025-12-30 04:00:00,2025-12-29 04:00:00,2025-12-31 03:30:00,2111.050873317922,,703.8820717735213,,3.5850651627115444,5.240083700286391e-09,0.8836756126778413,6.3990600596142144e-09,4.837550848443627,1,TC1,sup_inf
2025-12-30 16:00:00,2025-12-29 16:00:00,2025-12-31 15:30:00,395.8557045688368,853.3780703972795,167.82484162032287,540.4082634538365,3.612350911772068,1.4115958307755825,0.8793456806262997,0.93665041362507,5.064265921874469,0,TC1,sup_inf
2025-12-31 04:00:00,2025-12-30 04:00:00,2026-01-01 03:30:00,373.42750930263776,894.0871123814072,166.34890897712614,520.9567743265487,3.665643192330407,1.5128035648842346,0.8814584832896535,0.9515081856335716,5.066063396459439,0,TC1,sup_inf
2025-12-31 16:00:00,2025-12-30 16:00:00,2026-01-01 15:30:00,383.8427179534651,876.0980169317005,166.70909093462922,529.4783741477604,3.6443697152211163,1.4690131364941932,0.8768986016853904,0.939967439962893,5.0553954696095635,0,TC1,sup_inf
2026-01-01 04:00:00,2025-12-31 04:00:00,2026-01-02 03:30:00,394.4541941137684,860.6339157792785,166.53969234043495,536.8976425447081,3.624579218700054,1.4307193034105892,0.8723324592938879,0.9380812375482541,5.028366981508247,0,TC1,sup_inf
2026-01-01 16:00:00,2025-12-31 16:00:00,2026-01-02 15:30:00,377.52169083367596,888.3727586387538,166.14118527900578,523.6508871347683,3.58195176426716,1.467385122389922,0.8689965891196488,0.930906204047582,5.051245490172951,0,TC1,sup_inf
2026-01-02 04:00:00,2026-01-01 04:00:00,2026-01-03 03:30:00,410.4871260452854,836.9025702521403,166.66326465048132,548.4484114531177,3.509386129868842,1.3395509902945901,0.8643038565040322,0.9300001186221543,4.9992419812304325,0,TC1,sup_inf
2026-01-02 16:00:00,2026-01-01 16:00:00,2026-01-03 15:30:00,478.75284239613984,714.6595365836745,176.79006657374754,610.8309484949787,3.587176870140887,1.1169683032170001,0.8669683136184358,0.7833015879474451,5.157885809459125,0,TC1,sup_inf
2026-01-03 04:00:00,2026-01-02 04:00:00,2026-01-04 03:30:00,660.411491547821,532.5432589790382,185.65385079803826,709.4134795221049,3.594146808069381,0.7196948885852057,0.8700454266237518,0.50721260037245,5.033498917547538,0,TC1,sup_inf
2026-01-03 16:00:00,2026-01-02 16:00:00,2026-01-04 15:30:00,922.3673132565145,340.161505419208,211.34176334167668,807.8412992121001,3.5921372176951056,0.3206986462281567,0.8717035534339386,0.20571809208757685,5.144713231761621,1,TC1,sup_inf
2026-01-04 04:00:00,2026-01-03 04:00:00,2026-01-05 03:30:00,2142.980251914592,,662.6564894569477,,3.6386222997180098,4.765745104107211e-09,0.8802377523815106,5.127670066329415e-09,3.253000930044424,1,TC1,sup_inf
2026-01-04 16:00:00,2026-01-03 16:00:00,2026-01-05 15:30:00,-2126.484117120103,,-380.8637753995851,-23648739008.052917,9.26067000861508e-09,0.24689381677052671,3.929059411156288e-09,0.8593247303066864,3.473358717885264,1,TC1,sup_inf
2026-01-05 04:00:00,2026-01-04 04:00:00,2026-01-06 03:30:00,1453.907157659245,280.62361264228093,165.01648678818384,833.126036832066,3.4448640160948827,0.20935517970328496,0.8703984367213309,0.8520327142425101,3.1028279748695926,0,TC1,sup_inf
2026-01-05 16:00:00,2026-01-04 16:00:00,2026-01-06 15:30:00,2091.8601095641566,,746.9284855325545,,3.4189332965037917,2.7360577414814458e-09,0.8517343895230275,-1.7877887170669737e-08,5.775157322603514,1,TC1,sup_inf
2026-01-06 04:00:00,2026-01-05 04:00:00,2026-01-07 03:30:00,1494.1694236637936,296.54071710759604,154.2974212772705,826.7358650199684,3.3026370222216688,0.22450372176668823,0.839128702103231,0.6615016472227337,2.831378548562337,0,TC1,sup_inf
2026-01-06 16:00:00,2026-01-05 16:00:00,2026-01-07 15:30:00,2077.9060695564253,,743.7028555761697,,3.4175177829538694,4.480576160093008e-09,0.8574646934630642,-1.5947925424697473e-08,6.153408634060792,1,TC1,sup_inf
2026-01-07 04:00:00,2026-01-06 04:00:00,2026-01-08 03:30:00,1478.9804470122542,306.8373268771202,151.85685802206882,822.4508605360362,3.3296078468050885,0.2424214946404965,0.8519232711121758,0.5311552111945554,2.8127201855220525,0,TC1,sup_inf
2026-01-07 16:00:00,2026-01-06 16:00:00,2026-01-08 15:30:00,2086.324014388502,,753.8323682526004,,3.0039033574421636,2.3416988625957202e-09,0.8242871210224191,-1.3772532669875659e-08,5.995917108840826,1,TC1,sup_inf
2026-01-08 04:00:00,2026-01-07 04:00:00,2026-01-09 03:30:00,2158.985717829122,,599.4335858810052,,2.6213196083881187,9.07045272224849e-09,0.7394757561096947,4.8329554247494855e-08,1.96270834956485,1,TC1,sup_inf
2026-01-08 16:00:00,2026-01-07 16:00:00,2026-01-09 15:30:00,1267.5465075135603,274.19222395319474,190.22580023798247,835.6235313916819,2.6791257420263865,0.15527563387383603,0.7581121668336979,0.1705386582552847,3.9572501695446425,1,TC1,sup_inf
2026-01-09 04:00:00,2026-01-08 04:00:00,2026-01-10 03:30:00,1528.5769875851508,316.140418780997,143.674870629398,818.4825995004818,2.5711514370829875,0.1987023149712384,0.7708001399326145,0.18278953640334383,2.5796416228287367,1,TC1,sup_inf
2026-01-09 16:00:00,2026-01-08 16:00:00,2026-01-10 15:30:00,2140.9012175415946,,633.9374606718483,,2.962877806151333,1.0439871037104531e-08,0.7610172751680925,2.2854612979905653e-08,3.215205213302659,1,TC1,sup_inf
2026-01-10 04:00:00,2026-01-09 04:00:00,2026-01-11 03:30:00,1396.0529975960287,276.0149005811649,173.50924922110715,834.9208143008461,3.383232255723779,0.19876417107136887,0.8330464181154039,0.5814610114109767,3.3727947472715467,0,TC1,sup_inf
2026-01-10 16:00:00,2026-01-09 16:00:00,2026-01-11 15:30:00,2150.425583734936,,617.5644430307459,,3.2498667459108583,1.1419892503861107e-08,0.833308511164069,3.4785143543381025e-08,2.6267350159072818,1,TC1,sup_inf
2026-01-11 04:00:00,2026-01-10 04:00:00,2026-01-12 03:30:00,1289.6621237484408,274.00181955424307,187.4269526255402,835.6967062098993,3.4657730748960724,0.20058190158859637,0.8607960994479723,0.21150919610301178,3.8556975318633633,1,TC1,sup_inf
2026-01-11 16:00:00,2026-01-10 16:00:00,2026-01-12 15:30:00,1532.5768028383504,339.3971755998897,135.4699725332109,808.1881803405753,3.3814769125808355,0.3005689746189328,0.859363917025511,0.37012528853374593,2.4260235719983174,0,TC1,sup_inf
2026-01-12 04:00:00,2026-01-11 04:00:00,2026-01-13 03:30:00,1332.3140266793455,261.66236019409706,188.10348753282972,840.3427418617788,3.4874495057628487,0.183570140258453,0.8729223014971126,0.20388568285935138,3.78503967690812,1,TC1,sup_inf
2026-01-12 16:00:00,2026-01-11 16:00:00,2026-01-13 15:30:00,1514.8898618115998,308.04543692450363,147.89316559813545,821.9406296469065,3.4671798927262643,0.25443217273323643,0.8696595710223908,0.4532719223218519,2.6787891393099628,0,TC1,sup_inf
2026-01-13 04:00:00,2026-01-12 04:00:00,2026-01-14 03:30:00,1463.2758226925412,247.40580736567068,179.22978394120426,845.4666029604007,3.50197186918238,0.16410577403131033,0.8730095610517349,0.5467782953581775,3.3513433306551086,0,TC1,sup_inf
2026-01-13 16:00:00,2026-01-12 16:00:00,2026-01-14 15:30:00,-2168.412327806735,,-449.71250810362574,-16040297071.628113,1.0792990057240104e-08,0.19517042517642785,-4.4815304800494005e-09,0.8558108703341184,0.622101902916874,1,TC1,sup_inf
2026-01-14 04:00:00,2026-01-13 04:00:00,2026-01-15 03:30:00,1557.224987764707,254.32646831201058,165.41163559350173,843.0127494354557,3.4907856925437035,0.1732383431257368,0.8660969184373664,0.736492988742468,2.9143580645049987,0,TC1,sup_inf
2026-01-14 16:00:00,2026-01-13 16:00:00,2026-01-15 15:30:00,1374.3109252240895,253.3943169177729,186.99396904966179,843.3469764164961,3.602040705095492,0.17740241240540028,0.8746532913098579,0.5462475060778572,3.678840809892094,0,TC1,sup_inf
2026-01-15 04:00:00,2026-01-14 04:00:00,2026-01-16 03:30:00,1577.5921839344167,260.56552091018125,160.49927678725845,840.7463925448498,3.4979467745653663,0.18253092475324906,0.8723393768261977,0.42976372810486985,2.788821236620537,0,TC1,sup_inf
2026-01-15 16:00:00,2026-01-14 16:00:00,2026-01-16 15:30:00,-2165.7143207272343,,-501.9968478748211,-184350024811.47244,8.042113641693049e-10,0.1671372330509341,-3.3248204189817443e-10,0.4106554927532855,1.1933710372653494,1,TC1,sup_inf
2026-01-16 04:00:00,2026-01-15 04:00:00,2026-01-17 03:30:00,2087.4602921737282,,709.4929932844207,,3.587877395350136,9.302792397525295e-09,0.8736261690584559,-5.229368493786524e-08,5.611473585909959,1,TC1,sup_inf
2026-01-16 16:00:00,2026-01-15 16:00:00,2026-01-17 15:30:00,2153.4583674713863,,679.9498300521088,,3.5397539236431945,1.4093547717752841e-09,0.8607992262886722,1.1844463299048869e-08,2.680893117706337,1,TC1,sup_inf
2026-01-17 04:00:00,2026-01-16 04:00:00,2026-01-18 03:30:00,1401.5837836851654,263.1695353578542,178.85049644655376,839.7855636916912,3.669641505168073,0.19546528142949,0.875863039102835,0.7290575876199145,3.465878205820944,0,TC1,sup_inf
2026-01-17 16:00:00,2026-01-16 16:00:00,2026-01-18 15:30:00,1533.1082160810802,273.24392557708507,159.74821998663063,835.9875341650368,3.5686710907302444,0.20536708796273334,0.872169056169741,0.5670164807051215,2.859814632159813,0,TC1,sup_inf
2026-01-18 04:00:00,2026-01-17 04:00:00,2026-01-19 03:30:00,1309.5474331090907,274.08736262124927,184.84426193199025,835.6638364164855,3.6612518753564407,0.2120309240318433,0.8808576642286042,0.4431871267864995,3.763942299944592,0,TC1,sup_inf
2026-01-18 16:00:00,2026-01-17 16:00:00,2026-01-19 15:30:00,1494.5724848602783,292.26281217571136,155.94265796345104,828.4818133816585,3.588668082906522,0.2368837129839863,0.8761566750859581,0.45530908185201724,2.8608537922757775,0,TC1,sup_inf
2026-01-19 04:00:00,2026-01-18 04:00:00,2026-01-20 03:30:00,2169.888133849347,,560.3576877444783,,3.6610957074669006,7.94533755454907e-09,0.8842791065146276,-2.720465630545732e-08,0.09825353758832911,1,TC1,sup_inf
2026-01-19 16:00:00,2026-01-18 16:00:00,2026-01-20 15:30:00,1449.9426849351373,294.6692911044939,159.5841476420712,827.5021792653669,3.624722673956796,0.2432667525313236,0.8774476121263245,0.5715816626006869,3.007720012099604,0,TC1,sup_inf
2026-01-20 04:00:00,2026-01-19 04:00:00,2026-01-21 03:30:00,1260.4796514477382,288.264797962916,184.30984080129645,830.0947921464887,3.6846813687687994,0.23652122622662558,0.885716437080615,0.5481597981456744,3.8477503789404426,0,TC1,sup_inf
2026-01-20 16:00:00,2026-01-19 16:00:00,2026-01-21 15:30:00,-2165.8693548749993,,-441.768335805115,-18139578349.35492,1.235092295104323e-08,0.25257270844472945,-5.027879446117822e-09,0.6877232835711873,1.0292953240848273,1,TC1,sup_inf
2026-01-21 04:00:00,2026-01-20 04:00:00,2026-01-22 03:30:00,1149.4791697363398,323.9608260000761,182.63057742673124,815.0788632562848,3.5976965896360054,0.29184033585773866,0.8806669255286204,0.9179788317289358,4.021734183201259,0,TC1,sup_inf
2026-01-21 16:00:00,2026-01-20 16:00:00,2026-01-22 15:30:00,2125.517444892519,,656.0475506635246,,3.555269285110333,1.2451913944389048e-08,0.882567762067315,7.88793814709976e-08,4.000162079469052,1,TC1,sup_inf
2026-01-22 04:00:00,2026-01-21 04:00:00,2026-01-23 03:30:00,880.6857421220333,344.1386544669439,217.55013410816116,806.0279756827467,4.3752299403761,0.39955564528171444,0.8176323411537462,0.04787151743994378,5.389456023005495,1,TC1,sup_inf
2026-01-22 16:00:00,2026-01-21 16:00:00,2026-01-23 15:30:00,980.4977950279538,309.73039260691337,216.25530154987425,821.2264440808109,5.438530481236187,0.4034746289327158,0.7909334594514322,0.048469881298797146,5.135344368045531,1,TC1,sup_inf
2026-01-23 04:00:00,2026-01-22 04:00:00,2026-01-24 03:30:00,954.3159359409865,324.435856313124,213.34654369172722,814.8701722417624,6.339474676184362,0.5157411853313602,0.8705405821553317,0.07936041536726068,5.123488511744521,1,TC1,sup_inf
2026-01-23 16:00:00,2026-01-22 16:00:00,2026-01-24 15:30:00,977.6591465504603,327.6148666354724,207.49070764012052,813.4679588455368,7.567970356071057,0.6276475025703954,0.9302209499333093,0.11018703322035883,4.933241657069079,1,TC1,sup_inf
2026-01-24 04:00:00,2026-01-23 04:00:00,2026-01-25 03:30:00,2169.215161157588,,590.3501328305101,,7.62954008397124,8.659439609814967e-09,0.9365845991635693,-2.114810015996227e-08,0.52302755836911,1,TC1,sup_inf
2026-01-24 16:00:00,2026-01-23 16:00:00,2026-01-25 15:30:00,2137.017187742509,,708.6803034236449,,7.520186134518789,3.27006144384967e-09,0.9307094540301927,6.882508452044078e-09,3.796863796044526,1,TC1,sup_inf
2026-01-25 04:00:00,2026-01-24 04:00:00,2026-01-26 03:30:00,2169.2072379355027,,621.6614381958569,,7.116952453086085,2.717525426909617e-09,0.8684330588727294,-5.910874012471368e-09,0.5538035810790269,1,TC1,sup_inf
2026-01-25 16:00:00,2026-01-24 16:00:00,2026-01-26 15:30:00,991.3812162050094,376.8135930232279,182.82613924032412,790.6371403445928,6.488267531626937,0.7051001744569669,0.8753659710577644,0.9123988548859931,4.321161652382527,0,TC1,sup_inf
2026-01-26 04:00:00,2026-01-25 04:00:00,2026-01-27 03:30:00,2132.3542926505993,,730.769459625003,,6.166037007098508,1.7261600482321171e-09,0.8833312430822347,5.169922157044482e-09,4.146724528086529,1,TC1,sup_inf
2026-01-26 16:00:00,2026-01-25 16:00:00,2026-01-27 15:30:00,1122.5219198216091,320.86966217961293,187.7744032908554,816.431495138593,6.270290775625612,0.4990760783581847,0.8663998271083846,0.7093805978491576,4.18677640141995,0,TC1,sup_inf
2026-01-27 04:00:00,2026-01-26 04:00:00,2026-01-28 03:30:00,1297.0913662347496,277.39734662135334,184.82010084866278,834.3851323436675,6.5707225632702295,0.38999662027486354,0.8962686754431803,0.7772786302719565,3.787665208242342,0,TC1,sup_inf
2026-01-27 16:00:00,2026-01-26 16:00:00,2026-01-28 15:30:00,1296.3616532995159,274.0590315273129,186.53650821263412,835.6747235882593,7.258692849158576,0.420277331434513,0.8779229581437112,0.8721446920112607,3.824270150778469,0,TC1,sup_inf
2026-01-28 04:00:00,2026-01-27 04:00:00,2026-01-29 03:30:00,2140.6317362827526,,708.6304877621851,,7.494785223580101,2.7045953254756228e-09,0.8890960596161681,9.524120159198901e-09,3.6086085878166374,1,TC1,sup_inf
2026-01-28 16:00:00,2026-01-27 16:00:00,2026-01-29 15:30:00,1370.7779384157573,273.46611867426185,177.64031072918775,835.9023446154123,7.26393779064272,0.41871701975859077,0.8843049722136703,0.7782498577117904,3.5015684709050485,0,TC1,sup_inf
2026-01-29 04:00:00,2026-01-28 04:00:00,2026-01-30 03:30:00,1213.6820753878947,302.4090009104728,183.79529142812035,824.3078247966218,7.2513711014969795,0.5127761255335256,0.8935871771853987,0.7816119718600826,3.9261373451143826,0,TC1,sup_inf
2026-01-29 16:00:00,2026-01-28 16:00:00,2026-01-30 15:30:00,1346.410409119916,280.22155914276,177.41020233420645,833.2836237125102,7.0113610365018895,0.4248567678836025,0.8879575887171309,0.7171651178062806,3.5432833967250446,0,TC1,sup_inf
2026-01-30 04:00:00,2026-01-29 04:00:00,2026-01-31 03:30:00,2142.9527460839704,,675.44564725766,,7.096726106493177,6.272799502049509e-09,0.8929300268707813,1.942463834225805e-08,3.317271180999471,1,TC1,sup_inf
2026-01-30 16:00:00,2026-01-29 16:00:00,2026-01-31 15:30:00,1261.53890565637,289.12637681108976,183.76710725928723,829.7487396415823,6.8410935832772415,0.4418015056451161,0.8896616679555602,0.9137687621192616,3.8343933819811,0,TC1,sup_inf
2026-01-31 04:00:00,2026-01-30 04:00:00,2026-02-01 03:30:00,1413.7378680493814,246.41695416137594,185.67207131526732,845.8119732757676,6.409733340975215,0.297870620371935,0.8346874195834101,0.5211464861381301,3.573471595403224,0,TC1,sup_inf
2026-01-31 16:00:00,2026-01-30 16:00:00,2026-02-01 15:30:00,2169.4363233543168,,600.6943339383454,,6.1392011037356236,4.437758827080529e-09,0.8831596168228619,-8.798653139407975e-09,0.4419219281722089,1,TC1,sup_inf
2026-02-01 04:00:00,2026-01-31 04:00:00,2026-02-02 03:30:00,1618.4190766364777,230.919315850888,169.58847656280386,851.0488751129914,5.326394855672214,0.21607998011608026,0.8212704848539928,0.1569283648480484,2.8622162877885438,1,TC1,sup_inf
2026-02-01 16:00:00,2026-01-31 16:00:00,2026-02-02 15:30:00,2137.596161716418,,666.5692996206516,,5.833301228182549,8.883628332956306e-09,0.7647064124552813,1.5926833851764854e-08,3.543759224290005,1,TC1,sup_inf
2026-02-02 04:00:00,2026-02-01 04:00:00,2026-02-03 03:30:00,991.5301345410196,388.44535687450445,178.09481806498198,784.9661198512919,6.167429414265827,0.7096635574638557,0.7688864995062035,0.3527777218715261,4.20906401634442,0,TC1,sup_inf
2026-02-02 16:00:00,2026-02-01 16:00:00,2026-02-03 15:30:00,1217.1911419856435,818.3375499683277,68.55352903469625,557.6203715105873,6.7901710920637015e-09,2.5216331245303536e-09,1.3036075552363968e-09,-1.836770513463648e-09,1.4619209203470203,1,TC1,sup_inf
2026-02-03 04:00:00,2026-02-02 04:00:00,2026-02-04 03:30:00,510.69419107647707,696.8808403467319,172.27008079192672,620.2502436733184,7.596043295925381,2.2845801190873836,0.8967538741682125,0.6486051810882945,4.961486244815161,0,TC1,sup_inf
2026-02-03 16:00:00,2026-02-02 16:00:00,2026-02-04 15:30:00,2118.5408280882684,,683.4008726854426,,7.769650349671695,1.578765607135324e-08,0.9042856679986524,7.624358366875583e-09,4.4342819845191475,1,TC1,sup_inf
2026-02-04 04:00:00,2026-02-03 04:00:00,2026-02-05 03:30:00,368.64960514676017,895.2401916923264,167.9585659710466,520.414595204192,7.910087833757136,3.2693121823456246,0.9151629347033079,0.9690247190844762,5.125128545080372,0,TC1,sup_inf
2026-02-04 16:00:00,2026-02-03 16:00:00,2026-02-05 15:30:00,2118.7311650351835,,703.0036491067386,,7.5269258866685185,8.552462293920371e-09,0.8763648411664487,4.464633884815328e-09,4.5542971320924135,1,TC1,sup_inf
2026-02-05 04:00:00,2026-02-04 04:00:00,2026-02-06 03:30:00,523.9426513699656,667.8889630793942,176.95579882330244,635.7568211251942,6.952477743572448,1.9694829238941631,0.8305406245502838,0.5484935634701213,5.069235141415323,0,TC1,sup_inf
2026-02-05 16:00:00,2026-02-04 16:00:00,2026-02-06 15:30:00,573.9039753737933,614.2607976561196,179.77419234615132,664.8073931310092,6.514762893628071,1.632127954931344,0.8432947121758729,0.4434142088410665,5.047203582191877,0,TC1,sup_inf
2026-02-06 04:00:00,2026-02-05 04:00:00,2026-02-07 03:30:00,2167.2766959949026,,622.3663674601005,,6.236477620112353,3.8029882576395835e-09,0.8275089713614123,-4.324529179200454e-09,1.0471518131523432,1,TC1,sup_inf
2026-02-06 16:00:00,2026-02-05 16:00:00,2026-02-07 15:30:00,1458.966272838817,193.47069618468552,210.14283343162336,862.2658280334543,6.197618007694548,0.17305182130997876,0.8502586582923153,0.6055925200867698,3.9394932616799605,0,TC1,sup_inf
2026-02-07 04:00:00,2026-02-06 04:00:00,2026-02-08 03:30:00,1611.1925200613646,183.40180022876746,196.27557218276527,864.9170014732348,6.518577294118145,0.16253097400557326,0.8775622402568873,0.7244581677247304,3.3301808364373198,0,TC1,sup_inf
2026-02-07 16:00:00,2026-02-06 16:00:00,2026-02-08 15:30:00,1455.550210631461,207.65160908129113,201.80169667525067,858.2655197021746,6.577806747575966,0.21333188836021422,0.8806862108735091,0.6842429604778373,3.790812255248596,0,TC1,sup_inf
2026-02-08 04:00:00,2026-02-07 04:00:00,2026-02-09 03:30:00,2151.9791438697007,,633.343640385716,,6.644305005250347,1.2869166010620603e-08,0.8779723055688187,6.672819885533698e-08,2.5955643173573084,1,TC1,sup_inf
2026-02-08 16:00:00,2026-02-07 16:00:00,2026-02-09 15:30:00,2144.1660526306773,,690.6231344988165,,6.687349309420379,3.4568022611036753e-09,0.9001597222954794,1.6501059296736287e-08,3.3237802865984074,1,TC1,sup_inf
2026-02-09 04:00:00,2026-02-08 04:00:00,2026-02-10 03:30:00,1606.321587749346,194.3321178615618,190.36290341312855,862.0316597798503,6.5515726458075925,0.18466460403521212,0.8928535731999603,0.5280038346669933,3.2412798252842805,0,TC1,sup_inf
2026-02-09 16:00:00,2026-02-08 16:00:00,2026-02-10 15:30:00,1398.2544804287222,219.80241829359494,202.23434006047003,854.5959899005406,6.543758146561763,0.23929819538790775,0.89612891691487,0.6724146703933047,3.9263410628524276,0,TC1,sup_inf
2026-02-10 04:00:00,2026-02-09 04:00:00,2026-02-11 03:30:00,1594.9727231996992,192.23670133762823,193.01712127293027,862.5992668933816,6.47855464076194,0.1784609121618679,0.8916638625827092,0.54368427247603,3.313270049336729,0,TC1,sup_inf
2026-02-10 16:00:00,2026-02-09 16:00:00,2026-02-11 15:30:00,1417.9514353181632,217.9451484682961,200.69326061244723,855.1710732944044,6.681997669081304,0.24002138122774383,0.8736299596701997,0.6918130922532403,3.8533214194532404,0,TC1,sup_inf
2026-02-11 04:00:00,2026-02-10 04:00:00,2026-02-12 03:30:00,1636.604716871856,185.89787253981044,191.5251389845802,864.2746060547644,7.020527464127439,0.1801306601255301,0.88929766916741,0.4924261187732917,3.1888666115202318,0,TC1,sup_inf
2026-02-11 16:00:00,2026-02-10 16:00:00,2026-02-12 15:30:00,2140.4941352939804,,676.1855213581076,,7.518404679405226,7.393942846878332e-09,0.880239589653167,1.9440031917561384e-08,3.4504580237362616,1,TC1,sup_inf
2026-02-12 04:00:00,2026-02-11 04:00:00,2026-02-13 03:30:00,1556.5359561559849,195.88191059714987,195.7309718719756,861.6074674914843,7.531994341212558,0.21590097334601885,0.873951838168107,0.2685434317280655,3.4501453963960707,1,TC1,sup_inf
2026-02-12 16:00:00,2026-02-11 16:00:00,2026-02-13 15:30:00,2124.877535792359,,660.830604976711,,7.823282935740912,2.4369524787015706e-08,0.8721766808151358,7.96064839603261e-08,4.054060551800268,1,TC1,sup_inf
2026-02-13 04:00:00,2026-02-12 04:00:00,2026-02-14 03:30:00,1377.2892013252635,229.34696542356278,199.53298120425805,851.5613735712343,7.897576172489365,0.31582412641499025,0.8762896060360744,0.6963383726084282,3.9191312152531874,0,TC1,sup_inf
2026-02-13 16:00:00,2026-02-12 16:00:00,2026-02-14 15:30:00,1273.853097591362,250.93941157004988,201.56393320556123,844.2216828264792,7.464004696215493,0.3602459097807807,0.8803907402027946,0.9267510314052081,4.179853352067583,0,TC1,sup_inf
2026-02-14 04:00:00,2026-02-13 04:00:00,2026-02-15 03:30:00,1283.822878761935,254.17282316531114,198.42039199340067,843.067918552935,7.514946210848551,0.3724792576267379,0.8910068396073895,0.9514269546594696,4.093986422770566,0,TC1,sup_inf
2026-02-14 16:00:00,2026-02-13 16:00:00,2026-02-15 15:30:00,1319.445727558304,244.505391598108,198.8304825096118,846.4758518040595,7.172559658169829,0.3279522619223265,0.9017796458339554,0.9189828082577005,4.027975319983301,0,TC1,sup_inf
2026-02-15 04:00:00,2026-02-14 04:00:00,2026-02-16 03:30:00,1309.52145641956,250.82450893618292,196.73354723321606,844.262427248263,7.03802074669546,0.3393627587963862,0.8940494571172612,0.9177156182685745,4.0060949986918,0,TC1,sup_inf
2026-02-15 16:00:00,2026-02-14 16:00:00,2026-02-16 15:30:00,1276.8630972636697,265.1491849845922,193.57454378840094,839.0493147912141,7.080522957884174,0.383024500071049,0.8840044323211127,0.8780697433896982,4.008090766004116,0,TC1,sup_inf
2026-02-16 04:00:00,2026-02-15 04:00:00,2026-02-17 03:30:00,1374.4756474064866,239.50270445099977,194.26939157666777,848.1896016595135,6.9236822477977595,0.3031962369406114,0.8633122360390273,0.6882385829171555,3.8216301327866162,0,TC1,sup_inf
2026-02-16 16:00:00,2026-02-15 16:00:00,2026-02-17 15:30:00,1232.9072723678491,282.5311654323761,190.71810358974764,832.3757428287162,7.009014152140438,0.431888296912808,0.8480517180287376,0.7987247064010957,4.036120865481499,0,TC1,sup_inf
2026-02-17 04:00:00,2026-02-16 04:00:00,2026-02-18 03:30:00,1366.662898464407,252.0687449381703,188.6331242947017,843.8202852295937,6.811491955575773,0.33183506979859395,0.8346882641649755,0.7513236808940846,3.7265880645727756,0,TC1,sup_inf
2026-02-17 16:00:00,2026-02-16 16:00:00,2026-02-18 15:30:00,2169.789575999319,,568.9367683170193,,6.843723611127207,1.2293120965622961e-08,0.8335730870096333,-4.701181666177945e-08,0.21605367292741318,1,TC1,sup_inf
2026-02-18 04:00:00,2026-02-17 04:00:00,2026-02-19 03:30:00,2132.5763666007388,,691.0438892143595,,7.135007963970891,6.537662688987922e-09,0.8626884680035057,3.331919262716809e-08,3.9112726782083707,1,TC1,sup_inf
2026-02-18 16:00:00,2026-02-17 16:00:00,2026-02-19 15:30:00,2169.9116051939577,,630.3267521289864,,7.277650150930401,1.2149772299352435e-09,0.8632414590669021,-5.5625575257067794e-09,0.03647886310256965,1,TC1,sup_inf
2026-02-19 04:00:00,2026-02-18 04:00:00,2026-02-20 03:30:00,1312.1633721530825,260.6980091126314,191.19389622464206,840.6977174617712,7.294569377763919,0.3810477247233571,0.8664636976995358,0.8799134105469505,3.8879668147056075,0,TC1,sup_inf
2026-02-19 16:00:00,2026-02-18 16:00:00,2026-02-20 15:30:00,1459.2540985757669,233.40822059226653,186.849719074815,850.230448615395,6.860001476948407,0.28462440291134933,0.872002541979053,0.6189804725370878,3.50222294117005,0,TC1,sup_inf
2026-02-20 04:00:00,2026-02-19 04:00:00,2026-02-21 03:30:00,1348.6152442945609,248.55966615711282,192.7758701101885,845.0619328629307,6.678220966743024,0.31599450924910916,0.8499315830759748,0.6715593027999809,3.845640378291887,0,TC1,sup_inf
2026-02-20 16:00:00,2026-02-19 16:00:00,2026-02-21 15:30:00,1489.1094578381114,227.39660185089716,186.38965940778533,852.1921727484699,6.328411202676416,0.24857286535768908,0.8750538677347419,0.7411541204387575,3.4309884324084,0,TC1,sup_inf
2026-02-21 04:00:00,2026-02-20 04:00:00,2026-02-22 03:30:00,1458.2412081085638,222.48955194364055,192.88852888460508,853.7550011676726,6.312211967506304,0.23681535144031285,0.8865249908412876,0.9403767640221266,3.617592082967537,0,TC1,sup_inf
2026-02-21 16:00:00,2026-02-20 16:00:00,2026-02-22 15:30:00,1485.249814123616,217.1399484904129,192.4700025942399,855.4188162408238,6.585007974916323,0.23469830192330904,0.8762699246176562,0.9639826978754318,3.5513301358981915,0,TC1,sup_inf
2026-02-22 04:00:00,2026-02-21 04:00:00,2026-02-23 03:30:00,1487.0860543713127,216.04702065539823,192.8529637552848,855.7535546509864,6.5069417053889325,0.22946040475880913,0.8737767949587156,0.969308277133621,3.5543861064321827,0,TC1,sup_inf
2026-02-22 16:00:00,2026-02-21 16:00:00,2026-02-23 15:30:00,1542.4379848733706,205.09310748848503,192.12882466237468,859.0099749872473,6.498860889415148,0.20531725300845524,0.8700690248852837,0.8874565240451149,3.4185486793951796,0,TC1,sup_inf
2026-02-23 04:00:00,2026-02-22 04:00:00,2026-02-24 03:30:00,1482.515360020847,211.91986501667893,195.78432602034593,857.0015931783402,6.4945976455001375,0.2198873383429457,0.8787205982626363,0.845823532476523,3.618538762110839,0,TC1,sup_inf
2026-02-23 16:00:00,2026-02-22 16:00:00,2026-02-24 15:30:00,1583.7756377101969,199.45193712413635,190.21151509498807,860.616197298201,6.401867122634758,0.19066058105143174,0.8818311224293527,0.7723969115441263,3.290932924943967,0,TC1,sup_inf
2026-02-24 04:00:00,2026-02-23 04:00:00,2026-02-25 03:30:00,1487.6388921036366,211.05679580908944,195.62686497574762,857.2593741761968,6.3616293484684325,0.21353668218722122,0.8734760476490414,0.8338828607259883,3.6042851044006396,0,TC1,sup_inf
2025-12-22 16:00:00,2025-12-21 16:00:00,2025-12-23 15:30:00,,,,,,,,,,2,TC2,sup_int
2025-12-23 04:00:00,2025-12-22 04:00:00,2025-12-24 03:30:00,,,,,,,,,,2,TC2,sup_int
2025-12-23 16:00:00,2025-12-22 16:00:00,2025-12-24 15:30:00,,,,,,,,,,2,TC2,sup_int
2025-12-24 04:00:00,2025-12-23 04:00:00,2025-12-25 03:30:00,,,,,,,,,,2,TC2,sup_int
2025-12-24 16:00:00,2025-12-23 16:00:00,2025-12-25 15:30:00,,,,,,,,,,2,TC2,sup_int
2025-12-25 04:00:00,2025-12-24 04:00:00,2025-12-26 03:30:00,,,,,,,,,,2,TC2,sup_int
2025-12-25 16:00:00,2025-12-24 16:00:00,2025-12-26 15:30:00,,,,,,,,,,2,TC2,sup_int
2025-12-26 04:00:00,2025-12-25 04:00:00,2025-12-27 03:30:00,,,,,,,,,,2,TC2,sup_int
2025-12-26 16:00:00,2025-12-25 16:00:00,2025-12-27 15:30:00,,,,,,,,,,2,TC2,sup_int
2025-12-27 04:00:00,2025-12-26 04:00:00,2025-12-28 03:30:00,,,,,,,,,,2,TC2,sup_int
2025-12-27 16:00:00,2025-12-26 16:00:00,2025-12-28 15:30:00,,,,,,,,,,2,TC2,sup_int
2025-12-28 04:00:00,2025-12-27 04:00:00,2025-12-29 03:30:00,,,,,,,,,,2,TC2,sup_int
2025-12-28 16:00:00,2025-12-27 16:00:00,2025-12-29 15:30:00,,,,,,,,,,2,TC2,sup_int
2025-12-29 04:00:00,2025-12-28 04:00:00,2025-12-30 03:30:00,,,,,,,,,,2,TC2,sup_int
2025-12-29 16:00:00,2025-12-28 16:00:00,2025-12-30 15:30:00,,,,,,,,,,2,TC2,sup_int
2025-12-30 04:00:00,2025-12-29 04:00:00,2025-12-31 03:30:00,,,,,,,,,,2,TC2,sup_int
2025-12-30 16:00:00,2025-12-29 16:00:00,2025-12-31 15:30:00,,,,,,,,,,2,TC2,sup_int
2025-12-31 04:00:00,2025-12-30 04:00:00,2026-01-01 03:30:00,,,,,,,,,,2,TC2,sup_int
2025-12-31 16:00:00,2025-12-30 16:00:00,2026-01-01 15:30:00,,,,,,,,,,2,TC2,sup_int
2026-01-01 04:00:00,2025-12-31 04:00:00,2026-01-02 03:30:00,,,,,,,,,,2,TC2,sup_int
2026-01-01 16:00:00,2025-12-31 16:00:00,2026-01-02 15:30:00,,,,,,,,,,2,TC2,sup_int
2026-01-02 04:00:00,2026-01-01 04:00:00,2026-01-03 03:30:00,,,,,,,,,,2,TC2,sup_int
2026-01-02 16:00:00,2026-01-01 16:00:00,2026-01-03 15:30:00,,,,,,,,,,2,TC2,sup_int
2026-01-03 04:00:00,2026-01-02 04:00:00,2026-01-04 03:30:00,,,,,,,,,,2,TC2,sup_int
2026-01-03 16:00:00,2026-01-02 16:00:00,2026-01-04 15:30:00,,,,,,,,,,2,TC2,sup_int
2026-01-04 04:00:00,2026-01-03 04:00:00,2026-01-05 03:30:00,,,,,,,,,,2,TC2,sup_int
2026-01-04 16:00:00,2026-01-03 16:00:00,2026-01-05 15:30:00,,,,,,,,,,2,TC2,sup_int
2026-01-05 04:00:00,2026-01-04 04:00:00,2026-01-06 03:30:00,,,,,,,,,,2,TC2,sup_int
2026-01-05 16:00:00,2026-01-04 16:00:00,2026-01-06 15:30:00,,,,,,,,,,2,TC2,sup_int
2026-01-06 04:00:00,2026-01-05 04:00:00,2026-01-07 03:30:00,,,,,,,,,,2,TC2,sup_int
2026-01-06 16:00:00,2026-01-05 16:00:00,2026-01-07 15:30:00,,,,,,,,,,2,TC2,sup_int
2026-01-07 04:00:00,2026-01-06 04:00:00,2026-01-08 03:30:00,,,,,,,,,,2,TC2,sup_int
2026-01-07 16:00:00,2026-01-06 16:00:00,2026-01-08 15:30:00,,,,,,,,,,2,TC2,sup_int
2026-01-08 04:00:00,2026-01-07 04:00:00,2026-01-09 03:30:00,,,,,,,,,,2,TC2,sup_int
2026-01-08 16:00:00,2026-01-07 16:00:00,2026-01-09 15:30:00,,,,,,,,,,2,TC2,sup_int
2026-01-09 04:00:00,2026-01-08 04:00:00,2026-01-10 03:30:00,,,,,,,,,,2,TC2,sup_int
2026-01-09 16:00:00,2026-01-08 16:00:00,2026-01-10 15:30:00,,,,,,,,,,2,TC2,sup_int
2026-01-10 04:00:00,2026-01-09 04:00:00,2026-01-11 03:30:00,,,,,,,,,,2,TC2,sup_int
2026-01-10 16:00:00,2026-01-09 16:00:00,2026-01-11 15:30:00,,,,,,,,,,2,TC2,sup_int
2026-01-11 04:00:00,2026-01-10 04:00:00,2026-01-12 03:30:00,,,,,,,,,,2,TC2,sup_int
2026-01-11 16:00:00,2026-01-10 16:00:00,2026-01-12 15:30:00,,,,,,,,,,2,TC2,sup_int
2026-01-12 04:00:00,2026-01-11 04:00:00,2026-01-13 03:30:00,,,,,,,,,,2,TC2,sup_int
2026-01-12 16:00:00,2026-01-11 16:00:00,2026-01-13 15:30:00,,,,,,,,,,2,TC2,sup_int
2026-01-13 04:00:00,2026-01-12 04:00:00,2026-01-14 03:30:00,,,,,,,,,,2,TC2,sup_int
2026-01-13 16:00:00,2026-01-12 16:00:00,2026-01-14 15:30:00,,,,,,,,,,2,TC2,sup_int
2026-01-14 04:00:00,2026-01-13 04:00:00,2026-01-15 03:30:00,,,,,,,,,,2,TC2,sup_int
2026-01-14 16:00:00,2026-01-13 16:00:00,2026-01-15 15:30:00,,,,,,,,,,2,TC2,sup_int
2026-01-15 04:00:00,2026-01-14 04:00:00,2026-01-16 03:30:00,,,,,,,,,,2,TC2,sup_int
2026-01-15 16:00:00,2026-01-14 16:00:00,2026-01-16 15:30:00,,,,,,,,,,2,TC2,sup_int
2026-01-16 04:00:00,2026-01-15 04:00:00,2026-01-17 03:30:00,,,,,,,,,,2,TC2,sup_int
2026-01-16 16:00:00,2026-01-15 16:00:00,2026-01-17 15:30:00,,,,,,,,,,2,TC2,sup_int
2026-01-17 04:00:00,2026-01-16 04:00:00,2026-01-18 03:30:00,,,,,,,,,,2,TC2,sup_int
2026-01-17 16:00:00,2026-01-16 16:00:00,2026-01-18 15:30:00,,,,,,,,,,2,TC2,sup_int
2026-01-18 04:00:00,2026-01-17 04:00:00,2026-01-19 03:30:00,,,,,,,,,,2,TC2,sup_int
2026-01-18 16:00:00,2026-01-17 16:00:00,2026-01-19 15:30:00,,,,,,,,,,2,TC2,sup_int
2026-01-19 04:00:00,2026-01-18 04:00:00,2026-01-20 03:30:00,,,,,,,,,,2,TC2,sup_int
2026-01-19 16:00:00,2026-01-18 16:00:00,2026-01-20 15:30:00,,,,,,,,,,2,TC2,sup_int
2026-01-20 04:00:00,2026-01-19 04:00:00,2026-01-21 03:30:00,,,,,,,,,,2,TC2,sup_int
2026-01-20 16:00:00,2026-01-19 16:00:00,2026-01-21 15:30:00,,,,,,,,,,2,TC2,sup_int
2026-01-21 04:00:00,2026-01-20 04:00:00,2026-01-22 03:30:00,,,,,,,,,,2,TC2,sup_int
2026-01-21 16:00:00,2026-01-20 16:00:00,2026-01-22 15:30:00,,,,,,,,,,2,TC2,sup_int
2026-01-22 04:00:00,2026-01-21 04:00:00,2026-01-23 03:30:00,,,,,,,,,,2,TC2,sup_int
2026-01-22 16:00:00,2026-01-21 16:00:00,2026-01-23 15:30:00,,,,,,,,,,2,TC2,sup_int
2026-01-23 04:00:00,2026-01-22 04:00:00,2026-01-24 03:30:00,,,,,,,,,,2,TC2,sup_int
2026-01-23 16:00:00,2026-01-22 16:00:00,2026-01-24 15:30:00,,,,,,,,,,2,TC2,sup_int
2026-01-24 04:00:00,2026-01-23 04:00:00,2026-01-25 03:30:00,39.403007933221645,401.40150646145594,,279.7981739133492,3.3779999999999992,1.3160000000000007,0.0,0.0,,1,TC2,sup_int
2026-01-24 16:00:00,2026-01-23 16:00:00,2026-01-25 15:30:00,491.39293381233205,-755.5773739616658,408.30522587820593,,2.8377824817392607,3.1380775089573376e-08,0.8456944406913167,-4.060451530563114e-08,1.216690428996129,1,TC2,sup_int
2026-01-25 04:00:00,2026-01-24 04:00:00,2026-01-26 03:30:00,478.24403708051534,-789.1452737029393,489.5024129523122,,2.7226889077813277,1.860887777205278e-08,0.8124564089271016,3.086260436102606e-08,4.620698563785864,1,TC2,sup_int
2026-01-25 16:00:00,2026-01-24 16:00:00,2026-01-26 15:30:00,480.606828920805,-826.5308421920035,494.12045062108507,,2.6479451672962213,1.0748162360130209e-08,0.8224673331751557,1.4890628063923828e-08,4.320596699759722,1,TC2,sup_int
2026-01-26 04:00:00,2026-01-25 04:00:00,2026-01-27 03:30:00,491.8617581025828,-997.9697447501609,472.2746916355099,,2.3164379963363797,1.0419594076438443e-09,0.8018070079008879,-1.7204757618571875e-09,1.0754318353682217,1,TC2,sup_int
2026-01-26 16:00:00,2026-01-25 16:00:00,2026-01-27 15:30:00,80.64601108383835,432.84998980520425,119.94975036984427,255.9011807449999,2.372334632390536,1.0478943578526825,0.8105016702258644,0.877794571682391,4.922321260461866,0,TC2,sup_int
2026-01-27 04:00:00,2026-01-26 04:00:00,2026-01-28 03:30:00,491.6795297286163,-879.7059013413955,442.6003396150633,,2.409609713975824,4.7852145579341254e-09,0.8149744879222935,-7.423293091335381e-09,1.140552992616839,1,TC2,sup_int
2026-01-27 16:00:00,2026-01-26 16:00:00,2026-01-28 15:30:00,89.71111988522311,411.85753907913045,120.15887167173935,271.7618780865822,2.545779498886293,1.0364173319876921,0.80748742612003,0.9150449167696569,4.850752169856813,0,TC2,sup_int
2026-01-28 04:00:00,2026-01-27 04:00:00,2026-01-29 03:30:00,86.99010087743538,418.2837140938291,119.87800315776292,266.8634628363214,2.7949141841791003,1.16771118956525,0.8300694084960252,0.9549483751465603,4.8632242173541265,0,TC2,sup_int
2026-01-28 16:00:00,2026-01-27 16:00:00,2026-01-29 15:30:00,-489.0173394672021,,-323.0209560285556,-19122347318.94882,2.2209123429206556e-08,0.9265242062182579,-1.1406523503509902e-08,0.8691093635607322,2.0903863476319824,1,TC2,sup_int
2026-01-29 04:00:00,2026-01-28 04:00:00,2026-01-30 03:30:00,91.45703585689226,409.28730457905993,119.55072532839152,273.7302558709918,2.756988325929755,1.1105636349255648,0.8271677932344499,0.8809379233473369,4.811049057374152,0,TC2,sup_int
2026-01-29 16:00:00,2026-01-28 16:00:00,2026-01-30 15:30:00,-489.6735562273916,,-361.2651635325733,-117262137935.08289,3.5896969841076043e-09,0.9183320463548501,-1.922883408056464e-09,0.9015490435911107,2.074013449810765,1,TC2,sup_int
2026-01-30 04:00:00,2026-01-29 04:00:00,2026-01-31 03:30:00,95.20859568929306,402.06513036430096,119.32320763275446,279.28599742937143,2.604041914929447,1.0173914169790088,0.8262069613471703,0.9514007732906988,4.769611010441141,0,TC2,sup_int
2026-01-30 16:00:00,2026-01-29 16:00:00,2026-01-31 15:30:00,88.12250340958275,417.16710701240567,119.13275613926656,267.7121196415196,2.5445424739844285,1.0583951042152442,0.8249125075117467,0.9490312598232664,4.823123948508499,0,TC2,sup_int
2026-01-31 04:00:00,2026-01-30 04:00:00,2026-02-01 03:30:00,111.10570754833057,372.829424019048,119.54491309643423,302.0161047440135,2.144031040144915,0.7313461161635111,0.7140652489379533,0.6269445568649321,4.644486014004075,0,TC2,sup_int
2026-01-31 16:00:00,2026-01-30 16:00:00,2026-02-01 15:30:00,69.93612721077491,461.50895258781964,119.77915006917452,235.04843736611016,2.265646756667668,1.103840510655013,0.7420959953780605,0.6866543938764158,5.012185276141007,0,TC2,sup_int
2026-02-01 04:00:00,2026-01-31 04:00:00,2026-02-02 03:30:00,128.5752093545978,334.37792118202566,126.3283805816011,331.78935555667846,1.8192813176533549,0.5024005696726483,0.7269191901265586,0.2778599789478632,4.757821707255491,1,TC2,sup_int
2026-02-01 16:00:00,2026-01-31 16:00:00,2026-02-02 15:30:00,-469.69856133887384,,-257.94426000953706,-30782215046.257008,1.5572639178174086e-08,1.0457942153764819,9.714307469543826e-09,0.6756038949460315,5.680286639191446,1,TC2,sup_int
2026-02-02 04:00:00,2026-02-01 04:00:00,2026-02-03 03:30:00,476.14528462724803,-858.4078199207325,521.9068524859837,,2.7434603370607107,7.228075249443577e-09,0.7034142546337314,8.253406513780703e-09,5.2179356441495415,1,TC2,sup_int
2026-02-02 16:00:00,2026-02-01 16:00:00,2026-02-03 15:30:00,483.3691105309837,-912.8162956104858,511.170961950994,,2.8699734070688416,3.7075226222427204e-09,0.6163043532197789,2.177628855015712e-09,3.9915479883218707,1,TC2,sup_int
2026-02-03 04:00:00,2026-02-02 04:00:00,2026-02-04 03:30:00,477.8922377385895,-827.8777124295414,504.82615277387646,,4.216812135685077,1.6802800706372523e-08,0.8248003230354782,1.3497506445858676e-08,4.814363547817252,1,TC2,sup_int
2026-02-03 16:00:00,2026-02-02 16:00:00,2026-02-04 15:30:00,-476.53254791278124,,-274.68047084106547,-24171586200.401535,1.5462259028709013e-08,0.8153841094000691,5.410651815473955e-09,0.519542121251871,4.637725151828843,1,TC2,sup_int
2026-02-04 04:00:00,2026-02-03 04:00:00,2026-02-05 03:30:00,482.7073397050239,-995.8169525658333,540.0964374315878,,4.5581672003682545,2.1038984998611454e-09,0.8950043694765777,3.3958023060165488e-09,4.346398281195976,1,TC2,sup_int
2026-02-04 16:00:00,2026-02-03 16:00:00,2026-02-05 15:30:00,-490.1114428686652,,-348.449530183912,-49182369383.0523,7.69312169524028e-09,0.8254603051804071,-2.5977027195978053e-09,0.9023002761582862,1.8183452993055642,1,TC2,sup_int
2026-02-05 04:00:00,2026-02-04 04:00:00,2026-02-06 03:30:00,187.71243204809133,266.90454364974056,126.26649923695169,379.80289434348106,3.111294066092255,0.5332907559293729,0.6517890400189434,0.45784113526928194,4.277932618386563,0,TC2,sup_int
2026-02-05 16:00:00,2026-02-04 16:00:00,2026-02-06 15:30:00,-33.41234556226309,,109.17533108246363,-212.67211454645377,1.2690329231901387e-08,1.8578326210771934e-08,4.691803279222029e-09,1.8729200301770277e-08,5.6050288809400595,1,TC2,sup_int
2026-02-06 04:00:00,2026-02-05 04:00:00,2026-02-07 03:30:00,480.8085590264127,-774.7692796829791,474.7966435101872,,1.9805471115670474,1.660827636529305e-08,0.7947236306497787,1.3053528369333378e-08,4.121559089845534,1,TC2,sup_int
2026-02-06 16:00:00,2026-02-05 16:00:00,2026-02-07 15:30:00,246.54816581869866,437.4705865023527,45.646225222508534,252.47040128247633,2.3251835123971887e-08,1.0444704323653298e-08,1.78659289584715e-08,-1.5234108197148544e-08,1.383813445793247,1,TC2,sup_int
2026-02-07 04:00:00,2026-02-06 04:00:00,2026-02-08 03:30:00,114.31629758310444,364.13660377744634,121.47978003795875,308.79690565662867,2.1717311116695326,0.7086677569064118,0.8131186152763187,0.890777551836621,4.69272955471787,0,TC2,sup_int
2026-02-07 16:00:00,2026-02-06 16:00:00,2026-02-08 15:30:00,480.65735033855236,-793.5704654519749,482.19856363441795,,2.2090556912298633,1.418376394113352e-08,0.8043256926577824,2.838503165847328e-08,4.208734473471879,1,TC2,sup_int
2026-02-08 04:00:00,2026-02-07 04:00:00,2026-02-09 03:30:00,492.05400086702633,-944.5890888947317,454.20817331982545,,2.1956899379422192,1.8974388726888947e-09,0.7918539986418125,-4.384664409329275e-09,0.8639127938548654,1,TC2,sup_int
2026-02-08 16:00:00,2026-02-07 16:00:00,2026-02-09 15:30:00,115.80438741436329,361.6008382066954,121.57376367268446,310.7725441981896,2.2659782709744336,0.7296552998765098,0.8047115485174836,0.9132918250752764,4.683929974060456,0,TC2,sup_int
2026-02-09 04:00:00,2026-02-08 04:00:00,2026-02-10 03:30:00,130.97752239113157,341.5658334155222,120.25777393404717,326.2876842767924,2.1820402738485143,0.6287680228934736,0.7869419529000362,0.884972780243149,4.509898251402731,0,TC2,sup_int
2026-02-09 16:00:00,2026-02-08 16:00:00,2026-02-10 15:30:00,114.26164785585956,364.83581579629396,121.13465024081498,308.2518834395456,2.269176284087516,0.7431637008529994,0.807089689843281,0.9086724393838856,4.6798528566830875,0,TC2,sup_int
2026-02-10 04:00:00,2026-02-09 04:00:00,2026-02-11 03:30:00,478.26878124445426,-740.9328882880861,471.3217412274045,,2.192385077302685,3.0025965269686594e-08,0.797028194838952,8.290500308483217e-08,4.445834770171692,1,TC2,sup_int
2026-02-10 16:00:00,2026-02-09 16:00:00,2026-02-11 15:30:00,-489.28434067361616,,-343.66106151842246,-53098165154.11719,6.5033534113467795e-09,0.7533573212299977,-3.840028739432455e-09,0.9052536878357867,2.1240733974710193,1,TC2,sup_int
2026-02-11 04:00:00,2026-02-10 04:00:00,2026-02-12 03:30:00,-475.93671353399947,,-255.0512639277911,-7604821072.076307,3.7216550285990024e-08,0.6174606432980801,2.6498229610538715e-08,0.8302143625933188,4.420557453008917,1,TC2,sup_int
2026-02-11 16:00:00,2026-02-10 16:00:00,2026-02-12 15:30:00,122.31929144724842,350.93234282470894,121.96378158454145,319.0604781856541,2.3719234925812454,0.7208826062352268,0.8129999418747097,0.8542879633260154,4.644801157441332,0,TC2,sup_int
2026-02-12 04:00:00,2026-02-11 04:00:00,2026-02-13 03:30:00,147.97513503403596,323.1081088369871,118.34228141218223,340.3131148212055,2.250558873803861,0.5796483112195925,0.8016700196179706,0.8440918198216051,4.305985793830075,0,TC2,sup_int
2026-02-12 16:00:00,2026-02-11 16:00:00,2026-02-13 15:30:00,136.34433899505666,332.9433490930983,121.04435646599107,332.8818186499587,2.3358567013228355,0.6394873714606228,0.8106455924809111,0.8936543918510381,4.496321141367563,0,TC2,sup_int
2026-02-13 04:00:00,2026-02-12 04:00:00,2026-02-14 03:30:00,146.16685839717624,323.81550698577007,119.16993935342609,339.7823127406293,2.357878593342384,0.6100197845490016,0.8072416024035083,0.957737672526109,4.350074057628168,0,TC2,sup_int
2026-02-13 16:00:00,2026-02-12 16:00:00,2026-02-14 15:30:00,-477.28050193627274,,-300.1983107556933,-106463926471.72993,2.599564119520892e-09,0.6037917227103494,1.5107310957773734e-09,0.9587001932938747,4.899363716966295,1,TC2,sup_int
2026-02-14 04:00:00,2026-02-13 04:00:00,2026-02-15 03:30:00,483.7237824273008,-869.2506585541541,495.34177522996913,,2.371023323946788,5.406254555140322e-09,0.8021628157997371,1.4125442704404634e-08,3.8023192478171133,1,TC2,sup_int
2026-02-14 16:00:00,2026-02-13 16:00:00,2026-02-15 15:30:00,147.9404864551772,323.3956834442852,118.20616078327082,340.0974046916927,2.293829707919924,0.5918725220761559,0.7971661988091104,0.970013925920674,4.301298138036496,0,TC2,sup_int
2026-02-15 04:00:00,2026-02-14 04:00:00,2026-02-16 03:30:00,152.71998740560198,318.3379897400877,117.86770658957316,343.8758754612709,2.292485640256455,0.5726281070775162,0.7921940112594786,0.9667619423270991,4.2526349416647165,0,TC2,sup_int
2026-02-15 16:00:00,2026-02-14 16:00:00,2026-02-16 15:30:00,148.4844003654177,321.59728518542005,118.84076972669007,341.4446982505838,2.350515819851581,0.5995902215895935,0.809015936875493,0.952662143963593,4.320206371201345,0,TC2,sup_int
2026-02-16 04:00:00,2026-02-15 04:00:00,2026-02-17 03:30:00,160.56036737855854,314.0256455725003,115.35899353504794,347.07034305565537,2.240337146209647,0.5439888581999965,0.7953705905464421,0.915816747616311,4.104299421729784,0,TC2,sup_int
2026-02-16 16:00:00,2026-02-15 16:00:00,2026-02-17 15:30:00,142.4879747744549,328.8263647865723,118.91783795985735,336.005494260471,2.414795244651016,0.6446421413579688,0.8140584868420259,0.8709760233229171,4.369363157431833,0,TC2,sup_int
2026-02-17 04:00:00,2026-02-16 04:00:00,2026-02-18 03:30:00,157.6664216742276,319.1491346957743,114.34220831830176,343.27213335070957,2.3409411250239973,0.5878149247394155,0.8135992145290485,0.8316968948867127,4.089204502987302,0,TC2,sup_int
2026-02-17 16:00:00,2026-02-16 16:00:00,2026-02-18 15:30:00,143.1825464560105,330.97830049408697,117.24720051204342,334.37494933838843,2.3780889723013887,0.6433027172612634,0.8146177592829206,0.9098783415196262,4.302663043203666,0,TC2,sup_int
2026-02-18 04:00:00,2026-02-17 04:00:00,2026-02-19 03:30:00,146.70367059305164,329.14375834598115,115.87782377918532,335.765312716641,2.428486954940819,0.6495697197267957,0.8203855810929657,0.9757023704618246,4.225864023169256,0,TC2,sup_int
2026-02-18 16:00:00,2026-02-17 16:00:00,2026-02-19 15:30:00,152.82456296720957,325.8303329060237,113.73901494926623,338.26717143030976,2.2838709208084245,0.5984221884998175,0.798716202146491,0.9423338000934243,4.102908242350113,0,TC2,sup_int
2026-02-19 04:00:00,2026-02-18 04:00:00,2026-02-20 03:30:00,139.64242973306295,334.29854783730815,117.88827186869563,331.8498520700617,2.3802729293091924,0.6570061107854304,0.8057324443342322,0.9067185433541448,4.3534973042923415,0,TC2,sup_int
2026-02-19 16:00:00,2026-02-18 16:00:00,2026-02-20 15:30:00,-478.2790399982127,,-293.58749135280317,-55798149332.97328,4.466790493040662e-09,0.5437503149299778,2.796137543725763e-09,0.8095197439888839,4.569615863339447,1,TC2,sup_int
2026-02-20 04:00:00,2026-02-19 04:00:00,2026-02-21 03:30:00,482.886608463063,-813.5607086124496,480.2066597343867,,2.1697601244851947,1.0533816929836348e-08,0.7962359366485852,2.430403411857185e-08,3.833866234252259,1,TC2,sup_int
2026-02-20 16:00:00,2026-02-19 16:00:00,2026-02-21 15:30:00,492.30173122617936,-979.5807887737395,456.98983316624447,,2.1303200940579874,1.1961953649830548e-09,0.8056764284779503,-3.1105291675714852e-09,0.5658760327755377,1,TC2,sup_int
2026-02-21 04:00:00,2026-02-20 04:00:00,2026-02-22 03:30:00,139.5399163092543,331.7771491151035,119.36118397977638,333.7684197937854,2.1272411522578443,0.5782600885921245,0.8122107430965766,0.9497427637372823,4.408693586541167,0,TC2,sup_int
2026-02-21 16:00:00,2026-02-20 16:00:00,2026-02-22 15:30:00,134.27802969843185,336.76016546398455,120.43909212668557,329.97094033145135,2.277684643291356,0.6380260554126418,0.8209926532786529,0.9569425368032374,4.490291711972224,0,TC2,sup_int
2026-02-22 04:00:00,2026-02-21 04:00:00,2026-02-23 03:30:00,481.9473071821238,-860.7362267082173,500.4088301489851,,2.272352426565455,5.803310831886677e-09,0.8188602817007238,1.739241928255808e-08,4.158148206834724,1,TC2,sup_int
2026-02-22 16:00:00,2026-02-21 16:00:00,2026-02-23 15:30:00,-211.37657993410127,,54.60659367797619,-4425.431159625587,1.395608961729522e-09,1.4869824149776889e-08,8.601714895917212e-10,4.766417593948802e-08,4.978845496745543,1,TC2,sup_int
2026-02-23 04:00:00,2026-02-22 04:00:00,2026-02-24 03:30:00,135.503966249558,336.72828941394016,119.53936323713371,329.99530600380683,2.2136013707303923,0.6199573510645395,0.809893399202291,0.930887961989042,4.447051269994921,0,TC2,sup_int
2026-02-23 16:00:00,2026-02-22 16:00:00,2026-02-24 15:30:00,483.20907416354476,-797.1410146379668,473.0731031849449,,2.100529069963864,1.2825857265141849e-08,0.8084777739113067,3.6106769019106366e-08,3.7218362671598624,1,TC2,sup_int
2026-02-24 04:00:00,2026-02-23 04:00:00,2026-02-25 03:30:00,135.53465300157868,337.0396308533697,119.34264271501412,329.7572817635527,2.1300865122057737,0.5976736912614757,0.8142446376547225,0.9694039444309879,4.439490917288634,0,TC2,sup_int
2025-12-22 16:00:00,2025-12-21 16:00:00,2025-12-23 15:30:00,,,,,,,,,,2,TC2,int_inf
2025-12-23 04:00:00,2025-12-22 04:00:00,2025-12-24 03:30:00,,,,,,,,,,2,TC2,int_inf
2025-12-23 16:00:00,2025-12-22 16:00:00,2025-12-24 15:30:00,,,,,,,,,,2,TC2,int_inf
2025-12-24 04:00:00,2025-12-23 04:00:00,2025-12-25 03:30:00,,,,,,,,,,2,TC2,int_inf
2025-12-24 16:00:00,2025-12-23 16:00:00,2025-12-25 15:30:00,,,,,,,,,,2,TC2,int_inf
2025-12-25 04:00:00,2025-12-24 04:00:00,2025-12-26 03:30:00,,,,,,,,,,2,TC2,int_inf
2025-12-25 16:00:00,2025-12-24 16:00:00,2025-12-26 15:30:00,,,,,,,,,,2,TC2,int_inf
2025-12-26 04:00:00,2025-12-25 04:00:00,2025-12-27 03:30:00,,,,,,,,,,2,TC2,int_inf
2025-12-26 16:00:00,2025-12-25 16:00:00,2025-12-27 15:30:00,,,,,,,,,,2,TC2,int_inf
2025-12-27 04:00:00,2025-12-26 04:00:00,2025-12-28 03:30:00,,,,,,,,,,2,TC2,int_inf
2025-12-27 16:00:00,2025-12-26 16:00:00,2025-12-28 15:30:00,,,,,,,,,,2,TC2,int_inf
2025-12-28 04:00:00,2025-12-27 04:00:00,2025-12-29 03:30:00,,,,,,,,,,2,TC2,int_inf
2025-12-28 16:00:00,2025-12-27 16:00:00,2025-12-29 15:30:00,,,,,,,,,,2,TC2,int_inf
2025-12-29 04:00:00,2025-12-28 04:00:00,2025-12-30 03:30:00,,,,,,,,,,2,TC2,int_inf
2025-12-29 16:00:00,2025-12-28 16:00:00,2025-12-30 15:30:00,,,,,,,,,,2,TC2,int_inf
2025-12-30 04:00:00,2025-12-29 04:00:00,2025-12-31 03:30:00,,,,,,,,,,2,TC2,int_inf
2025-12-30 16:00:00,2025-12-29 16:00:00,2025-12-31 15:30:00,,,,,,,,,,2,TC2,int_inf
2025-12-31 04:00:00,2025-12-30 04:00:00,2026-01-01 03:30:00,,,,,,,,,,2,TC2,int_inf
2025-12-31 16:00:00,2025-12-30 16:00:00,2026-01-01 15:30:00,,,,,,,,,,2,TC2,int_inf
2026-01-01 04:00:00,2025-12-31 04:00:00,2026-01-02 03:30:00,,,,,,,,,,2,TC2,int_inf
2026-01-01 16:00:00,2025-12-31 16:00:00,2026-01-02 15:30:00,,,,,,,,,,2,TC2,int_inf
2026-01-02 04:00:00,2026-01-01 04:00:00,2026-01-03 03:30:00,,,,,,,,,,2,TC2,int_inf
2026-01-02 16:00:00,2026-01-01 16:00:00,2026-01-03 15:30:00,,,,,,,,,,2,TC2,int_inf
2026-01-03 04:00:00,2026-01-02 04:00:00,2026-01-04 03:30:00,,,,,,,,,,2,TC2,int_inf
2026-01-03 16:00:00,2026-01-02 16:00:00,2026-01-04 15:30:00,,,,,,,,,,2,TC2,int_inf
2026-01-04 04:00:00,2026-01-03 04:00:00,2026-01-05 03:30:00,,,,,,,,,,2,TC2,int_inf
2026-01-04 16:00:00,2026-01-03 16:00:00,2026-01-05 15:30:00,,,,,,,,,,2,TC2,int_inf
2026-01-05 04:00:00,2026-01-04 04:00:00,2026-01-06 03:30:00,,,,,,,,,,2,TC2,int_inf
2026-01-05 16:00:00,2026-01-04 16:00:00,2026-01-06 15:30:00,,,,,,,,,,2,TC2,int_inf
2026-01-06 04:00:00,2026-01-05 04:00:00,2026-01-07 03:30:00,,,,,,,,,,2,TC2,int_inf
2026-01-06 16:00:00,2026-01-05 16:00:00,2026-01-07 15:30:00,,,,,,,,,,2,TC2,int_inf
2026-01-07 04:00:00,2026-01-06 04:00:00,2026-01-08 03:30:00,,,,,,,,,,2,TC2,int_inf
2026-01-07 16:00:00,2026-01-06 16:00:00,2026-01-08 15:30:00,,,,,,,,,,2,TC2,int_inf
2026-01-08 04:00:00,2026-01-07 04:00:00,2026-01-09 03:30:00,,,,,,,,,,2,TC2,int_inf
2026-01-08 16:00:00,2026-01-07 16:00:00,2026-01-09 15:30:00,,,,,,,,,,2,TC2,int_inf
2026-01-09 04:00:00,2026-01-08 04:00:00,2026-01-10 03:30:00,,,,,,,,,,2,TC2,int_inf
2026-01-09 16:00:00,2026-01-08 16:00:00,2026-01-10 15:30:00,,,,,,,,,,2,TC2,int_inf
2026-01-10 04:00:00,2026-01-09 04:00:00,2026-01-11 03:30:00,,,,,,,,,,2,TC2,int_inf
2026-01-10 16:00:00,2026-01-09 16:00:00,2026-01-11 15:30:00,,,,,,,,,,2,TC2,int_inf
2026-01-11 04:00:00,2026-01-10 04:00:00,2026-01-12 03:30:00,,,,,,,,,,2,TC2,int_inf
2026-01-11 16:00:00,2026-01-10 16:00:00,2026-01-12 15:30:00,,,,,,,,,,2,TC2,int_inf
2026-01-12 04:00:00,2026-01-11 04:00:00,2026-01-13 03:30:00,,,,,,,,,,2,TC2,int_inf
2026-01-12 16:00:00,2026-01-11 16:00:00,2026-01-13 15:30:00,,,,,,,,,,2,TC2,int_inf
2026-01-13 04:00:00,2026-01-12 04:00:00,2026-01-14 03:30:00,,,,,,,,,,2,TC2,int_inf
2026-01-13 16:00:00,2026-01-12 16:00:00,2026-01-14 15:30:00,,,,,,,,,,2,TC2,int_inf
2026-01-14 04:00:00,2026-01-13 04:00:00,2026-01-15 03:30:00,,,,,,,,,,2,TC2,int_inf
2026-01-14 16:00:00,2026-01-13 16:00:00,2026-01-15 15:30:00,,,,,,,,,,2,TC2,int_inf
2026-01-15 04:00:00,2026-01-14 04:00:00,2026-01-16 03:30:00,,,,,,,,,,2,TC2,int_inf
2026-01-15 16:00:00,2026-01-14 16:00:00,2026-01-16 15:30:00,,,,,,,,,,2,TC2,int_inf
2026-01-16 04:00:00,2026-01-15 04:00:00,2026-01-17 03:30:00,,,,,,,,,,2,TC2,int_inf
2026-01-16 16:00:00,2026-01-15 16:00:00,2026-01-17 15:30:00,,,,,,,,,,2,TC2,int_inf
2026-01-17 04:00:00,2026-01-16 04:00:00,2026-01-18 03:30:00,,,,,,,,,,2,TC2,int_inf
2026-01-17 16:00:00,2026-01-16 16:00:00,2026-01-18 15:30:00,,,,,,,,,,2,TC2,int_inf
2026-01-18 04:00:00,2026-01-17 04:00:00,2026-01-19 03:30:00,,,,,,,,,,2,TC2,int_inf
2026-01-18 16:00:00,2026-01-17 16:00:00,2026-01-19 15:30:00,,,,,,,,,,2,TC2,int_inf
2026-01-19 04:00:00,2026-01-18 04:00:00,2026-01-20 03:30:00,,,,,,,,,,2,TC2,int_inf
2026-01-19 16:00:00,2026-01-18 16:00:00,2026-01-20 15:30:00,,,,,,,,,,2,TC2,int_inf
2026-01-20 04:00:00,2026-01-19 04:00:00,2026-01-21 03:30:00,,,,,,,,,,2,TC2,int_inf
2026-01-20 16:00:00,2026-01-19 16:00:00,2026-01-21 15:30:00,,,,,,,,,,2,TC2,int_inf
2026-01-21 04:00:00,2026-01-20 04:00:00,2026-01-22 03:30:00,,,,,,,,,,2,TC2,int_inf
2026-01-21 16:00:00,2026-01-20 16:00:00,2026-01-22 15:30:00,,,,,,,,,,2,TC2,int_inf
2026-01-22 04:00:00,2026-01-21 04:00:00,2026-01-23 03:30:00,,,,,,,,,,2,TC2,int_inf
2026-01-22 16:00:00,2026-01-21 16:00:00,2026-01-23 15:30:00,,,,,,,,,,2,TC2,int_inf
2026-01-23 04:00:00,2026-01-22 04:00:00,2026-01-24 03:30:00,,,,,,,,,,2,TC2,int_inf
2026-01-23 16:00:00,2026-01-22 16:00:00,2026-01-24 15:30:00,,,,,,,,,,2,TC2,int_inf
2026-01-24 04:00:00,2026-01-23 04:00:00,2026-01-25 03:30:00,52.41937401678214,339.88115477457853,,327.58105002751915,1.3160000000000007,0.3755000000000006,0.0,0.0,,1,TC2,int_inf
2026-01-24 16:00:00,2026-01-23 16:00:00,2026-01-25 15:30:00,441.1917915745398,-260.39832471347444,312.2688012862236,,3.1380775089573376e-08,1.4420686866856158e-12,-4.060451530563114e-08,-6.889155912404021e-12,4.953714913944788,1,TC2,int_inf
2026-01-25 04:00:00,2026-01-24 04:00:00,2026-01-26 03:30:00,-472.25780563487666,,-245.56489949450338,-8069772614.240863,1.860887777205278e-08,0.32761640885789084,3.086260436102606e-08,0.9275391644598069,4.933808459934657,1,TC2,int_inf
2026-01-25 16:00:00,2026-01-24 16:00:00,2026-01-26 15:30:00,-468.653554036947,,-242.543903563523,-12723271762.75902,1.0748162360130209e-08,0.2983439101562622,1.4890628063923828e-08,0.8221784026815291,5.533665931158772,1,TC2,int_inf
2026-01-26 04:00:00,2026-01-25 04:00:00,2026-01-27 03:30:00,-489.80020654109245,,-363.4569955810463,-124979295445.61751,1.0419594076438443e-09,0.284101164446703,-1.7204757618571875e-09,0.741929022223076,2.032873784655001,1,TC2,int_inf
2026-01-26 16:00:00,2026-01-25 16:00:00,2026-01-27 15:30:00,124.51229063698955,325.4253000671759,135.36194643289588,338.57214052382096,1.0478943578526825,0.2738731484775568,0.877794571682391,0.6783449421639176,5.134990140895184,0,TC2,int_inf
2026-01-27 04:00:00,2026-01-26 04:00:00,2026-01-28 03:30:00,-488.99446946732303,,-329.9704091190347,-28118923831.458572,4.7852145579341254e-09,0.29355146875212246,-7.423293091335381e-09,0.680319103301737,2.143450712224996,1,TC2,int_inf
2026-01-27 16:00:00,2026-01-26 16:00:00,2026-01-28 15:30:00,123.6814376677623,330.61001354239085,132.8672885606703,334.654351435711,1.0364173319876921,0.2797320557773029,0.9150449167696569,0.8058180442637249,5.0478046061135755,0,TC2,int_inf
2026-01-28 04:00:00,2026-01-27 04:00:00,2026-01-29 03:30:00,124.7918699911091,334.2994188917765,129.60761789456322,331.84918820512,1.16771118956525,0.3223148922495264,0.9549483751465603,0.9758498982889547,4.914255425683106,0,TC2,int_inf
2026-01-28 16:00:00,2026-01-27 16:00:00,2026-01-29 15:30:00,109.04601025453279,371.7651824960692,122.07721901645375,302.8466124865749,0.9265242062182579,0.3143660641436307,0.8691093635607322,0.8386277524322979,4.760327112229062,0,TC2,int_inf
2026-01-29 04:00:00,2026-01-28 04:00:00,2026-01-30 03:30:00,125.948286872174,325.2026583917755,134.19412028433015,338.73969645189726,1.1105636349255648,0.28984615648959655,0.8809379233473369,0.6387761616014026,5.077711798249521,0,TC2,int_inf
2026-01-29 16:00:00,2026-01-28 16:00:00,2026-01-30 15:30:00,104.74800536187527,383.5405306291287,119.65673766968617,293.66103524635474,0.9183320463548501,0.32998956846157834,0.9015490435911107,0.6728492554214484,4.701894830371881,0,TC2,int_inf
2026-01-30 04:00:00,2026-01-29 04:00:00,2026-01-31 03:30:00,123.98062982497609,328.7003804560933,133.78621149658136,336.1008001600558,1.0173914169790088,0.2713863868586266,0.9514007732906988,0.7128063625752499,5.080013031810164,0,TC2,int_inf
2026-01-30 16:00:00,2026-01-29 16:00:00,2026-01-31 15:30:00,479.34108152154,-827.3855826379303,499.3053351487635,,1.0583951042152442,4.245975737671159e-09,0.9490312598232664,2.3834377249620786e-08,4.556952609562026,1,TC2,int_inf
2026-01-31 04:00:00,2026-01-30 04:00:00,2026-02-01 03:30:00,106.48269398437024,380.3399136899764,119.73895732061865,296.156164507833,0.7313461161635111,0.2588177590383923,0.6269445568649321,0.7618974624113444,4.690564253969694,0,TC2,int_inf
2026-01-31 16:00:00,2026-01-30 16:00:00,2026-02-01 15:30:00,474.22432759433786,-831.4188114974584,518.7242331167206,,1.103840510655013,4.190237823387122e-09,0.6866543938764158,1.1860892823456481e-08,5.430861406750489,1,TC2,int_inf
2026-02-01 04:00:00,2026-01-31 04:00:00,2026-02-02 03:30:00,492.3346854674303,-825.2366893905687,413.09900449787796,,0.5024005696726483,2.075855265459836e-09,0.2778599789478632,-3.3724039116833637e-09,0.4616236999535852,1,TC2,int_inf
2026-02-01 16:00:00,2026-01-31 16:00:00,2026-02-02 15:30:00,108.69010864269488,339.2591938705978,142.4512986890858,328.0579688967437,1.0457942153764819,0.29731289381331477,0.6756038949460315,0.28314966372786166,5.5583310857688115,1,TC2,int_inf
2026-02-02 04:00:00,2026-02-01 04:00:00,2026-02-03 03:30:00,-477.9516868476167,,-275.8542993270467,-19408117944.84551,7.228075249443577e-09,0.30604848796694517,8.253406513780703e-09,0.35475009833234816,4.362072859536031,1,TC2,int_inf
2026-02-02 16:00:00,2026-02-01 16:00:00,2026-02-03 15:30:00,-472.2353986462618,,-262.5407840340566,-25684517064.664726,3.7075226222427204e-09,0.20774920073833072,2.177628855015712e-09,0.20991860547462982,5.279301233869925,1,TC2,int_inf
2026-02-03 04:00:00,2026-02-02 04:00:00,2026-02-04 03:30:00,-468.2604404086478,,-231.81496736037406,-6390187421.497456,1.6802800706372523e-08,0.23424991581461274,1.3497506445858676e-08,0.14750057327430144,5.358360097716804,1,TC2,int_inf
2026-02-03 16:00:00,2026-02-02 16:00:00,2026-02-04 15:30:00,62.27889218665215,504.2236733687749,110.43872930161474,206.18073176589127,0.8153841094000691,0.4486135564147918,0.519542121251871,0.3306183215998335,4.686827683959628,0,TC2,int_inf
2026-02-04 04:00:00,2026-02-03 04:00:00,2026-02-05 03:30:00,-466.5274913603005,,-248.8456682315515,-29790380394.822178,2.1038984998611454e-09,0.1367366637677008,3.3958023060165488e-09,0.06439480197572389,6.082888857366647,1,TC2,int_inf
2026-02-04 16:00:00,2026-02-03 16:00:00,2026-02-05 15:30:00,89.39346319443739,426.975613213959,112.53413531541453,260.2965962466671,0.8254603051804071,0.3567021647164331,0.9023002761582862,0.4608543416054164,4.545547118932763,0,TC2,int_inf
2026-02-05 04:00:00,2026-02-04 04:00:00,2026-02-06 03:30:00,155.01880911770812,290.08704236717335,132.85868233791206,364.256938684882,0.5332907559293729,0.10949556033758655,0.45784113526928194,0.1751963017673701,4.773903001737554,1,TC2,int_inf
2026-02-05 16:00:00,2026-02-04 16:00:00,2026-02-06 15:30:00,-470.98707657019605,,-229.91964775866967,-3472943031.266753,1.8578326210771934e-08,0.14076297626239836,1.8729200301770277e-08,0.16389627283977337,4.839287088756943,1,TC2,int_inf
2026-02-06 04:00:00,2026-02-05 04:00:00,2026-02-07 03:30:00,-473.3947131871393,,-245.036751530809,-6316656622.103953,1.660827636529305e-08,0.22887375949616623,1.3053528369333378e-08,0.19759609837438952,4.71414429957132,1,TC2,int_inf
2026-02-06 16:00:00,2026-02-05 16:00:00,2026-02-07 15:30:00,-484.12463991072747,,-282.6399110847965,-7610221083.1557455,1.0444704323653298e-08,0.17341137819742042,-1.5234108197148544e-08,0.1474575060488077,3.101192492854726,1,TC2,int_inf
2026-02-07 04:00:00,2026-02-06 04:00:00,2026-02-08 03:30:00,482.67815290629017,-807.3387797984391,478.9244225945678,,0.7086677569064118,3.751452093414542e-09,0.890777551836621,1.1822093304303394e-08,3.8590504763134863,1,TC2,int_inf
2026-02-07 16:00:00,2026-02-06 16:00:00,2026-02-08 15:30:00,-464.16660352619635,,-217.6089756142691,-4645367731.583305,1.418376394113352e-08,0.1437460026142426,2.838503165847328e-08,0.32029916774262523,5.719202150705323,1,TC2,int_inf
2026-02-08 04:00:00,2026-02-07 04:00:00,2026-02-09 03:30:00,-489.7738611745558,,-348.3950518899934,-56486291125.94669,1.8974388726888947e-09,0.23382718278056275,-4.384664409329275e-09,0.6464287436959484,1.9594147619347844,1,TC2,int_inf
2026-02-08 16:00:00,2026-02-07 16:00:00,2026-02-09 15:30:00,491.20500005956893,-777.2861341030148,417.43579879422117,,0.7296552998765098,5.902484612185788e-09,0.9132918250752764,-3.322011576933903e-08,1.340958364303943,1,TC2,int_inf
2026-02-09 04:00:00,2026-02-08 04:00:00,2026-02-10 03:30:00,110.99620612202084,376.7339001137405,117.49886307242724,298.96918253444846,0.6287680228934736,0.21865740761378175,0.884972780243149,0.6942706134000558,4.565885573236601,0,TC2,int_inf
2026-02-09 16:00:00,2026-02-08 16:00:00,2026-02-10 15:30:00,150.276786291785,285.1979982834869,139.49526705193125,367.6347735157735,0.7431637008529994,0.1471102426047173,0.9086724393838856,0.48835127160485936,5.054902172521249,0,TC2,int_inf
2026-02-10 04:00:00,2026-02-09 04:00:00,2026-02-11 03:30:00,-472.65884002921865,,-233.77519058099838,-3376153516.571793,3.0025965269686594e-08,0.2211583611244121,8.290500308483217e-08,0.6625891508926407,4.626539913693483,1,TC2,int_inf
2026-02-10 16:00:00,2026-02-09 16:00:00,2026-02-11 15:30:00,149.71764826953546,286.8026282651055,138.88622980223275,366.53162253221575,0.7533573212299977,0.15094117642938587,0.9052536878357867,0.4936414024108936,5.037845311509273,0,TC2,int_inf
2026-02-11 04:00:00,2026-02-10 04:00:00,2026-02-12 03:30:00,491.8889005261189,-730.0616535265184,393.3764403372959,,0.6174606432980801,9.927379696073046e-09,0.8302143625933188,-4.650875795597642e-08,0.8766347551842224,1,TC2,int_inf
2026-02-11 16:00:00,2026-02-10 16:00:00,2026-02-12 15:30:00,476.61179886299936,-765.8462540494678,486.3933626315527,,0.7208826062352268,6.871305052724708e-09,0.8542879633260154,3.204673715284656e-08,4.804549459428301,1,TC2,int_inf
2026-02-12 04:00:00,2026-02-11 04:00:00,2026-02-13 03:30:00,491.87409399442896,-775.578279829707,408.1368449276748,,0.5796483112195925,4.804841607919386e-09,0.8440918198216051,-1.932235416113315e-08,0.9204189376939342,1,TC2,int_inf
2026-02-12 16:00:00,2026-02-11 16:00:00,2026-02-13 15:30:00,152.45420096742936,281.0002963222118,140.55534699024915,370.4944636060726,0.6394873714606228,0.12259772274924927,0.8936543918510381,0.2994091056343764,5.07360104907181,1,TC2,int_inf
2026-02-13 04:00:00,2026-02-12 04:00:00,2026-02-14 03:30:00,103.85961402458831,386.8643491905714,118.70033558596793,291.0722929436297,0.6100197845490016,0.22264715864813586,0.957737672526109,0.6999066482080579,4.671727314092316,0,TC2,int_inf
2026-02-13 16:00:00,2026-02-12 16:00:00,2026-02-14 15:30:00,138.46585007046815,310.8987829653311,132.47612643979846,349.36979113945887,0.6037917227103494,0.14358109333380167,0.9587001932938747,0.7319999811201052,4.902451741714892,0,TC2,int_inf
2026-02-14 04:00:00,2026-02-13 04:00:00,2026-02-15 03:30:00,-470.87817765606985,,-251.48473797218716,-15664595614.749075,5.406254555140322e-09,0.18475654462257263,1.4125442704404634e-08,0.9642480732610736,5.313830973607853,1,TC2,int_inf
2026-02-14 16:00:00,2026-02-13 16:00:00,2026-02-15 15:30:00,491.562769511282,-729.6715707809902,397.7925203592557,,0.5918725220761559,9.571134329533493e-09,0.970013925920674,-9.258808830736598e-08,1.093716680417459,1,TC2,int_inf
2026-02-15 04:00:00,2026-02-14 04:00:00,2026-02-16 03:30:00,478.8288322494588,-705.1570086361028,455.5786531943187,,0.5726281070775162,1.3361419415325315e-08,0.9667619423270991,1.2996352438676695e-07,4.225369681865262,1,TC2,int_inf
2026-02-15 16:00:00,2026-02-14 16:00:00,2026-02-16 15:30:00,128.77368545858266,329.7584563491653,128.92142333093614,335.299842944026,0.5995902215895935,0.16098678367343539,0.952662143963593,0.9451950016862548,4.8537697444147545,0,TC2,int_inf
2026-02-16 04:00:00,2026-02-15 04:00:00,2026-02-17 03:30:00,479.18410832326373,-724.1161133452133,461.72057593617757,,0.5439888581999965,9.553270896578425e-09,0.915816747616311,7.309203675642806e-08,4.235071243847828,1,TC2,int_inf
2026-02-16 16:00:00,2026-02-15 16:00:00,2026-02-17 15:30:00,491.4297956532725,-864.0015033315098,441.46548089375494,,0.6446421413579688,1.5761439098316288e-09,0.8709760233229171,-1.0588743215578234e-08,1.2942268924443798,1,TC2,int_inf
2026-02-17 04:00:00,2026-02-16 04:00:00,2026-02-18 03:30:00,491.7892540872612,-956.1945337632897,462.37671348112525,,0.5878149247394155,4.397003872114169e-10,0.8316968948867127,-2.1361332702696245e-09,1.110437727550797,1,TC2,int_inf
2026-02-17 16:00:00,2026-02-16 16:00:00,2026-02-18 15:30:00,144.17757401386598,295.89012142422945,137.37776458367884,360.1850856984233,0.6433027172612634,0.1377979546404445,0.9098783415196262,0.44362669071161076,5.032490103946192,0,TC2,int_inf
2026-02-18 04:00:00,2026-02-17 04:00:00,2026-02-19 03:30:00,491.49911818910044,-713.5933103035017,393.2526606029136,,0.6495697197267957,1.3349591682088047e-08,0.9757023704618246,-8.195626310936177e-08,1.116206473195379,1,TC2,int_inf
2026-02-18 16:00:00,2026-02-17 16:00:00,2026-02-19 15:30:00,478.2048220343178,-798.2880168009276,492.99724756077785,,0.5984221884998175,3.59556165396846e-09,0.9423338000934243,3.601081277615492e-08,4.65906126065161,1,TC2,int_inf
2026-02-19 04:00:00,2026-02-18 04:00:00,2026-02-20 03:30:00,491.5487052299179,-796.8301066516741,419.4766936466802,,0.6570061107854304,4.029259842441846e-09,0.9067185433541448,-3.241850565771642e-08,1.1617003027929114,1,TC2,int_inf
2026-02-19 16:00:00,2026-02-18 16:00:00,2026-02-20 15:30:00,92.83820002262524,403.57031284013397,121.12752895597733,278.12537922332604,0.5437503149299778,0.21381843476744955,0.8095197439888839,0.736382663062831,4.862405001249284,0,TC2,int_inf
2026-02-20 04:00:00,2026-02-19 04:00:00,2026-02-21 03:30:00,-465.4312927760207,,-221.70312116116583,-5054211902.033188,1.0533816929836348e-08,0.11615111730590924,2.430403411857185e-08,0.2913572539047228,5.607654907627045,1,TC2,int_inf
2026-02-20 16:00:00,2026-02-19 16:00:00,2026-02-21 15:30:00,-176.29598806350393,,25.1664402038829,-510.7479288539003,1.1961953649830548e-09,2.529080944668749e-09,-3.1105291675714852e-09,1.4458399921757348e-08,1.952885851499857,1,TC2,int_inf
2026-02-21 04:00:00,2026-02-20 04:00:00,2026-02-22 03:30:00,144.66047698420323,299.89745692954995,134.45032463507016,357.3358201025988,0.5782600885921245,0.12746008447235915,0.9497427637372823,0.657222919304997,4.921022948757063,0,TC2,int_inf
2026-02-21 16:00:00,2026-02-20 16:00:00,2026-02-22 15:30:00,478.2302024916946,-781.125402082594,486.58822128620335,,0.6380260554126418,4.886349269650481e-09,0.9569425368032374,5.414702386463688e-08,4.595061732939067,1,TC2,int_inf
2026-02-22 04:00:00,2026-02-21 04:00:00,2026-02-23 03:30:00,45.883991859958385,591.9647213242421,102.05039209964747,156.54612769427027,5.803310831886677e-09,3.8213169850642714e-09,1.739241928255808e-08,3.5232902151349776e-08,4.465122510179887,1,TC2,int_inf
2026-02-22 16:00:00,2026-02-21 16:00:00,2026-02-23 15:30:00,-473.1026039893456,,-241.94815002695853,-5414002470.050466,1.4869824149776889e-08,0.17563394602897062,4.766417593948802e-08,0.9525711340231935,4.70772778851118,1,TC2,int_inf
2026-02-23 04:00:00,2026-02-22 04:00:00,2026-02-24 03:30:00,133.6404134478005,322.62039008029063,129.19732638451418,340.67872012775507,0.6199573510645395,0.15918017275572566,0.930887961989042,0.8474369394293237,4.82228150653072,0,TC2,int_inf
2026-02-23 16:00:00,2026-02-22 16:00:00,2026-02-24 15:30:00,51.15248786641648,546.1228149759447,110.88237871766857,180.8217685795325,1.2825857265141849e-08,7.766198184544493e-09,3.6106769019106366e-08,5.8769476951603394e-08,4.803870612895455,1,TC2,int_inf
2026-02-24 04:00:00,2026-02-23 04:00:00,2026-02-25 03:30:00,138.78237153047485,310.61905372590905,132.39565285772707,349.5747793847817,0.5976736912614757,0.14185894468417962,0.9694039444309879,0.75032364571051,4.896718804236916,0,TC2,int_inf
2025-12-22 16:00:00,2025-12-21 16:00:00,2025-12-23 15:30:00,,,,,,,,,,2,TC2,sup_inf
2025-12-23 04:00:00,2025-12-22 04:00:00,2025-12-24 03:30:00,,,,,,,,,,2,TC2,sup_inf
2025-12-23 16:00:00,2025-12-22 16:00:00,2025-12-24 15:30:00,,,,,,,,,,2,TC2,sup_inf
2025-12-24 04:00:00,2025-12-23 04:00:00,2025-12-25 03:30:00,,,,,,,,,,2,TC2,sup_inf
2025-12-24 16:00:00,2025-12-23 16:00:00,2025-12-25 15:30:00,,,,,,,,,,2,TC2,sup_inf
2025-12-25 04:00:00,2025-12-24 04:00:00,2025-12-26 03:30:00,,,,,,,,,,2,TC2,sup_inf
2025-12-25 16:00:00,2025-12-24 16:00:00,2025-12-26 15:30:00,,,,,,,,,,2,TC2,sup_inf
2025-12-26 04:00:00,2025-12-25 04:00:00,2025-12-27 03:30:00,,,,,,,,,,2,TC2,sup_inf
2025-12-26 16:00:00,2025-12-25 16:00:00,2025-12-27 15:30:00,,,,,,,,,,2,TC2,sup_inf
2025-12-27 04:00:00,2025-12-26 04:00:00,2025-12-28 03:30:00,,,,,,,,,,2,TC2,sup_inf
2025-12-27 16:00:00,2025-12-26 16:00:00,2025-12-28 15:30:00,,,,,,,,,,2,TC2,sup_inf
2025-12-28 04:00:00,2025-12-27 04:00:00,2025-12-29 03:30:00,,,,,,,,,,2,TC2,sup_inf
2025-12-28 16:00:00,2025-12-27 16:00:00,2025-12-29 15:30:00,,,,,,,,,,2,TC2,sup_inf
2025-12-29 04:00:00,2025-12-28 04:00:00,2025-12-30 03:30:00,,,,,,,,,,2,TC2,sup_inf
2025-12-29 16:00:00,2025-12-28 16:00:00,2025-12-30 15:30:00,,,,,,,,,,2,TC2,sup_inf
2025-12-30 04:00:00,2025-12-29 04:00:00,2025-12-31 03:30:00,,,,,,,,,,2,TC2,sup_inf
2025-12-30 16:00:00,2025-12-29 16:00:00,2025-12-31 15:30:00,,,,,,,,,,2,TC2,sup_inf
2025-12-31 04:00:00,2025-12-30 04:00:00,2026-01-01 03:30:00,,,,,,,,,,2,TC2,sup_inf
2025-12-31 16:00:00,2025-12-30 16:00:00,2026-01-01 15:30:00,,,,,,,,,,2,TC2,sup_inf
2026-01-01 04:00:00,2025-12-31 04:00:00,2026-01-02 03:30:00,,,,,,,,,,2,TC2,sup_inf
2026-01-01 16:00:00,2025-12-31 16:00:00,2026-01-02 15:30:00,,,,,,,,,,2,TC2,sup_inf
2026-01-02 04:00:00,2026-01-01 04:00:00,2026-01-03 03:30:00,,,,,,,,,,2,TC2,sup_inf
2026-01-02 16:00:00,2026-01-01 16:00:00,2026-01-03 15:30:00,,,,,,,,,,2,TC2,sup_inf
2026-01-03 04:00:00,2026-01-02 04:00:00,2026-01-04 03:30:00,,,,,,,,,,2,TC2,sup_inf
2026-01-03 16:00:00,2026-01-02 16:00:00,2026-01-04 15:30:00,,,,,,,,,,2,TC2,sup_inf
2026-01-04 04:00:00,2026-01-03 04:00:00,2026-01-05 03:30:00,,,,,,,,,,2,TC2,sup_inf
2026-01-04 16:00:00,2026-01-03 16:00:00,2026-01-05 15:30:00,,,,,,,,,,2,TC2,sup_inf
2026-01-05 04:00:00,2026-01-04 04:00:00,2026-01-06 03:30:00,,,,,,,,,,2,TC2,sup_inf
2026-01-05 16:00:00,2026-01-04 16:00:00,2026-01-06 15:30:00,,,,,,,,,,2,TC2,sup_inf
2026-01-06 04:00:00,2026-01-05 04:00:00,2026-01-07 03:30:00,,,,,,,,,,2,TC2,sup_inf
2026-01-06 16:00:00,2026-01-05 16:00:00,2026-01-07 15:30:00,,,,,,,,,,2,TC2,sup_inf
2026-01-07 04:00:00,2026-01-06 04:00:00,2026-01-08 03:30:00,,,,,,,,,,2,TC2,sup_inf
2026-01-07 16:00:00,2026-01-06 16:00:00,2026-01-08 15:30:00,,,,,,,,,,2,TC2,sup_inf
2026-01-08 04:00:00,2026-01-07 04:00:00,2026-01-09 03:30:00,,,,,,,,,,2,TC2,sup_inf
2026-01-08 16:00:00,2026-01-07 16:00:00,2026-01-09 15:30:00,,,,,,,,,,2,TC2,sup_inf
2026-01-09 04:00:00,2026-01-08 04:00:00,2026-01-10 03:30:00,,,,,,,,,,2,TC2,sup_inf
2026-01-09 16:00:00,2026-01-08 16:00:00,2026-01-10 15:30:00,,,,,,,,,,2,TC2,sup_inf
2026-01-10 04:00:00,2026-01-09 04:00:00,2026-01-11 03:30:00,,,,,,,,,,2,TC2,sup_inf
2026-01-10 16:00:00,2026-01-09 16:00:00,2026-01-11 15:30:00,,,,,,,,,,2,TC2,sup_inf
2026-01-11 04:00:00,2026-01-10 04:00:00,2026-01-12 03:30:00,,,,,,,,,,2,TC2,sup_inf
2026-01-11 16:00:00,2026-01-10 16:00:00,2026-01-12 15:30:00,,,,,,,,,,2,TC2,sup_inf
2026-01-12 04:00:00,2026-01-11 04:00:00,2026-01-13 03:30:00,,,,,,,,,,2,TC2,sup_inf
2026-01-12 16:00:00,2026-01-11 16:00:00,2026-01-13 15:30:00,,,,,,,,,,2,TC2,sup_inf
2026-01-13 04:00:00,2026-01-12 04:00:00,2026-01-14 03:30:00,,,,,,,,,,2,TC2,sup_inf
2026-01-13 16:00:00,2026-01-12 16:00:00,2026-01-14 15:30:00,,,,,,,,,,2,TC2,sup_inf
2026-01-14 04:00:00,2026-01-13 04:00:00,2026-01-15 03:30:00,,,,,,,,,,2,TC2,sup_inf
2026-01-14 16:00:00,2026-01-13 16:00:00,2026-01-15 15:30:00,,,,,,,,,,2,TC2,sup_inf
2026-01-15 04:00:00,2026-01-14 04:00:00,2026-01-16 03:30:00,,,,,,,,,,2,TC2,sup_inf
2026-01-15 16:00:00,2026-01-14 16:00:00,2026-01-16 15:30:00,,,,,,,,,,2,TC2,sup_inf
2026-01-16 04:00:00,2026-01-15 04:00:00,2026-01-17 03:30:00,,,,,,,,,,2,TC2,sup_inf
2026-01-16 16:00:00,2026-01-15 16:00:00,2026-01-17 15:30:00,,,,,,,,,,2,TC2,sup_inf
2026-01-17 04:00:00,2026-01-16 04:00:00,2026-01-18 03:30:00,,,,,,,,,,2,TC2,sup_inf
2026-01-17 16:00:00,2026-01-16 16:00:00,2026-01-18 15:30:00,,,,,,,,,,2,TC2,sup_inf
2026-01-18 04:00:00,2026-01-17 04:00:00,2026-01-19 03:30:00,,,,,,,,,,2,TC2,sup_inf
2026-01-18 16:00:00,2026-01-17 16:00:00,2026-01-19 15:30:00,,,,,,,,,,2,TC2,sup_inf
2026-01-19 04:00:00,2026-01-18 04:00:00,2026-01-20 03:30:00,,,,,,,,,,2,TC2,sup_inf
2026-01-19 16:00:00,2026-01-18 16:00:00,2026-01-20 15:30:00,,,,,,,,,,2,TC2,sup_inf
2026-01-20 04:00:00,2026-01-19 04:00:00,2026-01-21 03:30:00,,,,,,,,,,2,TC2,sup_inf
2026-01-20 16:00:00,2026-01-19 16:00:00,2026-01-21 15:30:00,,,,,,,,,,2,TC2,sup_inf
2026-01-21 04:00:00,2026-01-20 04:00:00,2026-01-22 03:30:00,,,,,,,,,,2,TC2,sup_inf
2026-01-21 16:00:00,2026-01-20 16:00:00,2026-01-22 15:30:00,,,,,,,,,,2,TC2,sup_inf
2026-01-22 04:00:00,2026-01-21 04:00:00,2026-01-23 03:30:00,,,,,,,,,,2,TC2,sup_inf
2026-01-22 16:00:00,2026-01-21 16:00:00,2026-01-23 15:30:00,,,,,,,,,,2,TC2,sup_inf
2026-01-23 04:00:00,2026-01-22 04:00:00,2026-01-24 03:30:00,,,,,,,,,,2,TC2,sup_inf
2026-01-23 16:00:00,2026-01-22 16:00:00,2026-01-24 15:30:00,,,,,,,,,,2,TC2,sup_inf
2026-01-24 04:00:00,2026-01-23 04:00:00,2026-01-25 03:30:00,45.911190975001894,368.3057577443543,,407.4170791342538,3.3779999999999992,0.3755000000000006,0.0,0.0,,1,TC2,sup_inf
2026-01-24 16:00:00,2026-01-23 16:00:00,2026-01-25 15:30:00,962.3541096742316,-494.6874858714479,360.28701358221485,,2.8377824817392607,1.4420686866856158e-12,0.8456944406913167,-6.889155912404021e-12,6.170405342940917,1,TC2,sup_inf
2026-01-25 04:00:00,2026-01-24 04:00:00,2026-01-26 03:30:00,535.2173033073128,376.2218560539939,56.31164988500717,403.21483487398973,2.7226889077813277,0.32761640885789084,0.8124564089271016,0.9275391644598069,3.2713217165409354,0,TC2,sup_inf
2026-01-25 16:00:00,2026-01-24 16:00:00,2026-01-26 15:30:00,513.7683529457173,369.63130073416977,60.13116668488377,406.72515964218337,2.6479451672962213,0.2983439101562622,0.8224673331751557,0.8221784026815291,3.571077323738908,0,TC2,sup_inf
2026-01-26 04:00:00,2026-01-25 04:00:00,2026-01-27 03:30:00,551.1162803356106,378.1749025093506,54.408848027231784,402.1525880590873,2.3164379963363797,0.284101164446703,0.8018070079008879,0.741929022223076,3.1083056200232226,0,TC2,sup_inf
2026-01-26 16:00:00,2026-01-25 16:00:00,2026-01-27 15:30:00,489.06882514033754,372.0443209794989,61.99874155747283,405.45336909859134,2.372334632390536,0.2738731484775568,0.8105016702258644,0.6783449421639176,3.7741260941774635,0,TC2,sup_inf
2026-01-27 04:00:00,2026-01-26 04:00:00,2026-01-28 03:30:00,531.5511344203469,377.48559683087217,56.31496524801432,402.52862741295445,2.409609713975824,0.29355146875212246,0.8149744879222935,0.680319103301737,3.284003704841835,0,TC2,sup_inf
2026-01-27 16:00:00,2026-01-26 16:00:00,2026-01-28 15:30:00,513.427640623421,367.17471809979656,60.85597327230757,408.00367365638886,2.545779498886293,0.2797320557773029,0.80748742612003,0.8058180442637249,3.6153714687908027,0,TC2,sup_inf
2026-01-28 04:00:00,2026-01-27 04:00:00,2026-01-29 03:30:00,517.894780685543,371.93828685445607,59.08570368226583,405.50958389033076,2.7949141841791003,0.3223148922495264,0.8300694084960252,0.9758498982889547,3.4942943358576466,0,TC2,sup_inf
2026-01-28 16:00:00,2026-01-27 16:00:00,2026-01-29 15:30:00,-984.366309466296,,-166.12897534994815,-6488137862.892105,2.2209123429206556e-08,0.3143660641436307,-1.1406523503509902e-08,0.8386277524322979,0.567528152681458,1,TC2,sup_inf
2026-01-29 04:00:00,2026-01-28 04:00:00,2026-01-30 03:30:00,521.8661582923482,362.91614187048367,61.2153159624636,410.1805937440534,2.756988325929755,0.28984615648959655,0.8271677932344499,0.6387761616014026,3.6055755484440866,0,TC2,sup_inf
2026-01-29 16:00:00,2026-01-28 16:00:00,2026-01-30 15:30:00,-984.5954525741241,,-186.4613197753408,-42136482308.32794,3.5896969841076043e-09,0.32998956846157834,-1.922883408056464e-09,0.6728492554214484,0.49272297300305956,1,TC2,sup_inf
2026-01-30 04:00:00,2026-01-29 04:00:00,2026-01-31 03:30:00,527.4214323484418,362.0849548614508,60.897602720770685,410.59957858264653,2.604041914929447,0.2713863868586266,0.8262069613471703,0.7128063625752499,3.5664387350717197,0,TC2,sup_inf
2026-01-30 16:00:00,2026-01-29 16:00:00,2026-01-31 15:30:00,973.5880901998363,-266.99998034520326,243.56193880011782,,2.5445424739844285,4.245975737671159e-09,0.8249125075117467,2.3834377249620786e-08,3.096891250890938,1,TC2,sup_inf
2026-01-31 04:00:00,2026-01-30 04:00:00,2026-02-01 03:30:00,560.9108998519359,376.54947526168934,53.9848283646292,403.03733840863714,2.144031040144915,0.2588177590383923,0.7140652489379533,0.7618974624113444,3.051864960794183,0,TC2,sup_inf
2026-01-31 16:00:00,2026-01-30 16:00:00,2026-02-01 15:30:00,964.5280588313976,-264.1169895568155,253.5945847490503,,2.265646756667668,4.190237823387122e-09,0.7420959953780605,1.1860892823456481e-08,4.159861375711909,1,TC2,sup_inf
2026-02-01 04:00:00,2026-01-31 04:00:00,2026-02-02 03:30:00,954.7563005388038,-277.6404137471916,269.71369253973955,,1.8192813176533549,2.075855265459836e-09,0.7269191901265586,-3.3724039116833637e-09,5.219445407209076,1,TC2,sup_inf
2026-02-01 16:00:00,2026-01-31 16:00:00,2026-02-02 15:30:00,-944.5515949255754,,-123.40358750412285,-8751194982.476204,1.5572639178174086e-08,0.29731289381331477,9.714307469543826e-09,0.28314966372786166,4.955432417780671,1,TC2,sup_inf
2026-02-02 04:00:00,2026-02-01 04:00:00,2026-02-03 03:30:00,545.5513456918528,368.6536747651161,57.36916973557122,407.2359336350709,2.7434603370607107,0.30604848796694517,0.7034142546337314,0.35475009833234816,3.296823196505987,0,TC2,sup_inf
2026-02-02 16:00:00,2026-02-01 16:00:00,2026-02-03 15:30:00,650.2088987497539,330.0935358641882,58.65798211457148,425.189582484381,2.8699734070688416,0.20774920073833072,0.6163043532197789,0.20991860547462982,2.987663915012209,1,TC2,sup_inf
2026-02-03 04:00:00,2026-02-02 04:00:00,2026-02-04 03:30:00,587.4905995200703,309.58032409830173,70.84848586285395,432.9065695935398,4.216812135685077,0.23424991581461274,0.8248003230354782,0.14750057327430144,3.8895383383544697,1,TC2,sup_inf
2026-02-03 16:00:00,2026-02-02 16:00:00,2026-02-04 15:30:00,-969.8760978373897,,-147.77797761362262,-13298886937.36104,1.5462259028709013e-08,0.4486135564147918,5.410651815473955e-09,0.3306183215998335,3.041367528608884,1,TC2,sup_inf
2026-02-04 04:00:00,2026-02-03 04:00:00,2026-02-05 03:30:00,636.0499976909252,268.18009959677613,79.9682777561209,444.61940660202055,4.5581672003682545,0.1367366637677008,0.8950043694765777,0.06439480197572389,4.146101831383035,1,TC2,sup_inf
2026-02-04 16:00:00,2026-02-03 16:00:00,2026-02-05 15:30:00,-984.9405617322185,,-183.61480427814593,-21252938875.260983,7.69312169524028e-09,0.3567021647164331,-2.5977027195978053e-09,0.4608543416054164,0.08070711105874118,1,TC2,sup_inf
2026-02-05 04:00:00,2026-02-04 04:00:00,2026-02-06 03:30:00,758.9348787816667,278.2000874672092,63.905483943534634,442.2382842671862,3.111294066092255,0.10949556033758655,0.6517890400189434,0.1751963017673701,2.7686503129445312,1,TC2,sup_inf
2026-02-05 16:00:00,2026-02-04 16:00:00,2026-02-06 15:30:00,-954.062129107692,,-126.02926518200029,-5084302390.121109,1.2690329231901387e-08,0.14076297626239836,4.691803279222029e-09,0.16389627283977337,4.161130662517416,1,TC2,sup_inf
2026-02-06 04:00:00,2026-02-05 04:00:00,2026-02-07 03:30:00,635.901008345114,372.14482696350876,49.22283914579189,405.4000572920549,1.9805471115670474,0.22887375949616623,0.7947236306497787,0.19759609837438952,2.5525180822372673,1,TC2,sup_inf
2026-02-06 16:00:00,2026-02-05 16:00:00,2026-02-07 15:30:00,-947.6268942402593,,-118.49684293114396,-3418504507.579539,2.3251835123971887e-08,0.17341137819742042,1.78659289584715e-08,0.1474575060488077,4.485005938647973,1,TC2,sup_inf
2026-02-07 04:00:00,2026-02-06 04:00:00,2026-02-08 03:30:00,978.783396965821,-266.0305730464163,234.54499447236603,,2.1717311116695326,3.751452093414542e-09,0.8131186152763187,1.1822093304303394e-08,2.26859472385177,1,TC2,sup_inf
2026-02-07 16:00:00,2026-02-06 16:00:00,2026-02-08 15:30:00,590.7918505980713,321.5984343141113,66.63768716617719,428.5429724887333,2.2090556912298633,0.1437460026142426,0.8043256926577824,0.32029916774262523,3.644751316997616,0,TC2,sup_inf
2026-02-08 04:00:00,2026-02-07 04:00:00,2026-02-09 03:30:00,612.1235255268767,364.1478155117567,52.906560714915976,409.5561679412381,2.1956899379422192,0.23382718278056275,0.7918539986418125,0.6464287436959484,2.82332755578965,0,TC2,sup_inf
2026-02-08 16:00:00,2026-02-07 16:00:00,2026-02-09 15:30:00,942.1547895496705,-254.50961817715555,269.5047812334528,,2.2659782709744336,5.902484612185788e-09,0.8047115485174836,-3.322011576933903e-08,6.024888338364399,1,TC2,sup_inf
2026-02-09 04:00:00,2026-02-08 04:00:00,2026-02-10 03:30:00,626.2575867555912,358.392073476352,53.22121165933996,412.43745156624516,2.1820402738485143,0.21865740761378175,0.7869419529000362,0.6942706134000558,2.792598517459745,0,TC2,sup_inf
2026-02-09 16:00:00,2026-02-08 16:00:00,2026-02-10 15:30:00,611.842541390041,321.3081002495841,64.65785180247588,428.65364365717505,2.269176284087516,0.1471102426047173,0.807089689843281,0.48835127160485936,3.4515697220247503,0,TC2,sup_inf
2026-02-10 04:00:00,2026-02-09 04:00:00,2026-02-11 03:30:00,625.6343065783645,359.012681013726,53.11616847930582,412.131300253169,2.192385077302685,0.2211583611244121,0.797028194838952,0.6625891508926407,2.7891893766855884,0,TC2,sup_inf
2026-02-10 16:00:00,2026-02-09 16:00:00,2026-02-11 15:30:00,-983.6314772721337,,-168.04452270199212,-10638642530.730951,6.5033534113467795e-09,0.15094117642938587,-3.840028739432455e-09,0.4936414024108936,0.8787334018007065,1,TC2,sup_inf
2026-02-11 04:00:00,2026-02-10 04:00:00,2026-02-12 03:30:00,238.40323828751818,480.8313407603802,69.16258820475237,336.10121438951103,3.7216550285990024e-08,9.927379696073046e-09,2.6498229610538715e-08,-4.650875795597642e-08,5.29719220819314,1,TC2,sup_inf
2026-02-11 16:00:00,2026-02-10 16:00:00,2026-02-12 15:30:00,972.4208168702407,-251.5246464727351,238.52146526414984,,2.3719234925812454,6.871305052724708e-09,0.8129999418747097,3.204673715284656e-08,3.1661653096900473,1,TC2,sup_inf
2026-02-12 04:00:00,2026-02-11 04:00:00,2026-02-13 03:30:00,952.843065138125,-260.09192843784274,263.2395631699285,,2.250558873803861,4.804841607919386e-09,0.8016700196179706,-1.932235416113315e-08,5.226404731524009,1,TC2,sup_inf
2026-02-12 16:00:00,2026-02-11 16:00:00,2026-02-13 15:30:00,657.5603739502252,305.42457382261335,65.14274488422286,434.3120692890434,2.3358567013228355,0.12259772274924927,0.8106455924809111,0.2994091056343764,3.2867368832597865,1,TC2,sup_inf
2026-02-13 04:00:00,2026-02-12 04:00:00,2026-02-14 03:30:00,642.9654772311609,352.9233985645253,53.27803062579977,415.08723214191156,2.357878593342384,0.22264715864813586,0.8072416024035083,0.6999066482080579,2.7386160645408983,0,TC2,sup_inf
2026-02-13 16:00:00,2026-02-12 16:00:00,2026-02-14 15:30:00,-966.3083642475966,,-149.51819900184466,-25317019391.812622,2.599564119520892e-09,0.14358109333380167,1.5107310957773734e-09,0.7319999811201052,3.518630151501602,1,TC2,sup_inf
2026-02-14 04:00:00,2026-02-13 04:00:00,2026-02-15 03:30:00,659.2354846768937,336.1758689268975,56.27141178499373,422.6522541123279,2.371023323946788,0.18475654462257263,0.8021628157997371,0.9642480732610736,2.8329649142453803,0,TC2,sup_inf
2026-02-14 16:00:00,2026-02-13 16:00:00,2026-02-15 15:30:00,948.5680555766554,-241.26453998774005,257.9993405712633,,2.293829707919924,9.571134329533493e-09,0.7971661988091104,-9.258808830736598e-08,5.395014818453955,1,TC2,sup_inf
2026-02-15 04:00:00,2026-02-14 04:00:00,2026-02-16 03:30:00,978.4173980785862,-231.84863128870344,221.06607304804868,,2.292485640256455,1.3361419415325315e-08,0.7921940112594786,1.2996352438676695e-07,2.194819316350391,1,TC2,sup_inf
2026-02-15 16:00:00,2026-02-14 16:00:00,2026-02-16 15:30:00,669.7764070881785,325.6385335768086,58.223989684915864,426.97592736711835,2.350515819851581,0.16098678367343539,0.809015936875493,0.9451950016862548,2.8907908084365133,0,TC2,sup_inf
2026-02-16 04:00:00,2026-02-15 04:00:00,2026-02-17 03:30:00,979.3928140169147,-240.6529181480429,222.88267789171556,,2.240337146209647,9.553270896578425e-09,0.7953705905464421,7.309203675642806e-08,2.056185358398025,1,TC2,sup_inf
2026-02-16 16:00:00,2026-02-15 16:00:00,2026-02-17 15:30:00,951.4289137928281,-293.24939893136997,280.19165942680615,,2.414795244651016,1.5761439098316288e-09,0.8140584868420259,-1.0588743215578234e-08,5.663590049876213,1,TC2,sup_inf
2026-02-17 04:00:00,2026-02-16 04:00:00,2026-02-18 03:30:00,959.4313468947446,-327.97764906038765,288.35946089971355,,2.3409411250239973,4.397003872114169e-10,0.8135992145290485,-2.1361332702696245e-09,5.1996422305381,1,TC2,sup_inf
2026-02-17 16:00:00,2026-02-16 16:00:00,2026-02-18 15:30:00,672.019764320122,312.72017848075126,61.655375703963884,431.80950584387614,2.3780889723013887,0.1377979546404445,0.8146177592829206,0.44362669071161076,3.0519678399702723,0,TC2,sup_inf
2026-02-18 04:00:00,2026-02-17 04:00:00,2026-02-19 03:30:00,948.2552543409159,-233.49861996556527,254.5652421910494,,2.428486954940819,1.3349591682088047e-08,0.8203855810929657,-8.195626310936177e-08,5.342070496364634,1,TC2,sup_inf
2026-02-18 16:00:00,2026-02-17 16:00:00,2026-02-19 15:30:00,977.6673508911946,-268.6301642336442,237.71102441112475,,2.2838709208084245,3.59556165396846e-09,0.798716202146491,3.601081277615492e-08,2.4787841958221373,1,TC2,sup_inf
2026-02-19 04:00:00,2026-02-18 04:00:00,2026-02-20 03:30:00,950.1618737310757,-266.5980099224662,268.68248275768786,,2.3802729293091924,4.029259842441846e-09,0.8057324443342322,-3.241850565771642e-08,5.515197607085253,1,TC2,sup_inf
2026-02-19 16:00:00,2026-02-18 16:00:00,2026-02-20 15:30:00,-969.6982192532761,,-151.88708804231013,-21941454514.104294,4.466790493040662e-09,0.21381843476744955,2.796137543725763e-09,0.736382663062831,3.1488355574091456,1,TC2,sup_inf
2026-02-20 04:00:00,2026-02-19 04:00:00,2026-02-21 03:30:00,669.5645288001049,306.8607803336583,63.59466244271322,433.8323137017824,2.1697601244851947,0.11615111730590924,0.7962359366485852,0.2913572539047228,3.1583358346997175,1,TC2,sup_inf
2026-02-20 16:00:00,2026-02-19 16:00:00,2026-02-21 15:30:00,977.6360139557218,-276.5311477295209,241.0781366850637,,2.1303200940579874,2.529080944668749e-09,0.8056764284779503,1.4458399921757348e-08,2.5187618842753947,1,TC2,sup_inf
2026-02-21 04:00:00,2026-02-20 04:00:00,2026-02-22 03:30:00,668.4052481865566,315.24572390331645,61.24864746352603,430.90505273751575,2.1272411522578443,0.12746008447235915,0.8122107430965766,0.657222919304997,3.046531228118644,0,TC2,sup_inf
2026-02-21 16:00:00,2026-02-20 16:00:00,2026-02-22 15:30:00,975.3857381250576,-259.9561533935418,237.8565498625472,,2.277684643291356,4.886349269650481e-09,0.8209926532786529,5.414702386463688e-08,2.8021681377317056,1,TC2,sup_inf
2026-02-22 04:00:00,2026-02-21 04:00:00,2026-02-23 03:30:00,978.4097344341483,-266.782597791199,235.57250428041905,,2.272352426565455,3.8213169850642714e-09,0.8188602817007238,3.5232902151349776e-08,2.3400854098350248,1,TC2,sup_inf
2026-02-22 16:00:00,2026-02-21 16:00:00,2026-02-23 15:30:00,-968.9501745963835,,-159.32788501838837,-57684690382.40668,1.395608961729522e-09,0.17563394602897062,8.601714895917212e-10,0.9525711340231935,3.403387978077137,1,TC2,sup_inf
2026-02-23 04:00:00,2026-02-22 04:00:00,2026-02-24 03:30:00,651.3173914328196,329.5562193936924,58.71123796692672,425.40827406895215,2.2136013707303923,0.15918017275572566,0.809893399202291,0.8474369394293237,2.9861474693460544,0,TC2,sup_inf
2026-02-23 16:00:00,2026-02-22 16:00:00,2026-02-24 15:30:00,978.4460559742192,-244.6675370837209,226.3206341074095,,2.100529069963864,7.766198184544493e-09,0.8084777739113067,5.8769476951603394e-08,2.242521572875731,1,TC2,sup_inf
2026-02-24 04:00:00,2026-02-23 04:00:00,2026-02-25 03:30:00,653.729925816011,323.4184562865353,60.21204094247337,427.84327384396977,2.1300865122057737,0.14185894468417962,0.8142446376547225,0.75032364571051,3.053024414345964,0,TC2,sup_inf
2025-12-22 16:00:00,2025-12-21 16:00:00,2025-12-23 15:30:00,,,,,,,,,,2,TC3,sup_int
2025-12-23 04:00:00,2025-12-22 04:00:00,2025-12-24 03:30:00,,,,,,,,,,2,TC3,sup_int
2025-12-23 16:00:00,2025-12-22 16:00:00,2025-12-24 15:30:00,,,,,,,,,,2,TC3,sup_int
2025-12-24 04:00:00,2025-12-23 04:00:00,2025-12-25 03:30:00,,,,,,,,,,2,TC3,sup_int
2025-12-24 16:00:00,2025-12-23 16:00:00,2025-12-25 15:30:00,,,,,,,,,,2,TC3,sup_int
2025-12-25 04:00:00,2025-12-24 04:00:00,2025-12-26 03:30:00,,,,,,,,,,2,TC3,sup_int
2025-12-25 16:00:00,2025-12-24 16:00:00,2025-12-26 15:30:00,,,,,,,,,,2,TC3,sup_int
2025-12-26 04:00:00,2025-12-25 04:00:00,2025-12-27 03:30:00,,,,,,,,,,2,TC3,sup_int
2025-12-26 16:00:00,2025-12-25 16:00:00,2025-12-27 15:30:00,,,,,,,,,,2,TC3,sup_int
2025-12-27 04:00:00,2025-12-26 04:00:00,2025-12-28 03:30:00,,,,,,,,,,2,TC3,sup_int
2025-12-27 16:00:00,2025-12-26 16:00:00,2025-12-28 15:30:00,,,,,,,,,,2,TC3,sup_int
2025-12-28 04:00:00,2025-12-27 04:00:00,2025-12-29 03:30:00,,,,,,,,,,2,TC3,sup_int
2025-12-28 16:00:00,2025-12-27 16:00:00,2025-12-29 15:30:00,,,,,,,,,,2,TC3,sup_int
2025-12-29 04:00:00,2025-12-28 04:00:00,2025-12-30 03:30:00,,,,,,,,,,2,TC3,sup_int
2025-12-29 16:00:00,2025-12-28 16:00:00,2025-12-30 15:30:00,,,,,,,,,,2,TC3,sup_int
2025-12-30 04:00:00,2025-12-29 04:00:00,2025-12-31 03:30:00,,,,,,,,,,2,TC3,sup_int
2025-12-30 16:00:00,2025-12-29 16:00:00,2025-12-31 15:30:00,,,,,,,,,,2,TC3,sup_int
2025-12-31 04:00:00,2025-12-30 04:00:00,2026-01-01 03:30:00,,,,,,,,,,2,TC3,sup_int
2025-12-31 16:00:00,2025-12-30 16:00:00,2026-01-01 15:30:00,,,,,,,,,,2,TC3,sup_int
2026-01-01 04:00:00,2025-12-31 04:00:00,2026-01-02 03:30:00,,,,,,,,,,2,TC3,sup_int
2026-01-01 16:00:00,2025-12-31 16:00:00,2026-01-02 15:30:00,,,,,,,,,,2,TC3,sup_int
2026-01-02 04:00:00,2026-01-01 04:00:00,2026-01-03 03:30:00,,,,,,,,,,2,TC3,sup_int
2026-01-02 16:00:00,2026-01-01 16:00:00,2026-01-03 15:30:00,,,,,,,,,,2,TC3,sup_int
2026-01-03 04:00:00,2026-01-02 04:00:00,2026-01-04 03:30:00,,,,,,,,,,2,TC3,sup_int
2026-01-03 16:00:00,2026-01-02 16:00:00,2026-01-04 15:30:00,,,,,,,,,,2,TC3,sup_int
2026-01-04 04:00:00,2026-01-03 04:00:00,2026-01-05 03:30:00,,,,,,,,,,2,TC3,sup_int
2026-01-04 16:00:00,2026-01-03 16:00:00,2026-01-05 15:30:00,,,,,,,,,,2,TC3,sup_int
2026-01-05 04:00:00,2026-01-04 04:00:00,2026-01-06 03:30:00,,,,,,,,,,2,TC3,sup_int
2026-01-05 16:00:00,2026-01-04 16:00:00,2026-01-06 15:30:00,,,,,,,,,,2,TC3,sup_int
2026-01-06 04:00:00,2026-01-05 04:00:00,2026-01-07 03:30:00,,,,,,,,,,2,TC3,sup_int
2026-01-06 16:00:00,2026-01-05 16:00:00,2026-01-07 15:30:00,,,,,,,,,,2,TC3,sup_int
2026-01-07 04:00:00,2026-01-06 04:00:00,2026-01-08 03:30:00,,,,,,,,,,2,TC3,sup_int
2026-01-07 16:00:00,2026-01-06 16:00:00,2026-01-08 15:30:00,,,,,,,,,,2,TC3,sup_int
2026-01-08 04:00:00,2026-01-07 04:00:00,2026-01-09 03:30:00,,,,,,,,,,2,TC3,sup_int
2026-01-08 16:00:00,2026-01-07 16:00:00,2026-01-09 15:30:00,,,,,,,,,,2,TC3,sup_int
2026-01-09 04:00:00,2026-01-08 04:00:00,2026-01-10 03:30:00,,,,,,,,,,2,TC3,sup_int
2026-01-09 16:00:00,2026-01-08 16:00:00,2026-01-10 15:30:00,,,,,,,,,,2,TC3,sup_int
2026-01-10 04:00:00,2026-01-09 04:00:00,2026-01-11 03:30:00,,,,,,,,,,2,TC3,sup_int
2026-01-10 16:00:00,2026-01-09 16:00:00,2026-01-11 15:30:00,,,,,,,,,,2,TC3,sup_int
2026-01-11 04:00:00,2026-01-10 04:00:00,2026-01-12 03:30:00,,,,,,,,,,2,TC3,sup_int
2026-01-11 16:00:00,2026-01-10 16:00:00,2026-01-12 15:30:00,,,,,,,,,,2,TC3,sup_int
2026-01-12 04:00:00,2026-01-11 04:00:00,2026-01-13 03:30:00,,,,,,,,,,2,TC3,sup_int
2026-01-12 16:00:00,2026-01-11 16:00:00,2026-01-13 15:30:00,,,,,,,,,,2,TC3,sup_int
2026-01-13 04:00:00,2026-01-12 04:00:00,2026-01-14 03:30:00,,,,,,,,,,2,TC3,sup_int
2026-01-13 16:00:00,2026-01-12 16:00:00,2026-01-14 15:30:00,,,,,,,,,,2,TC3,sup_int
2026-01-14 04:00:00,2026-01-13 04:00:00,2026-01-15 03:30:00,,,,,,,,,,2,TC3,sup_int
2026-01-14 16:00:00,2026-01-13 16:00:00,2026-01-15 15:30:00,,,,,,,,,,2,TC3,sup_int
2026-01-15 04:00:00,2026-01-14 04:00:00,2026-01-16 03:30:00,,,,,,,,,,2,TC3,sup_int
2026-01-15 16:00:00,2026-01-14 16:00:00,2026-01-16 15:30:00,,,,,,,,,,2,TC3,sup_int
2026-01-16 04:00:00,2026-01-15 04:00:00,2026-01-17 03:30:00,,,,,,,,,,2,TC3,sup_int
2026-01-16 16:00:00,2026-01-15 16:00:00,2026-01-17 15:30:00,,,,,,,,,,2,TC3,sup_int
2026-01-17 04:00:00,2026-01-16 04:00:00,2026-01-18 03:30:00,,,,,,,,,,2,TC3,sup_int
2026-01-17 16:00:00,2026-01-16 16:00:00,2026-01-18 15:30:00,,,,,,,,,,2,TC3,sup_int
2026-01-18 04:00:00,2026-01-17 04:00:00,2026-01-19 03:30:00,,,,,,,,,,2,TC3,sup_int
2026-01-18 16:00:00,2026-01-17 16:00:00,2026-01-19 15:30:00,,,,,,,,,,2,TC3,sup_int
2026-01-19 04:00:00,2026-01-18 04:00:00,2026-01-20 03:30:00,,,,,,,,,,2,TC3,sup_int
2026-01-19 16:00:00,2026-01-18 16:00:00,2026-01-20 15:30:00,,,,,,,,,,2,TC3,sup_int
2026-01-20 04:00:00,2026-01-19 04:00:00,2026-01-21 03:30:00,,,,,,,,,,2,TC3,sup_int
2026-01-20 16:00:00,2026-01-19 16:00:00,2026-01-21 15:30:00,,,,,,,,,,2,TC3,sup_int
2026-01-21 04:00:00,2026-01-20 04:00:00,2026-01-22 03:30:00,,,,,,,,,,2,TC3,sup_int
2026-01-21 16:00:00,2026-01-20 16:00:00,2026-01-22 15:30:00,,,,,,,,,,2,TC3,sup_int
2026-01-22 04:00:00,2026-01-21 04:00:00,2026-01-23 03:30:00,,,,,,,,,,2,TC3,sup_int
2026-01-22 16:00:00,2026-01-21 16:00:00,2026-01-23 15:30:00,,,,,,,,,,2,TC3,sup_int
2026-01-23 04:00:00,2026-01-22 04:00:00,2026-01-24 03:30:00,,,,,,,,,,2,TC3,sup_int
2026-01-23 16:00:00,2026-01-22 16:00:00,2026-01-24 15:30:00,,,,,,,,,,2,TC3,sup_int
2026-01-24 04:00:00,2026-01-23 04:00:00,2026-01-25 03:30:00,22.10864179728108,893.2248296765118,,182.3417081738238,7.408499999999999,4.6305000000000005,0.0,0.0,,1,TC3,sup_int
2026-01-24 16:00:00,2026-01-23 16:00:00,2026-01-25 15:30:00,20.934838387115924,1530.2218860522134,143.2996078914369,99.01862755404798,5.362381274446618,4.270462006568127,0.8976547342225751,0.9241858538683265,5.864550000755273,0,TC3,sup_int
2026-01-25 04:00:00,2026-01-24 04:00:00,2026-01-26 03:30:00,20.579636396104256,1545.9068503664469,143.48517417551193,97.68548811605878,5.263218254260859,4.205920358644666,0.8663461154881938,0.9015272360424027,5.875875752604701,0,TC3,sup_int
2026-01-25 16:00:00,2026-01-24 16:00:00,2026-01-26 15:30:00,19.15110580747683,1617.8846511034217,143.6208977052516,91.87018867705228,5.085600432113525,4.124800904511636,0.8598041941309825,0.9069030580469865,5.896500084105517,0,TC3,sup_int
2026-01-26 04:00:00,2026-01-25 04:00:00,2026-01-27 03:30:00,14.758300013144375,1913.361399280589,142.34523170173279,72.3793873251179,4.40653075008874,3.7506458313864743,0.8584606997295419,0.8679971616136879,5.890502143476552,0,TC3,sup_int
2026-01-26 16:00:00,2026-01-25 16:00:00,2026-01-27 15:30:00,11.117645547851211,2267.3960773304925,142.03749519908996,55.81670819519536,4.424262216949494,3.9164291028874687,0.8524516069830648,0.8716985454138217,5.916655457713468,0,TC3,sup_int
2026-01-27 04:00:00,2026-01-26 04:00:00,2026-01-28 03:30:00,11.720687543080187,2194.7782518793088,142.43262383674053,58.747972586106286,4.422927776872534,3.888586568187099,0.8789197053652245,0.8815241439283567,5.926621057412258,0,TC3,sup_int
2026-01-27 16:00:00,2026-01-26 16:00:00,2026-01-28 15:30:00,12.108909517454471,2153.43018527017,142.39578013277563,60.51378491444843,4.6683911966970815,4.087442882276084,0.885872417455923,0.8927876696151125,5.920915860834822,0,TC3,sup_int
2026-01-28 04:00:00,2026-01-27 04:00:00,2026-01-29 03:30:00,11.698334151977072,2196.5103144619193,142.51147760643505,58.67558026014234,5.138450824133156,4.518431057931405,0.9002136798741217,0.916850526807619,5.930142757497961,0,TC3,sup_int
2026-01-28 16:00:00,2026-01-27 16:00:00,2026-01-29 15:30:00,14.57368072193153,1923.3188594394246,142.90672444002314,71.82585130323915,4.875606456420183,4.155452480382644,0.884460869024893,0.8935267043132782,5.91570991199637,0,TC3,sup_int
2026-01-29 04:00:00,2026-01-28 04:00:00,2026-01-30 03:30:00,12.911439700346557,2070.716313258091,142.6637177646716,64.27483398158076,5.007618821870204,4.345725249148272,0.8960906434297805,0.9064645424310991,5.923434050943795,0,TC3,sup_int
2026-01-29 16:00:00,2026-01-28 16:00:00,2026-01-30 15:30:00,14.670924697640768,1915.0386452877135,142.9700491308703,72.28573770108865,4.764473081476883,4.056228219886993,0.892688175916568,0.9028278602165313,5.917291853794426,0,TC3,sup_int
2026-01-30 04:00:00,2026-01-29 04:00:00,2026-01-31 03:30:00,14.543422082312826,1927.5631475140456,142.69036395162243,71.59168670656956,4.748750159251335,4.049620296712442,0.8893136439278747,0.8976961321967877,5.907076406542062,0,TC3,sup_int
2026-01-30 16:00:00,2026-01-29 16:00:00,2026-01-31 15:30:00,536.7570054024933,,553.5982787474543,,4.739244747144613,2.5918946988667813e-09,0.8875613140573253,-9.463461125847061e-10,2.2089095977057855,1,TC3,sup_int
2026-01-31 04:00:00,2026-01-30 04:00:00,2026-02-01 03:30:00,16.854156997103196,1756.8895322978776,143.17752094600533,81.90591467570458,4.121326295262294,3.427152521341134,0.8170924214648506,0.7978303993543876,5.902600443465082,0,TC3,sup_int
2026-01-31 16:00:00,2026-01-30 16:00:00,2026-02-01 15:30:00,537.5060108223396,,637.609310689243,,4.257880587577556,6.581268863214973e-11,0.8424272970232285,-2.4378499219324112e-11,2.2143271036351724,1,TC3,sup_int
2026-02-01 04:00:00,2026-01-31 04:00:00,2026-02-02 03:30:00,13.658834914505556,2002.227309661893,142.65987347212243,67.63936042920668,3.4022292308286417,2.9289918944744984,0.8458879620074224,0.8219126599781259,5.9152658988577596,0,TC3,sup_int
2026-02-01 16:00:00,2026-01-31 16:00:00,2026-02-02 15:30:00,522.7216804072594,,601.3720257361296,,4.151396588612855,6.033258337367897e-09,0.6569998933432086,2.661659892488899e-09,5.217292591084746,1,TC3,sup_int
2026-02-02 04:00:00,2026-02-01 04:00:00,2026-02-03 03:30:00,42.08743286105315,947.492531115303,141.7663866812615,172.24904094751366,6.787359542591743,4.383142866559119,0.5397822209427825,0.7003795063052656,5.589756820063712,0,TC3,sup_int
2026-02-02 16:00:00,2026-02-01 16:00:00,2026-02-03 15:30:00,80.33483936933746,544.0918555845263,145.11360924663876,269.35835852566146,8.388584091413062,3.7419865691499608,0.6193867985125944,0.5843558923945622,5.362101429512739,0,TC3,sup_int
2026-02-03 04:00:00,2026-02-02 04:00:00,2026-02-04 03:30:00,75.38981444041646,586.8913717493112,142.37874849230735,256.2167385907638,11.352533367885616,5.3709491328153876,0.7734771052212861,0.90290404401875,5.3046504474668055,0,TC3,sup_int
2026-02-03 16:00:00,2026-02-02 16:00:00,2026-02-04 15:30:00,104.30237141946395,421.2929497109623,146.511905299052,311.82489363393216,12.475703656268307,4.475670807676299,0.8629027534058474,0.9213695013164491,5.2036768571088885,0,TC3,sup_int
2026-02-04 04:00:00,2026-02-03 04:00:00,2026-02-05 03:30:00,101.8606203482074,428.7988552639573,147.22742306954385,309.01511989915406,12.55556560113579,4.576869044426023,0.865815855615234,0.9000303523558435,5.250074274447206,0,TC3,sup_int
2026-02-04 16:00:00,2026-02-03 16:00:00,2026-02-05 15:30:00,100.29505515404709,434.46176774827114,147.4834618099811,306.9142469847143,12.63426818183939,4.6601424822644315,0.8578811924872985,0.9140372459665954,5.272741595258558,0,TC3,sup_int
2026-02-05 04:00:00,2026-02-04 04:00:00,2026-02-06 03:30:00,95.73732989533518,453.57671479867383,147.721746955766,299.942652835631,9.932537199170062,3.8060100027120756,0.7257850443472673,0.7441608955699162,5.321004283383303,0,TC3,sup_int
2026-02-05 16:00:00,2026-02-04 16:00:00,2026-02-06 15:30:00,525.1275885386211,,592.5199441110087,,7.986311452694128,1.1366752872277175e-08,0.597186373430381,3.4203287979650554e-09,4.820076660893887,1,TC3,sup_int
2026-02-06 04:00:00,2026-02-05 04:00:00,2026-02-07 03:30:00,59.3125220047941,732.1017104074314,139.79175136208303,217.19724061148614,5.4499175667211075,3.0156956178662653,0.5833665890651685,0.7696397598176434,5.351333235416363,0,TC3,sup_int
2026-02-06 16:00:00,2026-02-05 16:00:00,2026-02-07 15:30:00,11.504346466413226,2297.606799732611,134.32737698546202,54.65736492082373,3.698356767713002,3.282663078754252,0.860057608311561,0.8306687680066126,5.591557316653574,0,TC3,sup_int
2026-02-07 04:00:00,2026-02-06 04:00:00,2026-02-08 03:30:00,22.851887091542316,1501.5144122349548,135.4624814881547,101.52313801918261,3.8603312555620257,3.0543859992063607,0.8627652994860486,0.9057139473497208,5.524874312321524,0,TC3,sup_int
2026-02-07 16:00:00,2026-02-06 16:00:00,2026-02-08 15:30:00,521.7773375623317,,560.0404274327005,,3.9264076263814305,2.582803038109205e-08,0.8616020921508408,1.2530580351111098e-08,4.9700150217677965,1,TC3,sup_int
2026-02-08 04:00:00,2026-02-07 04:00:00,2026-02-09 03:30:00,22.675994217679428,1503.0260504980706,136.26937605058237,101.38913457765902,3.9719719037679724,3.143813294274982,0.8587718327306749,0.8865932290692253,5.559526831153546,0,TC3,sup_int
2026-02-08 16:00:00,2026-02-07 16:00:00,2026-02-09 15:30:00,18.091710938346,1735.1628520393492,136.28614676369082,83.36263197706755,4.084532993409039,3.3843206476887655,0.8698563901205261,0.9110985064601398,5.606011797228492,0,TC3,sup_int
2026-02-09 04:00:00,2026-02-08 04:00:00,2026-02-10 03:30:00,19.33809932878352,1656.56666727343,137.2458403193213,88.93833539589093,3.9779472369962083,3.2503953819056175,0.8615003203238213,0.8757714739406675,5.632877122698774,0,TC3,sup_int
2026-02-09 16:00:00,2026-02-08 16:00:00,2026-02-10 15:30:00,13.855526852951337,2033.2195809327857,137.20749942238865,66.08732444626658,4.041651160807296,3.49237223927511,0.8659714483722457,0.9053742151372982,5.687164288826929,0,TC3,sup_int
2026-02-10 04:00:00,2026-02-09 04:00:00,2026-02-11 03:30:00,14.097454201701753,2004.7030529996723,138.05048097098415,67.51353408445483,3.9483798968739356,3.4001967096806323,0.8666873459084764,0.8816905038131984,5.719602811624705,0,TC3,sup_int
2026-02-10 16:00:00,2026-02-09 16:00:00,2026-02-11 15:30:00,537.2702382759762,,558.8441204570393,,4.023264014994912,1.4829546479688815e-09,0.8637581168224877,-6.24049034669838e-10,2.0373627864482478,1,TC3,sup_int
2026-02-11 04:00:00,2026-02-10 04:00:00,2026-02-12 03:30:00,13.494321683623868,2052.7188071418263,138.6109435100953,65.13605546794464,4.073214717735196,3.527614297139409,0.8601434809069568,0.8750017224781605,5.7490916203876985,0,TC3,sup_int
2026-02-11 16:00:00,2026-02-10 16:00:00,2026-02-12 15:30:00,10.76777568144923,2346.3832154259308,138.32083502642877,52.85567540331939,4.310596324508899,3.842058217865904,0.8704254327023867,0.8866823494867352,5.7655006582068715,0,TC3,sup_int
2026-02-12 04:00:00,2026-02-11 04:00:00,2026-02-13 03:30:00,14.121559048731346,1998.0916229906516,138.56243054904817,67.850276821377,4.28422379207809,3.686446091958404,0.8692282107913321,0.8831407218481556,5.740563365149985,0,TC3,sup_int
2026-02-12 16:00:00,2026-02-11 16:00:00,2026-02-13 15:30:00,13.123888701516485,2088.8238328754373,138.4126836161141,63.424230587424205,4.465591105786994,3.88315257350294,0.8801454693636487,0.8989946811286819,5.74471929320811,0,TC3,sup_int
2026-02-13 04:00:00,2026-02-12 04:00:00,2026-02-14 03:30:00,13.740872538827386,2033.5526817461482,138.28744256967818,66.07091280691584,4.555682565453235,3.9366981716810465,0.8824266879823528,0.9071720023781426,5.733116023027275,0,TC3,sup_int
2026-02-13 16:00:00,2026-02-12 16:00:00,2026-02-14 15:30:00,14.328640404791972,1982.1468587023955,138.39667625667022,68.67202598606593,4.441794124543669,3.8145245499206233,0.8766079656074269,0.90245804793019,5.731550659670477,0,TC3,sup_int
2026-02-14 04:00:00,2026-02-13 04:00:00,2026-02-15 03:30:00,13.778515220440179,2028.640545771358,138.46418307331754,66.31350449338352,4.501157313537901,3.88733579584323,0.8851558861712443,0.9141929446942686,5.7400524824289265,0,TC3,sup_int
2026-02-14 16:00:00,2026-02-13 16:00:00,2026-02-15 15:30:00,-49.54954253761463,,115.86422490388675,-315.74445134187215,2.667345455620307e-09,4.399277830913206e-09,1.047515074681371e-09,1.7987930034379929e-09,5.4262055363127715,1,TC3,sup_int
2026-02-15 04:00:00,2026-02-14 04:00:00,2026-02-16 03:30:00,15.014193617385294,1926.7693397784774,138.4221027381975,71.63540221184371,4.297878928461022,3.6647417476009148,0.8782189029187807,0.912152683737677,5.725510226761102,0,TC3,sup_int
2026-02-15 16:00:00,2026-02-14 16:00:00,2026-02-16 15:30:00,13.655682650077543,2042.0740137213068,138.18217310643877,65.65298816288544,4.327843996278697,3.7435357272877647,0.8793233895246829,0.9122291920892341,5.7296346750827745,0,TC3,sup_int
2026-02-16 04:00:00,2026-02-15 04:00:00,2026-02-17 03:30:00,15.53808672339673,1886.8403763327042,138.44326370111642,73.88270821510665,4.199445423417008,3.5614013410373357,0.8694109856435978,0.8974833081520621,5.720975251636867,0,TC3,sup_int
2026-02-16 16:00:00,2026-02-15 16:00:00,2026-02-17 15:30:00,13.556329325865232,2052.445634159148,138.02207603378753,65.14925054694643,4.33059284439961,3.750399536393571,0.8714679031462224,0.9023012097859368,5.72402519028718,0,TC3,sup_int
2026-02-17 04:00:00,2026-02-16 04:00:00,2026-02-18 03:30:00,14.410859194186772,1974.6384903588419,138.4753607436583,69.06376206465332,4.2890093153364,3.6798608443650385,0.87023954752274,0.900495671567155,5.733957356524396,0,TC3,sup_int
2026-02-17 16:00:00,2026-02-16 16:00:00,2026-02-18 15:30:00,14.056495746052025,2005.167270807059,138.39065983049994,67.48997694485534,4.318485227154737,3.7191267457747568,0.8693095634909654,0.9003265521997756,5.734121419989979,0,TC3,sup_int
2026-02-18 04:00:00,2026-02-17 04:00:00,2026-02-19 03:30:00,13.64457407601824,2040.9639722990478,138.41491063935334,65.7072214673314,4.407006756531655,3.8115191101082546,0.8830776771569545,0.9143832381298249,5.739400329478517,0,TC3,sup_int
2026-02-18 16:00:00,2026-02-17 16:00:00,2026-02-19 15:30:00,15.597522887064553,1879.9067117219445,138.74249852487978,74.28282770122492,4.365897728930088,3.698971307732513,0.8817614085630747,0.9112511944989051,5.732726208454749,0,TC3,sup_int
2026-02-19 04:00:00,2026-02-18 04:00:00,2026-02-20 03:30:00,12.501014064803307,2147.963933037519,138.6083134294361,60.75274594525012,4.396075685706674,3.846854842700412,0.8843978126485783,0.9176427446736389,5.759334180979398,0,TC3,sup_int
2026-02-19 16:00:00,2026-02-18 16:00:00,2026-02-20 15:30:00,-533.353211796889,,-410.84211887006217,-448473467991.24084,3.756967181800519e-09,3.4648951257521605,-1.3547247768030957e-09,0.8964496474520904,3.1758040908586294,1,TC3,sup_int
2026-02-20 04:00:00,2026-02-19 04:00:00,2026-02-21 03:30:00,516.5336301404004,,576.6224966085424,,4.0006706140533,2.6751003190383926e-08,0.8632715537596094,1.3728309045113463e-08,5.691359258046438,1,TC3,sup_int
2026-02-20 16:00:00,2026-02-19 16:00:00,2026-02-21 15:30:00,521.1411603900407,,575.8382924429302,,3.904991373311824,1.627247980806601e-08,0.8725704119005195,7.25242799148873e-09,5.18512939773093,1,TC3,sup_int
2026-02-21 04:00:00,2026-02-20 04:00:00,2026-02-22 03:30:00,14.136772877480158,1995.6509092112115,138.6920028933691,67.975178722899,3.83933412591037,3.3026457309056756,0.8749362246321747,0.8901742610743322,5.745773452779899,0,TC3,sup_int
2026-02-21 16:00:00,2026-02-20 16:00:00,2026-02-22 15:30:00,-539.6272047123671,,-461.99104058873206,-171767778479.21878,1.0014409745906505e-08,3.537390410563854,3.683653382324792e-09,0.9094662583031795,0.041553966849883994,1,TC3,sup_int
2026-02-22 04:00:00,2026-02-21 04:00:00,2026-02-23 03:30:00,10.902343312560777,2329.8786452975464,138.29186817186041,53.455865060400946,4.059928101098081,3.613625269986299,0.8828367903789477,0.9131248592504821,5.762883431686472,0,TC3,sup_int
2026-02-22 16:00:00,2026-02-21 16:00:00,2026-02-23 15:30:00,-539.6272890029663,,-446.1692747566243,-87412588260.48817,1.9145711682710953e-08,3.441608248758691,7.089544395988412e-09,0.8948302017047767,0.038696009527087516,1,TC3,sup_int
2026-02-23 04:00:00,2026-02-22 04:00:00,2026-02-24 03:30:00,10.582205792233907,2371.948427703135,138.1320873797347,51.944519710786224,3.9749457110247213,3.5503389806476946,0.8756204895989209,0.9068372177472804,5.759576276923591,0,TC3,sup_int
2026-02-23 16:00:00,2026-02-22 16:00:00,2026-02-24 15:30:00,12.66542814441159,2133.6788174978283,138.36982790490092,61.383471133417,3.858187443114343,3.3711630611495758,0.8773610857266357,0.9060579571566119,5.747711883892725,0,TC3,sup_int
2026-02-24 04:00:00,2026-02-23 04:00:00,2026-02-25 03:30:00,11.908084806907636,2213.982193130243,138.21248801670802,57.95225185808175,3.84970070282439,3.3909114672332326,0.8758560691546973,0.903487696802511,5.749065780559807,0,TC3,sup_int
2025-12-22 16:00:00,2025-12-21 16:00:00,2025-12-23 15:30:00,,,,,,,,,,2,TC3,int_inf
2025-12-23 04:00:00,2025-12-22 04:00:00,2025-12-24 03:30:00,,,,,,,,,,2,TC3,int_inf
2025-12-23 16:00:00,2025-12-22 16:00:00,2025-12-24 15:30:00,,,,,,,,,,2,TC3,int_inf
2025-12-24 04:00:00,2025-12-23 04:00:00,2025-12-25 03:30:00,,,,,,,,,,2,TC3,int_inf
2025-12-24 16:00:00,2025-12-23 16:00:00,2025-12-25 15:30:00,,,,,,,,,,2,TC3,int_inf
2025-12-25 04:00:00,2025-12-24 04:00:00,2025-12-26 03:30:00,,,,,,,,,,2,TC3,int_inf
2025-12-25 16:00:00,2025-12-24 16:00:00,2025-12-26 15:30:00,,,,,,,,,,2,TC3,int_inf
2025-12-26 04:00:00,2025-12-25 04:00:00,2025-12-27 03:30:00,,,,,,,,,,2,TC3,int_inf
2025-12-26 16:00:00,2025-12-25 16:00:00,2025-12-27 15:30:00,,,,,,,,,,2,TC3,int_inf
2025-12-27 04:00:00,2025-12-26 04:00:00,2025-12-28 03:30:00,,,,,,,,,,2,TC3,int_inf
2025-12-27 16:00:00,2025-12-26 16:00:00,2025-12-28 15:30:00,,,,,,,,,,2,TC3,int_inf
2025-12-28 04:00:00,2025-12-27 04:00:00,2025-12-29 03:30:00,,,,,,,,,,2,TC3,int_inf
2025-12-28 16:00:00,2025-12-27 16:00:00,2025-12-29 15:30:00,,,,,,,,,,2,TC3,int_inf
2025-12-29 04:00:00,2025-12-28 04:00:00,2025-12-30 03:30:00,,,,,,,,,,2,TC3,int_inf
2025-12-29 16:00:00,2025-12-28 16:00:00,2025-12-30 15:30:00,,,,,,,,,,2,TC3,int_inf
2025-12-30 04:00:00,2025-12-29 04:00:00,2025-12-31 03:30:00,,,,,,,,,,2,TC3,int_inf
2025-12-30 16:00:00,2025-12-29 16:00:00,2025-12-31 15:30:00,,,,,,,,,,2,TC3,int_inf
2025-12-31 04:00:00,2025-12-30 04:00:00,2026-01-01 03:30:00,,,,,,,,,,2,TC3,int_inf
2025-12-31 16:00:00,2025-12-30 16:00:00,2026-01-01 15:30:00,,,,,,,,,,2,TC3,int_inf
2026-01-01 04:00:00,2025-12-31 04:00:00,2026-01-02 03:30:00,,,,,,,,,,2,TC3,int_inf
2026-01-01 16:00:00,2025-12-31 16:00:00,2026-01-02 15:30:00,,,,,,,,,,2,TC3,int_inf
2026-01-02 04:00:00,2026-01-01 04:00:00,2026-01-03 03:30:00,,,,,,,,,,2,TC3,int_inf
2026-01-02 16:00:00,2026-01-01 16:00:00,2026-01-03 15:30:00,,,,,,,,,,2,TC3,int_inf
2026-01-03 04:00:00,2026-01-02 04:00:00,2026-01-04 03:30:00,,,,,,,,,,2,TC3,int_inf
2026-01-03 16:00:00,2026-01-02 16:00:00,2026-01-04 15:30:00,,,,,,,,,,2,TC3,int_inf
2026-01-04 04:00:00,2026-01-03 04:00:00,2026-01-05 03:30:00,,,,,,,,,,2,TC3,int_inf
2026-01-04 16:00:00,2026-01-03 16:00:00,2026-01-05 15:30:00,,,,,,,,,,2,TC3,int_inf
2026-01-05 04:00:00,2026-01-04 04:00:00,2026-01-06 03:30:00,,,,,,,,,,2,TC3,int_inf
2026-01-05 16:00:00,2026-01-04 16:00:00,2026-01-06 15:30:00,,,,,,,,,,2,TC3,int_inf
2026-01-06 04:00:00,2026-01-05 04:00:00,2026-01-07 03:30:00,,,,,,,,,,2,TC3,int_inf
2026-01-06 16:00:00,2026-01-05 16:00:00,2026-01-07 15:30:00,,,,,,,,,,2,TC3,int_inf
2026-01-07 04:00:00,2026-01-06 04:00:00,2026-01-08 03:30:00,,,,,,,,,,2,TC3,int_inf
2026-01-07 16:00:00,2026-01-06 16:00:00,2026-01-08 15:30:00,,,,,,,,,,2,TC3,int_inf
2026-01-08 04:00:00,2026-01-07 04:00:00,2026-01-09 03:30:00,,,,,,,,,,2,TC3,int_inf
2026-01-08 16:00:00,2026-01-07 16:00:00,2026-01-09 15:30:00,,,,,,,,,,2,TC3,int_inf
2026-01-09 04:00:00,2026-01-08 04:00:00,2026-01-10 03:30:00,,,,,,,,,,2,TC3,int_inf
2026-01-09 16:00:00,2026-01-08 16:00:00,2026-01-10 15:30:00,,,,,,,,,,2,TC3,int_inf
2026-01-10 04:00:00,2026-01-09 04:00:00,2026-01-11 03:30:00,,,,,,,,,,2,TC3,int_inf
2026-01-10 16:00:00,2026-01-09 16:00:00,2026-01-11 15:30:00,,,,,,,,,,2,TC3,int_inf
2026-01-11 04:00:00,2026-01-10 04:00:00,2026-01-12 03:30:00,,,,,,,,,,2,TC3,int_inf
2026-01-11 16:00:00,2026-01-10 16:00:00,2026-01-12 15:30:00,,,,,,,,,,2,TC3,int_inf
2026-01-12 04:00:00,2026-01-11 04:00:00,2026-01-13 03:30:00,,,,,,,,,,2,TC3,int_inf
2026-01-12 16:00:00,2026-01-11 16:00:00,2026-01-13 15:30:00,,,,,,,,,,2,TC3,int_inf
2026-01-13 04:00:00,2026-01-12 04:00:00,2026-01-14 03:30:00,,,,,,,,,,2,TC3,int_inf
2026-01-13 16:00:00,2026-01-12 16:00:00,2026-01-14 15:30:00,,,,,,,,,,2,TC3,int_inf
2026-01-14 04:00:00,2026-01-13 04:00:00,2026-01-15 03:30:00,,,,,,,,,,2,TC3,int_inf
2026-01-14 16:00:00,2026-01-13 16:00:00,2026-01-15 15:30:00,,,,,,,,,,2,TC3,int_inf
2026-01-15 04:00:00,2026-01-14 04:00:00,2026-01-16 03:30:00,,,,,,,,,,2,TC3,int_inf
2026-01-15 16:00:00,2026-01-14 16:00:00,2026-01-16 15:30:00,,,,,,,,,,2,TC3,int_inf
2026-01-16 04:00:00,2026-01-15 04:00:00,2026-01-17 03:30:00,,,,,,,,,,2,TC3,int_inf
2026-01-16 16:00:00,2026-01-15 16:00:00,2026-01-17 15:30:00,,,,,,,,,,2,TC3,int_inf
2026-01-17 04:00:00,2026-01-16 04:00:00,2026-01-18 03:30:00,,,,,,,,,,2,TC3,int_inf
2026-01-17 16:00:00,2026-01-16 16:00:00,2026-01-18 15:30:00,,,,,,,,,,2,TC3,int_inf
2026-01-18 04:00:00,2026-01-17 04:00:00,2026-01-19 03:30:00,,,,,,,,,,2,TC3,int_inf
2026-01-18 16:00:00,2026-01-17 16:00:00,2026-01-19 15:30:00,,,,,,,,,,2,TC3,int_inf
2026-01-19 04:00:00,2026-01-18 04:00:00,2026-01-20 03:30:00,,,,,,,,,,2,TC3,int_inf
2026-01-19 16:00:00,2026-01-18 16:00:00,2026-01-20 15:30:00,,,,,,,,,,2,TC3,int_inf
2026-01-20 04:00:00,2026-01-19 04:00:00,2026-01-21 03:30:00,,,,,,,,,,2,TC3,int_inf
2026-01-20 16:00:00,2026-01-19 16:00:00,2026-01-21 15:30:00,,,,,,,,,,2,TC3,int_inf
2026-01-21 04:00:00,2026-01-20 04:00:00,2026-01-22 03:30:00,,,,,,,,,,2,TC3,int_inf
2026-01-21 16:00:00,2026-01-20 16:00:00,2026-01-22 15:30:00,,,,,,,,,,2,TC3,int_inf
2026-01-22 04:00:00,2026-01-21 04:00:00,2026-01-23 03:30:00,,,,,,,,,,2,TC3,int_inf
2026-01-22 16:00:00,2026-01-21 16:00:00,2026-01-23 15:30:00,,,,,,,,,,2,TC3,int_inf
2026-01-23 04:00:00,2026-01-22 04:00:00,2026-01-24 03:30:00,,,,,,,,,,2,TC3,int_inf
2026-01-23 16:00:00,2026-01-22 16:00:00,2026-01-24 15:30:00,,,,,,,,,,2,TC3,int_inf
2026-01-24 04:00:00,2026-01-23 04:00:00,2026-01-25 03:30:00,0.9803726634860129,5925.978874307177,,10.029044210811197,4.6305000000000005,4.535,0.0,0.0,,1,TC3,int_inf
2026-01-24 16:00:00,2026-01-23 16:00:00,2026-01-25 15:30:00,1.6349441903656174,6287.8018431379605,144.60984980406568,8.947127926686525,4.270462006568127,4.1918888055088805,0.9241858538683265,0.9224379588522864,6.129369120313091,0,TC3,int_inf
2026-01-25 04:00:00,2026-01-24 04:00:00,2026-01-26 03:30:00,2.030706225394806,5622.650273824485,144.7675387990606,11.092009162152705,4.205920358644666,4.109983122724237,0.9015272360424027,0.8955041704474201,6.131569485065747,0,TC3,int_inf
2026-01-25 16:00:00,2026-01-24 16:00:00,2026-01-26 15:30:00,1.7401859102106427,6081.6005369716,145.00374276751782,9.54122110623148,4.124800904511636,4.0438684171034405,0.9069030580469865,0.9042913530814435,6.144869684557792,0,TC3,int_inf
2026-01-26 04:00:00,2026-01-25 04:00:00,2026-01-27 03:30:00,2.2123590139009304,5371.573828724737,145.19021140143178,12.102619104141167,3.7506458313864743,3.657298617804889,0.8679971616136879,0.860414484808326,6.1474099433302065,0,TC3,int_inf
2026-01-26 16:00:00,2026-01-25 16:00:00,2026-01-27 15:30:00,1.3780574401612171,6845.502081674528,145.26244569566467,7.589689201626131,3.9164291028874687,3.855302508767183,0.8716985454138217,0.8698662564775814,6.159953345156936,0,TC3,int_inf
2026-01-27 04:00:00,2026-01-26 04:00:00,2026-01-28 03:30:00,1.4678331624872953,6626.359217866994,145.36096511543371,8.084108786075847,3.888586568187099,3.82394083609817,0.8815241439283567,0.8779943401954475,6.163108399013437,0,TC3,int_inf
2026-01-27 16:00:00,2026-01-26 16:00:00,2026-01-28 15:30:00,1.2739061116386206,7123.258463519445,145.33298325915013,7.024957840416461,4.087442882276084,4.028394044189733,0.8927876696151125,0.8919676534492256,6.164131231189275,0,TC3,int_inf
2026-01-28 04:00:00,2026-01-27 04:00:00,2026-01-29 03:30:00,0.9144519865241275,8425.333133224483,145.42498019386304,5.0596091721283605,4.518431057931405,4.471417776117129,0.916850526807619,0.9162832910454531,6.172134864412227,0,TC3,int_inf
2026-01-28 16:00:00,2026-01-27 16:00:00,2026-01-29 15:30:00,1.4444649799712996,6677.033782598242,145.5233667991822,7.965623235185886,4.155452480382644,4.087382751870828,0.8935267043132782,0.8925314485707811,6.170260487185909,0,TC3,int_inf
2026-01-29 04:00:00,2026-01-28 04:00:00,2026-01-30 03:30:00,0.8715692562045197,8627.890606268662,145.57990957715018,4.829016041493932,4.345725249148272,4.302569679793039,0.9064645424310991,0.9039645151123814,6.17920060041309,0,TC3,int_inf
2026-01-29 16:00:00,2026-01-28 16:00:00,2026-01-30 15:30:00,1.1711502699008136,7426.1012033725565,145.6544769938424,6.477511971205299,4.056228219886993,4.002196779691707,0.9028278602165313,0.9016250438226419,6.1789408475768575,0,TC3,int_inf
2026-01-30 04:00:00,2026-01-29 04:00:00,2026-01-31 03:30:00,1.0852483651704623,7718.084268409618,145.6864794085575,6.007601369433792,4.049620296712442,3.999590199199395,0.8976961321967877,0.8950639717500106,6.181280306967919,0,TC3,int_inf
2026-01-30 16:00:00,2026-01-29 16:00:00,2026-01-31 15:30:00,-531.9325374590891,,-413.22315569911615,-771108097587.7242,2.5918946988667813e-09,4.1100637176700765,-9.463461125847061e-10,0.8947293000146013,3.616555792817776,1,TC3,int_inf
2026-01-31 04:00:00,2026-01-30 04:00:00,2026-02-01 03:30:00,1.277381830529379,7105.675674747434,145.6424159900349,7.05882845543353,3.427152521341134,3.377403791435907,0.7978303993543876,0.7935834196617643,6.177215770607164,0,TC3,int_inf
2026-01-31 16:00:00,2026-01-30 16:00:00,2026-02-01 15:30:00,-533.957898749822,,-497.4642706642263,-27777214939490.945,6.581268863214973e-11,3.7593630623400403,-2.4378499219324112e-11,0.8257941385071861,3.619273821108906,1,TC3,int_inf
2026-02-01 04:00:00,2026-01-31 04:00:00,2026-02-02 03:30:00,1.3424078939426967,6928.409027183254,145.63740311172575,7.4142741934913685,2.9289918944744984,2.8843335365563183,0.8219126599781259,0.8103593972342003,6.1762606585118895,0,TC3,int_inf
2026-02-01 16:00:00,2026-01-31 16:00:00,2026-02-02 15:30:00,-539.4966935837982,,-461.49381836657886,-251343212355.36182,6.033258337367897e-09,3.118422973098766,2.661659892488899e-09,0.8068816576571722,0.44336880526093214,1,TC3,int_inf
2026-02-02 04:00:00,2026-02-01 04:00:00,2026-02-03 03:30:00,14.714893715634249,1878.3705059092433,147.0287332389583,74.37188109860182,4.383142866559119,3.7127794124252866,0.7003795063052656,0.7015927042053043,6.084790818963217,0,TC3,int_inf
2026-02-02 16:00:00,2026-02-01 16:00:00,2026-02-03 15:30:00,24.39972250795225,1361.6793411967762,146.61243449470368,115.02813749571838,3.7419865691499608,2.856825612488729,0.5843558923945622,0.4996747218979689,5.963172000730134,0,TC3,int_inf
2026-02-03 04:00:00,2026-02-02 04:00:00,2026-02-04 03:30:00,20.880021047250732,1527.705525227673,144.0146077098307,99.23479514032705,5.3709491328153876,4.274897649879793,0.90290404401875,0.8574081712604126,5.894389130830303,0,TC3,int_inf
2026-02-03 16:00:00,2026-02-02 16:00:00,2026-02-04 15:30:00,26.915526274677077,1303.5924882717743,141.96632031982287,121.34935341828549,4.475670807676299,3.358777882670424,0.9213695013164491,0.942584659889108,5.748473709778537,0,TC3,int_inf
2026-02-04 04:00:00,2026-02-03 04:00:00,2026-02-05 03:30:00,21.26087047642152,1531.7718828237125,140.96838890048411,98.8857925964019,4.576869044426023,3.6461505959532627,0.9000303523558435,0.9241788363661595,5.765783566594463,0,TC3,int_inf
2026-02-04 16:00:00,2026-02-03 16:00:00,2026-02-05 15:30:00,20.510001104955126,1570.4126620912082,140.60277641117733,95.6508860050803,4.6601424822644315,3.7434912433619143,0.9140372459665954,0.9343221060484462,5.758555735942329,0,TC3,int_inf
2026-02-05 04:00:00,2026-02-04 04:00:00,2026-02-06 03:30:00,19.100483903846772,1643.0485837148885,140.6462034993129,89.94824138382702,3.8060100027120756,3.102000470850437,0.7441608955699162,0.7555744093017951,5.774895173401221,0,TC3,int_inf
2026-02-05 16:00:00,2026-02-04 16:00:00,2026-02-06 15:30:00,-539.6096747393484,,-456.6208505678056,-154377094680.5754,1.1366752872277175e-08,3.6085707122736883,3.4203287979650554e-09,0.7868367712375387,0.16311693474356925,1,TC3,int_inf
2026-02-06 04:00:00,2026-02-05 04:00:00,2026-02-07 03:30:00,18.02787772841401,1698.7197495151477,141.32353187384172,85.886728991025,3.0156956178662653,2.48306085817328,0.7696397598176434,0.7320930021433001,5.813886769860682,0,TC3,int_inf
2026-02-06 16:00:00,2026-02-05 16:00:00,2026-02-07 15:30:00,12.445369336553016,2115.510972040624,142.76547463789805,62.19887992594976,3.282663078754252,2.8627834430061174,0.8306687680066126,0.81852510271705,5.9326673728465185,0,TC3,int_inf
2026-02-07 04:00:00,2026-02-06 04:00:00,2026-02-08 03:30:00,16.427944895024876,1795.6820673173772,141.848009341035,79.39048153919808,3.0543859992063607,2.5557216807683925,0.9057139473497208,0.9196573318382352,5.8522789507023925,0,TC3,int_inf
2026-02-07 16:00:00,2026-02-06 16:00:00,2026-02-08 15:30:00,-539.611059767414,,-430.6004928706221,-50301322701.65517,2.582803038109205e-08,2.671693508558286,1.2530580351111098e-08,0.9254677132336695,0.1479789071097466,1,TC3,int_inf
2026-02-08 04:00:00,2026-02-07 04:00:00,2026-02-09 03:30:00,15.81715469549432,1838.0193908574743,141.85724793914946,76.76463930668163,3.143813294274982,2.647525154048791,0.8865932290692253,0.8967769421994086,5.859104479886712,0,TC3,int_inf
2026-02-08 16:00:00,2026-02-07 16:00:00,2026-02-09 15:30:00,14.381931712540172,1946.924527131343,141.95036159485468,70.53675493570708,3.3843206476887655,2.8934094745443875,0.9110985064601398,0.9227474117950203,5.878156664603027,0,TC3,int_inf
2026-02-09 04:00:00,2026-02-08 04:00:00,2026-02-10 03:30:00,513.8054458659309,,583.8308836816184,,3.2503953819056175,2.2478084282795407e-08,0.8757714739406675,1.4128388681200477e-08,6.03147063804478,1,TC3,int_inf
2026-02-09 16:00:00,2026-02-08 16:00:00,2026-02-10 15:30:00,536.9529363135259,,564.7308175706896,,3.49237223927511,1.1578387137944901e-09,0.9053742151372982,-5.895426369306733e-10,2.181660582924114,1,TC3,int_inf
2026-02-10 04:00:00,2026-02-09 04:00:00,2026-02-11 03:30:00,12.859917089190187,2081.5732272488385,141.9975380991576,63.762939763460906,3.4001967096806323,2.9543471810577695,0.8816905038131984,0.8878527121115806,5.896324381540498,0,TC3,int_inf
2026-02-10 16:00:00,2026-02-09 16:00:00,2026-02-11 15:30:00,-329.2597886817155,,14.944360745714055,-3600.0863278614383,1.4829546479688815e-09,1.2461801368601755e-08,-6.24049034669838e-10,6.028181398498589e-09,2.76397579128683,1,TC3,int_inf
2026-02-11 04:00:00,2026-02-10 04:00:00,2026-02-12 03:30:00,11.860985926840394,2185.2506684371115,141.80751634217626,59.148419906999905,3.527614297139409,3.098532413284534,0.8750017224781605,0.881514862682267,5.89910815884514,0,TC3,int_inf
2026-02-11 16:00:00,2026-02-10 16:00:00,2026-02-12 15:30:00,10.312099550332784,2368.8914213752614,141.99322936581257,52.05230599629191,3.842058217865904,3.430795015628319,0.8866823494867352,0.895574788756424,5.923480579614988,0,TC3,int_inf
2026-02-12 04:00:00,2026-02-11 04:00:00,2026-02-13 03:30:00,10.739107463361593,2316.4630559913408,141.73207519652527,53.95079240186254,3.686446091958404,3.2774476510748833,0.8831407218481556,0.8894443743376788,5.907996166477367,0,TC3,int_inf
2026-02-12 16:00:00,2026-02-11 16:00:00,2026-02-13 15:30:00,9.877619974156394,2429.406416310142,141.88202868518684,49.97567859719229,3.88315257350294,3.4840733744111247,0.8989946811286819,0.9087934561063179,5.923523972958177,0,TC3,int_inf
2026-02-13 04:00:00,2026-02-12 04:00:00,2026-02-14 03:30:00,9.04703426765571,2556.3110949279803,141.6884842650161,45.98419568519249,3.9366981716810465,3.5644293622430925,0.9071720023781426,0.9166943886928725,5.924402483465814,0,TC3,int_inf
2026-02-13 16:00:00,2026-02-12 16:00:00,2026-02-14 15:30:00,517.5742933726564,,552.6608837203373,,3.8145245499206233,5.0343830437782344e-08,0.90245804793019,2.246489483326286e-08,5.352605890205988,1,TC3,int_inf
2026-02-14 04:00:00,2026-02-13 04:00:00,2026-02-15 03:30:00,7.981899410329166,2743.001186374558,141.72000831741397,40.888002331640635,3.88733579584323,3.5604742070078546,0.9141929446942686,0.9229253253895515,5.937250769001462,0,TC3,int_inf
2026-02-14 16:00:00,2026-02-13 16:00:00,2026-02-15 15:30:00,-539.5962116128894,,-476.30125239049755,-378654411712.5311,4.399277830913206e-09,3.42562917830111,1.7987930034379929e-09,0.9201563926159206,0.2236504679693983,1,TC3,int_inf
2026-02-15 04:00:00,2026-02-14 04:00:00,2026-02-16 03:30:00,7.804935589158471,2778.807732584502,141.6124811257744,40.00299183750209,3.6647417476009148,3.363266412636703,0.912152683737677,0.9203784692605887,5.934664437934641,0,TC3,int_inf
2026-02-15 16:00:00,2026-02-14 16:00:00,2026-02-16 15:30:00,7.5983659527109,2819.236968620913,141.74246696962808,39.0361254972472,3.7435357272877647,3.443021785526246,0.9122291920892341,0.9201455736933817,5.942354838358833,0,TC3,int_inf
2026-02-16 04:00:00,2026-02-15 04:00:00,2026-02-17 03:30:00,8.291542735622473,2685.7919874373392,141.65122507444002,42.36076778973406,3.5614013410373357,3.251159279045041,0.8974833081520621,0.9019115229451014,5.931014348687771,0,TC3,int_inf
2026-02-16 16:00:00,2026-02-15 16:00:00,2026-02-17 15:30:00,7.51434247908682,2835.720175054177,141.83342426637617,38.65146320402141,3.750399536393571,3.452301295701684,0.9023012097859368,0.9077359008621373,5.947081502910616,0,TC3,int_inf
2026-02-17 04:00:00,2026-02-16 04:00:00,2026-02-18 03:30:00,8.430850268202306,2658.5481723831854,141.85454049582393,43.088676949661966,3.6798608443650385,3.35379110800385,0.900495671567155,0.9067119525603528,5.938017006804072,0,TC3,int_inf
2026-02-17 16:00:00,2026-02-16 16:00:00,2026-02-18 15:30:00,7.976966559654556,2742.200924571286,141.87923905212145,40.90809870489268,3.7191267457747568,3.4062550965000447,0.9003265521997756,0.907645499398011,5.9439751787467054,0,TC3,int_inf
2026-02-18 04:00:00,2026-02-17 04:00:00,2026-02-19 03:30:00,8.289559706484212,2682.464148805421,141.9927131590716,42.44874260592686,3.8115191101082546,3.4787991393894204,0.9143832381298249,0.9239787602160078,5.945334166663589,0,TC3,int_inf
2026-02-18 16:00:00,2026-02-17 16:00:00,2026-02-19 15:30:00,9.024048942164749,2558.975579376423,141.78728967953418,45.90528724355346,3.698971307732513,3.349783067724294,0.9112511944989051,0.9194618448424429,5.928782296405303,0,TC3,int_inf
2026-02-19 04:00:00,2026-02-18 04:00:00,2026-02-20 03:30:00,8.706059164853636,2607.670478732725,142.15045520199197,44.496299890079925,3.846854842700412,3.4948524344820027,0.9176427446736389,0.9260479898021492,5.9474163374575975,0,TC3,int_inf
2026-02-19 16:00:00,2026-02-18 16:00:00,2026-02-20 15:30:00,10.13665657149296,2392.4839531495954,141.98814138570566,51.2285286277815,3.4648951257521605,3.0998740726907505,0.8964496474520904,0.8996685815724368,5.925159592796945,0,TC3,int_inf
2026-02-20 04:00:00,2026-02-19 04:00:00,2026-02-21 03:30:00,-513.4966350058661,,-295.6369083086858,-56290249156.68788,2.6751003190383926e-08,3.0966290604111535,1.3728309045113463e-08,0.8897791585756154,5.998307486220668,1,TC3,int_inf
2026-02-20 16:00:00,2026-02-19 16:00:00,2026-02-21 15:30:00,-49.00811613610106,,127.03337898573616,-349.797700863108,1.627247980806601e-08,2.7977889782704324e-08,7.25242799148873e-09,1.3997203951454651e-08,5.942633277954243,1,TC3,int_inf
2026-02-21 04:00:00,2026-02-20 04:00:00,2026-02-22 03:30:00,11.090798183936377,2264.9182275230264,142.63663751884138,55.91331943566722,3.3026457309056756,2.9228997348882775,0.8901742610743322,0.8891938174296976,5.941902918009616,0,TC3,int_inf
2026-02-21 16:00:00,2026-02-20 16:00:00,2026-02-22 15:30:00,10.09578451910651,2391.719659718085,142.630273975098,51.25492714465201,3.537390410563854,3.1645400632822054,0.9094662583031795,0.9129247344370991,5.9523985211723875,0,TC3,int_inf
2026-02-22 04:00:00,2026-02-21 04:00:00,2026-02-23 03:30:00,10.41646670242471,2348.27081681077,142.70146421186868,52.78763629139922,3.613625269986299,3.22134969509871,0.9131248592504821,0.9211595052868802,5.951895592317941,0,TC3,int_inf
2026-02-22 16:00:00,2026-02-21 16:00:00,2026-02-23 15:30:00,519.8446323231263,,579.4785322271631,,3.441608248758691,1.4728809727415637e-08,0.8948302017047767,7.332274565285957e-09,5.3665372588630875,1,TC3,int_inf
2026-02-23 04:00:00,2026-02-22 04:00:00,2026-02-24 03:30:00,10.536929774822406,2334.301733111719,142.5357475880606,53.294084895514445,3.5503389806476946,3.1612358120561783,0.9068372177472804,0.9160516759561886,5.943681330841823,0,TC3,int_inf
2026-02-23 16:00:00,2026-02-22 16:00:00,2026-02-24 15:30:00,518.5250485762303,,563.0787915022727,,3.3711630611495758,2.8654702610708682e-08,0.9060579571566119,1.4901681111290088e-08,5.3555122893043485,1,TC3,int_inf
2026-02-24 04:00:00,2026-02-23 04:00:00,2026-02-25 03:30:00,11.172746769955666,2257.5387971562673,142.3901770968413,56.202433374690465,3.3909114672332326,2.9990004181045413,0.903487696802511,0.9127971786421427,5.930752890497944,0,TC3,int_inf
2025-12-22 16:00:00,2025-12-21 16:00:00,2025-12-23 15:30:00,,,,,,,,,,2,TC3,sup_inf
2025-12-23 04:00:00,2025-12-22 04:00:00,2025-12-24 03:30:00,,,,,,,,,,2,TC3,sup_inf
2025-12-23 16:00:00,2025-12-22 16:00:00,2025-12-24 15:30:00,,,,,,,,,,2,TC3,sup_inf
2025-12-24 04:00:00,2025-12-23 04:00:00,2025-12-25 03:30:00,,,,,,,,,,2,TC3,sup_inf
2025-12-24 16:00:00,2025-12-23 16:00:00,2025-12-25 15:30:00,,,,,,,,,,2,TC3,sup_inf
2025-12-25 04:00:00,2025-12-24 04:00:00,2025-12-26 03:30:00,,,,,,,,,,2,TC3,sup_inf
2025-12-25 16:00:00,2025-12-24 16:00:00,2025-12-26 15:30:00,,,,,,,,,,2,TC3,sup_inf
2025-12-26 04:00:00,2025-12-25 04:00:00,2025-12-27 03:30:00,,,,,,,,,,2,TC3,sup_inf
2025-12-26 16:00:00,2025-12-25 16:00:00,2025-12-27 15:30:00,,,,,,,,,,2,TC3,sup_inf
2025-12-27 04:00:00,2025-12-26 04:00:00,2025-12-28 03:30:00,,,,,,,,,,2,TC3,sup_inf
2025-12-27 16:00:00,2025-12-26 16:00:00,2025-12-28 15:30:00,,,,,,,,,,2,TC3,sup_inf
2025-12-28 04:00:00,2025-12-27 04:00:00,2025-12-29 03:30:00,,,,,,,,,,2,TC3,sup_inf
2025-12-28 16:00:00,2025-12-27 16:00:00,2025-12-29 15:30:00,,,,,,,,,,2,TC3,sup_inf
2025-12-29 04:00:00,2025-12-28 04:00:00,2025-12-30 03:30:00,,,,,,,,,,2,TC3,sup_inf
2025-12-29 16:00:00,2025-12-28 16:00:00,2025-12-30 15:30:00,,,,,,,,,,2,TC3,sup_inf
2025-12-30 04:00:00,2025-12-29 04:00:00,2025-12-31 03:30:00,,,,,,,,,,2,TC3,sup_inf
2025-12-30 16:00:00,2025-12-29 16:00:00,2025-12-31 15:30:00,,,,,,,,,,2,TC3,sup_inf
2025-12-31 04:00:00,2025-12-30 04:00:00,2026-01-01 03:30:00,,,,,,,,,,2,TC3,sup_inf
2025-12-31 16:00:00,2025-12-30 16:00:00,2026-01-01 15:30:00,,,,,,,,,,2,TC3,sup_inf
2026-01-01 04:00:00,2025-12-31 04:00:00,2026-01-02 03:30:00,,,,,,,,,,2,TC3,sup_inf
2026-01-01 16:00:00,2025-12-31 16:00:00,2026-01-02 15:30:00,,,,,,,,,,2,TC3,sup_inf
2026-01-02 04:00:00,2026-01-01 04:00:00,2026-01-03 03:30:00,,,,,,,,,,2,TC3,sup_inf
2026-01-02 16:00:00,2026-01-01 16:00:00,2026-01-03 15:30:00,,,,,,,,,,2,TC3,sup_inf
2026-01-03 04:00:00,2026-01-02 04:00:00,2026-01-04 03:30:00,,,,,,,,,,2,TC3,sup_inf
2026-01-03 16:00:00,2026-01-02 16:00:00,2026-01-04 15:30:00,,,,,,,,,,2,TC3,sup_inf
2026-01-04 04:00:00,2026-01-03 04:00:00,2026-01-05 03:30:00,,,,,,,,,,2,TC3,sup_inf
2026-01-04 16:00:00,2026-01-03 16:00:00,2026-01-05 15:30:00,,,,,,,,,,2,TC3,sup_inf
2026-01-05 04:00:00,2026-01-04 04:00:00,2026-01-06 03:30:00,,,,,,,,,,2,TC3,sup_inf
2026-01-05 16:00:00,2026-01-04 16:00:00,2026-01-06 15:30:00,,,,,,,,,,2,TC3,sup_inf
2026-01-06 04:00:00,2026-01-05 04:00:00,2026-01-07 03:30:00,,,,,,,,,,2,TC3,sup_inf
2026-01-06 16:00:00,2026-01-05 16:00:00,2026-01-07 15:30:00,,,,,,,,,,2,TC3,sup_inf
2026-01-07 04:00:00,2026-01-06 04:00:00,2026-01-08 03:30:00,,,,,,,,,,2,TC3,sup_inf
2026-01-07 16:00:00,2026-01-06 16:00:00,2026-01-08 15:30:00,,,,,,,,,,2,TC3,sup_inf
2026-01-08 04:00:00,2026-01-07 04:00:00,2026-01-09 03:30:00,,,,,,,,,,2,TC3,sup_inf
2026-01-08 16:00:00,2026-01-07 16:00:00,2026-01-09 15:30:00,,,,,,,,,,2,TC3,sup_inf
2026-01-09 04:00:00,2026-01-08 04:00:00,2026-01-10 03:30:00,,,,,,,,,,2,TC3,sup_inf
2026-01-09 16:00:00,2026-01-08 16:00:00,2026-01-10 15:30:00,,,,,,,,,,2,TC3,sup_inf
2026-01-10 04:00:00,2026-01-09 04:00:00,2026-01-11 03:30:00,,,,,,,,,,2,TC3,sup_inf
2026-01-10 16:00:00,2026-01-09 16:00:00,2026-01-11 15:30:00,,,,,,,,,,2,TC3,sup_inf
2026-01-11 04:00:00,2026-01-10 04:00:00,2026-01-12 03:30:00,,,,,,,,,,2,TC3,sup_inf
2026-01-11 16:00:00,2026-01-10 16:00:00,2026-01-12 15:30:00,,,,,,,,,,2,TC3,sup_inf
2026-01-12 04:00:00,2026-01-11 04:00:00,2026-01-13 03:30:00,,,,,,,,,,2,TC3,sup_inf
2026-01-12 16:00:00,2026-01-11 16:00:00,2026-01-13 15:30:00,,,,,,,,,,2,TC3,sup_inf
2026-01-13 04:00:00,2026-01-12 04:00:00,2026-01-14 03:30:00,,,,,,,,,,2,TC3,sup_inf
2026-01-13 16:00:00,2026-01-12 16:00:00,2026-01-14 15:30:00,,,,,,,,,,2,TC3,sup_inf
2026-01-14 04:00:00,2026-01-13 04:00:00,2026-01-15 03:30:00,,,,,,,,,,2,TC3,sup_inf
2026-01-14 16:00:00,2026-01-13 16:00:00,2026-01-15 15:30:00,,,,,,,,,,2,TC3,sup_inf
2026-01-15 04:00:00,2026-01-14 04:00:00,2026-01-16 03:30:00,,,,,,,,,,2,TC3,sup_inf
2026-01-15 16:00:00,2026-01-14 16:00:00,2026-01-16 15:30:00,,,,,,,,,,2,TC3,sup_inf
2026-01-16 04:00:00,2026-01-15 04:00:00,2026-01-17 03:30:00,,,,,,,,,,2,TC3,sup_inf
2026-01-16 16:00:00,2026-01-15 16:00:00,2026-01-17 15:30:00,,,,,,,,,,2,TC3,sup_inf
2026-01-17 04:00:00,2026-01-16 04:00:00,2026-01-18 03:30:00,,,,,,,,,,2,TC3,sup_inf
2026-01-17 16:00:00,2026-01-16 16:00:00,2026-01-18 15:30:00,,,,,,,,,,2,TC3,sup_inf
2026-01-18 04:00:00,2026-01-17 04:00:00,2026-01-19 03:30:00,,,,,,,,,,2,TC3,sup_inf
2026-01-18 16:00:00,2026-01-17 16:00:00,2026-01-19 15:30:00,,,,,,,,,,2,TC3,sup_inf
2026-01-19 04:00:00,2026-01-18 04:00:00,2026-01-20 03:30:00,,,,,,,,,,2,TC3,sup_inf
2026-01-19 16:00:00,2026-01-18 16:00:00,2026-01-20 15:30:00,,,,,,,,,,2,TC3,sup_inf
2026-01-20 04:00:00,2026-01-19 04:00:00,2026-01-21 03:30:00,,,,,,,,,,2,TC3,sup_inf
2026-01-20 16:00:00,2026-01-19 16:00:00,2026-01-21 15:30:00,,,,,,,,,,2,TC3,sup_inf
2026-01-21 04:00:00,2026-01-20 04:00:00,2026-01-22 03:30:00,,,,,,,,,,2,TC3,sup_inf
2026-01-21 16:00:00,2026-01-20 16:00:00,2026-01-22 15:30:00,,,,,,,,,,2,TC3,sup_inf
2026-01-22 04:00:00,2026-01-21 04:00:00,2026-01-23 03:30:00,,,,,,,,,,2,TC3,sup_inf
2026-01-22 16:00:00,2026-01-21 16:00:00,2026-01-23 15:30:00,,,,,,,,,,2,TC3,sup_inf
2026-01-23 04:00:00,2026-01-22 04:00:00,2026-01-24 03:30:00,,,,,,,,,,2,TC3,sup_inf
2026-01-23 16:00:00,2026-01-22 16:00:00,2026-01-24 15:30:00,,,,,,,,,,2,TC3,sup_inf
2026-01-24 04:00:00,2026-01-23 04:00:00,2026-01-25 03:30:00,11.544507230383548,1454.4412581616682,,188.61011462832352,7.408499999999999,4.535,0.0,0.0,,1,TC3,sup_inf
2026-01-24 16:00:00,2026-01-23 16:00:00,2026-01-25 15:30:00,46.49621178538542,2254.168969093867,70.0592024489513,106.14388924718676,5.362381274446618,4.1918888055088805,0.8976547342225751,0.9224379588522864,5.710733813888776,0,TC3,sup_inf
2026-01-25 04:00:00,2026-01-24 04:00:00,2026-01-26 03:30:00,46.587166115435814,2248.372547369284,70.2308300884863,106.54928682241184,5.263218254260859,4.109983122724237,0.8663461154881938,0.8955041704474201,5.724259930490863,0,TC3,sup_inf
2026-01-25 16:00:00,2026-01-24 16:00:00,2026-01-26 15:30:00,42.92709699068873,2351.953973584324,70.4167938375847,99.60882995933123,5.085600432113525,4.0438684171034405,0.8598041941309825,0.9042913530814435,5.758184461483722,0,TC3,sup_inf
2026-01-26 04:00:00,2026-01-25 04:00:00,2026-01-27 03:30:00,34.93268437456368,2652.0474091783044,69.87219515278231,82.68060623545709,4.40653075008874,3.657298617804889,0.8584606997295419,0.860414484808326,5.754726779627173,0,TC3,sup_inf
2026-01-26 16:00:00,2026-01-25 16:00:00,2026-01-27 15:30:00,25.63633779083344,3144.5533730183433,69.75444404857733,62.53522491358603,4.424262216949494,3.855302508767183,0.8524516069830648,0.8698662564775814,5.793423495690816,0,TC3,sup_inf
2026-01-27 04:00:00,2026-01-26 04:00:00,2026-01-28 03:30:00,27.03923777839933,3049.0956140893613,70.00126807728715,65.85542683975139,4.422927776872534,3.82394083609817,0.8789197053652245,0.8779943401954475,5.8065441492461085,0,TC3,sup_inf
2026-01-27 16:00:00,2026-01-26 16:00:00,2026-01-28 15:30:00,27.419045485299623,3026.8558442544313,69.96885529716289,66.66453636463014,4.6683911966970815,4.028394044189733,0.885872417455923,0.8919676534492256,5.801861784844512,0,TC3,sup_inf
2026-01-28 04:00:00,2026-01-27 04:00:00,2026-01-29 03:30:00,25.78127723884271,3127.0907522490634,70.07270250134906,63.12468291905438,5.138450824133156,4.471417776117129,0.9002136798741217,0.9162832910454531,5.819092314730602,0,TC3,sup_inf
2026-01-28 16:00:00,2026-01-27 16:00:00,2026-01-29 15:30:00,32.78218079408128,2736.994170955207,70.3195192208027,78.61490803419404,4.875606456420183,4.087382751870828,0.884460869024893,0.8925314485707811,5.802785092002693,0,TC3,sup_inf
2026-01-29 04:00:00,2026-01-28 04:00:00,2026-01-30 03:30:00,28.13315836348751,2978.686914047759,70.22628727211091,68.46556368496992,5.007618821870204,4.302569679793039,0.8960906434297805,0.9039645151123814,5.819449344177299,0,TC3,sup_inf
2026-01-29 16:00:00,2026-01-28 16:00:00,2026-01-30 15:30:00,32.35426736029976,2754.748621019435,70.41673666355636,77.80035944476202,4.764473081476883,4.002196779691707,0.892688175916568,0.9016250438226419,5.813047394191697,0,TC3,sup_inf
2026-01-30 04:00:00,2026-01-29 04:00:00,2026-01-31 03:30:00,31.905368718931307,2778.81586232339,70.29289528128997,76.71482513759872,4.748750159251335,3.999590199199395,0.8893136439278747,0.8950639717500106,5.805171406330395,0,TC3,sup_inf
2026-01-30 16:00:00,2026-01-29 16:00:00,2026-01-31 15:30:00,26.381171894320033,3085.570535173065,70.18756152416903,64.55807098282523,4.739244747144613,4.1100637176700765,0.8875613140573253,0.8947293000146013,5.825465390523561,0,TC3,sup_inf
2026-01-31 04:00:00,2026-01-30 04:00:00,2026-02-01 03:30:00,37.041968081428934,2553.4123146561456,70.51444206922012,87.7757924785283,4.121326295262294,3.377403791435907,0.8170924214648506,0.7935834196617643,5.796630906892659,0,TC3,sup_inf
2026-01-31 16:00:00,2026-01-30 16:00:00,2026-02-01 15:30:00,23.032186768319324,3323.0063041283506,70.07252001250836,56.93391068288691,4.257880587577556,3.7593630623400403,0.8424272970232285,0.8257941385071861,5.833600924744078,0,TC3,sup_inf
2026-02-01 04:00:00,2026-01-31 04:00:00,2026-02-02 03:30:00,30.671967619913104,2840.614785855107,70.2531118931241,74.02233686694028,3.4022292308286417,2.8843335365563183,0.8458879620074224,0.8103593972342003,5.808341250190063,0,TC3,sup_inf
2026-02-01 16:00:00,2026-01-31 16:00:00,2026-02-02 15:30:00,54.48134459791857,2059.3013123385863,69.93910368477538,120.99824395333857,4.151396588612855,3.118422973098766,0.6569998933432086,0.8068816576571722,5.660661396345679,0,TC3,sup_inf
2026-02-02 04:00:00,2026-02-01 04:00:00,2026-02-03 03:30:00,120.01735444026235,1258.1296232440152,70.5020335613099,220.27693427839264,6.787359542591743,3.7127794124252866,0.5397822209427825,0.7015927042053043,5.3913623318473425,0,TC3,sup_inf
2026-02-02 16:00:00,2026-02-01 16:00:00,2026-02-03 15:30:00,225.47784677822617,795.677512544317,71.96749547187125,320.67020578054263,8.388584091413062,2.856825612488729,0.6193867985125944,0.4996747218979689,5.042088123063287,0,TC3,sup_inf
2026-02-03 04:00:00,2026-02-02 04:00:00,2026-02-04 03:30:00,210.31569878213483,865.0976532346598,69.30115170226902,303.16529356368073,11.352533367885616,4.274897649879793,0.7734771052212861,0.8574081712604126,4.915854271117523,0,TC3,sup_inf
2026-02-03 16:00:00,2026-02-02 16:00:00,2026-02-04 15:30:00,292.010028722365,665.9753656717351,70.34358641063746,355.35909207184784,12.475703656268307,3.358777882670424,0.8629027534058474,0.942584659889108,4.668965259707839,0,TC3,sup_inf
2026-02-04 04:00:00,2026-02-03 04:00:00,2026-02-05 03:30:00,272.8167821775131,703.6079849698507,70.202379586214,345.06186900196326,12.55556560113579,3.6461505959532627,0.865815855615234,0.9241788363661595,4.7326725338620825,0,TC3,sup_inf
2026-02-04 16:00:00,2026-02-03 16:00:00,2026-02-05 15:30:00,267.8396167866515,714.1987499115065,70.14759271177923,342.1950207440704,12.63426818183939,3.7434912433619143,0.8578811924872985,0.9343221060484462,4.7481120240213,0,TC3,sup_inf
2026-02-05 04:00:00,2026-02-04 04:00:00,2026-02-06 03:30:00,253.66560553035404,743.2459137328907,70.28844882873946,334.40956693506286,9.932537199170062,3.102000470850437,0.7257850443472673,0.7555744093017951,4.812714149604938,0,TC3,sup_inf
2026-02-05 16:00:00,2026-02-04 16:00:00,2026-02-06 15:30:00,169.9088378243675,1022.8859844935155,67.94954677160158,266.5556288365833,7.986311452694128,3.6085707122736883,0.597186373430381,0.7868367712375387,4.983193595637457,0,TC3,sup_inf
2026-02-06 04:00:00,2026-02-05 04:00:00,2026-02-07 03:30:00,171.5726438421742,1031.3389396327848,66.66211521916239,264.72240573190675,5.4499175667211075,2.48306085817328,0.5833665890651685,0.7320930021433001,4.882034698097459,0,TC3,sup_inf
2026-02-06 16:00:00,2026-02-05 16:00:00,2026-02-07 15:30:00,52.67315203243541,2202.053418855044,64.65089941288007,109.86511784917202,3.698356767713002,2.8627834430061174,0.860057608311561,0.81852510271705,5.241039382320507,0,TC3,sup_inf
2026-02-07 04:00:00,2026-02-06 04:00:00,2026-02-08 03:30:00,87.09392266164151,1634.2820490560994,64.75971901579486,164.33877720408296,3.8603312555620257,2.5557216807683925,0.8627652994860486,0.9196573318382352,5.093967955844329,0,TC3,sup_inf
2026-02-07 16:00:00,2026-02-06 16:00:00,2026-02-08 15:30:00,80.96071212671957,1709.1693321291984,64.7199672810392,155.3937197583641,3.9264076263814305,2.671693508558286,0.8616020921508408,0.9254677132336695,5.117993928877543,0,TC3,sup_inf
2026-02-08 04:00:00,2026-02-07 04:00:00,2026-02-09 03:30:00,84.98338129943126,1652.1342959448093,65.16778559606595,162.14829889944855,3.9719719037679724,2.647525154048791,0.8587718327306749,0.8967769421994086,5.135446003860673,0,TC3,sup_inf
2026-02-08 16:00:00,2026-02-07 16:00:00,2026-02-09 15:30:00,71.38698128849167,1834.1449863927592,65.22272778047275,141.80725625482023,4.084532993409039,2.8934094745443875,0.8698563901205261,0.9227474117950203,5.200983154651933,0,TC3,sup_inf
2026-02-09 04:00:00,2026-02-08 04:00:00,2026-02-10 03:30:00,1038.3783839150697,,286.64283560166984,,3.9779472369962083,2.2478084282795407e-08,0.8615003203238213,1.4128388681200477e-08,5.3811624535639675,1,TC3,sup_inf
2026-02-09 16:00:00,2026-02-08 16:00:00,2026-02-10 15:30:00,1076.457713788866,,277.07363209773916,,4.041651160807296,1.1578387137944901e-09,0.8659714483722457,-5.895426369306733e-10,1.5856395645714558,1,TC3,sup_inf
2026-02-10 04:00:00,2026-02-09 04:00:00,2026-02-11 03:30:00,58.610074734507016,2042.29052768184,66.12848313627089,122.42378680733412,3.9483798968739356,2.9543471810577695,0.8666873459084764,0.8878527121115806,5.332741885985617,0,TC3,sup_inf
2026-02-10 16:00:00,2026-02-09 16:00:00,2026-02-11 15:30:00,1048.2405594680126,,286.8942406013766,,4.023264014994912,1.2461801368601755e-08,0.8637581168224877,6.028181398498589e-09,4.801338577735078,1,TC3,sup_inf
2026-02-11 04:00:00,2026-02-10 04:00:00,2026-02-12 03:30:00,54.94825618998973,2116.5287190960494,66.3137035273358,116.36164168824435,4.073214717735196,3.098532413284534,0.8601434809069568,0.881514862682267,5.365014472053253,0,TC3,sup_inf
2026-02-11 16:00:00,2026-02-10 16:00:00,2026-02-12 15:30:00,45.53592607668859,2357.571591486608,66.26150579732068,99.2501820925321,4.310596324508899,3.430795015628319,0.8704254327023867,0.895574788756424,5.405795930642273,0,TC3,sup_inf
2026-02-12 04:00:00,2026-02-11 04:00:00,2026-02-13 03:30:00,53.81649810122434,2143.3082568971363,66.25172647398674,114.27331573350489,4.28422379207809,3.2774476510748833,0.8692282107913321,0.8894443743376788,5.3653742244477645,0,TC3,sup_inf
2026-02-12 16:00:00,2026-02-11 16:00:00,2026-02-13 15:30:00,49.690626283486786,2243.64217790897,66.2518297518505,106.8816767261348,4.465591105786994,3.4840733744111247,0.8801454693636487,0.9087934561063179,5.3850579589867005,0,TC3,sup_inf
2026-02-13 04:00:00,2026-02-12 04:00:00,2026-02-14 03:30:00,49.22344142650041,2259.005814281594,66.09243701854714,105.80719743150331,4.555682565453235,3.5644293622430925,0.8824266879823528,0.9166943886928725,5.374333199313503,0,TC3,sup_inf
2026-02-13 16:00:00,2026-02-12 16:00:00,2026-02-14 15:30:00,1043.9128013388413,,271.63325358970377,,4.441794124543669,5.0343830437782344e-08,0.8766079656074269,2.246489483326286e-08,4.800971242696878,1,TC3,sup_inf
2026-02-14 04:00:00,2026-02-13 04:00:00,2026-02-15 03:30:00,46.86274951968104,2320.8686691301264,66.19656929656577,101.62562180291545,4.501157313537901,3.5604742070078546,0.8851558861712443,0.9229253253895515,5.394117944250802,0,TC3,sup_inf
2026-02-14 16:00:00,2026-02-13 16:00:00,2026-02-15 15:30:00,-1042.1080460294659,,-180.21851374330544,-624518266412.2622,2.667345455620307e-09,3.42562917830111,1.047515074681371e-09,0.9201563926159206,5.64985600428217,1,TC3,sup_inf
2026-02-15 04:00:00,2026-02-14 04:00:00,2026-02-16 03:30:00,49.166678277216256,2259.8958651493085,66.12176553318598,105.74539848117261,4.297878928461022,3.363266412636703,0.8782189029187807,0.9203784692605887,5.376989357516158,0,TC3,sup_inf
2026-02-15 16:00:00,2026-02-14 16:00:00,2026-02-16 15:30:00,45.76628678804357,2354.9271685048247,66.06679363923342,99.41879177768453,4.327843996278697,3.443021785526246,0.8793233895246829,0.9201455736933817,5.388804206262021,0,TC3,sup_inf
2026-02-16 04:00:00,2026-02-15 04:00:00,2026-02-17 03:30:00,51.39180699762399,2202.8437984107923,66.15171798897825,109.8073792139204,4.199445423417008,3.251159279045041,0.8694109856435978,0.9019115229451014,5.368804293145052,0,TC3,sup_inf
2026-02-16 16:00:00,2026-02-15 16:00:00,2026-02-17 15:30:00,45.36291756657226,2367.4721231680355,66.03222375128186,98.6223649425326,4.33059284439961,3.452301295701684,0.8714679031462224,0.9077359008621373,5.38792138601821,0,TC3,sup_inf
2026-02-17 04:00:00,2026-02-16 04:00:00,2026-02-18 03:30:00,49.21006537275296,2255.7632722658454,66.26942422094113,106.03275035189807,4.2890093153364,3.35379110800385,0.87023954752274,0.9067119525603528,5.388789056148882,0,TC3,sup_inf
2026-02-17 16:00:00,2026-02-16 16:00:00,2026-02-18 15:30:00,47.42446891170746,2304.342038800431,66.23942304251071,102.7204793107045,4.318485227154737,3.4062550965000447,0.8693095634909654,0.907645499398011,5.394911291557098,0,TC3,sup_inf
2026-02-18 04:00:00,2026-02-17 04:00:00,2026-02-19 03:30:00,47.21037186050166,2308.8513348882875,66.3082855004125,102.42016578101111,4.407006756531655,3.4787991393894204,0.8830776771569545,0.9239787602160078,5.40154918896252,0,TC3,sup_inf
2026-02-18 16:00:00,2026-02-17 16:00:00,2026-02-19 15:30:00,53.09821457406583,2157.647560909354,66.369367703407,113.17570859991145,4.365897728930088,3.349783067724294,0.8817614085630747,0.9194618448424429,5.378323197680466,0,TC3,sup_inf
2026-02-19 04:00:00,2026-02-18 04:00:00,2026-02-20 03:30:00,45.612626945429724,2350.687496647387,66.48385791691403,99.6899296864094,4.396075685706674,3.4948524344820027,0.8843978126485783,0.9260479898021492,5.423565211257409,0,TC3,sup_inf
2026-02-19 16:00:00,2026-02-18 16:00:00,2026-02-20 15:30:00,-1069.2336556233283,,-208.32251514097825,-401227519183.9937,3.756967181800519e-09,3.0998740726907505,-1.3547247768030957e-09,0.8996685815724368,2.817778376475988,1,TC3,sup_inf
2026-02-20 04:00:00,2026-02-19 04:00:00,2026-02-21 03:30:00,51.0756583152666,2201.7770665852936,66.5972677511284,109.8853155165344,4.0006706140533,3.0966290604111535,0.8632715537596094,0.8897791585756154,5.406481437087519,0,TC3,sup_inf
2026-02-20 16:00:00,2026-02-19 16:00:00,2026-02-21 15:30:00,1044.9550541500757,,277.5403093155332,,3.904991373311824,2.7977889782704324e-08,0.8725704119005195,1.3997203951454651e-08,4.844577368505586,1,TC3,sup_inf
2026-02-21 04:00:00,2026-02-20 04:00:00,2026-02-22 03:30:00,54.392514489437005,2120.1973574137023,66.76879380730527,116.07255177744794,3.83933412591037,2.9228997348882775,0.8749362246321747,0.8891938174296976,5.404491063609928,0,TC3,sup_inf
2026-02-21 16:00:00,2026-02-20 16:00:00,2026-02-22 15:30:00,-1031.9446663998824,,-159.68038330681702,-153662998229.9632,1.0014409745906505e-08,3.1645400632822054,3.683653382324792e-09,0.9129247344370991,5.993952488022272,1,TC3,sup_inf
2026-02-22 04:00:00,2026-02-21 04:00:00,2026-02-23 03:30:00,45.930505797791334,2339.030595856361,66.60113979306455,100.44062235052465,4.059928101098081,3.22134969509871,0.8828367903789477,0.9211595052868802,5.4315937168248265,0,TC3,sup_inf
2026-02-22 16:00:00,2026-02-21 16:00:00,2026-02-23 15:30:00,52.30628186149298,2170.7668148627763,66.65462873526944,112.18384146198768,1.9145711682710953e-08,1.4728809727415637e-08,7.089544395988412e-09,7.332274565285957e-09,5.405233268390175,1,TC3,sup_inf
2026-02-23 04:00:00,2026-02-22 04:00:00,2026-02-24 03:30:00,45.56788710673411,2352.9409597738136,66.43839108509765,99.54568983940025,3.9749457110247213,3.1612358120561783,0.8756204895989209,0.9160516759561886,5.420072300585828,0,TC3,sup_inf
2026-02-23 16:00:00,2026-02-22 16:00:00,2026-02-24 15:30:00,1045.1609389431655,,276.8287833047868,,3.858187443114343,2.8654702610708682e-08,0.8773610857266357,1.4901681111290088e-08,4.820038866017488,1,TC3,sup_inf
2026-02-24 04:00:00,2026-02-23 04:00:00,2026-02-25 03:30:00,49.886661805062964,2235.504906004949,66.4058061579747,107.45674338305399,3.84970070282439,2.9990004181045413,0.8758560691546973,0.9127971786421427,5.3966333638781645,0,TC3,sup_inf
2025-12-22 16:00:00,2025-12-21 16:00:00,2025-12-23 15:30:00,-1545.3864527729618,,-1447.4990994556363,-593625748777.5234,7.514899813543252e-09,4.014213416742166,-2.501366669349636e-09,0.8593581910034301,3.600348527164992,1,TC4,sup_int
2025-12-23 04:00:00,2025-12-22 04:00:00,2025-12-24 03:30:00,27.817858787089726,2116.311616859022,552.6738147425368,115.43298613746161,4.928968393465784,4.4169913409831665,0.9083785898340287,0.8792845185569009,6.188665253424238,0,TC4,sup_int
2025-12-23 16:00:00,2025-12-22 16:00:00,2025-12-24 15:30:00,27.53720605743232,2129.682139880247,552.9806964570943,114.40926391246356,4.750898278920826,4.261794007960298,0.9009584152373517,0.8774896136656721,6.193189945613553,0,TC4,sup_int
2025-12-24 04:00:00,2025-12-23 04:00:00,2025-12-25 03:30:00,28.43396140484494,2087.3147923239153,552.132480607701,117.6977853986661,4.834641067714382,4.322609119119994,0.916262131638371,0.8956829681594372,6.180219381480899,0,TC4,sup_int
2025-12-24 16:00:00,2025-12-23 16:00:00,2025-12-25 15:30:00,29.507106466085727,2034.003173205925,553.1712492426976,122.02742761594781,4.684543266161763,4.170157144584951,0.9027618140770449,0.8830452092857406,6.187690316228125,0,TC4,sup_int
2025-12-25 04:00:00,2025-12-24 04:00:00,2025-12-26 03:30:00,25.68583669446166,2235.7773123858397,550.2854212850305,106.72039904492536,4.892443584124661,4.422616770656617,0.9135397938346937,0.9006906179886589,6.170157443392189,0,TC4,sup_int
2025-12-25 16:00:00,2025-12-24 16:00:00,2025-12-26 15:30:00,29.710466982176452,2030.624588555255,550.7996402330206,122.30930488406085,4.925184509189887,4.383125540241203,0.9266620234834152,0.8969192886351309,6.160378207881539,0,TC4,sup_int
2025-12-26 04:00:00,2025-12-25 04:00:00,2025-12-27 03:30:00,24.4693957539534,2310.461946840294,548.9173621912223,101.73696541983861,5.028323238834913,4.567996185252026,0.9334888141983428,0.9089952093861258,6.159515279554465,0,TC4,sup_int
2025-12-26 16:00:00,2025-12-25 16:00:00,2025-12-27 15:30:00,-1549.643331066878,,-1624.3031261962697,-4423481811452.767,1.1169909441832715e-09,4.446091846327118,-3.5568969991572885e-10,0.9056099445656873,3.5939022506018397,1,TC4,sup_int
2025-12-27 04:00:00,2025-12-26 04:00:00,2025-12-28 03:30:00,25.701267799874813,2236.0837001141654,549.8456401087481,106.69926049833266,4.886101273868749,4.416976459410203,0.9334743808181414,0.9051568286537247,6.165166686801106,0,TC4,sup_int
2025-12-27 16:00:00,2025-12-26 16:00:00,2025-12-28 15:30:00,26.68859844660506,2182.6013216517913,549.6187900033586,110.48020267826877,4.81334425172213,4.334828853230344,0.9362851984210293,0.9075549284979126,6.158810789147341,0,TC4,sup_int
2025-12-28 04:00:00,2025-12-27 04:00:00,2025-12-29 03:30:00,29.58204172240303,2035.8719646544048,551.0496285663321,121.87190479907524,4.8285117523019006,4.298992903804846,0.9442613366340125,0.9141398792820218,6.163669271149496,0,TC4,sup_int
2025-12-28 16:00:00,2025-12-27 16:00:00,2025-12-29 15:30:00,30.50873716634245,1995.2964554238217,550.6464994372003,125.3122697443348,4.800077873479547,4.258817277592645,0.9447226043711966,0.9151130103550202,6.155592017344958,0,TC4,sup_int
2025-12-29 04:00:00,2025-12-28 04:00:00,2025-12-30 03:30:00,32.21978685406428,1921.0126252770892,551.5220265961789,131.97310119820298,4.898515324514949,4.316794749038189,0.9460813758890857,0.9170169489977256,6.1587912889388,0,TC4,sup_int
2025-12-29 16:00:00,2025-12-28 16:00:00,2025-12-30 15:30:00,1557.0193435095057,,1867.907476971924,,4.905446131047002,3.197196285498194e-08,0.9404873814838226,-1.1394885035542757e-08,2.438142134589273,1,TC4,sup_int
2025-12-30 04:00:00,2025-12-29 04:00:00,2025-12-31 03:30:00,34.19930916450393,1845.0551190588833,551.169635922687,139.30931322483548,5.146486135839869,4.501343877332508,0.9469082373585817,0.9184929609295462,6.14725621021936,0,TC4,sup_int
2025-12-30 16:00:00,2025-12-29 16:00:00,2025-12-31 15:30:00,36.40793242276705,1767.0680046655368,550.9894598547959,147.45112799121856,5.173826635690352,4.487351987156866,0.9441571722062546,0.9110301606737949,6.136791282437052,0,TC4,sup_int
2025-12-31 04:00:00,2025-12-30 04:00:00,2026-01-01 03:30:00,35.81430848956136,1790.761905256647,549.5569251030324,144.9084008848289,5.27814105467525,4.589902357132585,0.9469859653855095,0.9196893811508159,6.123100541492519,0,TC4,sup_int
2025-12-31 16:00:00,2025-12-30 16:00:00,2026-01-01 15:30:00,36.12129461430231,1780.0665180639764,549.5927026521124,146.04850055484206,5.239191310508808,4.55065651650704,0.9427367348031406,0.9135489384270657,6.122327834062296,0,TC4,sup_int
2026-01-01 04:00:00,2025-12-31 04:00:00,2026-01-02 03:30:00,35.68773466099011,1795.193783215717,549.5494378078062,144.43963361964433,5.193096284613372,4.518137452115788,0.9399914040212423,0.9101683337984985,6.123500162130827,0,TC4,sup_int
2026-01-01 16:00:00,2025-12-31 16:00:00,2026-01-02 15:30:00,1507.1920573862299,,2162.4123651299524,,5.166501567219874,2.6760269555836658e-08,0.9363994443529371,9.044136772828892e-09,5.564563905453259,1,TC4,sup_int
2026-01-02 04:00:00,2026-01-01 04:00:00,2026-01-03 03:30:00,33.1430663757528,1889.3285759931032,549.4477281785175,134.96573691532882,5.010475355716423,4.401966374496051,0.9276244733497505,0.8995332535333187,6.132091884686655,0,TC4,sup_int
2026-01-02 16:00:00,2026-01-01 16:00:00,2026-01-03 15:30:00,32.11435077618793,1928.656704004207,550.1339507455839,131.26505735271834,5.142259099151931,4.534869123792908,0.9299016111426222,0.9031606807236616,6.143695333504084,0,TC4,sup_int
2026-01-03 04:00:00,2026-01-02 04:00:00,2026-01-04 03:30:00,28.335786994714294,2105.745238159741,546.811965373293,116.25112975966778,5.121727495677195,4.585957754842288,0.9279696993902571,0.9048202528255223,6.121041056413522,0,TC4,sup_int
2026-01-03 16:00:00,2026-01-02 16:00:00,2026-01-04 15:30:00,28.67178471416311,2087.520804247395,547.5524196141259,117.68147562986282,5.0940454896039125,4.5546150419041584,0.9275681459720806,0.9039763594144734,6.128040878867897,0,TC4,sup_int
2026-01-04 04:00:00,2026-01-03 04:00:00,2026-01-05 03:30:00,24.72091915629255,2303.813613947636,545.8290185761127,102.16715478751618,5.153656293576936,4.679860411020731,0.9319786180802747,0.9136561536191959,6.1238939494952085,0,TC4,sup_int
2026-01-04 16:00:00,2026-01-03 16:00:00,2026-01-05 15:30:00,24.18187245215699,2333.5934547572415,546.8891192182259,100.25991148270812,4.943555225158287,4.497558942620942,0.9256450297525544,0.9106457295794578,6.13786316061522,0,TC4,sup_int
2026-01-05 04:00:00,2026-01-04 04:00:00,2026-01-06 03:30:00,22.7280114659832,2429.795066498708,545.9988460316428,94.4302283883187,4.7551565745849125,4.351101659930782,0.9152316020100845,0.8983581031058798,6.133466907516492,0,TC4,sup_int
2026-01-05 16:00:00,2026-01-04 16:00:00,2026-01-06 15:30:00,-1545.0474733052833,,-1425.1506536493519,-448714092725.5332,1.073794297923314e-08,4.335661180416793,-3.434225126497381e-09,0.884117370475372,3.5751709130631277,1,TC4,sup_int
2026-01-06 04:00:00,2026-01-05 04:00:00,2026-01-07 03:30:00,26.333698037587922,2204.4985839293972,548.5653068496249,108.90976200656043,4.504005014687616,4.062607171978748,0.8926139389225785,0.8738388907389896,6.148373078266001,0,TC4,sup_int
2026-01-06 16:00:00,2026-01-05 16:00:00,2026-01-07 15:30:00,25.5378256651008,2254.5383402814505,546.424682176156,105.4368008158678,4.717613284085637,4.270024608899487,0.9123536438582507,0.8945155816907651,6.127436921159212,0,TC4,sup_int
2026-01-07 04:00:00,2026-01-06 04:00:00,2026-01-08 03:30:00,25.9123876985287,2230.4252418493734,547.5421548372245,107.09060489807955,4.612136251245529,4.167691243591189,0.9098958779134596,0.895102110707318,6.138526272107395,0,TC4,sup_int
2026-01-07 16:00:00,2026-01-06 16:00:00,2026-01-08 15:30:00,21.47203967225284,2519.4879109036506,545.4992609959673,89.41613285775594,4.297260603189569,3.951502707073433,0.8858572398158698,0.8797948965811547,6.132692321078003,0,TC4,sup_int
2026-01-08 04:00:00,2026-01-07 04:00:00,2026-01-09 03:30:00,25.70016699845572,2243.326139478636,547.1692542664888,106.20129357190865,3.6576295581880496,3.3080918318808274,0.7995842487846103,0.7665321847110237,6.135161835366327,0,TC4,sup_int
2026-01-08 16:00:00,2026-01-07 16:00:00,2026-01-09 15:30:00,1512.4286577627981,,2239.0105012021168,,3.728634397928097,8.018017361166585e-09,0.8020927869304695,3.041007778925575e-09,5.558411926543703,1,TC4,sup_int
2026-01-09 04:00:00,2026-01-08 04:00:00,2026-01-10 03:30:00,29.703344467359813,2032.6825070497207,550.1085940468549,122.1375028999491,3.7030170211782254,3.296040573410234,0.8133225649577159,0.7911633542132172,6.152676661271528,0,TC4,sup_int
2026-01-09 16:00:00,2026-01-08 16:00:00,2026-01-10 15:30:00,34.88989263197836,1822.0306987611157,550.2004024817809,141.64600824912134,4.1334645033332045,3.6066192344669017,0.8223959456961779,0.7908282764049022,6.133803812997795,0,TC4,sup_int
2026-01-10 04:00:00,2026-01-09 04:00:00,2026-01-11 03:30:00,27.073638756613107,2166.950423859071,547.8396249985756,111.62222661758271,4.876280134370283,4.386496961241921,0.9088139766558144,0.8828153874822482,6.137393486322689,0,TC4,sup_int
2026-01-10 16:00:00,2026-01-09 16:00:00,2026-01-11 15:30:00,32.683767505161335,1905.1072498321623,550.3992648226898,133.46363344221444,4.6315718696779244,4.075339980827278,0.9139202491336145,0.882520977852469,6.144473023395775,0,TC4,sup_int
2026-01-11 04:00:00,2026-01-10 04:00:00,2026-01-12 03:30:00,25.06290462907481,2282.5417013096544,546.2120397536802,103.5609008020619,4.890002792720552,4.434312834469827,0.9249194044797454,0.9077047739157685,6.126876831739913,0,TC4,sup_int
2026-01-11 16:00:00,2026-01-10 16:00:00,2026-01-12 15:30:00,1508.2738720074963,,2176.412724572926,,4.720348917106088,2.0762803032425836e-08,0.9227226015116476,7.46707951027048e-09,5.560671480225308,1,TC4,sup_int
2026-01-12 04:00:00,2026-01-11 04:00:00,2026-01-13 03:30:00,24.047145829425325,2346.4495980227616,545.2617556291151,99.4520073908178,4.830016089321237,4.397774389051205,0.9285077162364497,0.9109299546257696,6.120116287234684,0,TC4,sup_int
2026-01-12 16:00:00,2026-01-11 16:00:00,2026-01-13 15:30:00,1512.092575558986,,2226.823795469513,,4.830869745139971,1.1735584060090787e-08,0.9276085687222658,4.1059167177337486e-09,5.541480735737618,1,TC4,sup_int
2026-01-13 04:00:00,2026-01-12 04:00:00,2026-01-14 03:30:00,30.057645339812854,2026.8586382562723,546.0426324781366,122.62457853866233,4.864857898300263,4.328058254838634,0.9324470721498768,0.9078644508627367,6.105847953928412,0,TC4,sup_int
2026-01-13 16:00:00,2026-01-12 16:00:00,2026-01-14 15:30:00,27.863972037590653,2132.7665024781977,545.4230558212863,114.17491867484907,4.954321301451542,4.4453193924313394,0.9327457072698335,0.9106909659798447,6.107297224571974,0,TC4,sup_int
2026-01-14 04:00:00,2026-01-13 04:00:00,2026-01-15 03:30:00,31.750262660340656,1950.6876764766723,547.2458304736177,129.25398111827974,4.847266990717099,4.283492525021954,0.9232962561239522,0.8964578751971304,6.112831893763214,0,TC4,sup_int
2026-01-14 16:00:00,2026-01-13 16:00:00,2026-01-15 15:30:00,27.65037596847351,2140.301997156313,546.6686675411637,113.60521124809891,5.02177631461961,4.50841853312381,0.9263171813985083,0.9029824550330187,6.12206354390453,0,TC4,sup_int
2026-01-15 04:00:00,2026-01-14 04:00:00,2026-01-16 03:30:00,29.405292821824588,2051.4500027641216,548.1051378446125,120.58624352196249,4.88020590157566,4.350663861824698,0.9267264455644357,0.8969800216369005,6.131412047397195,0,TC4,sup_int
2026-01-15 16:00:00,2026-01-14 16:00:00,2026-01-16 15:30:00,29.18854586666396,2064.509581566674,546.9461894302606,119.5230545730626,5.039976805602962,4.4979200601205545,0.9346408876470941,0.9098748747874936,6.11927710172007,0,TC4,sup_int
2026-01-16 04:00:00,2026-01-15 04:00:00,2026-01-17 03:30:00,32.0465439464266,1936.8123413545036,547.9220399457598,130.51549282175844,5.097126038416692,4.498505005277536,0.933993943590891,0.9116932694899271,6.119252670140578,0,TC4,sup_int
2026-01-16 16:00:00,2026-01-15 16:00:00,2026-01-17 15:30:00,35.14368661089056,1818.6850706461876,547.7337132286222,141.99011654891564,4.998935273372984,4.360230501227672,0.9282384824086032,0.9032169604513426,6.105338193854209,0,TC4,sup_int
2026-01-17 04:00:00,2026-01-16 04:00:00,2026-01-18 03:30:00,33.589398711518655,1878.6904719951863,546.6987170330041,135.9918856772637,5.2240679812218636,4.584795002879854,0.9387995408035944,0.9189397165180927,6.099712265124581,0,TC4,sup_int
2026-01-17 16:00:00,2026-01-16 16:00:00,2026-01-18 15:30:00,1559.2265722881016,,1988.873581380078,,4.989480184589858,7.784532130017396e-09,0.9357126306487131,-2.771957108294032e-09,2.3869798325415874,1,TC4,sup_int
2026-01-18 04:00:00,2026-01-17 04:00:00,2026-01-19 03:30:00,33.22014931743505,1896.0241861432416,545.4229264981966,134.32544345378466,5.120884198379371,4.50191680720683,0.9414399421125071,0.9227037002650675,6.086880360131555,0,TC4,sup_int
2026-01-18 16:00:00,2026-01-17 16:00:00,2026-01-19 15:30:00,37.32911259905062,1744.7517700349258,547.3170217156556,149.90365728786105,4.989148682421143,4.3161670562922225,0.9370032786641078,0.9149431159648955,6.092392011716399,0,TC4,sup_int
2026-01-19 04:00:00,2026-01-18 04:00:00,2026-01-20 03:30:00,32.14045440047747,1944.2867898866598,543.3139459419209,129.83379844014277,5.011107140519853,4.425662299574014,0.9352463525526531,0.9195234476330939,6.067433086697862,0,TC4,sup_int
2026-01-19 16:00:00,2026-01-18 16:00:00,2026-01-20 15:30:00,-1569.7287459609445,,-1721.367104390792,-529827193723.72363,9.124446087582783e-09,4.350160566086752,2.872432625089516e-09,0.9104936141321125,0.3656181690250877,1,TC4,sup_int
2026-01-20 04:00:00,2026-01-19 04:00:00,2026-01-21 03:30:00,30.94026613140975,1995.5929527861422,542.9920944457209,125.28663841977733,4.9596189249374,4.400482742194221,0.9265332521127408,0.9134631674237688,6.068387507199022,0,TC4,sup_int
2026-01-20 16:00:00,2026-01-19 16:00:00,2026-01-21 15:30:00,403.1566351469301,101.70712983293615,675.4042449365918,890.4515784953368,2.0787412680078887e-08,4.1312375742563745e-09,6.593495527340565e-09,1.4533848569087127e-09,6.081216075972199,1,TC4,sup_int
2026-01-21 04:00:00,2026-01-20 04:00:00,2026-01-22 03:30:00,25.927507598407463,2240.6870846571906,543.4205208227235,106.38236744119781,4.7313498617751915,4.278432210897468,0.9149685601620607,0.9058901484499456,6.092260655779267,0,TC4,sup_int
2026-01-21 16:00:00,2026-01-20 16:00:00,2026-01-22 15:30:00,-1546.2627279780204,,-1445.4423644972985,-532447298114.9809,8.661068306992092e-09,4.149661047124248,-2.8845048571923826e-09,0.9011644826712604,3.5150221761370197,1,TC4,sup_int
2026-01-22 04:00:00,2026-01-21 04:00:00,2026-01-23 03:30:00,30.511841733587005,2015.709212589846,542.4420864848411,123.5646884022302,4.7022080149419985,4.179377716194148,0.8680493189661025,0.8972246187200711,6.063864385401087,0,TC4,sup_int
2026-01-22 16:00:00,2026-01-21 16:00:00,2026-01-23 15:30:00,1508.5800646655205,,2145.686730215615,,4.828036529083629,2.755415096089564e-08,0.8874205677672452,9.967392577969747e-09,5.470947387405342,1,TC4,sup_int
2026-01-23 04:00:00,2026-01-22 04:00:00,2026-01-24 03:30:00,41.590181609787926,1629.0150201868648,541.2434651916882,163.5887850529703,4.925747048462157,4.200659971906888,0.8861891552796198,0.903434599037121,6.008840281405802,0,TC4,sup_int
2026-01-23 16:00:00,2026-01-22 16:00:00,2026-01-24 15:30:00,43.24140460565752,1583.4401975952824,541.4359339887442,169.46139696095284,5.197930941151305,4.405309494368239,0.9006503857484982,0.9093757786205193,6.0048178438040365,0,TC4,sup_int
2026-01-24 04:00:00,2026-01-23 04:00:00,2026-01-25 03:30:00,40.910888225140305,1650.2954393649443,540.3801365073409,160.9443814709686,5.059026593699249,4.326358440699668,0.9361315286413485,0.9182216330660471,6.001788073923466,0,TC4,sup_int
2026-01-24 16:00:00,2026-01-23 16:00:00,2026-01-25 15:30:00,41.044660821396945,1644.5571310705711,541.2252738511087,161.65149902990012,5.161426485590255,4.410644204969977,0.937756686450583,0.9177348345415122,6.010675034741785,0,TC4,sup_int
2026-01-25 04:00:00,2026-01-24 04:00:00,2026-01-26 03:30:00,27.25450563639695,2188.5382174573692,536.1910472519124,110.05128913747147,4.84574626294752,4.365879869926642,0.8995840091071964,0.9010808740252292,6.006215109555856,0,TC4,sup_int
2026-01-25 16:00:00,2026-01-24 16:00:00,2026-01-26 15:30:00,22.065283439193394,2506.076850299487,535.5241558587538,90.1416100298081,4.604080187433213,4.2306299657161865,0.8921516444553739,0.9042686984937892,6.018304656817618,0,TC4,sup_int
2026-01-26 04:00:00,2026-01-25 04:00:00,2026-01-27 03:30:00,26.85172251726943,2200.8778061631015,539.494513510459,109.16726521283825,4.325596359452589,3.9006804874652596,0.8894612981262353,0.8708425963527221,6.04474432447304,0,TC4,sup_int
2026-01-26 16:00:00,2026-01-25 16:00:00,2026-01-27 15:30:00,19.530878395908267,2697.058515066869,537.2432607850052,80.54103575579123,4.335064265353788,4.020885171872555,0.8751565319334058,0.869808028804032,6.047253413089034,0,TC4,sup_int
2026-01-27 04:00:00,2026-01-26 04:00:00,2026-01-28 03:30:00,35.09950021136463,1825.0012930341709,545.7247362874563,141.34145341998632,4.566183658299877,3.9854360095352686,0.8997258031030653,0.8823184444520538,6.083112624726078,0,TC4,sup_int
2026-01-27 16:00:00,2026-01-26 16:00:00,2026-01-28 15:30:00,-1547.7817897421044,,-1497.012669563556,-938933862314.7324,4.978476297878842e-09,4.206258684389565,-1.565807705716793e-09,0.8904912611796961,3.494581996387917,1,TC4,sup_int
2026-01-28 04:00:00,2026-01-27 04:00:00,2026-01-29 03:30:00,31.146811095045276,1987.398796393889,542.7131337959892,125.99771646604387,5.160659306068061,4.575556211534508,0.9144349753178314,0.9138863873275928,6.064487021521087,0,TC4,sup_int
2026-01-28 16:00:00,2026-01-27 16:00:00,2026-01-29 15:30:00,35.51927701610097,1816.0392860518766,543.1826116874754,142.26307503137167,4.864025449871041,4.241363163140483,0.8991728903229564,0.8909401102394835,6.053191664697947,0,TC4,sup_int
2026-01-29 04:00:00,2026-01-28 04:00:00,2026-01-30 03:30:00,30.406794787180978,2023.1743330315085,541.3341185571413,122.93412202850905,4.918822057797508,4.374697800094157,0.9104020938460385,0.9038314106614056,6.0518760373290466,0,TC4,sup_int
2026-01-29 16:00:00,2026-01-28 16:00:00,2026-01-30 15:30:00,33.5004383693576,1892.8435043618774,542.2573288580528,134.62907570449735,4.658759390717659,4.094376711089423,0.9085662908948294,0.9023965451195979,6.050494001594538,0,TC4,sup_int
2026-01-30 04:00:00,2026-01-29 04:00:00,2026-01-31 03:30:00,34.80273520853031,1846.4235150566271,541.2416791392736,139.17214546492798,4.656712809909583,4.073541286440539,0.9054599133099446,0.8978944907380113,6.034257148782775,0,TC4,sup_int
2026-01-30 16:00:00,2026-01-29 16:00:00,2026-01-31 15:30:00,1558.3343581406116,,1878.5715719170341,,4.644006526499945,2.4227615469385455e-08,0.9028551385239639,-8.901335002420296e-09,2.3370737563022175,1,TC4,sup_int
2026-01-31 04:00:00,2026-01-30 04:00:00,2026-02-01 03:30:00,42.8051679775631,1586.5087289989626,545.3903592683314,169.05676508588184,4.121493978273116,3.494516766774363,0.8317974426327521,0.8022380962228441,6.050312464276424,0,TC4,sup_int
2026-01-31 16:00:00,2026-01-30 16:00:00,2026-02-01 15:30:00,29.805956749389544,2047.5436424331203,542.3942878292411,120.90684186626865,4.224524607808035,3.7649106030631807,0.8630565645595865,0.8368439778121195,6.066006872494525,0,TC4,sup_int
2026-02-01 04:00:00,2026-01-31 04:00:00,2026-02-02 03:30:00,36.671644772757034,1764.9644917005987,548.027231073849,147.67988710017406,3.5111971470602885,3.044601053468864,0.8722646591082056,0.8333646566494693,6.1027960079577195,0,TC4,sup_int
2026-02-01 16:00:00,2026-01-31 16:00:00,2026-02-02 15:30:00,46.23008199533615,1500.6519670171142,544.8588886343654,180.91343463245366,3.984111407882455,3.335526520866482,0.7893916172964247,0.8490847670675458,6.0315926148550165,0,TC4,sup_int
2026-02-02 04:00:00,2026-02-01 04:00:00,2026-02-03 03:30:00,33.38992850855927,1953.66731568741,519.7418309756898,128.98531264684556,4.58955174851009,4.0568611112253885,0.7865533202253151,0.7263633319080365,5.799666600597032,0,TC4,sup_int
2026-02-02 16:00:00,2026-02-01 16:00:00,2026-02-03 15:30:00,90.05880091896724,895.2775615925401,530.4886236085098,311.151258510714,5.227337664578061,3.7637570503642146,0.7803054226336742,0.661723787896766,5.7170267092889,0,TC4,sup_int
2026-02-03 04:00:00,2026-02-02 04:00:00,2026-02-04 03:30:00,56.02597939075755,1356.5345979652643,515.0942132672249,203.6124938988303,6.189140362872804,5.0551763104519924,0.8668448553184285,0.8989343889902957,5.667691139313523,0,TC4,sup_int
2026-02-03 16:00:00,2026-02-02 16:00:00,2026-02-04 15:30:00,105.84593103703472,778.7985976134946,526.7256312732155,351.2794864945115,6.410674328625889,4.384293650307063,0.8976114033671437,0.8872057529666076,5.622691691804656,0,TC4,sup_int
2026-02-04 04:00:00,2026-02-03 04:00:00,2026-02-05 03:30:00,102.46203290174428,790.7672187308116,534.7180331504537,346.81324792172245,6.612791258667548,4.549098575117181,0.9122384136648436,0.8706916961115257,5.719633239698309,0,TC4,sup_int
2026-02-04 16:00:00,2026-02-03 16:00:00,2026-02-05 15:30:00,111.95834632615325,723.4389476785911,537.9690493268367,373.0982139321118,6.737123320607427,4.475281660557465,0.9109852349340457,0.8688831235289749,5.721695213556878,0,TC4,sup_int
2026-02-05 04:00:00,2026-02-04 04:00:00,2026-02-06 03:30:00,130.75699186205236,603.0780774181985,553.6534416431401,428.2064153644444,6.033699729242088,3.708815160525485,0.8548386831305672,0.7228586083672832,5.822852226133795,0,TC4,sup_int
2026-02-05 16:00:00,2026-02-04 16:00:00,2026-02-06 15:30:00,1527.606083100184,,2407.6646960536013,,5.439773992000152,1.2705205776342154e-09,0.8337601637667919,4.0180903049247263e-10,5.260455169390893,1,TC4,sup_int
2026-02-06 04:00:00,2026-02-05 04:00:00,2026-02-07 03:30:00,98.66325222961844,787.9089873433113,556.1764002728046,347.8721176427671,4.878684205133548,3.3515160476070474,0.8234334448192899,0.7947323761613831,5.9627893173152655,0,TC4,sup_int
2026-02-06 16:00:00,2026-02-05 16:00:00,2026-02-07 15:30:00,1561.0875102910065,,2072.97603566373,,4.130441152889127,2.226387518788897e-09,0.8816352510396336,-9.047318449972863e-10,2.282610489887661,1,TC4,sup_int
2026-02-07 04:00:00,2026-02-06 04:00:00,2026-02-08 03:30:00,50.04665048576154,1420.686693588228,541.7032588537221,193.03858023272173,4.305910757201682,3.5579588547557486,0.8900438885120975,0.8790848527901781,5.982512794885549,0,TC4,sup_int
2026-02-07 16:00:00,2026-02-06 16:00:00,2026-02-08 15:30:00,49.723905073570094,1428.3416682964566,541.3533679617664,191.8290284534051,4.376311965225495,3.6208943073889492,0.8913623666483119,0.8761127771488356,5.9798417343002885,0,TC4,sup_int
2026-02-08 04:00:00,2026-02-07 04:00:00,2026-02-09 03:30:00,50.399236962592184,1415.3994177735663,540.6129351845899,193.88031566919085,4.379603799237811,3.61553392990165,0.8866282678793256,0.8722005916600297,5.969170265456454,0,TC4,sup_int
2026-02-08 16:00:00,2026-02-07 16:00:00,2026-02-09 15:30:00,46.090106435980715,1514.3449372154198,539.9694577340777,178.94552971152157,4.495716384026165,3.771806858850039,0.8974015924276215,0.884011876426012,5.977984971419996,0,TC4,sup_int
2026-02-09 04:00:00,2026-02-08 04:00:00,2026-02-10 03:30:00,49.87845067508817,1426.236639862482,540.7531398292359,192.1605713213552,4.37556501307165,3.6189709062448494,0.8907268939393284,0.8711288584380865,5.972640822588537,0,TC4,sup_int
2026-02-09 16:00:00,2026-02-08 16:00:00,2026-02-10 15:30:00,1558.928794696994,,1868.1941490588001,,4.445188177991629,2.4407187826369636e-08,0.8941122240699719,-9.660553024204432e-09,2.2699512380146465,1,TC4,sup_int
2026-02-10 04:00:00,2026-02-09 04:00:00,2026-02-11 03:30:00,48.69161317813533,1449.8096970668976,541.9307792793855,188.49346118428628,4.384364353944156,3.6407162769869803,0.895375387312765,0.8778375007502948,5.990043078618648,0,TC4,sup_int
2026-02-10 16:00:00,2026-02-09 16:00:00,2026-02-11 15:30:00,1561.11584142363,,2059.4513325760868,,4.473007973534826,2.7621345211059634e-09,0.8928954549060573,-1.0898359992239648e-09,2.264427916718404,1,TC4,sup_int
2026-02-11 04:00:00,2026-02-10 04:00:00,2026-02-12 03:30:00,54.39895693588177,1332.565603193487,542.0213586792407,207.77398940099496,4.572910511935098,3.7179453604886974,0.8904731640394257,0.8715756822107703,5.9699608641737845,0,TC4,sup_int
2026-02-11 16:00:00,2026-02-10 16:00:00,2026-02-12 15:30:00,51.97529232046224,1385.6102068430444,539.1926961163626,198.72111126327474,4.859246389198278,3.99033105881874,0.9010695374927786,0.8792240883017723,5.9476946109662014,0,TC4,sup_int
2026-02-12 04:00:00,2026-02-11 04:00:00,2026-02-13 03:30:00,61.918092071599105,1205.4957489763658,541.0982335073313,231.98689505979337,4.877169857487294,3.859057133304961,0.9011988402417721,0.8797097117277701,5.932277286180399,0,TC4,sup_int
2026-02-12 16:00:00,2026-02-11 16:00:00,2026-02-13 15:30:00,59.58171528785744,1244.4147940899668,540.2953944790901,224.16237117085012,5.0927527742721495,4.065494051226204,0.9104958748669255,0.8953980351264382,5.931987023311728,0,TC4,sup_int
2026-02-13 04:00:00,2026-02-12 04:00:00,2026-02-14 03:30:00,59.17017359403361,1252.7676028548794,539.4884566318573,222.53217865933775,5.18752056626238,4.148755865095746,0.9120601923929157,0.8995278575647017,5.924626942767507,0,TC4,sup_int
2026-02-13 16:00:00,2026-02-12 16:00:00,2026-02-14 15:30:00,-95.4781062041761,,231.02136592833594,-207.00260029036164,6.467409718879935e-09,7.672086965726521e-09,1.956491746391009e-09,-2.8686566455604634e-09,2.8035598225232214,1,TC4,sup_int
2026-02-14 04:00:00,2026-02-13 04:00:00,2026-02-15 03:30:00,52.16785138265941,1381.6282898832994,539.2370982991349,199.38109384138207,5.013036607523462,4.113643857935355,0.9104520036774144,0.905902951287618,5.947477164230226,0,TC4,sup_int
2026-02-14 16:00:00,2026-02-13 16:00:00,2026-02-15 15:30:00,51.69015139760729,1389.8403281848282,539.9719247436918,198.023370464733,4.825613563927206,3.965742131456987,0.9099305302036543,0.9046612497380032,5.9573390729256275,0,TC4,sup_int
2026-02-15 04:00:00,2026-02-14 04:00:00,2026-02-16 03:30:00,50.54305154605117,1416.8001582357103,538.4360304432495,193.6568132803577,4.692255733401805,3.8745839963522513,0.9062687895912496,0.9043383781041513,5.9446055895753265,0,TC4,sup_int
2026-02-15 16:00:00,2026-02-14 16:00:00,2026-02-16 15:30:00,1562.5072468323983,,2188.848532699941,,4.7250027029675845,6.42740971557032e-10,0.9059626524562625,-2.484878969255533e-10,2.226229458746648,1,TC4,sup_int
2026-02-16 04:00:00,2026-02-15 04:00:00,2026-02-17 03:30:00,54.5526306141726,1333.4281338383446,540.1050554591457,207.62215529402158,4.65115398677445,3.782195668436632,0.8956155774445934,0.8907319246420708,5.948290476000154,0,TC4,sup_int
2026-02-16 16:00:00,2026-02-15 16:00:00,2026-02-17 15:30:00,1562.443134465008,,2172.645596881291,,4.765863595585321,7.736997709173465e-10,0.8953818998820013,-2.9487767783109575e-10,2.218410365748131,1,TC4,sup_int
2026-02-17 04:00:00,2026-02-16 04:00:00,2026-02-18 03:30:00,53.98337168294538,1343.9336664100506,540.2589237032428,205.78538874128532,4.78131989270919,3.8959456803784365,0.8937386459487403,0.8909818150404538,5.952074435773496,0,TC4,sup_int
2026-02-17 16:00:00,2026-02-16 16:00:00,2026-02-18 15:30:00,-1569.8864445010768,,-1792.2876177721382,-1047530778396.1272,4.180428447853046e-09,3.940507142041801,1.3066312476439634e-09,0.8917654879155803,0.23903973500031328,1,TC4,sup_int
2026-02-18 04:00:00,2026-02-17 04:00:00,2026-02-19 03:30:00,51.61518718961247,1392.1701859486345,539.5772433614868,197.6405493516046,4.891472792760226,4.021550968330492,0.9047969228734168,0.9029052893864551,5.9532603177105665,0,TC4,sup_int
2026-02-18 16:00:00,2026-02-17 16:00:00,2026-02-19 15:30:00,1562.111597949408,,2166.72687132482,,4.891341407378271,8.823399788582265e-10,0.9036938679438831,-3.388633817991149e-10,2.256365584353155,1,TC4,sup_int
2026-02-19 04:00:00,2026-02-18 04:00:00,2026-02-20 03:30:00,50.71081959133329,1405.4921364871404,542.2572850281149,195.47158046551135,4.894169891688278,4.03332045965839,0.9047745773934955,0.9037322158111142,5.986173484623587,0,TC4,sup_int
2026-02-19 16:00:00,2026-02-18 16:00:00,2026-02-20 15:30:00,55.28564396025877,1310.2992402197353,544.9756728471228,211.74874110754737,4.5286357297496656,3.665751051358344,0.8921435922080828,0.8859777285343884,5.999219769448981,0,TC4,sup_int
2026-02-20 04:00:00,2026-02-19 04:00:00,2026-02-21 03:30:00,51.256751354382594,1391.5659921227455,543.5353844708097,197.73972441084845,4.416246035059424,3.63044659149758,0.8806775413261096,0.8770968109583246,5.998259210499125,0,TC4,sup_int
2026-02-20 16:00:00,2026-02-19 16:00:00,2026-02-21 15:30:00,47.39020010846884,1476.1377751674634,543.4962511853796,184.51347588316517,4.269061597725563,3.560259419836801,0.891361115584975,0.888870503834788,6.012186972362739,0,TC4,sup_int
2026-02-21 04:00:00,2026-02-20 04:00:00,2026-02-22 03:30:00,47.999015733489,1464.0873614629807,542.5679752188989,186.3202581904732,4.188955953011859,3.486643445296048,0.8958929172025295,0.8857884497922791,5.999656836299246,0,TC4,sup_int
2026-02-21 16:00:00,2026-02-20 16:00:00,2026-02-22 15:30:00,45.44857262406369,1526.8051772080216,541.4851886106326,177.18089924956462,4.415308521324572,3.7113574262405478,0.9027734388184591,0.9010677259455527,5.997149269983757,0,TC4,sup_int
2026-02-22 04:00:00,2026-02-21 04:00:00,2026-02-23 03:30:00,44.57784288812796,1547.4186089038162,542.0408249602016,174.31499729138636,4.457959776871399,3.7587050175425167,0.9031400003574215,0.9027400257014949,6.006544662275436,0,TC4,sup_int
2026-02-22 16:00:00,2026-02-21 16:00:00,2026-02-23 15:30:00,48.6472855091499,1449.0578026032847,542.7752650969405,188.60889674009147,4.34700218746938,3.6092397065749218,0.8873838115053952,0.885584611527963,5.999541840721896,0,TC4,sup_int
2026-02-23 04:00:00,2026-02-22 04:00:00,2026-02-24 03:30:00,46.72187164967595,1493.2211012897003,542.8105217394502,181.99415890690648,4.399954193058468,3.6793942148771723,0.8989076026290654,0.8966925423176481,6.007086935151619,0,TC4,sup_int
2026-02-23 16:00:00,2026-02-22 16:00:00,2026-02-24 15:30:00,-21.437093618760848,,520.0951763200319,-95.03776553959727,7.603892626661946e-09,8.254167127574874e-09,2.6974841249582937e-09,3.5273935994339922e-09,6.0091240530073655,1,TC4,sup_int
2026-02-24 04:00:00,2026-02-23 04:00:00,2026-02-25 03:30:00,48.54460511088733,1450.28811760955,543.2914716644375,188.4200629705298,4.264680270996177,3.5416139165210128,0.8988826261863206,0.8948430808099763,6.005629224014328,0,TC4,sup_int
2025-12-22 16:00:00,2025-12-21 16:00:00,2025-12-23 15:30:00,17.491066162106737,2855.7113593699855,545.9185481544798,73.62977142377044,4.014213416742166,3.7482521196893916,0.8593581910034301,0.8688921963104697,6.152800591925828,0,TC4,int_inf
2025-12-23 04:00:00,2025-12-22 04:00:00,2025-12-24 03:30:00,14.082684802976734,3248.595055362838,545.5924946934243,59.76403220894599,4.4169913409831665,4.179454503057402,0.8792845185569009,0.8858317695154444,6.162358599380502,0,TC4,int_inf
2025-12-23 16:00:00,2025-12-22 16:00:00,2025-12-24 15:30:00,12.098252710144493,3545.8592273546965,545.8201171384625,51.624763349776494,4.261794007960298,4.0638168615509676,0.8774896136656721,0.8852342224451151,6.172663092975122,0,TC4,int_inf
2025-12-24 04:00:00,2025-12-23 04:00:00,2025-12-25 03:30:00,10.836183349996356,3774.4901274366193,545.9953647922569,46.403895392845044,4.322609119119994,4.14211421863851,0.8956829681594372,0.9027976964932451,6.179574946182838,0,TC4,int_inf
2025-12-24 16:00:00,2025-12-23 16:00:00,2025-12-25 15:30:00,1510.055476062187,,2225.1560563086878,,4.170157144584951,1.1134546618052354e-08,0.8830452092857406,4.18031409488151e-09,5.616974770360258,1,TC4,int_inf
2025-12-25 04:00:00,2025-12-24 04:00:00,2025-12-26 03:30:00,9.374832960126193,4090.969678439735,546.7064359991723,40.34865032671288,4.422616770656617,4.262043648300459,0.9006906179886589,0.9032802472859299,6.193348466620113,0,TC4,int_inf
2025-12-25 16:00:00,2025-12-24 16:00:00,2025-12-26 15:30:00,1512.4719684786076,,2265.779676595967,,4.383125540241203,7.411635749576817e-09,0.8969192886351309,2.678114841003776e-09,5.623116591496755,1,TC4,int_inf
2025-12-26 04:00:00,2025-12-25 04:00:00,2025-12-27 03:30:00,9.263600425819886,4116.984501523761,547.0017587565171,39.90250111187031,4.567996185252026,4.403978611675099,0.9089952093861258,0.9127270812703709,6.197130500315101,0,TC4,int_inf
2025-12-26 16:00:00,2025-12-25 16:00:00,2025-12-27 15:30:00,9.62795699515732,4027.976892189585,547.3547470627745,41.45923174642857,4.446091846327118,4.280223233708506,0.9056099445656873,0.9094374826536933,6.199699163916413,0,TC4,int_inf
2025-12-27 04:00:00,2025-12-26 04:00:00,2025-12-28 03:30:00,9.591959040591641,4036.705747199282,547.2827960541297,41.30272736097625,4.416976459410203,4.252816080034711,0.9051568286537247,0.9088704254052697,6.19902547710557,0,TC4,int_inf
2025-12-27 16:00:00,2025-12-26 16:00:00,2025-12-28 15:30:00,9.787751544484403,3990.8106656353702,547.4250146202514,42.13526730317558,4.334828853230344,4.1704741105725525,0.9075549284979126,0.9108624414772697,6.199867844896043,0,TC4,int_inf
2025-12-28 04:00:00,2025-12-27 04:00:00,2025-12-29 03:30:00,10.071042031491507,3927.0742090169083,547.5407472647935,43.332128606094244,4.298992903804846,4.131366941701231,0.9141398792820218,0.9172315375418107,6.2000666960905555,0,TC4,int_inf
2025-12-28 16:00:00,2025-12-27 16:00:00,2025-12-29 15:30:00,10.268167294653297,3884.8313127268243,547.4735360789808,44.1525358614292,4.258817277592645,4.08961383647816,0.9151130103550202,0.9178800258876436,6.19853226720482,0,TC4,int_inf
2025-12-29 04:00:00,2025-12-28 04:00:00,2025-12-30 03:30:00,9.878924906376394,3969.771769539558,547.520271144607,42.52501728883189,4.316794749038189,4.1516098164526465,0.9170169489977256,0.9196561396569076,6.200588799796727,0,TC4,int_inf
2025-12-29 16:00:00,2025-12-28 16:00:00,2025-12-30 15:30:00,-1541.1732202923038,,-1320.355411780765,-143355052783.35913,3.197196285498194e-08,4.124267633670527,-1.1394885035542757e-08,0.9141787623389226,3.628368415396953,1,TC4,int_inf
2025-12-30 04:00:00,2025-12-29 04:00:00,2025-12-31 03:30:00,9.659592065883338,4020.5577369820176,547.3663412850377,41.592927016947066,4.501343877332508,4.33287246845714,0.9184929609295462,0.9210725314561505,6.199706319030073,0,TC4,int_inf
2025-12-30 16:00:00,2025-12-29 16:00:00,2025-12-31 15:30:00,10.943804396900097,3746.1637434231516,547.8608050817644,47.00844693542287,4.487351987156866,4.297536968509843,0.9110301606737949,0.9137137278138192,6.2002658595278195,0,TC4,int_inf
2025-12-31 04:00:00,2025-12-30 04:00:00,2026-01-01 03:30:00,10.630148374635207,3808.5167205426064,547.7909409287037,45.69235601255644,4.589902357132585,4.401185137041612,0.9196893811508159,0.9222174349550241,6.200705491805265,0,TC4,int_inf
2025-12-31 16:00:00,2025-12-30 16:00:00,2026-01-01 15:30:00,10.935625739008794,3747.01366526664,548.049572178949,46.99014335622182,4.55065651650704,4.3582386663642625,0.9135489384270657,0.916766671185023,6.202434269286038,0,TC4,int_inf
2026-01-01 04:00:00,2025-12-31 04:00:00,2026-01-02 03:30:00,11.536007915445893,3634.1421404203697,548.2766054530925,49.51345267464656,4.518137452115788,4.316835872636186,0.9101683337984985,0.912814174532647,6.202647935304028,0,TC4,int_inf
2026-01-01 16:00:00,2025-12-31 16:00:00,2026-01-02 15:30:00,-1569.4586785866882,,-1615.5889629920844,-180204943661.12335,2.6760269555836658e-08,4.33932041276869,9.044136772828892e-09,0.9121722039484378,0.4926222656157898,1,TC4,int_inf
2026-01-02 04:00:00,2026-01-01 04:00:00,2026-01-03 03:30:00,12.022539977973535,3548.392864858302,548.5517459305173,51.56238775413594,4.401966374496051,4.197724741997743,0.8995332535333187,0.9024132217652256,6.203851918565136,0,TC4,int_inf
2026-01-02 16:00:00,2026-01-01 16:00:00,2026-01-03 15:30:00,1509.0029468419366,,2215.7253218032943,,4.534869123792908,1.3706339174746063e-08,0.9031606807236616,4.821663623921779e-09,5.6334643557967325,1,TC4,int_inf
2026-01-03 04:00:00,2026-01-02 04:00:00,2026-01-04 03:30:00,11.755881430076288,3594.336671397947,548.5120987725973,50.44978593365242,4.585957754842288,4.377770609869196,0.9048202528255223,0.9085748884898385,6.204449417842247,0,TC4,int_inf
2026-01-03 16:00:00,2026-01-02 16:00:00,2026-01-04 15:30:00,11.99256028444106,3553.087082889466,548.6536195231972,51.44710588457244,4.5546150419041584,4.343763317636642,0.9039763594144734,0.907680850135412,6.2051216584841455,0,TC4,int_inf
2026-01-04 04:00:00,2026-01-03 04:00:00,2026-01-05 03:30:00,11.384449924001455,3660.8889723857665,548.4626395201617,48.89823695748967,4.679860411020731,4.4739441556266755,0.9136561536191959,0.917675979571376,6.20534724358063,0,TC4,int_inf
2026-01-04 16:00:00,2026-01-03 16:00:00,2026-01-05 15:30:00,1559.9501916970248,,2143.4186475552483,,4.497558942620942,1.3402319254396389e-09,0.9106457295794578,-4.803299979982967e-10,2.4926946092371747,1,TC4,int_inf
2026-01-05 04:00:00,2026-01-04 04:00:00,2026-01-06 03:30:00,12.58549273931126,3455.757062242582,548.7233306406578,53.91514946424811,4.351101659930782,4.140008298448624,0.8983581031058798,0.9008645934431521,6.203584736306681,0,TC4,int_inf
2026-01-05 16:00:00,2026-01-04 16:00:00,2026-01-06 15:30:00,11.678571607396236,3608.418008806197,548.374194439186,50.1156741466996,4.335661180416793,4.140140164729982,0.884117370475372,0.8852995738190022,6.203192738182449,0,TC4,int_inf
2026-01-06 04:00:00,2026-01-05 04:00:00,2026-01-07 03:30:00,14.162420259609814,3225.9409979859824,549.0261614500351,60.45787766221318,4.062607171978748,3.8415919121758635,0.8738388907389896,0.874357613677791,6.2008290210025265,0,TC4,int_inf
2026-01-06 16:00:00,2026-01-05 16:00:00,2026-01-07 15:30:00,12.6388879018579,3448.560601424092,548.3892799902444,54.10431698728813,4.270024608899487,4.062137849831498,0.8945155816907651,0.8965761101510014,6.199598940057982,0,TC4,int_inf
2026-01-07 04:00:00,2026-01-06 04:00:00,2026-01-08 03:30:00,13.442905632295755,3327.147255211245,548.5534889353324,57.44421312747193,4.167691243591189,3.952261157892397,0.895102110707318,0.8986967118618174,6.198306112326611,0,TC4,int_inf
2026-01-07 16:00:00,2026-01-06 16:00:00,2026-01-08 15:30:00,1557.4340216406124,,1935.1179699217207,,3.951502707073433,1.2601960808211743e-08,0.8797948965811547,-4.9727086892659145e-09,2.489324034042874,1,TC4,int_inf
2026-01-08 04:00:00,2026-01-07 04:00:00,2026-01-09 03:30:00,14.954131929941292,3124.4615970825234,549.0527896279551,63.71120860145546,3.3080918318808274,3.1184396110964125,0.7665321847110237,0.7617229740293565,6.198031780564547,0,TC4,int_inf
2026-01-08 16:00:00,2026-01-07 16:00:00,2026-01-09 15:30:00,-1569.5228471464168,,-1696.7190740970527,-450530918972.903,8.018017361166585e-09,3.2505445774277524,3.041007778925575e-09,0.7682851509847722,0.48438584294446796,1,TC4,int_inf
2026-01-09 04:00:00,2026-01-08 04:00:00,2026-01-10 03:30:00,15.44950387937184,3065.1855763977715,548.9635947361487,65.7279308231982,3.296040573410234,3.1010978443985646,0.7911633542132172,0.7917825835992847,6.195088360560079,0,TC4,int_inf
2026-01-09 16:00:00,2026-01-08 16:00:00,2026-01-10 15:30:00,18.492162700041735,2749.912591667698,549.5193791203183,78.14021434328025,3.6066192344669017,3.353024971370527,0.7908282764049022,0.7926214778410391,6.189479956408292,0,TC4,int_inf
2026-01-10 04:00:00,2026-01-09 04:00:00,2026-01-11 03:30:00,13.450644493650243,3327.614118917074,548.109188150681,57.43081271630249,4.386496961241921,4.159809589696355,0.8828153874822482,0.887296156009714,6.193255523399228,0,TC4,int_inf
2026-01-10 16:00:00,2026-01-09 16:00:00,2026-01-11 15:30:00,17.260704793379574,2867.83669811741,549.29095709376,73.13657748146956,4.075339980827278,3.807137364484363,0.882520977852469,0.8859146128291077,6.191708135181903,0,TC4,int_inf
2026-01-11 04:00:00,2026-01-10 04:00:00,2026-01-12 03:30:00,13.636015939642013,3301.244257595412,548.1104246933882,58.19476010648793,4.434312834469827,4.202106136448617,0.9077047739157685,0.9118938519578715,6.192544461899012,0,TC4,int_inf
2026-01-11 16:00:00,2026-01-10 16:00:00,2026-01-12 15:30:00,-1569.4946128480947,,-1630.759670624838,-211473133632.917,2.0762803032425836e-08,3.950988075441868,7.46707951027048e-09,0.9032826008507278,0.4797382687889101,1,TC4,int_inf
2026-01-12 04:00:00,2026-01-11 04:00:00,2026-01-13 03:30:00,14.680600782652064,3160.7227136785173,548.4296579975379,62.52069192999087,4.397774389051205,4.150362107932692,0.9109299546257696,0.9143205876284212,6.192066277090372,0,TC4,int_inf
2026-01-12 16:00:00,2026-01-11 16:00:00,2026-01-13 15:30:00,-1569.523437300151,,-1684.0376280737883,-388377019292.31903,1.1735584060090787e-08,4.101311596380961,4.1059167177337486e-09,0.909629005278253,0.48045496272246446,1,TC4,int_inf
2026-01-13 04:00:00,2026-01-12 04:00:00,2026-01-14 03:30:00,16.194836414992437,2980.860561407554,548.8737567976068,68.75676706675765,4.328058254838634,4.06028137454058,0.9078644508627367,0.910755283665779,6.191163560337026,0,TC4,int_inf
2026-01-13 16:00:00,2026-01-12 16:00:00,2026-01-14 15:30:00,15.842054097414142,3020.8119732575997,548.6878834329618,67.29757505544325,4.4453193924313394,4.176124436811116,0.9106909659798447,0.9129613833711455,6.190443979158557,0,TC4,int_inf
2026-01-14 04:00:00,2026-01-13 04:00:00,2026-01-15 03:30:00,18.262768202466482,2772.102980423462,549.123705466999,77.16237929662003,4.283492525021954,3.9860739038904427,0.8964578751971304,0.8991158651731473,6.1859168062373495,0,TC4,int_inf
2026-01-14 16:00:00,2026-01-13 16:00:00,2026-01-15 15:30:00,1513.0517726133082,,2271.6894175855905,,4.50841853312381,7.063738927115537e-09,0.9029824550330187,2.5509091505782067e-09,5.6142036690834125,1,TC4,int_inf
2026-01-15 04:00:00,2026-01-14 04:00:00,2026-01-16 03:30:00,19.76155513702135,2640.9721854026625,549.3098656556732,83.20436411181599,4.350663861824698,4.02492755494826,0.8969800216369005,0.8990816296471464,6.182178701218323,0,TC4,int_inf
2026-01-15 16:00:00,2026-01-14 16:00:00,2026-01-16 15:30:00,18.54392729783067,2747.534460984305,548.7730467572319,78.24604728700906,4.4979200601205545,4.181226908332917,0.9098748747874936,0.9141511176902569,6.180872224102276,0,TC4,int_inf
2026-01-16 04:00:00,2026-01-15 04:00:00,2026-01-17 03:30:00,18.892459294246105,2716.3149133873303,548.8329158600062,79.65440911873782,4.498505005277536,4.176069721426111,0.9116932694899271,0.9173683456996253,6.180190283992335,0,TC4,int_inf
2026-01-16 16:00:00,2026-01-15 16:00:00,2026-01-17 15:30:00,20.74638514199938,2562.782078058109,549.288537645098,87.12954812158893,4.360230501227672,4.018377464498255,0.9032169604513426,0.9079769166513008,6.1781104602603385,0,TC4,int_inf
2026-01-17 04:00:00,2026-01-16 04:00:00,2026-01-18 03:30:00,18.43506539335911,2758.1313470400837,548.5372061504777,77.77601462301148,4.584795002879854,4.263924245525504,0.9189397165180927,0.924775341671026,6.17863944181669,0,TC4,int_inf
2026-01-17 16:00:00,2026-01-16 16:00:00,2026-01-18 15:30:00,1266.9041329788345,,630.1140546132463,1093.7245641260076,7.784532130017396e-09,1.2318723818793842e-10,-2.771957108294032e-09,4.791822494354392e-11,3.0346658104653734,1,TC4,int_inf
2026-01-18 04:00:00,2026-01-17 04:00:00,2026-01-19 03:30:00,18.48933652401389,2753.678552715481,548.3827076198498,77.97303340944632,4.50191680720683,4.186048227846172,0.9227037002650675,0.928570944984596,6.176688113896738,0,TC4,int_inf
2026-01-18 16:00:00,2026-01-17 16:00:00,2026-01-19 15:30:00,1506.5560466663649,,2168.7164696561895,,4.3161670562922225,2.164231061030364e-08,0.9149431159648955,8.425991349092499e-09,5.603966168705148,1,TC4,int_inf
2026-01-19 04:00:00,2026-01-18 04:00:00,2026-01-20 03:30:00,19.04322114145419,2704.637620897834,548.3438953319475,80.19041145241862,4.425662299574014,4.106313531113711,0.9195234476330939,0.9257659623240957,6.174097657987419,0,TC4,int_inf
2026-01-19 16:00:00,2026-01-18 16:00:00,2026-01-20 15:30:00,20.483667778488396,2584.551161981934,548.8057615219435,86.01090405714318,4.350160566086752,4.013475904467883,0.9104936141321125,0.9164092840350355,6.173700323073959,0,TC4,int_inf
2026-01-20 04:00:00,2026-01-19 04:00:00,2026-01-21 03:30:00,19.9140739890307,2630.5912562469716,548.6068567831675,83.71093047746471,4.400482742194221,4.0690106089472735,0.9134631674237688,0.9195771429763169,6.173674289581757,0,TC4,int_inf
2026-01-20 16:00:00,2026-01-19 16:00:00,2026-01-21 15:30:00,-1569.5993900612411,,-1775.2728723955063,-1079034047130.6272,4.1312375742563745e-09,4.011251118830972,1.4533848569087127e-09,0.9137888804892197,0.4625722718325228,1,TC4,int_inf
2026-01-21 04:00:00,2026-01-20 04:00:00,2026-01-22 03:30:00,20.566548106949615,2577.086986110301,549.1460348389111,86.3921679252827,4.278432210897468,3.9458312041484267,0.9058901484499456,0.912305850152441,6.177206192893385,0,TC4,int_inf
2026-01-21 16:00:00,2026-01-20 16:00:00,2026-01-22 15:30:00,20.457525947490367,2584.369733681708,549.559611001337,86.02014306768494,4.149661047124248,3.828459730735418,0.9011644826712604,0.9077086377940968,6.182282269877636,0,TC4,int_inf
2026-01-22 04:00:00,2026-01-21 04:00:00,2026-01-23 03:30:00,21.125261594686545,2531.509873961521,550.1754190310265,88.77278071015834,4.179377716194148,3.8455241816212093,0.8972246187200711,0.9015676578731727,6.186611741401739,0,TC4,int_inf
2026-01-22 16:00:00,2026-01-21 16:00:00,2026-01-23 15:30:00,-1569.4842226101784,,-1604.5624686167466,-156473284174.10196,2.755415096089564e-08,3.8796430192779754,9.967392577969747e-09,0.9113488576403124,0.47707200948982487,1,TC4,int_inf
2026-01-23 04:00:00,2026-01-22 04:00:00,2026-01-24 03:30:00,21.579994373528766,2497.5729093298964,550.3454870469036,90.60594204064158,4.200659971906888,3.8581771916558742,0.903434599037121,0.9074532051346185,6.1867554912681495,0,TC4,int_inf
2026-01-23 16:00:00,2026-01-22 16:00:00,2026-01-24 15:30:00,21.661147764714087,2492.8061761747767,549.9647178163924,90.86769142164718,4.405309494368239,4.0451039017100845,0.9093757786205193,0.912038353950929,6.182159727296778,0,TC4,int_inf
2026-01-24 04:00:00,2026-01-23 04:00:00,2026-01-25 03:30:00,22.79473246978651,2414.372134270448,549.8632871339094,95.3321420092561,4.326358440699668,3.9552281675933507,0.9182216330660471,0.922638109342838,6.176619200382664,0,TC4,int_inf
2026-01-24 16:00:00,2026-01-23 16:00:00,2026-01-25 15:30:00,22.949806501881554,2405.271195385791,549.425441903618,95.8700550962822,4.410644204969977,4.030148696422616,0.9177348345415122,0.921718048682719,6.171099870888019,0,TC4,int_inf
2026-01-25 04:00:00,2026-01-24 04:00:00,2026-01-26 03:30:00,24.461099256867264,2308.8088141442972,549.7053668435539,101.84369521674962,4.365879869926642,3.9657781097010054,0.9010808740252292,0.9066886054912321,6.168389750545542,0,TC4,int_inf
2026-01-25 16:00:00,2026-01-24 16:00:00,2026-01-26 15:30:00,23.653303376713502,2359.7316100331755,549.3875184706317,98.62692777749726,4.2306299657161865,3.8551687533525403,0.9042686984937892,0.909988838369197,6.16794904653056,0,TC4,int_inf
2026-01-26 04:00:00,2026-01-25 04:00:00,2026-01-27 03:30:00,26.10542871476483,2213.3207865622635,549.9467235461815,108.28590583481065,3.9006804874652596,3.520598889278526,0.8708425963527221,0.8751103364629161,6.164738034794143,0,TC4,int_inf
2026-01-26 16:00:00,2026-01-25 16:00:00,2026-01-27 15:30:00,1559.1644234327857,,2037.1872886010021,,4.020885171872555,3.857710595411845e-09,0.869808028804032,-1.5473964332102241e-09,2.4513334129610147,1,TC4,int_inf
2026-01-27 04:00:00,2026-01-26 04:00:00,2026-01-28 03:30:00,1487.8408661321241,,2151.576000934464,,3.9854360095352686,4.3154259277145e-08,0.8823184444520538,2.120537523353505e-08,6.178483290761657,1,TC4,int_inf
2026-01-27 16:00:00,2026-01-26 16:00:00,2026-01-28 15:30:00,25.79077774772312,2232.0758817990068,549.4644938800493,106.97623690135188,4.206258684389565,3.801358637776072,0.8904912611796961,0.8987982656013358,6.160547356234633,0,TC4,int_inf
2026-01-28 04:00:00,2026-01-27 04:00:00,2026-01-29 03:30:00,24.066001794110818,2335.1153889486072,548.9304082306169,100.16378936524804,4.575556211534508,4.163155720946348,0.9138863873275928,0.9220652458067407,6.161220998757777,0,TC4,int_inf
2026-01-28 16:00:00,2026-01-27 16:00:00,2026-01-29 15:30:00,1512.3832781907256,,2250.4690859903694,,4.241363163140483,8.250037097923268e-09,0.8909401102394835,3.2739601030229437e-09,5.588679167518199,1,TC4,int_inf
2026-01-29 04:00:00,2026-01-28 04:00:00,2026-01-30 03:30:00,24.675272958377413,2298.1125804273906,548.9079210263494,102.53808862390962,4.374697800094157,3.9710544451061094,0.9038314106614056,0.9121848503427337,6.1586138456629955,0,TC4,int_inf
2026-01-29 16:00:00,2026-01-28 16:00:00,2026-01-30 15:30:00,27.390296010217597,2145.5593710126527,549.7452723662223,113.21009894443489,4.094376711089423,3.677279294330529,0.9023965451195979,0.9116289452153903,6.157520839188852,0,TC4,int_inf
2026-01-30 04:00:00,2026-01-29 04:00:00,2026-01-31 03:30:00,26.877805558001675,2172.9333298123197,549.4786857222034,111.1837128277766,4.073541286440539,3.665994167966786,0.8978944907380113,0.9063166993090945,6.1565109705897685,0,TC4,int_inf
2026-01-30 16:00:00,2026-01-29 16:00:00,2026-01-31 15:30:00,983.1934069255761,30.529583911303888,477.61094741679005,1012.9377198208049,2.4227615469385455e-08,2.1446218134713035e-09,-8.901335002420296e-09,8.751556146435746e-10,3.018380985948018,1,TC4,int_inf
2026-01-31 04:00:00,2026-01-30 04:00:00,2026-02-01 03:30:00,31.042439012689208,1971.6376087022934,550.8621067891598,127.38146204225963,3.494516766774363,3.093965702777017,0.8022380962228441,0.7938435315429209,6.155948323344848,0,TC4,int_inf
2026-01-31 16:00:00,2026-01-30 16:00:00,2026-02-01 15:30:00,24.53234698147517,2306.8662409849812,548.8426975529624,101.9693133225316,3.7649106030631807,3.4194578206526782,0.8368439778121195,0.8298256900743872,6.1584342214377275,0,TC4,int_inf
2026-02-01 04:00:00,2026-01-31 04:00:00,2026-02-02 03:30:00,33.64834710599454,1863.1849148621852,552.2618646703742,137.50725579555424,3.044601053468864,2.667879437635493,0.8333646566494693,0.8239371576847139,6.16155562784807,0,TC4,int_inf
2026-02-01 16:00:00,2026-01-31 16:00:00,2026-02-02 15:30:00,33.560591041890184,1869.5320469507162,550.9947217259097,136.88409543743285,3.335526520866482,2.9246778178160238,0.8490847670675458,0.8595463697041164,6.147754836448275,0,TC4,int_inf
2026-02-02 04:00:00,2026-02-01 04:00:00,2026-02-03 03:30:00,49.66879183926553,1395.1060807280342,558.5652841570152,197.15963856444995,4.0568611112253885,3.3371260079038216,0.7263633319080365,0.7471310850906849,6.170176489789775,0,TC4,int_inf
2026-02-02 16:00:00,2026-02-01 16:00:00,2026-02-03 15:30:00,78.71771667358203,951.5183002047823,564.4005462745779,294.1529650108481,3.7637570503642146,2.7675276730496816,0.661723787896766,0.6189400279111936,6.124512127628642,0,TC4,int_inf
2026-02-03 04:00:00,2026-02-02 04:00:00,2026-02-04 03:30:00,75.78116110223264,992.1830497563162,558.767376693679,282.6932322304977,5.0551763104519924,3.7692495017024776,0.8989343889902957,0.8834338656770188,6.074242329831273,0,TC4,int_inf
2026-02-03 16:00:00,2026-02-02 16:00:00,2026-02-04 15:30:00,101.56901792329033,755.54315689412,564.6227870114764,360.20628398860913,4.384293650307063,2.9632237149876457,0.8872057529666076,0.9015770903017097,6.042757337486363,0,TC4,int_inf
2026-02-04 04:00:00,2026-02-03 04:00:00,2026-02-05 03:30:00,89.10562438376921,860.622212704405,558.8690589555133,322.3516378122887,4.549098575117181,3.2295670796249434,0.8706916961115257,0.8882592642058329,6.026356931935162,0,TC4,int_inf
2026-02-04 16:00:00,2026-02-03 16:00:00,2026-02-05 15:30:00,1506.5548329201754,,2122.5248323375295,,4.475281660557465,3.371493884074539e-08,0.8688831235289749,1.5794816343728257e-08,5.484650070680087,1,TC4,int_inf
2026-02-05 04:00:00,2026-02-04 04:00:00,2026-02-06 03:30:00,81.69130442187299,925.4733932564374,561.5602726126903,301.8515133795568,3.708815160525485,2.701435729588641,0.7228586083672832,0.7128735235915016,6.082678243560739,0,TC4,int_inf
2026-02-05 16:00:00,2026-02-04 16:00:00,2026-02-06 15:30:00,-1569.7503468715383,,-1864.9577797992144,-2758637763920.3354,1.2705205776342154e-09,3.153849117616121,4.0180903049247263e-10,0.7590316286677617,0.3791832070436627,1,TC4,int_inf
2026-02-06 04:00:00,2026-02-05 04:00:00,2026-02-07 03:30:00,73.80852057939552,1010.9907180384494,561.1095521815985,277.61141546243493,3.3515160476070474,2.5142891826510247,0.7947323761613831,0.7774009829462094,6.1070481961420935,0,TC4,int_inf
2026-02-06 16:00:00,2026-02-05 16:00:00,2026-02-07 15:30:00,4.27973537926547,9181.88547199201,260.0914777877608,8.918851568644142,2.226387518788897e-09,2.20851958943058e-09,-9.047318449972863e-10,1.135302518662229e-09,2.9559753570642706,1,TC4,int_inf
2026-02-07 04:00:00,2026-02-06 04:00:00,2026-02-08 03:30:00,1485.608704059345,,2131.5854307235118,,3.5579588547557486,4.883994719762086e-08,0.8790848527901781,3.1245673604018975e-08,6.187895527683167,1,TC4,int_inf
2026-02-07 16:00:00,2026-02-06 16:00:00,2026-02-08 15:30:00,1512.4594952033233,,2228.3189823522175,,3.6208943073889492,8.554386532466651e-09,0.8761127771488356,4.4845782642966014e-09,5.530644141014231,1,TC4,int_inf
2026-02-08 04:00:00,2026-02-07 04:00:00,2026-02-09 03:30:00,61.39554311493993,1185.0144273990106,556.8904088866133,236.26179970025777,3.61553392990165,2.8468806561412756,0.8722005916600297,0.8845554333876857,6.107373347494185,0,TC4,int_inf
2026-02-08 16:00:00,2026-02-07 16:00:00,2026-02-09 15:30:00,57.167631697176134,1255.7354155872242,556.110271845016,221.95702180159032,3.771806858850039,3.0184810151619064,0.884011876426012,0.8977736263275824,6.114698038538894,0,TC4,int_inf
2026-02-09 04:00:00,2026-02-08 04:00:00,2026-02-10 03:30:00,59.78570559886223,1209.72202417276,557.333864020764,231.11853759205187,3.6189709062448494,2.866335916888197,0.8711288584380865,0.8800266575610377,6.1182874943092855,0,TC4,int_inf
2026-02-09 16:00:00,2026-02-08 16:00:00,2026-02-10 15:30:00,-1542.3178348287631,,-1323.8935581300445,-137383727334.38535,2.4407187826369636e-08,3.01729361433148,-9.660553024204432e-09,0.8922538424455833,3.545500781627334,1,TC4,int_inf
2026-02-10 04:00:00,2026-02-09 04:00:00,2026-02-11 03:30:00,58.51402647771622,1232.0276692797852,556.5534006553875,226.61140468466974,3.6407162769869803,2.898324538757366,0.8778375007502948,0.8908953730752842,6.114500799806546,0,TC4,int_inf
2026-02-10 16:00:00,2026-02-09 16:00:00,2026-02-11 15:30:00,-1547.7627858565252,,-1515.6357525676199,-1214772332927.9663,2.7621345211059634e-09,3.0192859777764824,-1.0898359992239648e-09,0.8920730877626613,3.5399180536912462,1,TC4,int_inf
2026-02-11 04:00:00,2026-02-10 04:00:00,2026-02-12 03:30:00,59.63019284836831,1213.7848825936003,556.4762138251313,230.28812215425674,3.7179453604886974,2.9475049156788327,0.8715756822107703,0.8825134034120952,6.109456614383117,0,TC4,int_inf
2026-02-11 16:00:00,2026-02-10 16:00:00,2026-02-12 15:30:00,1505.2710634522023,,2124.99748549031,,3.99033105881874,3.0779720550100365e-08,0.8792240883017723,1.4292772188007064e-08,5.536438830930126,1,TC4,int_inf
2026-02-12 04:00:00,2026-02-11 04:00:00,2026-02-13 03:30:00,61.33049022758505,1186.943956454831,556.3738067413182,235.85428564798266,3.859057133304961,3.04004655274535,0.8797097117277701,0.8885390124030662,6.101951684261653,0,TC4,int_inf
2026-02-12 16:00:00,2026-02-11 16:00:00,2026-02-13 15:30:00,59.159759429237226,1224.7973575509602,554.6420376654996,228.05854686220337,4.065494051226204,3.2311902648738315,0.8953980351264382,0.9072321997155239,6.091081596866143,0,TC4,int_inf
2026-02-13 04:00:00,2026-02-12 04:00:00,2026-02-14 03:30:00,61.012052201261604,1194.7866098517188,554.7694521484633,234.20822124545316,4.148755865095746,3.274407410057319,0.8995278575647017,0.9156701707878723,6.085546739881144,0,TC4,int_inf
2026-02-13 16:00:00,2026-02-12 16:00:00,2026-02-14 15:30:00,-1546.0234194933169,,-1432.9727875110207,-457987651337.2981,7.672086965726521e-09,3.161781240168495,-2.8686566455604634e-09,0.9100867701337709,3.5064852510642295,1,TC4,int_inf
2026-02-14 04:00:00,2026-02-13 04:00:00,2026-02-15 03:30:00,61.292684140529005,1191.9784343874367,553.884486443267,234.79572708397694,4.113643857935355,3.244520522504038,0.905902951287618,0.9211802086077923,6.074791515724967,0,TC4,int_inf
2026-02-14 16:00:00,2026-02-13 16:00:00,2026-02-15 15:30:00,63.149351690172935,1162.5662534864653,554.4978039660546,241.07770818464172,3.965742131456987,3.105449788935594,0.9046612497380032,0.9182882588426167,6.074588149854593,0,TC4,int_inf
2026-02-15 04:00:00,2026-02-14 04:00:00,2026-02-16 03:30:00,63.195374699040265,1162.4027903906251,554.2016315278001,241.11328968117706,3.8745839963522513,3.033942622899497,0.9043383781041513,0.9174002928092506,6.071172045537805,0,TC4,int_inf
2026-02-15 16:00:00,2026-02-14 16:00:00,2026-02-16 15:30:00,-992.0485749645395,,47.53926542040506,-11027.267356247601,6.42740971557032e-10,7.020504622090584e-09,-2.484878969255533e-10,3.4938780757443055e-09,2.9326116730177803,1,TC4,int_inf
2026-02-16 04:00:00,2026-02-15 04:00:00,2026-02-17 03:30:00,64.49306833415366,1142.3507083055952,554.7862931539511,245.53577599195137,3.782195668436632,2.9465478089111885,0.8907319246420708,0.9001760627278427,6.072739795669445,0,TC4,int_inf
2026-02-16 16:00:00,2026-02-15 16:00:00,2026-02-17 15:30:00,-1550.6749109017303,,-1633.5926222318246,-4486091012380.477,7.736997709173465e-10,3.1232380028022506,-2.9487767783109575e-10,0.9064186947389379,3.5020926523042553,1,TC4,int_inf
2026-02-17 04:00:00,2026-02-16 04:00:00,2026-02-18 03:30:00,63.030992024723375,1165.2071742054866,554.0029628711494,240.50389095060774,3.8959456803784365,3.052805994136972,0.8909818150404538,0.9058172419452745,6.069608048385103,0,TC4,int_inf
2026-02-17 16:00:00,2026-02-16 16:00:00,2026-02-18 15:30:00,62.08452881098736,1181.165115201543,553.0843082599638,237.07778074502852,3.940507142041801,3.099872072192329,0.8917654879155803,0.906983154365854,6.063065641562835,0,TC4,int_inf
2026-02-18 04:00:00,2026-02-17 04:00:00,2026-02-19 03:30:00,60.82933846457009,1202.000513861484,552.35988570592,232.70857020220726,4.021550968330492,3.179437745076022,0.9029052893864551,0.9217400092485512,6.059795354277521,0,TC4,int_inf
2026-02-18 16:00:00,2026-02-17 16:00:00,2026-02-19 15:30:00,-1550.634225323631,,-1622.5598430359735,-3880761337176.0293,8.823399788582265e-10,3.0811825134957394,-3.388633817991149e-10,0.9177201344659764,3.482873141007982,1,TC4,int_inf
2026-02-19 04:00:00,2026-02-18 04:00:00,2026-02-20 03:30:00,58.65416550026733,1239.8828551127763,550.9870787765819,225.0539787763753,4.03332045965839,3.216523793246526,0.9037322158111142,0.9233643654088266,6.0528251908387,0,TC4,int_inf
2026-02-19 16:00:00,2026-02-18 16:00:00,2026-02-20 15:30:00,65.8884492639141,1126.0336529615909,552.7666262512496,249.2207710660946,3.665751051358344,2.8436754950695766,0.8859777285343884,0.8957962263005971,6.0454580516300105,0,TC4,int_inf
2026-02-20 04:00:00,2026-02-19 04:00:00,2026-02-21 03:30:00,62.69716433723765,1175.1758920669154,551.2168354155185,238.3554133397491,3.63044659149758,2.85178347487423,0.8770968109583246,0.8900208196106405,6.040321198254678,0,TC4,int_inf
2026-02-20 16:00:00,2026-02-19 16:00:00,2026-02-21 15:30:00,65.2998906225666,1135.5920659657897,552.0411420001808,247.0525863075418,3.560259419836801,2.768787373558187,0.888870503834788,0.9016771176009498,6.039702223214609,0,TC4,int_inf
2026-02-21 04:00:00,2026-02-20 04:00:00,2026-02-22 03:30:00,68.50816916807821,1089.9782796418021,553.0471624371893,257.65004111870894,3.486643445296048,2.678288154170771,0.8857884497922791,0.8941591531911258,6.038829243141429,0,TC4,int_inf
2026-02-21 16:00:00,2026-02-20 16:00:00,2026-02-22 15:30:00,64.79002812072933,1143.3503617455613,551.7694584857245,245.31256223668868,3.7113574262405478,2.8921061963522474,0.9010677259455527,0.9153063059622208,6.03861737718011,0,TC4,int_inf
2026-02-22 04:00:00,2026-02-21 04:00:00,2026-02-23 03:30:00,65.29773059033121,1135.705717512,551.9936220632427,247.02696912384133,3.7587050175425167,2.923203687785287,0.9027400257014949,0.9200414054830991,6.039190320616125,0,TC4,int_inf
2026-02-22 16:00:00,2026-02-21 16:00:00,2026-02-23 15:30:00,1559.237568555965,,1935.7268119754433,,3.6092397065749218,9.670819700602351e-09,0.885584611527963,-5.280438752919281e-09,2.322121918015704,1,TC4,int_inf
2026-02-23 04:00:00,2026-02-22 04:00:00,2026-02-24 03:30:00,64.33926073994014,1150.5337706273954,551.388703484488,243.71708850670572,3.6793942148771723,2.8724809881816626,0.8966925423176481,0.9134594234369271,6.0361189056082205,0,TC4,int_inf
2026-02-23 16:00:00,2026-02-22 16:00:00,2026-02-24 15:30:00,-1569.7791798599096,,-1692.3005768230164,-364373746155.61304,8.254167127574874e-09,2.7063556563944684,3.5273935994339922e-09,0.9160934158578368,0.32249297010301803,1,TC4,int_inf
2026-02-24 04:00:00,2026-02-23 04:00:00,2026-02-25 03:30:00,66.90230579076436,1113.0010176410685,552.1922269300987,252.2212817159512,3.5416139165210128,2.7378148903558928,0.8948430808099763,0.9133957865658601,6.035425549929492,0,TC4,int_inf
2025-12-22 16:00:00,2025-12-21 16:00:00,2025-12-23 15:30:00,-3093.8893396726403,,-726.4624439894907,-554295135774.7667,7.514899813543252e-09,3.7482521196893916,-2.501366669349636e-09,0.8688921963104697,3.469963811911235,1,TC4,sup_inf
2025-12-23 04:00:00,2025-12-22 04:00:00,2025-12-24 03:30:00,85.32621836596876,2546.551636556902,273.46098637906795,168.98926641694214,4.928968393465784,4.179454503057402,0.9083785898340287,0.8858317695154444,6.067838545625154,0,TC4,sup_inf
2025-12-23 16:00:00,2025-12-22 16:00:00,2025-12-24 15:30:00,80.61239506999887,2634.978667372097,273.72823845886586,160.71926555628394,4.750898278920826,4.0638168615509676,0.9009584152373517,0.8852342224451151,6.082667731409089,0,TC4,sup_inf
2025-12-24 04:00:00,2025-12-23 04:00:00,2025-12-25 03:30:00,79.86132728659608,2652.0549776454354,273.39175436106643,159.18709113582,4.834641067714382,4.14211421863851,0.916262131638371,0.9027976964932451,6.076609020484152,0,TC4,sup_inf
2025-12-24 16:00:00,2025-12-23 16:00:00,2025-12-25 15:30:00,3025.213138432377,,1113.4914844367802,,4.684543266161763,1.1134546618052354e-08,0.9027618140770449,4.18031409488151e-09,5.521479779408797,1,TC4,sup_inf
2025-12-25 04:00:00,2025-12-24 04:00:00,2025-12-26 03:30:00,71.21789004271406,2845.099883488405,272.82376030318886,143.19432348368977,4.892443584124661,4.262043648300459,0.9135397938346937,0.9032802472859299,6.080320602832716,0,TC4,sup_inf
2025-12-25 16:00:00,2025-12-24 16:00:00,2025-12-26 15:30:00,3030.8528866040615,,1132.6174900755811,,4.925184509189887,7.411635749576817e-09,0.9266620234834152,2.678114841003776e-09,5.500309492198708,1,TC4,sup_inf
2025-12-26 04:00:00,2025-12-25 04:00:00,2025-12-27 03:30:00,68.52669678486617,2914.5634261127016,272.28739213495714,137.98651903908282,5.028323238834913,4.403978611675099,0.9334888141983428,0.9127270812703709,6.0734604726899795,0,TC4,sup_inf
2025-12-26 16:00:00,2025-12-25 16:00:00,2025-12-27 15:30:00,-3100.989353414759,,-814.1463579056601,-4258456702536.0938,1.1169909441832715e-09,4.280223233708506,-3.5568969991572885e-10,0.9094374826536933,3.510416107338666,1,TC4,sup_inf
2025-12-27 04:00:00,2025-12-26 04:00:00,2025-12-28 03:30:00,71.65885177847132,2834.198270259037,272.89204974252635,144.03642652035867,4.886101273868749,4.252816080034711,0.9334743808181414,0.9088704254052697,6.08100685672709,0,TC4,sup_inf
2025-12-27 16:00:00,2025-12-26 16:00:00,2025-12-28 15:30:00,74.07302717319305,2778.7689858105364,272.84973397289247,148.4266205724449,4.81334425172213,4.1704741105725525,0.9362851984210293,0.9108624414772697,6.075493326863798,0,TC4,sup_inf
2025-12-28 04:00:00,2025-12-27 04:00:00,2025-12-29 03:30:00,80.4954261720977,2637.9409352493158,273.6230195766502,160.4520145597174,4.8285117523019006,4.131366941701231,0.9442613366340125,0.9172315375418107,6.0805506600604655,0,TC4,sup_inf
2025-12-28 16:00:00,2025-12-27 16:00:00,2025-12-29 15:30:00,82.81955861761448,2593.938672406129,273.387849419178,164.48613057169595,4.800077873479547,4.08961383647816,0.9447226043711966,0.9178800258876436,6.070938977370191,0,TC4,sup_inf
2025-12-29 04:00:00,2025-12-28 04:00:00,2025-12-30 03:30:00,85.46035753354154,2541.8215292590903,273.8489805314804,169.4480827332184,4.898515324514949,4.1516098164526465,0.9460813758890857,0.9196561396569076,6.076194781555941,0,TC4,sup_inf
2025-12-29 16:00:00,2025-12-28 16:00:00,2025-12-30 15:30:00,89.74374095264271,2466.682208224352,273.77603259557947,176.97309155976023,4.905446131047002,4.124267633670527,0.9404873814838226,0.9141787623389226,6.066510549986226,0,TC4,sup_inf
2025-12-30 04:00:00,2025-12-29 04:00:00,2025-12-31 03:30:00,89.07347427989612,2479.195641651312,273.59582026494985,175.68832259673542,5.146486135839869,4.33287246845714,0.9469082373585817,0.9210725314561505,6.063777222069847,0,TC4,sup_inf
2025-12-30 16:00:00,2025-12-29 16:00:00,2025-12-31 15:30:00,96.20532333510893,2362.208478159786,273.7529641293676,188.2223912402975,5.173826635690352,4.297536968509843,0.9441571722062546,0.9137137278138192,6.053871834785285,0,TC4,sup_inf
2025-12-31 04:00:00,2025-12-30 04:00:00,2026-01-01 03:30:00,94.40707148775417,2394.5006640439583,273.00176467695553,184.64274113691562,5.27814105467525,4.401185137041612,0.9469859653855095,0.9222174349550241,6.040620726118198,0,TC4,sup_inf
2025-12-31 16:00:00,2025-12-30 16:00:00,2026-01-01 15:30:00,95.63728772763453,2374.3696275487155,273.14896907661813,186.86319683185644,5.239191310508808,4.3582386663642625,0.9427367348031406,0.916766671185023,6.041576796168748,0,TC4,sup_inf
2026-01-01 04:00:00,2025-12-31 04:00:00,2026-01-02 03:30:00,95.98287436609779,2368.4983876610404,273.2408532915368,187.51770740304582,5.193096284613372,4.316835872636186,0.9399914040212423,0.912814174532647,6.0429627902552685,0,TC4,sup_inf
2026-01-01 16:00:00,2025-12-31 16:00:00,2026-01-02 15:30:00,90.41011471183138,2457.481191590395,273.41170106893384,177.9260486232457,5.166501567219874,4.33932041276869,0.9363994443529371,0.9121722039484378,6.057186171069048,0,TC4,sup_inf
2026-01-02 04:00:00,2026-01-01 04:00:00,2026-01-03 03:30:00,91.77671855898917,2435.1736542857952,273.3275687156049,180.26600903890647,5.010475355716423,4.197724741997743,0.9276244733497505,0.9024132217652256,6.0527584960722045,0,TC4,sup_inf
2026-01-02 16:00:00,2026-01-01 16:00:00,2026-01-03 15:30:00,3025.040862123163,,1107.2574679355266,,5.142259099151931,1.3706339174746063e-08,0.9299016111426222,4.821663623921779e-09,5.49397438212123,1,TC4,sup_inf
2026-01-03 04:00:00,2026-01-02 04:00:00,2026-01-04 03:30:00,81.53527247310451,2627.205329445396,271.9898637340325,161.42350318793748,5.121727495677195,4.377770609869196,0.9279696993902571,0.9085748884898385,6.042305167076183,0,TC4,sup_inf
2026-01-03 16:00:00,2026-01-02 16:00:00,2026-01-04 15:30:00,82.66541488263846,2602.6045611850036,272.430851229749,163.68062557905742,5.0940454896039125,4.343763317636642,0.9275681459720806,0.907680850135412,6.049977230172456,0,TC4,sup_inf
2026-01-04 04:00:00,2026-01-03 04:00:00,2026-01-05 03:30:00,73.43387202513516,2801.928043497057,271.47366070922465,146.56998459812442,5.153656293576936,4.4739441556266755,0.9319786180802747,0.917675979571376,6.046055885896252,0,TC4,sup_inf
2026-01-04 16:00:00,2026-01-03 16:00:00,2026-01-05 15:30:00,3122.3058310812644,,1069.4817150478248,,4.943555225158287,1.3402319254396389e-09,0.9256450297525544,-4.803299979982967e-10,2.347372462672809,1,TC4,sup_inf
2026-01-05 04:00:00,2026-01-04 04:00:00,2026-01-06 03:30:00,71.83405148574258,2837.7139539587756,271.68891999723775,143.76410260460236,4.7551565745849125,4.140008298448624,0.9152316020100845,0.9008645934431521,6.053866336643586,0,TC4,sup_inf
2026-01-05 16:00:00,2026-01-04 16:00:00,2026-01-06 15:30:00,-3092.0343485889225,,-714.0603979439956,-428478877903.80383,1.073794297923314e-08,4.140140164729982,-3.434225126497381e-09,0.8852995738190022,3.49517834406599,1,TC4,sup_inf
2026-01-06 04:00:00,2026-01-05 04:00:00,2026-01-07 03:30:00,82.31716791889451,2605.1755905129335,273.1235658109175,163.44269582705172,4.504005014687616,3.8415919121758635,0.8926139389225785,0.874357613677791,6.066016792088941,0,TC4,sup_inf
2026-01-06 16:00:00,2026-01-05 16:00:00,2026-01-07 15:30:00,77.6951006228232,2706.8185950044835,271.7348127442877,154.40791206883196,4.717613284085637,4.062137849831498,0.9123536438582507,0.8965761101510014,6.043850554037608,0,TC4,sup_inf
2026-01-07 04:00:00,2026-01-06 04:00:00,2026-01-08 03:30:00,80.06182922442248,2654.1641730290935,272.3756535473659,158.9992500474282,4.612136251245529,3.952261157892397,0.9098958779134596,0.8986967118618174,6.0536470772544195,0,TC4,sup_inf
2026-01-07 16:00:00,2026-01-06 16:00:00,2026-01-08 15:30:00,3117.9689408248096,,964.6364471199315,,4.297260603189569,1.2601960808211743e-08,0.8858572398158698,-4.9727086892659145e-09,2.338831047941291,1,TC4,sup_inf
2026-01-08 04:00:00,2026-01-07 04:00:00,2026-01-09 03:30:00,82.74344125787451,2601.057735280399,272.43885360830944,163.82400396966148,3.6576295581880496,3.1184396110964125,0.7995842487846103,0.7617229740293565,6.050008308751288,0,TC4,sup_inf
2026-01-08 16:00:00,2026-01-07 16:00:00,2026-01-09 15:30:00,71.28417830481864,2854.2404346016833,271.1457135525321,142.49353582116035,3.728634397928097,3.2505445774277524,0.8020927869304695,0.7682851509847722,6.042797769488171,0,TC4,sup_inf
2026-01-09 04:00:00,2026-01-08 04:00:00,2026-01-10 03:30:00,91.8066591644247,2431.6295175466494,273.8639260525892,180.6416700589301,3.7030170211782254,3.1010978443985646,0.8133225649577159,0.7917825835992847,6.06457971465202,0,TC4,sup_inf
2026-01-09 16:00:00,2026-01-08 16:00:00,2026-01-10 15:30:00,108.71626090775028,2183.755325153181,274.187722462137,209.8265865046213,4.1334645033332045,3.353024971370527,0.8223959456961779,0.7926214778410391,6.0400984622265,0,TC4,sup_inf
2026-01-10 04:00:00,2026-01-09 04:00:00,2026-01-11 03:30:00,82.4830172056151,2606.8870806988016,272.3022382357158,163.28457548184602,4.876280134370283,4.159809589696355,0.9088139766558144,0.887296156009714,6.047463702542331,0,TC4,sup_inf
2026-01-10 16:00:00,2026-01-09 16:00:00,2026-01-11 15:30:00,101.6311691203925,2279.663833744306,274.1729426193123,197.8168220912835,4.6315718696779244,3.807137364484363,0.9139202491336145,0.8859146128291077,6.052995851398092,0,TC4,sup_inf
2026-01-11 04:00:00,2026-01-10 04:00:00,2026-01-12 03:30:00,78.83942290638228,2684.4847153512947,271.4890638846216,156.33260310522633,4.890002792720552,4.202106136448617,0.9249194044797454,0.9118938519578715,6.036235986459339,0,TC4,sup_inf
2026-01-11 16:00:00,2026-01-10 16:00:00,2026-01-12 15:30:00,92.44641947094452,2427.0334225371766,272.8265269740439,181.130440970109,4.720348917106088,3.950988075441868,0.9227226015116476,0.9032826008507278,6.040409749014217,0,TC4,sup_inf
2026-01-12 04:00:00,2026-01-11 04:00:00,2026-01-13 03:30:00,78.95858067938866,2683.9662676160688,271.17353847441393,156.37767651299092,4.830016089321237,4.150362107932692,0.9285077162364497,0.9143205876284212,6.02899725714547,0,TC4,sup_inf
2026-01-12 16:00:00,2026-01-11 16:00:00,2026-01-13 15:30:00,85.33587970419251,2558.5806002299987,271.39308369786204,167.83017716736023,4.830869745139971,4.101311596380961,0.9276085687222658,0.909629005278253,6.021935698460083,0,TC4,sup_inf
2026-01-13 04:00:00,2026-01-12 04:00:00,2026-01-14 03:30:00,94.35028546498177,2402.278471706069,271.78602629895914,183.79456530914348,4.864857898300263,4.06028137454058,0.9324470721498768,0.910755283665779,6.0138262070858515,0,TC4,sup_inf
2026-01-13 16:00:00,2026-01-12 16:00:00,2026-01-14 15:30:00,89.17250360621905,2490.3055701377975,271.3833012882115,174.5584096224217,4.954321301451542,4.176124436811116,0.9327457072698335,0.9129613833711455,6.014555896550945,0,TC4,sup_inf
2026-01-14 04:00:00,2026-01-13 04:00:00,2026-01-15 03:30:00,102.0489942031816,2282.786616976268,272.5125996313958,197.44178170012532,4.847266990717099,3.9860739038904427,0.9232962561239522,0.8991158651731473,6.015563392820977,0,TC4,sup_inf
2026-01-14 16:00:00,2026-01-13 16:00:00,2026-01-15 15:30:00,3033.298424528039,,1133.5068742244648,,5.02177631461961,7.063738927115537e-09,0.9263171813985083,2.5509091505782067e-09,5.453081905808356,1,TC4,sup_inf
2026-01-15 04:00:00,2026-01-14 04:00:00,2026-01-16 03:30:00,100.27599295655533,2305.336866883157,273.0353334112303,194.7622572779609,4.88020590157566,4.02492755494826,0.9267264455644357,0.8990816296471464,6.030405441435931,0,TC4,sup_inf
2026-01-15 16:00:00,2026-01-14 16:00:00,2026-01-16 15:30:00,97.43388644974058,2352.17859871191,272.1874497548337,189.3536270721506,5.039976805602962,4.181226908332917,0.9346408876470941,0.9141511176902569,6.01696401864276,0,TC4,sup_inf
2026-01-16 04:00:00,2026-01-15 04:00:00,2026-01-17 03:30:00,103.96418150125555,2254.987187661102,272.70530956397045,200.81506073755847,5.097126038416692,4.176069721426111,0.933993943590891,0.9173683456996253,6.016257646953327,0,TC4,sup_inf
2026-01-16 16:00:00,2026-01-15 16:00:00,2026-01-17 15:30:00,114.18691342053033,2122.7642089018773,272.8389570979476,217.98728244572453,4.998935273372984,4.018377464498255,0.9282384824086032,0.9079769166513008,6.000263346934962,0,TC4,sup_inf
2026-01-17 04:00:00,2026-01-16 04:00:00,2026-01-18 03:30:00,106.30606270325657,2227.3259910678867,271.94579325282825,204.25039312189514,5.2240679812218636,4.263924245525504,0.9387995408035944,0.924775341671026,5.995166399761684,0,TC4,sup_inf
2026-01-17 16:00:00,2026-01-16 16:00:00,2026-01-18 15:30:00,3065.371537706799,,1309.4938179966623,,4.989480184589858,1.2318723818793842e-10,0.9357126306487131,4.791822494354392e-11,5.42164564300696,1,TC4,sup_inf
2026-01-18 04:00:00,2026-01-17 04:00:00,2026-01-19 03:30:00,105.77366972536652,2238.333407553529,271.23064872011065,202.87378315769305,5.120884198379371,4.186048227846172,0.9414399421125071,0.928570944984596,5.980383166848706,0,TC4,sup_inf
2026-01-18 16:00:00,2026-01-17 16:00:00,2026-01-19 15:30:00,3022.8115937947755,,1082.34457734701,,4.989148682421143,2.164231061030364e-08,0.9370032786641078,8.425991349092499e-09,5.413172873241961,1,TC4,sup_inf
2026-01-19 04:00:00,2026-01-18 04:00:00,2026-01-20 03:30:00,104.88141163802999,2256.2868018653676,270.1567522980217,200.65560903018357,5.011107140519853,4.106313531113711,0.9352463525526531,0.9257659623240957,5.9583454375056935,0,TC4,sup_inf
2026-01-19 16:00:00,2026-01-18 16:00:00,2026-01-20 15:30:00,-3139.7229504199518,,-861.9528397733368,-488820732674.8671,9.124446087582783e-09,4.013475904467883,2.872432625089516e-09,0.9164092840350355,0.25613318491946047,1,TC4,sup_inf
2026-01-20 04:00:00,2026-01-19 04:00:00,2026-01-21 03:30:00,104.23965435779492,2265.2534455972427,270.1273072755316,199.56018856027606,4.9596189249374,4.0690106089472735,0.9265332521127408,0.9195771429763169,5.9588764896011925,0,TC4,sup_inf
2026-01-20 16:00:00,2026-01-19 16:00:00,2026-01-21 15:30:00,-3139.6900498727937,,-825.6064820683699,-214444483760.5865,2.0787412680078887e-08,4.011251118830972,6.593495527340565e-09,0.9137888804892197,0.26060304062513495,1,TC4,sup_inf
2026-01-21 04:00:00,2026-01-20 04:00:00,2026-01-22 03:30:00,95.1850973045834,2395.7651917594444,270.61110949190476,184.5044773715996,4.7313498617751915,3.9458312041484267,0.9149685601620607,0.912305850152441,5.9862815414930655,0,TC4,sup_inf
2026-01-21 16:00:00,2026-01-20 16:00:00,2026-01-22 15:30:00,-3094.7979953565177,,-723.6135450868934,-491233625124.1032,8.661068306992092e-09,3.828459730735418,-2.8845048571923826e-09,0.9077086377940968,3.4141191388350696,1,TC4,sup_inf
2026-01-22 04:00:00,2026-01-21 04:00:00,2026-01-23 03:30:00,105.7702936890263,2241.6058127557076,270.6365844190212,202.46697862964393,4.7022080149419985,3.8455241816212093,0.8680493189661025,0.9015676578731727,5.96729081962324,0,TC4,sup_inf
2026-01-22 16:00:00,2026-01-21 16:00:00,2026-01-23 15:30:00,115.37290678815597,2120.4900644385757,270.56213079943404,218.29987855010359,4.828036529083629,3.8796430192779754,0.8874205677672452,0.9113488576403124,5.948019396895167,0,TC4,sup_inf
2026-01-23 04:00:00,2026-01-22 04:00:00,2026-01-24 03:30:00,129.62304607319308,1967.2092069185708,270.1223077803834,240.85721767901532,4.925747048462157,3.8581771916558742,0.8861891552796198,0.9074532051346185,5.912410465494365,0,TC4,sup_inf
2026-01-23 16:00:00,2026-01-22 16:00:00,2026-01-24 15:30:00,133.2452393356115,1932.0569304562064,270.0281575636557,246.47286715613816,5.197930941151305,4.0451039017100845,0.9006503857484982,0.912038353950929,5.903792263921228,0,TC4,sup_inf
2026-01-24 04:00:00,2026-01-23 04:00:00,2026-01-25 03:30:00,130.98564830831276,1956.9999224552298,269.44954348171257,242.4701472705392,5.059026593699249,3.9552281675933507,0.9361315286413485,0.922638109342838,5.895221967126544,0,TC4,sup_inf
2026-01-24 16:00:00,2026-01-23 16:00:00,2026-01-25 15:30:00,131.58736113286162,1950.0515895214016,269.65318953845076,243.57627391937774,5.161426485590255,4.030148696422616,0.937756686450583,0.921718048682719,5.898589598450219,0,TC4,sup_inf
2026-01-25 04:00:00,2026-01-24 04:00:00,2026-01-26 03:30:00,106.74613894026228,2246.913202335183,267.27603870882064,201.80956839893915,4.84574626294752,3.9657781097010054,0.8995840091071964,0.9066886054912321,5.891419552921812,0,TC4,sup_inf
2026-01-25 16:00:00,2026-01-24 16:00:00,2026-01-26 15:30:00,94.38877237127292,2430.434084177939,266.78366882578024,180.7686232649157,4.604080187433213,3.8551687533525403,0.8921516444553739,0.909988838369197,5.9030683961685915,0,TC4,sup_inf
2026-01-26 04:00:00,2026-01-25 04:00:00,2026-01-27 03:30:00,109.03805119965288,2207.0802102019024,269.0484501894077,206.8159325542359,4.325596359452589,3.520598889278526,0.8894612981262353,0.8751103364629161,5.926297052087597,0,TC4,sup_inf
2026-01-26 16:00:00,2026-01-25 16:00:00,2026-01-27 15:30:00,3122.3896385522357,,1011.5431063540912,,4.335064265353788,3.857710595411845e-09,0.8751565319334058,-1.5473964332102241e-09,2.2154015188704625,1,TC4,sup_inf
2026-01-27 04:00:00,2026-01-26 04:00:00,2026-01-28 03:30:00,2987.4956529586334,,1072.9782002720474,,4.566183658299877,4.3154259277145e-08,0.8997258031030653,2.120537523353505e-08,5.978410608308149,1,TC4,sup_inf
2026-01-27 16:00:00,2026-01-26 16:00:00,2026-01-28 15:30:00,-3098.163486297265,,-749.4462561806661,-848550841774.6239,4.978476297878842e-09,3.801358637776072,-1.565807705716793e-09,0.8987982656013358,3.3719440454429637,1,TC4,sup_inf
2026-01-28 04:00:00,2026-01-27 04:00:00,2026-01-29 03:30:00,113.41982038308655,2146.170061674877,270.14960267439045,214.8051771837288,5.160659306068061,4.163155720946348,0.9144349753178314,0.9220652458067407,5.942522713099278,0,TC4,sup_inf
2026-01-28 16:00:00,2026-01-27 16:00:00,2026-01-29 15:30:00,3034.95511416674,,1121.1536805000098,,4.864025449871041,8.250037097923268e-09,0.8991728903229564,3.2739601030229437e-09,5.3586855250365595,1,TC4,sup_inf
2026-01-29 04:00:00,2026-01-28 04:00:00,2026-01-30 03:30:00,113.31222999689786,2151.201955480153,269.4488514528328,214.1293605343993,4.918822057797508,3.9710544451061094,0.9104020938460385,0.9121848503427337,5.927304575812456,0,TC4,sup_inf
2026-01-29 16:00:00,2026-01-28 16:00:00,2026-01-30 15:30:00,125.27841054936803,2010.8489620806124,270.329132273225,234.12440347389722,4.658759390717659,3.677279294330529,0.9085662908948294,0.9116289452153903,5.924829533603805,0,TC4,sup_inf
2026-01-30 04:00:00,2026-01-29 04:00:00,2026-01-31 03:30:00,127.04029267433671,1995.7018067782892,269.68801409182595,236.43205026727952,4.656712809909583,3.665994167966786,0.9054599133099446,0.9063166993090945,5.907582812192957,0,TC4,sup_inf
2026-01-30 16:00:00,2026-01-29 16:00:00,2026-01-31 15:30:00,3046.8474139357295,,1178.091259666912,,4.644006526499945,2.1446218134713035e-09,0.9028551385239639,8.751556146435746e-10,5.355454742250235,1,TC4,sup_inf
2026-01-31 04:00:00,2026-01-30 04:00:00,2026-02-01 03:30:00,151.84248680958444,1757.96611224721,272.45406468983305,277.0604786008092,4.121493978273116,3.093965702777017,0.8317974426327521,0.7938435315429209,5.923075480441686,0,TC4,sup_inf
2026-01-31 16:00:00,2026-01-30 16:00:00,2026-02-01 15:30:00,111.66832758693852,2168.847578220017,269.94632435218915,211.78223840331643,4.224524607808035,3.4194578206526782,0.8630565645595865,0.8298256900743872,5.9412557867526665,0,TC4,sup_inf
2026-02-01 04:00:00,2026-01-31 04:00:00,2026-02-02 03:30:00,144.0456303733017,1812.7164770859063,274.47237953319905,266.9140737095108,3.5111971470602885,2.667879437635493,0.8722646591082056,0.8239371576847139,5.981166328626204,0,TC4,sup_inf
2026-02-01 16:00:00,2026-01-31 16:00:00,2026-02-02 15:30:00,164.40041799315696,1664.9906593063486,272.25463684122496,295.51377680989475,3.984111407882455,2.9246778178160238,0.7893916172964247,0.8595463697041164,5.896162144123705,0,TC4,sup_inf
2026-02-02 04:00:00,2026-02-01 04:00:00,2026-02-03 03:30:00,175.68464488960095,1628.2470550417015,263.48138922744,303.261432456373,4.58955174851009,3.3371260079038216,0.7865533202253151,0.7471310850906849,5.68665778320722,0,TC4,sup_inf
2026-02-02 16:00:00,2026-02-01 16:00:00,2026-02-03 15:30:00,356.92621807026256,922.6728927506684,271.7724166026314,522.945553615712,5.227337664578061,2.7675276730496816,0.7803054226336742,0.6189400279111936,5.558353529737956,0,TC4,sup_inf
2026-02-03 04:00:00,2026-02-02 04:00:00,2026-02-04 03:30:00,284.09346488025375,1149.012325010099,261.25862664153937,434.51114006128194,6.189140362872804,3.7692495017024776,0.8668448553184285,0.8834338656770188,5.45874816196521,0,TC4,sup_inf
2026-02-03 16:00:00,2026-02-02 16:00:00,2026-02-04 15:30:00,445.64062475391887,767.0276510767832,270.0020408034334,597.6264451350496,6.410674328625889,2.9632237149876457,0.8976114033671437,0.9015770903017097,5.382263722111433,0,TC4,sup_inf
2026-02-04 04:00:00,2026-02-03 04:00:00,2026-02-05 03:30:00,408.43033996281304,824.4749008424194,271.12137771407095,568.5667131224444,6.612791258667548,3.2295670796249434,0.9122384136648436,0.8882592642058329,5.462804864453885,0,TC4,sup_inf
2026-02-04 16:00:00,2026-02-03 16:00:00,2026-02-05 15:30:00,3040.7287398549984,,1054.5747724932705,,6.737123320607427,3.371493884074539e-08,0.9109852349340457,1.5794816343728257e-08,4.923159977057379,1,TC4,sup_inf
2026-02-05 04:00:00,2026-02-04 04:00:00,2026-02-06 03:30:00,444.2691492091731,736.6566593043535,281.9346887890026,613.7495347251898,6.033699729242088,2.701435729588641,0.8548386831305672,0.7128735235915016,5.622345162514948,0,TC4,sup_inf
2026-02-05 16:00:00,2026-02-04 16:00:00,2026-02-06 15:30:00,302.09528107426195,1059.3949428144301,271.35345812719333,466.99966097216463,5.439773992000152,3.153849117616121,0.8337601637667919,0.7590316286677617,5.639638376434556,0,TC4,sup_inf
2026-02-06 04:00:00,2026-02-05 04:00:00,2026-02-07 03:30:00,357.3611696845689,887.8131101563123,282.97080788828896,538.5831935804623,4.878684205133548,2.5142891826510247,0.8234334448192899,0.7774009829462094,5.786652206277772,0,TC4,sup_inf
2026-02-06 16:00:00,2026-02-05 16:00:00,2026-02-07 15:30:00,3049.520768085847,,1166.5337567257454,,4.130441152889127,2.20851958943058e-09,0.8816352510396336,1.135302518662229e-09,5.238585846951931,1,TC4,sup_inf
2026-02-07 04:00:00,2026-02-06 04:00:00,2026-02-08 03:30:00,2989.030486074164,,1060.9721764497044,,4.305910757201682,4.883994719762086e-08,0.8900438885120975,3.1245673604018975e-08,5.88722301538913,1,TC4,sup_inf
2026-02-07 16:00:00,2026-02-06 16:00:00,2026-02-08 15:30:00,3038.446918785676,,1109.1640068180793,,4.376311965225495,8.554386532466651e-09,0.8913623666483119,4.4845782642966014e-09,5.227300568134933,1,TC4,sup_inf
2026-02-08 04:00:00,2026-02-07 04:00:00,2026-02-09 03:30:00,232.81415214082918,1290.784521454556,273.079503696689,388.92365573218217,4.379603799237811,2.8468806561412756,0.8866282678793256,0.8845554333876857,5.793358305771053,0,TC4,sup_inf
2026-02-08 16:00:00,2026-02-07 16:00:00,2026-02-09 15:30:00,214.8117715265448,1373.6954890529005,272.36769645063424,365.1625740463836,4.495716384026165,3.0184810151619064,0.8974015924276215,0.8977736263275824,5.8094977027793036,0,TC4,sup_inf
2026-02-09 04:00:00,2026-02-08 04:00:00,2026-02-10 03:30:00,228.09331051541008,1309.737257576107,273.3713335860874,383.315601801026,4.37556501307165,2.866335916888197,0.8907268939393284,0.8800266575610377,5.807743009718236,0,TC4,sup_inf
2026-02-09 16:00:00,2026-02-08 16:00:00,2026-02-10 15:30:00,208.74258226582054,1403.927621156994,272.1502954643779,356.97800456740805,4.445188177991629,3.01729361433148,0.8941122240699719,0.8922538424455833,5.815452019641981,0,TC4,sup_inf
2026-02-10 04:00:00,2026-02-09 04:00:00,2026-02-11 03:30:00,222.69770989144948,1332.6824085718333,273.569921628474,376.66847653039207,4.384364353944156,2.898324538757366,0.895375387312765,0.8908953730752842,5.821358571245607,0,TC4,sup_inf
2026-02-10 16:00:00,2026-02-09 16:00:00,2026-02-11 15:30:00,212.13784449221035,1388.3127782536387,271.9077900042334,361.1745642027644,4.473007973534826,3.0192859777764824,0.8928954549060573,0.8920730877626613,5.80434597040965,0,TC4,sup_inf
2026-02-11 04:00:00,2026-02-10 04:00:00,2026-02-12 03:30:00,237.24204000042405,1270.6305977843188,273.5766179132734,395.00674917279287,4.572910511935098,2.9475049156788327,0.8904731640394257,0.8825134034120952,5.796232171377314,0,TC4,sup_inf
2026-02-11 16:00:00,2026-02-10 16:00:00,2026-02-12 15:30:00,3027.1907725750275,,1056.4229224644237,,4.859246389198278,3.0779720550100365e-08,0.9010695374927786,1.4292772188007064e-08,5.200948134716741,1,TC4,sup_inf
2026-02-12 04:00:00,2026-02-11 04:00:00,2026-02-13 03:30:00,257.2154817822403,1196.1548850881197,273.0638517854122,418.6064285281876,4.877169857487294,3.04004655274535,0.9011988402417721,0.8885390124030662,5.751043663262466,0,TC4,sup_inf
2026-02-12 16:00:00,2026-02-11 16:00:00,2026-02-13 15:30:00,248.11040769134914,1234.535084291032,271.7965477333823,406.21924820668664,5.0927527742721495,3.2311902648738315,0.9104958748669255,0.9072321997155239,5.739883312998285,0,TC4,sup_inf
2026-02-13 04:00:00,2026-02-12 04:00:00,2026-02-14 03:30:00,251.46291601179826,1223.153005446856,271.45678605124766,409.84184213616277,5.18752056626238,3.274407410057319,0.9120601923929157,0.9156701707878723,5.726988375469064,0,TC4,sup_inf
2026-02-13 16:00:00,2026-02-12 16:00:00,2026-02-14 15:30:00,-3139.9801267414327,,-876.647879130255,-543296504220.2221,6.467409718879935e-09,3.161781240168495,1.956491746391009e-09,0.9100867701337709,0.026859766407864694,1,TC4,sup_inf
2026-02-14 04:00:00,2026-02-13 04:00:00,2026-02-15 03:30:00,237.35794487983952,1280.36858171927,270.88862403228836,392.05193912085133,5.013036607523462,3.244520522504038,0.9104520036774144,0.9211802086077923,5.739083372775607,0,TC4,sup_inf
2026-02-14 16:00:00,2026-02-13 16:00:00,2026-02-15 15:30:00,240.05062657976987,1266.9093031211012,271.5626960159607,396.14367405673215,4.825613563927206,3.105449788935594,0.9099305302036543,0.9182882588426167,5.748741915600634,0,TC4,sup_inf
2026-02-15 04:00:00,2026-02-14 04:00:00,2026-02-16 03:30:00,238.15527910256492,1278.046941830847,270.6466626466123,392.753739489289,4.692255733401805,3.033942622899497,0.9062687895912496,0.9174002928092506,5.732592327933546,0,TC4,sup_inf
2026-02-15 16:00:00,2026-02-14 16:00:00,2026-02-16 15:30:00,3043.498345183173,,1118.1938990601732,,4.7250027029675845,7.020504622090584e-09,0.9059626524562625,3.4938780757443055e-09,5.1588411317644285,1,TC4,sup_inf
2026-02-16 04:00:00,2026-02-15 04:00:00,2026-02-17 03:30:00,249.01829443385648,1231.1715152556287,271.77350596763586,407.2853681318769,4.65115398677445,2.9465478089111885,0.8956155774445934,0.9001760627278427,5.737844964490013,0,TC4,sup_inf
2026-02-16 16:00:00,2026-02-15 16:00:00,2026-02-17 15:30:00,231.3392770628192,1310.7133100201897,269.5264873247333,383.029695277125,4.765863595585321,3.1232380028022506,0.8953818998820013,0.9064186947389379,5.720503018052386,0,TC4,sup_inf
2026-02-17 04:00:00,2026-02-16 04:00:00,2026-02-18 03:30:00,244.74779132760787,1248.7493248222727,271.4587749482836,401.7543086397423,4.78131989270919,3.052805994136972,0.8937386459487403,0.9058172419452745,5.738497176979013,0,TC4,sup_inf
2026-02-17 16:00:00,2026-02-16 16:00:00,2026-02-18 15:30:00,-3139.9816089825936,,-895.273823095,-824059261086.7023,4.180428447853046e-09,3.099872072192329,1.3066312476439634e-09,0.906983154365854,0.01892006938356139,1,TC4,sup_inf
2026-02-18 04:00:00,2026-02-17 04:00:00,2026-02-19 03:30:00,235.40907724056217,1290.6522769246974,270.2963961947909,388.9631663802884,4.891472792760226,3.179437745076022,0.9047969228734168,0.9217400092485512,5.729870364808502,0,TC4,sup_inf
2026-02-18 16:00:00,2026-02-17 16:00:00,2026-02-19 15:30:00,252.03183023580743,1218.7105249942174,272.08351414442313,411.2673091967151,4.891341407378271,3.0811825134957394,0.9036938679438831,0.9177201344659764,5.739238725361137,0,TC4,sup_inf
2026-02-19 04:00:00,2026-02-18 04:00:00,2026-02-20 03:30:00,228.37722403278593,1317.8760811705652,270.95001356343585,380.94017620589284,4.894169891688278,3.216523793246526,0.9047745773934955,0.9233643654088266,5.755813368282701,0,TC4,sup_inf
2026-02-19 16:00:00,2026-02-18 16:00:00,2026-02-20 15:30:00,252.77567958390804,1211.8452025852396,273.1989812102736,413.4830730509061,4.5286357297496656,2.8436754950695766,0.8921435922080828,0.8957962263005971,5.761492513899405,0,TC4,sup_inf
2026-02-20 04:00:00,2026-02-19 04:00:00,2026-02-21 03:30:00,237.9175546075715,1274.9791050220606,271.70394160425155,393.6836530449434,4.416246035059424,2.85178347487423,0.8806775413261096,0.8900208196106405,5.755395101574217,0,TC4,sup_inf
2026-02-20 16:00:00,2026-02-19 16:00:00,2026-02-21 15:30:00,235.01824733064547,1285.3645032415388,272.09652825386763,390.547349478496,4.269061597725563,2.768787373558187,0.891361115584975,0.9016771176009498,5.768703888397761,0,TC4,sup_inf
2026-02-21 04:00:00,2026-02-20 04:00:00,2026-02-22 03:30:00,243.29045360806515,1251.9007294510802,272.13540048913154,400.7731760830335,4.188955953011859,2.678288154170771,0.8958929172025295,0.8941591531911258,5.755300772261089,0,TC4,sup_inf
2026-02-21 16:00:00,2026-02-20 16:00:00,2026-02-22 15:30:00,230.31837135535642,1309.5098522961725,270.95515520926597,383.3822541968068,4.415308521324572,2.8921061963522474,0.9027734388184591,0.9153063059622208,5.752581339984281,0,TC4,sup_inf
2026-02-22 04:00:00,2026-02-21 04:00:00,2026-02-23 03:30:00,229.33743357957331,1312.2009743715228,271.3450551728096,382.5944692442998,4.457959776871399,2.923203687785287,0.9031400003574215,0.9200414054830991,5.762549675711975,0,TC4,sup_inf
2026-02-22 16:00:00,2026-02-21 16:00:00,2026-02-23 15:30:00,3123.675781501042,,963.5788701972792,,4.34700218746938,9.670819700602351e-09,0.8873838115053952,-5.280438752919281e-09,2.0384784515580145,1,TC4,sup_inf
2026-02-23 04:00:00,2026-02-22 04:00:00,2026-02-24 03:30:00,231.82057163766476,1301.3000858581452,271.4274442730565,385.79883644945863,4.399954193058468,2.8724809881816626,0.8989076026290654,0.9134594234369271,5.760020533580253,0,TC4,sup_inf
2026-02-23 16:00:00,2026-02-22 16:00:00,2026-02-24 15:30:00,-3139.9734577573468,,-861.7748685904046,-395534490827.2258,7.603892626661946e-09,2.7063556563944684,2.6974841249582937e-09,0.9160934158578368,0.04843171593079687,1,TC4,sup_inf
2026-02-24 04:00:00,2026-02-23 04:00:00,2026-02-25 03:30:00,240.9846472067839,1261.2602802986835,272.0696809583556,397.87782875969236,4.264680270996177,2.7378148903558928,0.8988826261863206,0.9133957865658601,5.757869466764234,0,TC4,sup_inf
2025-12-22 16:00:00,2025-12-21 16:00:00,2025-12-23 15:30:00,-1326.1305939706185,,-883.4019674196189,-49926768390.4291,7.33346450232375e-09,0.37902083215385013,4.547806131682819e-09,0.9106883259466001,4.436884736190039,1,TC5,sup_int
2025-12-23 04:00:00,2025-12-22 04:00:00,2025-12-24 03:30:00,586.4628241442914,163.77542076970406,379.022949862509,812.7252663120496,2.758422451082466,0.4376906028309279,0.939815509046311,0.9613063154512935,3.8756511001644407,0,TC5,sup_int
2025-12-23 16:00:00,2025-12-22 16:00:00,2025-12-24 15:30:00,605.7853140694718,168.30362478069515,362.6924652958121,807.8719460380364,2.734304450083309,0.44760115093997704,0.9311284402632367,0.9331999526215649,3.660521302273207,0,TC5,sup_int
2025-12-24 04:00:00,2025-12-23 04:00:00,2025-12-25 03:30:00,590.047716274684,162.46828832755443,378.9770915664632,814.1173420282933,2.7300810228193932,0.42925932649398674,0.9376658578666179,0.9199410771790845,3.8658360553453766,0,TC5,sup_int
2025-12-24 16:00:00,2025-12-23 16:00:00,2025-12-25 15:30:00,642.3778845815596,164.09443470150214,350.88435976803356,812.3849071980667,2.549914215628791,0.40550414396879436,0.8714018637436324,0.8697404052272857,3.453473355024023,0,TC5,sup_int
2025-12-25 04:00:00,2025-12-24 04:00:00,2025-12-26 03:30:00,1323.8808004112675,,1775.1084725081923,,2.8193418293299666,1.5839337484849747e-09,0.8653587297605033,6.623191994847843e-10,5.47293190845481,1,TC5,sup_int
2025-12-25 16:00:00,2025-12-24 16:00:00,2025-12-26 15:30:00,644.9120079011706,163.48477528767899,350.5357435160772,813.0351497417938,2.56270091592425,0.4058125508409951,0.8775779145771123,0.4965744114959405,3.4439736388502937,0,TC5,sup_int
2025-12-26 04:00:00,2025-12-25 04:00:00,2025-12-27 03:30:00,610.3150935362429,145.75619719763299,392.7372996538887,831.537424647723,2.596073680596789,0.3613736433566309,0.888884811374411,0.6042809691930194,3.9515545198236284,0,TC5,sup_int
2025-12-26 16:00:00,2025-12-25 16:00:00,2025-12-27 15:30:00,1346.348433440548,,1554.4681826123347,,2.58120592324184,5.606121677992348e-09,0.909474870901857,2.353799466447981e-08,3.497354463249703,1,TC5,sup_int
2025-12-27 04:00:00,2025-12-26 04:00:00,2025-12-28 03:30:00,610.1205502756959,154.94227710448243,379.26080875556846,822.0513449473056,2.4510687380328755,0.36525820178183954,0.9256230524504467,0.8584427125232975,3.8164655915645005,0,TC5,sup_int
2025-12-27 16:00:00,2025-12-26 16:00:00,2025-12-28 15:30:00,650.3029056528221,145.57299691789788,372.7108283390368,831.7242820582723,2.500741229991543,0.3476196332852953,0.9057404307068952,0.7768458036778583,3.648117896797869,0,TC5,sup_int
2025-12-28 04:00:00,2025-12-27 04:00:00,2025-12-29 03:30:00,583.8176283547009,154.4419896418513,394.1734186207336,822.5737101237206,2.7619402801235196,0.4100907584673441,0.9338122902369972,0.6850517973302286,4.037747353655232,0,TC5,sup_int
2025-12-28 16:00:00,2025-12-27 16:00:00,2025-12-29 15:30:00,669.8607486784842,152.80689691499734,353.5967702617023,824.2764433036303,2.6802122450715857,0.3932315566896613,0.9228684770527186,0.6475086583856933,3.413814131236896,0,TC5,sup_int
2025-12-29 04:00:00,2025-12-28 04:00:00,2025-12-30 03:30:00,607.0123137753349,144.31141545715562,396.71749660320023,833.0085033890606,2.8370311331962497,0.3905945730772493,0.9259807054066792,0.7120168743096015,4.000584933343833,0,TC5,sup_int
2025-12-29 16:00:00,2025-12-28 16:00:00,2025-12-30 15:30:00,-1365.6175444019746,,-1301.033693748357,-777555824347.7074,4.817342080798426e-10,0.38775685835851564,-2.6619950688200333e-10,0.7652132804631202,0.8836191160209332,1,TC5,sup_int
2025-12-30 04:00:00,2025-12-29 04:00:00,2025-12-31 03:30:00,620.8517051244905,140.92651958419506,394.4519052406977,836.4318970654015,2.886462513725784,0.38717091261797104,0.9155861898147026,0.7872419550048503,3.9403370405783136,0,TC5,sup_int
2025-12-30 16:00:00,2025-12-29 16:00:00,2025-12-31 15:30:00,668.3713623137041,143.90679923685298,366.569262834582,833.4194348092038,2.869209919186174,0.3938043188114603,0.9161957738373874,0.8217105744603239,3.542784453448877,0,TC5,sup_int
2025-12-31 04:00:00,2025-12-30 04:00:00,2026-01-01 03:30:00,652.4603836383656,136.15835744361547,385.4574040258843,841.1978962631895,2.879058529695983,0.3719733263792223,0.9159116148795776,0.8961083515721516,3.767203199591469,0,TC5,sup_int
2025-12-31 16:00:00,2025-12-30 16:00:00,2026-01-01 15:30:00,671.9444057504776,137.00675198970134,374.7988090355281,840.3548029418278,2.895059802544459,0.3765673846668779,0.9216663397494275,0.9675337430762831,3.6131790773286943,0,TC5,sup_int
2026-01-01 04:00:00,2025-12-31 04:00:00,2026-01-02 03:30:00,666.9737162135368,133.0296099619412,383.03149483993826,844.2883312668398,2.924045569294101,0.368431058315111,0.9231362618832928,0.9638498122422006,3.7055414854541295,0,TC5,sup_int
2026-01-01 16:00:00,2025-12-31 16:00:00,2026-01-02 15:30:00,673.3877486581731,132.37609693328912,380.92501271057387,844.9300718769312,2.938748386537023,0.36833133881463415,0.9170043671303036,0.9445950558170475,3.668484463509029,0,TC5,sup_int
2026-01-02 04:00:00,2026-01-01 04:00:00,2026-01-03 03:30:00,683.6284122340732,129.29196307604215,380.66231705708213,847.9408243358515,2.9175524035259297,0.3565815709822902,0.9119744020091056,0.9348854150379109,3.639341237351199,0,TC5,sup_int
2026-01-02 16:00:00,2026-01-01 16:00:00,2026-01-03 15:30:00,-1334.057374394951,,-1029.5798146506686,-464196905442.98364,8.07584665807326e-10,0.38807058721447557,4.1057712785175227e-10,0.833552125714524,4.461932235930093,1,TC5,sup_int
2026-01-03 04:00:00,2026-01-02 04:00:00,2026-01-04 03:30:00,680.3061464592366,138.1042921449456,369.33201012201147,839.2609413896236,2.9282119146703796,0.3841953363057131,0.919219840794654,0.7416386910308519,3.539394859783659,0,TC5,sup_int
2026-01-03 16:00:00,2026-01-02 16:00:00,2026-01-04 15:30:00,-238.64867823181342,,209.5371953694468,-942.9763717528472,1.0933993710438017e-08,2.160732653910813e-08,5.780315781578338e-09,8.166188880665004e-08,3.841467073084889,1,TC5,sup_int
2026-01-04 04:00:00,2026-01-03 04:00:00,2026-01-05 03:30:00,654.3687127751202,137.25137897496083,382.88485180062753,840.1113056103635,3.045366622140575,0.3968857878599917,0.9294990974682877,0.9456400223151777,3.737071540825057,0,TC5,sup_int
2026-01-04 16:00:00,2026-01-03 16:00:00,2026-01-05 15:30:00,686.6695661890378,134.708725728235,371.3025995772407,842.6334680001864,2.892348750905573,0.3693921255490464,0.9269672325692536,0.8655162742809297,3.542146679403359,0,TC5,sup_int
2026-01-05 04:00:00,2026-01-04 04:00:00,2026-01-06 03:30:00,672.4740771576111,126.6312259534967,390.03208720192623,850.5141375914703,2.926933463354177,0.3499311475203731,0.9194884851422295,0.8556884755188008,3.758622458429647,0,TC5,sup_int
2026-01-05 16:00:00,2026-01-04 16:00:00,2026-01-06 15:30:00,672.6508320382428,132.0683501301377,381.73494252835735,845.2318191854861,2.8810723923518786,0.3602025039200099,0.9014350529901908,0.9292084709150995,3.678204762948103,0,TC5,sup_int
2026-01-06 04:00:00,2026-01-05 04:00:00,2026-01-07 03:30:00,1349.2917424947693,,1394.1491586843463,,2.7247915622976757,3.772302903382041e-08,0.8971934908096387,1.634535329309017e-07,2.931644783514832,1,TC5,sup_int
2026-01-06 16:00:00,2026-01-05 16:00:00,2026-01-07 15:30:00,671.1275623630136,119.54945668759247,401.7476046799784,857.2513285938859,2.894919351915188,0.3259137091271897,0.9098519879331531,0.7380398270780255,3.8752141369211905,0,TC5,sup_int
2026-01-07 04:00:00,2026-01-06 04:00:00,2026-01-08 03:30:00,711.5167128554614,128.881294625054,368.55466664153136,848.3394664265721,2.7777452281843034,0.3383481247905409,0.9079489409878748,0.7810858178190776,3.4533473490150843,0,TC5,sup_int
2026-01-07 16:00:00,2026-01-06 16:00:00,2026-01-08 15:30:00,-1326.362199463635,,-870.9890975092321,-38231401828.58357,7.294119974687874e-09,0.28867791358669653,4.186744506640139e-09,0.86107455958449,4.35719978373986,1,TC5,sup_int
2026-01-08 04:00:00,2026-01-07 04:00:00,2026-01-09 03:30:00,727.4103268550891,130.45830388780448,359.4389772129899,846.805691349003,2.278526087192787,0.28115759217511666,0.819378942834188,0.8568840448146356,3.3288121871748926,0,TC5,sup_int
2026-01-08 16:00:00,2026-01-07 16:00:00,2026-01-09 15:30:00,1347.9280828177718,,1614.1186995789699,,2.3556627071127716,2.1009477491062967e-09,0.8245147620300781,6.3509718595256e-09,3.5069878530255374,1,TC5,sup_int
2026-01-09 04:00:00,2026-01-08 04:00:00,2026-01-10 03:30:00,315.6693238847104,412.6049659586486,272.3685139261848,526.7162956146576,2.700103429731371e-08,1.227866941455602e-08,2.1327739352372532e-08,3.383975855086874e-08,3.319942956943195,1,TC5,sup_int
2026-01-09 16:00:00,2026-01-08 16:00:00,2026-01-10 15:30:00,667.4492297055309,118.26119328018724,405.6753183554041,858.4589900821013,2.4210602319872283,0.2695393327130627,0.8772598125800594,0.5354660461937338,3.923286623082449,0,TC5,sup_int
2026-01-10 04:00:00,2026-01-09 04:00:00,2026-01-11 03:30:00,652.5173363833718,128.6022841151492,396.9605822727114,848.6100020633156,2.8114088419450263,0.34166122829740325,0.891073003627098,0.7797853688430956,3.8794731999642997,0,TC5,sup_int
2026-01-10 16:00:00,2026-01-09 16:00:00,2026-01-11 15:30:00,-1365.8732756376844,,-1169.1977727183157,-89130047882.94467,3.581642094019344e-09,0.33046597583351345,-2.02823224881854e-09,0.524426632109433,0.7059544014509482,1,TC5,sup_int
2026-01-11 04:00:00,2026-01-10 04:00:00,2026-01-12 03:30:00,1366.4160155044056,,1302.114784068536,,2.9511599066565166,1.4409031912077097e-08,0.9165035911955247,-3.071084697658932e-08,0.501329163248144,1,TC5,sup_int
2026-01-11 16:00:00,2026-01-10 16:00:00,2026-01-12 15:30:00,-1366.01470365331,,-1133.391348268389,-48274371406.77454,7.668292223428352e-09,0.38320901085610837,-4.280930054889609e-09,0.47102175801902624,0.6328033746278829,1,TC5,sup_int
2026-01-12 04:00:00,2026-01-11 04:00:00,2026-01-13 03:30:00,630.6107891467714,124.61697485178861,414.91709042025525,852.4471090531973,2.844526937034911,0.3343871073800764,0.914361414997861,0.45393201529734284,4.117067953609245,0,TC5,sup_int
2026-01-12 16:00:00,2026-01-11 16:00:00,2026-01-13 15:30:00,708.1944470489494,135.01026666758506,361.2797144286055,842.3353741212692,2.789995751079238,0.35718120883225135,0.9169845627051775,0.6390792133681666,3.3933914223516073,0,TC5,sup_int
2026-01-13 04:00:00,2026-01-12 04:00:00,2026-01-14 03:30:00,681.0034062661289,118.67237933343904,398.2062776098025,858.0741400535176,2.773929182791334,0.3099297407006597,0.9136070517627857,0.8374019424916539,3.8142080763134856,0,TC5,sup_int
2026-01-13 16:00:00,2026-01-12 16:00:00,2026-01-14 15:30:00,-1322.241031022922,,-802.7344925715023,-12886750080.548143,2.5456959207303953e-08,0.33960211567294885,1.3676513366256415e-08,0.9714146409318105,4.299181442893959,1,TC5,sup_int
2026-01-14 04:00:00,2026-01-13 04:00:00,2026-01-15 03:30:00,714.2233448142056,124.57306922772675,373.6284688027031,852.4890965424908,2.6809833167424064,0.3150452802369838,0.8997126607411302,0.8551327783786595,3.4939691069234966,0,TC5,sup_int
2026-01-14 16:00:00,2026-01-13 16:00:00,2026-01-15 15:30:00,670.7650781713393,117.78953394600023,404.741234648767,858.8997336584364,2.8231059643759027,0.31301147940022966,0.9129270546424176,0.7243859101298549,3.905091865455916,0,TC5,sup_int
2026-01-15 04:00:00,2026-01-14 04:00:00,2026-01-16 03:30:00,717.9738879612381,126.58435885995448,369.0337800408027,850.5592622379864,2.7519875793719835,0.3288868431401435,0.9197711624352516,0.7569573281567852,3.4415280524556517,0,TC5,sup_int
2026-01-15 16:00:00,2026-01-14 16:00:00,2026-01-16 15:30:00,682.1647134110503,114.26170545060188,404.6562826658863,862.1721653605587,2.861790183456737,0.3076060111619093,0.9318558865032596,0.8394414162734525,3.8727808224364453,0,TC5,sup_int
2026-01-16 04:00:00,2026-01-15 04:00:00,2026-01-17 03:30:00,716.1336299883931,124.12479063018924,373.43617248820203,852.9174313147804,2.7739882676576015,0.3247443844468979,0.925985275317834,0.8660925660245065,3.487288360670774,0,TC5,sup_int
2026-01-16 16:00:00,2026-01-15 16:00:00,2026-01-17 15:30:00,679.2386284006958,117.62810955847318,400.7344360628887,859.0504034273138,2.7151344440561007,0.30061666731404146,0.9384626895317316,0.8093765518668964,3.843252237208299,0,TC5,sup_int
2026-01-17 04:00:00,2026-01-16 04:00:00,2026-01-18 03:30:00,693.4810321131804,123.6431687171512,384.5132043271633,853.3768944907393,2.6519544140174283,0.3091968091467722,0.9426687516293929,0.866226414681137,3.650284765523912,0,TC5,sup_int
2026-01-17 16:00:00,2026-01-16 16:00:00,2026-01-18 15:30:00,728.2564661236527,115.60527457845039,380.72703512977904,860.9309162017372,2.452670092917815,0.2667823187551471,0.8879243159545054,0.8123505483454907,3.523755135203797,0,TC5,sup_int
2026-01-18 04:00:00,2026-01-17 04:00:00,2026-01-19 03:30:00,659.0710110439177,117.26261702298603,411.6348835082179,859.3912175170676,2.6956754898601787,0.2975111386699799,0.9030215990141346,0.5637013123661625,4.004464888297036,0,TC5,sup_int
2026-01-18 16:00:00,2026-01-17 16:00:00,2026-01-19 15:30:00,1354.6862983538635,,1510.5696038962892,,2.593790611241014,4.925801599942048e-09,0.9155559290381354,1.336543531404999e-08,2.701025372968468,1,TC5,sup_int
2026-01-19 04:00:00,2026-01-18 04:00:00,2026-01-20 03:30:00,669.331795761383,110.85971310676186,416.80686057369445,865.2868924654994,2.7780087442040147,0.28964333674554993,0.919752302593547,0.5837317008694942,4.025583459656483,0,TC5,sup_int
2026-01-19 16:00:00,2026-01-18 16:00:00,2026-01-20 15:30:00,742.4130202141125,114.34050482772676,376.3698920371845,862.0995397645795,2.8048442465821584,0.30169591991126443,0.9224060870981843,0.7721290500204658,3.4468550577993695,0,TC5,sup_int
2026-01-20 04:00:00,2026-01-19 04:00:00,2026-01-21 03:30:00,701.1947221459368,106.30831781059766,408.10253654899566,869.3896098807891,2.86642944408626,0.2866883385660082,0.9282307156182226,0.8573514586226869,3.852714521633473,0,TC5,sup_int
2026-01-20 16:00:00,2026-01-19 16:00:00,2026-01-21 15:30:00,738.1541662589914,110.19526431012395,384.5427800035843,865.8904672601989,2.8368979058217763,0.29401075674687416,0.9259095445126595,0.8781938726273663,3.532954907605883,0,TC5,sup_int
2026-01-21 04:00:00,2026-01-20 04:00:00,2026-01-22 03:30:00,706.0425828254341,108.36317264086763,402.38940684577824,867.5465469425201,2.7709462441079395,0.28242525541088853,0.9269045721451208,0.8995934785854643,3.7854436847265607,0,TC5,sup_int
2026-01-21 16:00:00,2026-01-20 16:00:00,2026-01-22 15:30:00,748.3757217132444,109.97059609328241,380.3547794153122,866.0941968914651,2.6538540895061513,0.2744807450137752,0.9126215763186633,0.9049603008685753,3.467753028554349,0,TC5,sup_int
2026-01-22 04:00:00,2026-01-21 04:00:00,2026-01-23 03:30:00,633.0440701851262,88.38912142824442,478.3463873023466,884.7919899402117,2.7905510879419944,0.2346056307127519,0.8630461691806312,0.03211672396198062,4.738494470536723,1,TC5,sup_int
2026-01-22 16:00:00,2026-01-21 16:00:00,2026-01-23 15:30:00,710.7235488288732,67.01002819970593,474.2092527230574,901.491252064454,3.047401356840629,0.2035192077131575,0.8898266049575672,0.024283897023878787,4.445901135217159,1,TC5,sup_int
2026-01-23 04:00:00,2026-01-22 04:00:00,2026-01-24 03:30:00,666.6929681999071,82.12302779395586,469.9833305689899,889.8819696339912,3.10198454917392,0.2444436203508843,0.9025557993989575,0.03574089159421778,4.54763577291292,1,TC5,sup_int
2026-01-23 16:00:00,2026-01-22 16:00:00,2026-01-24 15:30:00,1308.426513646128,-284.55175625617346,417.1269451266107,,1.4848207996465135e-08,1.184579656587914e-10,7.0202356150517176e-09,-3.5958125366164495e-11,1.4601741761066358,1,TC5,sup_int
2026-01-24 04:00:00,2026-01-23 04:00:00,2026-01-25 03:30:00,726.0207185161734,114.88747472592017,382.82172676013175,861.5948296458479,3.086847866695254,0.3336417096857594,0.9226903540756308,0.7179659967235767,3.5490094408041637,0,TC5,sup_int
2026-01-24 16:00:00,2026-01-23 16:00:00,2026-01-25 15:30:00,-719.735261748126,,101.40553537969335,-10670.206566994071,2.7195512508626507e-09,3.275889887133232e-08,1.3891359174067475e-09,1.244700160718537e-07,4.018140536251644,1,TC5,sup_int
2026-01-25 04:00:00,2026-01-24 04:00:00,2026-01-26 03:30:00,705.8782645519166,121.42305310457462,382.1015632711342,855.4850005842796,2.8096909240906327,0.32145606628540196,0.8771426232547566,0.865040697308101,3.595016856963901,0,TC5,sup_int
2026-01-25 16:00:00,2026-01-24 16:00:00,2026-01-26 15:30:00,691.8874805384816,116.76837615723623,395.8769453774037,859.8513611676358,2.6551080320857947,0.2917691425007571,0.8667993959625524,0.9388015447085849,3.7624729968622583,0,TC5,sup_int
2026-01-26 04:00:00,2026-01-25 04:00:00,2026-01-27 03:30:00,690.4800727887281,117.7384860556079,395.03758774282517,858.9473901630872,2.63105512171308,0.2915880696892307,0.8795654852620003,0.940525856881946,3.758293115073272,0,TC5,sup_int
2026-01-26 16:00:00,2026-01-25 16:00:00,2026-01-27 15:30:00,676.7394014848528,119.6673608770364,398.75041965727263,857.1405215730698,2.7141724037566775,0.3058763203909443,0.8619962474203922,0.9314622997655886,3.8310279307763158,0,TC5,sup_int
2026-01-27 04:00:00,2026-01-26 04:00:00,2026-01-28 03:30:00,683.8120694661445,116.00612828531771,401.04150863229796,860.5593814107051,2.99855971857175,0.3273132078942864,0.8984121837273099,0.9204793719424686,3.8336746138991047,0,TC5,sup_int
2026-01-27 16:00:00,2026-01-26 16:00:00,2026-01-28 15:30:00,678.0238006827332,114.8108665460291,405.8549763588552,861.6655814470713,3.3114088190993263,0.35767082968670066,0.9132724661778393,0.9477999405760633,3.895726885464523,0,TC5,sup_int
2026-01-28 04:00:00,2026-01-27 04:00:00,2026-01-29 03:30:00,681.5840510912545,116.08635416090439,402.0210648894173,860.4849569103736,3.402384327200359,0.3716555450256518,0.9090756536169937,0.9817800725719477,3.8491541718623283,0,TC5,sup_int
2026-01-28 16:00:00,2026-01-27 16:00:00,2026-01-29 15:30:00,742.6045213437549,107.85655729665677,386.1566547071244,868.0023641691948,3.181403357806198,0.3227594170334764,0.8744919083834104,0.7944616871189619,3.535975528927672,0,TC5,sup_int
2026-01-29 04:00:00,2026-01-28 04:00:00,2026-01-30 03:30:00,662.7888019056362,114.4473895406798,414.29974632415593,862.0009947763099,3.2064936582065204,0.3452254184119019,0.875198803121027,0.6205927298733063,4.01987397758218,0,TC5,sup_int
2026-01-29 16:00:00,2026-01-28 16:00:00,2026-01-30 15:30:00,770.5925442656729,105.7208570937635,377.19803998728077,869.9137037725857,3.02572686850507,0.30097903434183365,0.8924318826395748,0.5337131532295318,3.38116311405894,0,TC5,sup_int
2026-01-30 04:00:00,2026-01-29 04:00:00,2026-01-31 03:30:00,1346.145087199621,,1524.678489898551,,3.1003747985018024,1.0015530460538713e-08,0.8956077340181017,3.8347803821281445e-08,3.4450676572722174,1,TC5,sup_int
2026-01-30 16:00:00,2026-01-29 16:00:00,2026-01-31 15:30:00,685.9184629940949,115.87266437292227,400.21191811649396,860.6831450751661,3.038531569826024,0.3312871139293598,0.8801184046257698,0.8982647535661077,3.8199880429646726,0,TC5,sup_int
2026-01-31 04:00:00,2026-01-30 04:00:00,2026-02-01 03:30:00,749.6328743021866,107.84263151740633,383.0532830822401,868.0148805465051,2.7278608101191417,0.27671131914107994,0.8308076820664682,0.5985702111788316,3.4890417002789222,0,TC5,sup_int
2026-01-31 16:00:00,2026-01-30 16:00:00,2026-02-01 15:30:00,1348.7348371719681,,1677.4878697059623,,2.8580499798566494,1.0501559066788957e-09,0.8652729577002626,2.525426534560893e-09,3.575975839154917,1,TC5,sup_int
2026-02-01 04:00:00,2026-01-31 04:00:00,2026-02-02 03:30:00,1354.4126280704825,,1493.4073251254767,,2.5099507949281503,6.149505571428904e-09,0.8797956137214409,1.5434596822849755e-08,2.6969199210073813,1,TC5,sup_int
2026-02-01 16:00:00,2026-01-31 16:00:00,2026-02-02 15:30:00,1341.0336984569944,,1588.7389643071285,,2.8280083159155898,5.751633891382113e-09,0.8621529240288452,2.1238341640916758e-08,3.9485468743892476,1,TC5,sup_int
2026-02-02 04:00:00,2026-02-01 04:00:00,2026-02-03 03:30:00,761.2372702760425,113.82403792736454,369.0686104872504,862.5751491696178,2.7654039341843437,0.2960920863173669,0.8245540321892402,0.5360519827372063,3.3321468298147017,0,TC5,sup_int
2026-02-02 16:00:00,2026-02-01 16:00:00,2026-02-03 15:30:00,1335.378602629598,,1600.3945305167463,,3.0843847730053877,7.69302521685944e-09,0.8142573341953099,2.6965289889879784e-08,4.32839069762598,1,TC5,sup_int
2026-02-03 04:00:00,2026-02-02 04:00:00,2026-02-04 03:30:00,797.5036414094571,81.86519939641768,403.39125052838057,890.0879984847588,3.168294792938899,0.24899329096679584,0.8303368260521587,0.667199522629786,3.5405611944186886,0,TC5,sup_int
2026-02-03 16:00:00,2026-02-02 16:00:00,2026-02-04 15:30:00,859.3355726110589,52.620524544119704,426.75244431916815,911.6319187470914,3.6278098769762717,0.20419848062925622,0.8562286119751569,0.7161478399067638,3.5591335742512378,0,TC5,sup_int
2026-02-04 04:00:00,2026-02-03 04:00:00,2026-02-05 03:30:00,780.9046196486782,64.80404997773589,441.30252672371944,903.1046864729373,3.8894126412406336,0.2532563734092045,0.8803978484098972,0.7916251781922783,3.9242636823723354,0,TC5,sup_int
2026-02-04 16:00:00,2026-02-03 16:00:00,2026-02-05 15:30:00,831.85735624092,54.14853732874411,436.63393793501547,910.5984943363474,4.251324172736278,0.24384225093816556,0.8626724622517123,0.8753384968497369,3.726997282532002,0,TC5,sup_int
2026-02-05 04:00:00,2026-02-04 04:00:00,2026-02-06 03:30:00,751.7387266048966,74.17767740328235,438.5354487866279,896.1049932008931,4.422346488941883,0.3200023906842183,0.8472409601721057,0.887175167290348,3.9880435483274246,0,TC5,sup_int
2026-02-05 16:00:00,2026-02-04 16:00:00,2026-02-06 15:30:00,768.1939811591599,82.6590835858117,415.4782350609146,889.4527426222543,4.033537247490702,0.31964437573196586,0.8131498020423957,0.7675476274072616,3.731194109077541,0,TC5,sup_int
2026-02-06 04:00:00,2026-02-05 04:00:00,2026-02-07 03:30:00,714.535949932268,94.03196766715351,422.05031981981904,880.074520607538,4.042221339857176,0.35957545462507806,0.8606036506021139,0.8340166107440128,3.945880860018164,0,TC5,sup_int
2026-02-06 16:00:00,2026-02-05 16:00:00,2026-02-07 15:30:00,683.1701187550948,116.16405202542671,401.1084156283257,860.4128565139986,3.352118860429424,0.36641504882449427,0.897858846083013,0.9576720270977992,3.8360723352911967,0,TC5,sup_int
2026-02-07 04:00:00,2026-02-06 04:00:00,2026-02-08 03:30:00,687.3581515248743,114.30585862807794,401.99878600379594,862.131474159543,3.2549857430038336,0.3500066383066127,0.8974303327036116,0.9629309272800611,3.833091366874999,0,TC5,sup_int
2026-02-07 16:00:00,2026-02-06 16:00:00,2026-02-08 15:30:00,-1325.5170109987719,,-887.6856302518439,-57023450511.558,6.001513508380185e-09,0.3542702716147512,2.8194676593429335e-09,0.9789935067284639,4.505182370059659,1,TC5,sup_int
2026-02-08 04:00:00,2026-02-07 04:00:00,2026-02-09 03:30:00,677.5179204093209,115.16595992637122,405.5378026417304,861.3374622706473,3.304880122916994,0.3580882095466243,0.9077571626263198,0.9810785125896803,3.894082944464161,0,TC5,sup_int
2026-02-08 16:00:00,2026-02-07 16:00:00,2026-02-09 15:30:00,679.3606154424325,113.26343648866349,407.68381120507456,863.0903489615432,3.4180296969335706,0.36414585634135604,0.9142220487376885,0.9798941681702201,3.9095608438709637,0,TC5,sup_int
2026-02-09 04:00:00,2026-02-08 04:00:00,2026-02-10 03:30:00,700.4957727679679,109.57418202345558,403.1371172067609,866.453226880041,3.454325147331965,0.35598738925642376,0.9143276305974428,0.96824518606901,3.8077640350150874,0,TC5,sup_int
2026-02-09 16:00:00,2026-02-08 16:00:00,2026-02-10 15:30:00,1349.8282943542654,,1624.1421055728322,,3.585246685927695,2.3949854877081123e-09,0.9103054907367478,1.028862539609321e-08,3.3691477007680315,1,TC5,sup_int
2026-02-10 04:00:00,2026-02-09 04:00:00,2026-02-11 03:30:00,709.2162627114484,108.93395988009152,399.9411088378335,867.0318858098593,3.63454927582918,0.3723833100093187,0.9121000470504033,0.9379558989121103,3.753731174087683,0,TC5,sup_int
2026-02-10 16:00:00,2026-02-09 16:00:00,2026-02-11 15:30:00,679.0607576889442,110.57366546270073,412.23595663996264,865.5469259994574,3.7478444520126093,0.3897523901733649,0.911764307093374,0.9461647171127304,3.9540584096432783,0,TC5,sup_int
2026-02-11 04:00:00,2026-02-10 04:00:00,2026-02-12 03:30:00,717.6175140769509,109.18183822729574,395.5526543496775,866.808017382928,3.737950571683613,0.38384370520103955,0.906801120318755,0.9275926575281651,3.689802357781285,0,TC5,sup_int
2026-02-11 16:00:00,2026-02-10 16:00:00,2026-02-12 15:30:00,1345.893598834654,,1514.02146085931,,3.9206732995883047,1.4783410606789005e-08,0.9184692605315469,5.237790401402265e-08,3.4389630411677135,1,TC5,sup_int
2026-02-12 04:00:00,2026-02-11 04:00:00,2026-02-13 03:30:00,732.1147454538634,109.65955227803187,388.09654105082967,866.375954934497,3.7914542504147524,0.3910336985153212,0.9111509338871029,0.7675263111354214,3.5816928437143414,0,TC5,sup_int
2026-02-12 16:00:00,2026-02-11 16:00:00,2026-02-13 15:30:00,10.59605103402203,5000.6302335011915,58.728836227912716,6.559826708822744,3.644743173936149e-09,3.6199929165370293e-09,-1.442894470571332e-09,1.1816425171673473e-08,0.8789544490949122,1,TC5,sup_int
2026-02-13 04:00:00,2026-02-12 04:00:00,2026-02-14 03:30:00,726.7314104239889,107.3914247484992,394.12370875303316,868.4200424473905,3.969555095106939,0.4010025654485161,0.9269896211208473,0.8680903151847629,3.6518663512090206,0,TC5,sup_int
2026-02-13 16:00:00,2026-02-12 16:00:00,2026-02-14 15:30:00,615.1517455667735,151.3785763888643,381.8354151203198,825.7581303987613,2.455858938432698e-08,3.5654834085185882e-09,1.000877614121265e-08,1.4922881153012213e-08,3.8292095798397208,1,TC5,sup_int
2026-02-14 04:00:00,2026-02-13 04:00:00,2026-02-15 03:30:00,725.6969725753682,106.19265487032011,396.50762990649616,869.4928962210781,3.7282107859313705,0.37248149603467345,0.9243318176602027,0.9607404872388619,3.6767665826557945,0,TC5,sup_int
2026-02-14 16:00:00,2026-02-13 16:00:00,2026-02-15 15:30:00,713.8713153046992,105.13163339203746,403.8312234189094,870.4381043887215,3.6334586003101723,0.3594596746469716,0.9269178945530681,0.909554833238053,3.7773816090412193,0,TC5,sup_int
2026-02-15 04:00:00,2026-02-14 04:00:00,2026-02-16 03:30:00,726.8376507099445,107.03236547760065,394.64233489243776,868.741934037299,3.4774207393693857,0.35012864373215313,0.9162779362355534,0.9146329804516495,3.6563844321577603,0,TC5,sup_int
2026-02-15 16:00:00,2026-02-14 16:00:00,2026-02-16 15:30:00,711.7188754572815,104.41693960639023,406.03775087910435,871.0724639664213,3.5577673938767447,0.3496351837741035,0.9040313834223039,0.9802511735813189,3.8040012508307353,0,TC5,sup_int
2026-02-16 04:00:00,2026-02-15 04:00:00,2026-02-17 03:30:00,721.6788759831607,105.9775220803634,398.7399953042942,869.6848789225048,3.6066987061367564,0.35962456519643876,0.8913872640983269,0.980732363461208,3.7084446965855338,0,TC5,sup_int
2026-02-16 16:00:00,2026-02-15 16:00:00,2026-02-17 15:30:00,709.5112652632832,106.48146477985765,403.7495677760691,869.2348996197424,3.6889401544345177,0.36954323617977664,0.8854690883381455,0.9684168783210263,3.7886615782094344,0,TC5,sup_int
2026-02-17 04:00:00,2026-02-16 04:00:00,2026-02-18 03:30:00,729.7817131252756,105.4429206952161,395.795862201184,870.1612214084015,3.7601080909535027,0.3730669125318326,0.8821188365387582,0.953272946188571,3.659082624176828,0,TC5,sup_int
2026-02-17 16:00:00,2026-02-16 16:00:00,2026-02-18 15:30:00,-1326.3467107406805,,-867.348785268676,-35576913245.476166,1.0315619913825458e-08,0.3799128912186513,3.982089658016719e-09,0.9648498196799122,4.340143920825768,1,TC5,sup_int
2026-02-18 04:00:00,2026-02-17 04:00:00,2026-02-19 03:30:00,728.6932813903023,104.08210702823902,398.4778147424215,871.3690142950816,3.9698986196379566,0.38891816546444397,0.9029991385158569,0.9832185886045358,3.6868510476386276,0,TC5,sup_int
2026-02-18 16:00:00,2026-02-17 16:00:00,2026-02-19 15:30:00,-1363.824313183632,,-1005.3016471241772,-11040411644.01972,3.3233596319348635e-08,0.37982458029711186,-1.2537301641302179e-08,0.975673119906884,1.0893574009691047,1,TC5,sup_int
2026-02-19 04:00:00,2026-02-18 04:00:00,2026-02-20 03:30:00,-1329.3943138531295,,-801.5187072212648,-7680110502.1380825,4.923199892203911e-08,0.3914131521850059,2.198455972823865e-08,0.9454188557808453,3.799952659266456,1,TC5,sup_int
2026-02-19 16:00:00,2026-02-18 16:00:00,2026-02-20 15:30:00,748.3239310005388,105.80903002161364,386.77524715265304,869.8351219664668,3.7144777453211884,0.36979351868166643,0.894498100526014,0.8297919423918644,3.526427254690277,0,TC5,sup_int
2026-02-20 04:00:00,2026-02-19 04:00:00,2026-02-21 03:30:00,713.1335087228631,100.26952429495387,412.1896745727408,874.7163823424407,3.6777975757704326,0.34755779365157785,0.8900082912171394,0.7664676326307803,3.857646464851852,0,TC5,sup_int
2026-02-20 16:00:00,2026-02-19 16:00:00,2026-02-21 15:30:00,1354.3045901937408,,1724.6692888693676,,3.6272734228577854,4.173867362844419e-10,0.8995341351246913,1.6602139663035587e-09,3.1265596772490127,1,TC5,sup_int
2026-02-21 04:00:00,2026-02-20 04:00:00,2026-02-22 03:30:00,726.6301593428304,102.94540020392331,401.28017436522833,872.3726723885748,3.5623075654622296,0.3452866262959988,0.900547728695136,0.8994058789567758,3.7184551419932577,0,TC5,sup_int
2026-02-21 16:00:00,2026-02-20 16:00:00,2026-02-22 15:30:00,697.1867222373024,105.7766641721011,410.97012729619627,869.8639704772881,3.8098030107584955,0.3791698169115683,0.9114066347019104,0.9168583706853132,3.8910426482289586,0,TC5,sup_int
2026-02-22 04:00:00,2026-02-21 04:00:00,2026-02-23 03:30:00,708.2620330424817,109.28711427840793,399.83428538659973,866.7128719383845,3.8156731769553405,0.39220072539361694,0.9100495026112077,0.9672561786625387,3.755338065936372,0,TC5,sup_int
2026-02-22 16:00:00,2026-02-21 16:00:00,2026-02-23 15:30:00,727.6210150338253,105.54221983705018,396.6446064870658,870.0728224853151,3.645754412005276,0.36205469751069813,0.8902967559293473,0.9220981052190809,3.6728055677566407,0,TC5,sup_int
2026-02-23 04:00:00,2026-02-22 04:00:00,2026-02-24 03:30:00,694.2845317848261,106.61805985481152,411.0354978428527,869.1127722592795,3.7047359822798773,0.37159397060056193,0.901031656503544,0.8315692933683008,3.899811688108901,0,TC5,sup_int
2026-02-23 16:00:00,2026-02-22 16:00:00,2026-02-24 15:30:00,-1364.5205052788626,,-1043.1755112756227,-17601876281.59409,1.995601950355308e-08,0.3636246611618447,-8.411301655186776e-09,0.803530225828083,0.9845740438710391,1,TC5,sup_int
2026-02-24 04:00:00,2026-02-23 04:00:00,2026-02-25 03:30:00,706.1565632320612,103.01190316684604,411.0790033363989,872.3140850753883,3.6186611018205777,0.3509683188145337,0.8933138636404633,0.8787218757049846,3.86686993138509,0,TC5,sup_int
2025-12-22 16:00:00,2025-12-21 16:00:00,2025-12-23 15:30:00,236.81851341500104,489.79764778180913,277.0616090831742,449.0077109299767,0.37902083215385013,0.20284866288577866,0.9106883259466001,0.457875768810286,3.55360645224995,0,TC5,int_inf
2025-12-23 04:00:00,2025-12-22 04:00:00,2025-12-24 03:30:00,189.7699940645125,527.9538678706398,302.1575495476247,414.398189741101,0.4376906028309279,0.24992955774345593,0.9613063154512935,0.9018212290018076,3.9969097683872494,0,TC5,int_inf
2025-12-23 16:00:00,2025-12-22 16:00:00,2025-12-24 15:30:00,1336.8874413383378,,1351.9356191506406,,0.44760115093997704,2.2419073097967868e-08,0.9331999526215649,1.1329313731600621e-07,3.580851804324153,1,TC5,int_inf
2025-12-24 04:00:00,2025-12-23 04:00:00,2025-12-25 03:30:00,155.83245037306935,613.9079587296801,285.4009357405191,345.79490340361474,0.42925932649398674,0.2756000621218781,0.9199410771790845,0.9336797870415636,3.8614035225872585,0,TC5,int_inf
2025-12-24 16:00:00,2025-12-23 16:00:00,2025-12-25 15:30:00,68.3839883609982,927.8408743112273,296.5541217645025,185.6028771634388,0.40550414396879436,0.32759284899435165,0.8697404052272857,0.9538364540459595,4.259370560464351,0,TC5,int_inf
2025-12-25 04:00:00,2025-12-24 04:00:00,2025-12-26 03:30:00,-1360.0124659675414,,-1115.9075389247769,-129555789752.74313,1.5839337484849747e-09,0.2124292244117145,6.623191994847843e-10,0.4790153032709171,1.8837109114167756,1,TC5,int_inf
2025-12-25 16:00:00,2025-12-24 16:00:00,2025-12-26 15:30:00,1335.92107890855,,1434.4806759057967,,0.4058125508409951,7.669102408680573e-09,0.4965744114959405,1.7271499452853334e-08,3.851123126369828,1,TC5,int_inf
2025-12-26 04:00:00,2025-12-25 04:00:00,2025-12-27 03:30:00,1349.7970516676476,,1326.5822619532553,,0.3613736433566309,1.1606397121166623e-08,0.6042809691930194,2.558329870172571e-08,2.7540982972465446,1,TC5,int_inf
2025-12-26 16:00:00,2025-12-25 16:00:00,2025-12-27 15:30:00,-1328.0259514003878,,-888.4012327449269,-47753381683.38645,5.606121677992348e-09,0.27713225918326023,2.353799466447981e-08,0.6700409410571686,4.316976702455257,1,TC5,int_inf
2025-12-27 04:00:00,2025-12-26 04:00:00,2025-12-28 03:30:00,157.2717797802282,618.4452527522334,279.6659926460337,342.5228647699234,0.36525820178183954,0.235746214844185,0.8584427125232975,0.7926450057023388,3.7801689825960123,0,TC5,int_inf
2025-12-27 16:00:00,2025-12-26 16:00:00,2025-12-28 15:30:00,191.75835875764727,543.4737215315035,286.59025608102996,401.0595056025894,0.3476196332852953,0.2032973028256445,0.7768458036778583,0.8544556345408049,3.7860122982693256,0,TC5,int_inf
2025-12-28 04:00:00,2025-12-27 04:00:00,2025-12-29 03:30:00,1353.8538250111703,,1360.8768156666113,,0.4100907584673441,6.1273006113360395e-09,0.6850517973302286,2.7467439767114854e-08,2.506072243557316,1,TC5,int_inf
2025-12-28 16:00:00,2025-12-27 16:00:00,2025-12-29 15:30:00,177.03091392721282,528.9043080497336,320.72723383807556,413.56906116649395,0.3932315566896613,0.22488012020612064,0.6475086583856933,0.44612060796316644,4.278486048288876,0,TC5,int_inf
2025-12-29 04:00:00,2025-12-28 04:00:00,2025-12-30 03:30:00,1358.18097983771,,1326.5516518288598,,0.3905945730772493,6.130816049276788e-09,0.7120168743096015,1.71480508681654e-08,2.037650389501203,1,TC5,int_inf
2025-12-29 16:00:00,2025-12-28 16:00:00,2025-12-30 15:30:00,191.92850231306645,500.5832029101278,323.4368461013391,438.96319448213876,0.38775685835851564,0.21155600085981238,0.7652132804631202,0.46852845251007424,4.272295775488234,0,TC5,int_inf
2025-12-30 04:00:00,2025-12-29 04:00:00,2025-12-31 03:30:00,475.60403782221687,319.4068570773704,260.1377674446567,631.9977233208269,0.38717091261797104,0.13386888987691428,0.7872419550048503,0.3242382848062475,2.8614809451207766,0,TC5,int_inf
2025-12-30 16:00:00,2025-12-29 16:00:00,2025-12-31 15:30:00,1366.3509510587196,,1179.248465645329,,0.3938043188114603,1.2052068926182713e-08,0.8217105744603239,-5.6723616026488344e-08,0.4836981006372554,1,TC5,int_inf
2025-12-31 04:00:00,2025-12-30 04:00:00,2026-01-01 03:30:00,1301.7261429480639,,1608.7051688700615,,0.3719733263792223,3.888228683468498e-09,0.8961083515721516,-2.1414232165284375e-08,5.886659514945412,1,TC5,int_inf
2025-12-31 16:00:00,2025-12-30 16:00:00,2026-01-01 15:30:00,1366.77171315433,,1191.7769028942291,,0.3765673846668779,7.389728162721099e-09,0.9675337430762831,-5.4780534775034084e-08,0.2282679873549407,1,TC5,int_inf
2026-01-01 04:00:00,2025-12-31 04:00:00,2026-01-02 03:30:00,1338.1475041032816,,1400.7243195916806,,0.368431058315111,9.405859174860254e-09,0.9638498122422006,1.1466850446950616e-07,3.6427692570902197,1,TC5,int_inf
2026-01-01 16:00:00,2025-12-31 16:00:00,2026-01-02 15:30:00,253.27133764421143,439.4350013071354,303.3968912229172,498.58474981045305,0.36833133881463415,0.17822434948577717,0.9445950558170475,0.8110550171451099,3.8499953432217664,0,TC5,int_inf
2026-01-02 04:00:00,2026-01-01 04:00:00,2026-01-03 03:30:00,293.8927591533877,405.567535108194,295.94629248351464,534.279807215882,0.3565815709822902,0.1593628779180783,0.9348854150379109,0.7460965390189324,3.6581834707519194,0,TC5,int_inf
2026-01-02 16:00:00,2026-01-01 16:00:00,2026-01-03 15:30:00,1295.2368189199526,,1625.102608905532,,0.38807058721447557,4.249785356957858e-09,0.833552125714524,-3.548637095285301e-08,6.180520957065499,1,TC5,int_inf
2026-01-03 04:00:00,2026-01-02 04:00:00,2026-01-04 03:30:00,1342.1883184480141,,1460.8792309834184,,0.3841953363057131,3.6446951290347585e-09,0.7416386910308519,1.73494902888649e-08,3.560088495690306,1,TC5,int_inf
2026-01-03 16:00:00,2026-01-02 16:00:00,2026-01-04 15:30:00,-1329.450856670362,,-794.8659752559715,-6705049381.338475,2.160732653910813e-08,0.14997659880168346,8.166188880665004e-08,0.31849432999789784,3.7645183900266894,1,TC5,int_inf
2026-01-04 04:00:00,2026-01-03 04:00:00,2026-01-05 03:30:00,1366.7555380263534,,1208.5673970541397,,0.3968857878599917,6.1620466507150695e-09,0.9456400223151777,-3.143363902502472e-08,0.24727440867739636,1,TC5,int_inf
2026-01-04 16:00:00,2026-01-03 16:00:00,2026-01-05 15:30:00,269.3853615841902,424.6841853962886,300.7724186942342,513.9101885796982,0.3693921255490464,0.17287731681388818,0.8655162742809297,0.8195913611639261,3.7770753600396616,0,TC5,int_inf
2026-01-05 04:00:00,2026-01-04 04:00:00,2026-01-06 03:30:00,1312.8464861631708,,1717.083172384489,,0.3499311475203731,6.671925650847399e-10,0.8556884755188008,-4.358091887368687e-09,5.819708886651627,1,TC5,int_inf
2026-01-05 16:00:00,2026-01-04 16:00:00,2026-01-06 15:30:00,305.40511011013984,367.3601342471666,322.9954117282308,576.5591181337875,0.3602025039200099,0.1452161005916829,0.9292084709150995,0.5630312853608771,3.9630832563629026,0,TC5,int_inf
2026-01-06 04:00:00,2026-01-05 04:00:00,2026-01-07 03:30:00,-1313.718345859706,,-715.4821830692669,-3641828366.5541873,3.772302903382041e-08,0.14221538105502285,1.634535329309017e-07,0.6970270144087019,4.351436837910941,1,TC5,int_inf
2026-01-06 16:00:00,2026-01-05 16:00:00,2026-01-07 15:30:00,437.8034111316706,277.67768792425557,320.77061368887564,681.5039995048054,0.3259137091271897,0.09598592197543031,0.7380398270780255,0.3220922195110929,3.6155403821760204,0,TC5,int_inf
2026-01-07 04:00:00,2026-01-06 04:00:00,2026-01-08 03:30:00,1364.8201868687277,,1242.367868019465,,0.3383481247905409,6.547220710029222e-09,0.7810858178190776,-1.5112702644870524e-08,0.9772695086867456,1,TC5,int_inf
2026-01-07 16:00:00,2026-01-06 16:00:00,2026-01-08 15:30:00,1329.940495764576,,1301.0366433430027,,0.28867791358669653,3.741384474453824e-08,0.86107455958449,7.504505494804192e-08,3.763895848298189,1,TC5,int_inf
2026-01-08 04:00:00,2026-01-07 04:00:00,2026-01-09 03:30:00,1365.057073033728,,1244.434790398566,,0.28115759217511666,4.998800651190294e-09,0.8568840448146356,-1.5119171914435015e-08,0.92376089047095,1,TC5,int_inf
2026-01-08 16:00:00,2026-01-07 16:00:00,2026-01-09 15:30:00,-1333.8524052468613,,-931.3512806102889,-70099149405.67583,2.1009477491062967e-09,0.1524573714134057,6.3509718595256e-09,0.35424760106651076,4.053050240631072,1,TC5,int_inf
2026-01-09 04:00:00,2026-01-08 04:00:00,2026-01-10 03:30:00,62.556177806070565,928.3926653751308,322.56256403806606,185.41506060995047,1.227866941455602e-08,9.921901938936273e-09,3.383975855086874e-08,3.283493310579644e-08,4.651879370255342,1,TC5,int_inf
2026-01-09 16:00:00,2026-01-08 16:00:00,2026-01-10 15:30:00,1355.4496627667781,,1180.5930708742678,,0.2695393327130627,3.874357494548786e-08,0.5354660461937338,6.078854075663997e-08,2.0508462943856927,1,TC5,int_inf
2026-01-10 04:00:00,2026-01-09 04:00:00,2026-01-11 03:30:00,271.16731343571934,396.4604879610429,326.35219217115434,544.1758616868811,0.34166122829740325,0.1491946198839889,0.7797853688430956,0.32155409359420106,4.093586704819465,0,TC5,int_inf
2026-01-10 16:00:00,2026-01-09 16:00:00,2026-01-11 15:30:00,1366.4785096849857,,1121.1874292413613,,0.33046597583351345,2.2386241249616745e-08,0.524426632109433,-1.194176018071147e-07,0.40256242817093923,1,TC5,int_inf
2026-01-11 04:00:00,2026-01-10 04:00:00,2026-01-12 03:30:00,-1279.5910918578752,,-656.1136795408115,-7381028077.290592,1.4409031912077097e-08,0.11009615179790046,-3.071084697658932e-08,0.12965813331972564,5.953279747231795,1,TC5,int_inf
2026-01-11 16:00:00,2026-01-10 16:00:00,2026-01-12 15:30:00,1335.764437367752,,1533.0720126341469,,0.38320901085610837,2.1520677184749815e-09,0.47102175801902624,4.495011252103609e-09,4.124651522527756,1,TC5,int_inf
2026-01-12 04:00:00,2026-01-11 04:00:00,2026-01-13 03:30:00,493.25395807923985,419.6885980121246,183.2340368415478,519.1789336900883,0.3343871073800764,0.1546709978606538,0.45393201529734284,0.14606002090336578,1.9925990068231831,1,TC5,int_inf
2026-01-12 16:00:00,2026-01-11 16:00:00,2026-01-13 15:30:00,170.20085950460316,518.2132660770006,342.52712801645015,422.98792734421903,0.35718120883225135,0.20078111948756522,0.6390792133681666,0.26553772504915485,4.590082763161048,1,TC5,int_inf
2026-01-13 04:00:00,2026-01-12 04:00:00,2026-01-14 03:30:00,442.4300740349056,367.4008514530107,236.2711002019403,576.5130541556384,0.3099297407006597,0.1249633507421868,0.8374019424916539,0.21022501413780703,2.655195966452966,1,TC5,int_inf
2026-01-13 16:00:00,2026-01-12 16:00:00,2026-01-14 15:30:00,1366.0169942729365,,1240.8239266163046,,0.33960211567294885,4.820922396472684e-09,0.9714146409318105,-3.58424603330576e-08,0.6442085332384391,1,TC5,int_inf
2026-01-14 04:00:00,2026-01-13 04:00:00,2026-01-15 03:30:00,1347.1206029514174,,1444.455971324693,,0.3150452802369838,2.6604243252847937e-09,0.8551327783786595,2.8221223136171147e-08,3.196034953574305,1,TC5,int_inf
2026-01-14 16:00:00,2026-01-13 16:00:00,2026-01-15 15:30:00,386.4525631522221,353.27832025270027,276.8357881073883,592.6043091711716,0.31301147940022966,0.12099190966514134,0.7243859101298549,0.6382757629001485,3.2248153309942262,0,TC5,int_inf
2026-01-15 04:00:00,2026-01-14 04:00:00,2026-01-16 03:30:00,1345.2897576216562,,1538.9323764552666,,0.3288868431401435,9.411924295488205e-10,0.7569573281567852,5.802260227838474e-09,3.5388695586756413,1,TC5,int_inf
2026-01-15 16:00:00,2026-01-14 16:00:00,2026-01-16 15:30:00,427.8533694157946,353.81115296686636,253.80576846421826,591.9931948530614,0.3076060111619093,0.11909706985768467,0.8394414162734525,0.37441266004434737,2.8791040199235898,0,TC5,int_inf
2026-01-16 04:00:00,2026-01-15 04:00:00,2026-01-17 03:30:00,227.06605877541034,448.7504495803651,324.5994907505764,489.08946225893345,0.3247443844468979,0.16032599963226182,0.8660925660245065,0.5010829496708646,4.189890800671799,0,TC5,int_inf
2026-01-16 16:00:00,2026-01-15 16:00:00,2026-01-17 15:30:00,444.43966741547285,340.069792678313,257.11411718591415,607.8453537640672,0.30061666731404146,0.11145785474360306,0.8093765518668964,0.3243669984630695,2.885693178971649,0,TC5,int_inf
2026-01-17 04:00:00,2026-01-16 04:00:00,2026-01-18 03:30:00,256.32914406687036,411.01556130306375,327.52053946023545,528.4180177044726,0.3091968091467722,0.14006198241829587,0.866226414681137,0.5014039484151387,4.147883233495155,0,TC5,int_inf
2026-01-17 16:00:00,2026-01-16 16:00:00,2026-01-18 15:30:00,309.84376247221263,403.7585072853992,284.43211498797115,536.2359651045788,0.2667823187551471,0.11868970325751156,0.8123505483454907,0.5920265912522231,3.479981412495243,0,TC5,int_inf
2026-01-18 04:00:00,2026-01-17 04:00:00,2026-01-19 03:30:00,556.0953515864577,248.21136682340978,291.33619988215645,716.560048431191,0.2975111386699799,0.07682439699943976,0.5637013123661625,0.31462749241471966,3.040102251299031,0,TC5,int_inf
2026-01-18 16:00:00,2026-01-17 16:00:00,2026-01-19 15:30:00,-1313.7523593901594,,-813.6837072163852,-29034426935.594414,4.925801599942048e-09,0.1480507495234207,1.336543531404999e-08,0.3021672820271958,4.946324225456015,1,TC5,int_inf
2026-01-19 04:00:00,2026-01-18 04:00:00,2026-01-20 03:30:00,1356.5122281604822,,1233.8910715341462,,0.28964333674554993,1.8649002689330452e-08,0.5837317008694942,4.50561615794598e-08,2.0515966376283483,1,TC5,int_inf
2026-01-19 16:00:00,2026-01-18 16:00:00,2026-01-20 15:30:00,195.09417486497148,485.90192169040307,332.62673376660024,452.6861755807163,0.30169591991126443,0.16031620854385706,0.7721290500204658,0.319436840681395,4.384518079435537,0,TC5,int_inf
2026-01-20 04:00:00,2026-01-19 04:00:00,2026-01-21 03:30:00,472.77975000386886,343.8842928551019,241.22200811005277,603.4263534955795,0.2866883385660082,0.10760518936434872,0.8573514586226869,0.3036830129735377,2.6582655495814427,0,TC5,int_inf
2026-01-20 16:00:00,2026-01-19 16:00:00,2026-01-21 15:30:00,230.58735868082695,444.8620394411,324.0053598701468,493.03544262382877,0.29401075674687416,0.14395184860380328,0.8781938726273663,0.5086895317138562,4.172621544794012,0,TC5,int_inf
2026-01-21 04:00:00,2026-01-20 04:00:00,2026-01-22 03:30:00,457.424420315068,321.1862095660951,267.1140522482704,629.9051466924803,0.28242525541088853,0.09826364294415264,0.8995934785854643,0.3065952289105205,2.9729451559634983,0,TC5,int_inf
2026-01-21 16:00:00,2026-01-20 16:00:00,2026-01-22 15:30:00,242.84763539419214,430.8422648430395,323.0553437213808,507.46964647663896,0.2744807450137752,0.13028834304048503,0.9049603008685753,0.5183765572115924,4.127299478237471,0,TC5,int_inf
2026-01-22 04:00:00,2026-01-21 04:00:00,2026-01-23 03:30:00,-126.27113200402263,,92.09657558024624,-147.44169095215517,0.2346056307127519,0.2704135557917345,0.03211672396198062,0.0598229467524547,1.5310784153172605,1,TC5,int_inf
2026-01-22 16:00:00,2026-01-21 16:00:00,2026-01-23 15:30:00,-94.24739419564227,,134.3244125910516,-156.8020343355795,0.2035192077131575,0.23655445165030162,0.024283897023878787,0.04644986820005792,2.176344511610443,1,TC5,int_inf
2026-01-23 04:00:00,2026-01-22 04:00:00,2026-01-24 03:30:00,-41.0529155004351,,113.89128261710083,-52.796198042343335,0.2444436203508843,0.25780347639059326,0.03574089159421778,0.05647590706923067,1.7709599463081256,1,TC5,int_inf
2026-01-23 16:00:00,2026-01-22 16:00:00,2026-01-24 15:30:00,-1321.4232312011632,,-1042.794742658029,-1873133971037.5361,1.184579656587914e-10,0.22969605291781706,-3.5958125366164495e-11,0.04553853067439051,5.657679595437041,1,TC5,int_inf
2026-01-24 04:00:00,2026-01-23 04:00:00,2026-01-25 03:30:00,275.4099763690533,395.25083077305624,323.21951443473216,545.4992802113304,0.3336417096857594,0.14523561751281244,0.7179659967235767,0.5723053829361848,4.043196332215059,0,TC5,int_inf
2026-01-24 16:00:00,2026-01-23 16:00:00,2026-01-25 15:30:00,-1335.3002502827014,,-762.494489915315,-2388829627.679149,3.275889887133232e-08,0.08100933547369374,1.244700160718537e-07,0.15623048744659151,3.220699071530383,1,TC5,int_inf
2026-01-25 04:00:00,2026-01-24 04:00:00,2026-01-26 03:30:00,1366.4032017891982,,1132.4274738179151,,0.32145606628540196,1.911515662422758e-08,0.865040697308101,-8.385962169121797e-08,0.44176644858506786,1,TC5,int_inf
2026-01-25 16:00:00,2026-01-24 16:00:00,2026-01-26 15:30:00,539.5473725672778,283.93311214222473,264.00391104048157,674.0505284639829,0.2917691425007571,0.08818111511273449,0.9388015447085849,0.28109183889389167,2.7852267248192364,1,TC5,int_inf
2026-01-26 04:00:00,2026-01-25 04:00:00,2026-01-27 03:30:00,392.092633851678,301.5718964413093,324.32503590598697,653.075520300791,0.2915880696892307,0.09445768117346776,0.940525856881946,0.5518130636719625,3.7643903326848465,0,TC5,int_inf
2026-01-26 16:00:00,2026-01-25 16:00:00,2026-01-27 15:30:00,1345.3782643198722,,1253.837750892383,,0.3058763203909443,3.331560245734e-08,0.9314622997655886,4.836673415109516e-07,2.878141854300065,1,TC5,int_inf
2026-01-27 04:00:00,2026-01-26 04:00:00,2026-01-28 03:30:00,435.8590378326274,276.75413957519055,322.98285256774795,682.604640244539,0.3273132078942864,0.096025161073399,0.9204793719424686,0.8098257072905731,3.645029954017732,0,TC5,int_inf
2026-01-27 16:00:00,2026-01-26 16:00:00,2026-01-28 15:30:00,1305.298553112484,,1713.8798447072168,,0.35767082968670066,9.750078938663975e-10,0.9477999405760633,-1.3392188913385894e-08,6.128885389284324,1,TC5,int_inf
2026-01-28 04:00:00,2026-01-27 04:00:00,2026-01-29 03:30:00,1341.2058469224648,,1380.8122359331778,,0.3716555450256518,1.0273181527686859e-08,0.9817800725719477,1.4698688033387697e-07,3.421938527325165,1,TC5,int_inf
2026-01-28 16:00:00,2026-01-27 16:00:00,2026-01-29 15:30:00,373.4533991875857,323.92903495301346,313.60009560758374,626.683777738088,0.3227594170334764,0.1133733415541286,0.7944616871189619,0.9170192547763293,3.6836023789455963,0,TC5,int_inf
2026-01-29 04:00:00,2026-01-28 04:00:00,2026-01-30 03:30:00,695.8112154248124,195.84019355460092,291.4781311194424,777.4418247165682,0.3452254184119019,0.06738777443178348,0.6205927298733063,0.2685776469035345,2.7624383355601267,1,TC5,int_inf
2026-01-29 16:00:00,2026-01-28 16:00:00,2026-01-30 15:30:00,257.89315602307386,402.36986908548124,334.6514649417047,537.7407984001903,0.30097903434183365,0.13343473563353864,0.5337131532295318,0.3151109015945234,4.2338990954497895,0,TC5,int_inf
2026-01-30 04:00:00,2026-01-29 04:00:00,2026-01-31 03:30:00,-1348.228416702912,,-875.0371014438731,-7330970176.089692,1.0015530460538713e-08,0.07600740195090219,3.8347803821281445e-08,0.10432812532784441,2.6445971667905845,1,TC5,int_inf
2026-01-30 16:00:00,2026-01-29 16:00:00,2026-01-31 15:30:00,1338.3089369418105,,1484.4509498262598,,0.3312871139293598,2.946839328110684e-09,0.8982647535661077,1.5183330037693565e-08,3.851231335776935,1,TC5,int_inf
2026-01-31 04:00:00,2026-01-30 04:00:00,2026-02-01 03:30:00,381.7733001717482,326.00296450460627,305.74150771359695,624.2515985675104,0.27671131914107994,0.09789505809637301,0.5985702111788316,0.4461343404163619,3.572218685427363,0,TC5,int_inf
2026-01-31 16:00:00,2026-01-30 16:00:00,2026-02-01 15:30:00,-1345.040903590226,,-969.2272617088989,-54475980261.36895,1.0501559066788957e-09,0.05922148085199165,2.525426534560893e-09,0.11696298510184688,3.229641030480068,1,TC5,int_inf
2026-02-01 04:00:00,2026-01-31 04:00:00,2026-02-02 03:30:00,-1311.1512865886907,,-794.4404214972267,-23042944666.71438,6.149505571428904e-09,0.14668936087286186,1.5434596822849755e-08,0.24969151238692333,5.0054353872251856,1,TC5,int_inf
2026-02-01 16:00:00,2026-01-31 16:00:00,2026-02-02 15:30:00,-1356.7552881712766,,-966.8962031021125,-15916171638.055166,5.751633891382113e-09,0.09476550826274038,2.1238341640916758e-08,0.11902477342859319,2.0343746933315403,1,TC5,int_inf
2026-02-02 04:00:00,2026-02-01 04:00:00,2026-02-03 03:30:00,1365.3225340929807,,1143.7538423362535,,0.2960920863173669,2.0977745429640038e-08,0.5360519827372063,-8.080344215954938e-08,0.7877655380940967,1,TC5,int_inf
2026-02-02 16:00:00,2026-02-01 16:00:00,2026-02-03 15:30:00,-1361.288956781397,,-980.9786023452529,-11271968667.475405,7.69302521685944e-09,0.089767139858243,2.6965289889879784e-08,0.14623070797030469,1.4769625015826566,1,TC5,int_inf
2026-02-03 04:00:00,2026-02-02 04:00:00,2026-02-04 03:30:00,1366.3428661488585,,1206.09803459985,,0.24899329096679584,5.1577423304527414e-09,0.667199522629786,-1.506286162467063e-08,0.4983432233763443,1,TC5,int_inf
2026-02-03 16:00:00,2026-02-02 16:00:00,2026-02-04 15:30:00,748.6972023281131,231.86920876703527,240.37097131702217,735.8442123044055,0.20419848062925622,0.04865249523917013,0.7161478399067638,0.13054025203725894,2.190967377540055,1,TC5,int_inf
2026-02-04 04:00:00,2026-02-03 04:00:00,2026-02-05 03:30:00,1349.8113461102678,,1480.8351531893245,,0.2532563734092045,1.0927130450477662e-09,0.7916251781922783,2.694346235010414e-08,3.0732102189714716,1,TC5,int_inf
2026-02-04 16:00:00,2026-02-03 16:00:00,2026-02-05 15:30:00,564.9298915301371,170.23081601253529,381.58256130795803,805.7922359873003,0.24384225093816556,0.04044154348695234,0.8753384968497369,0.5551690665672545,3.958494032733179,0,TC5,int_inf
2026-02-05 04:00:00,2026-02-04 04:00:00,2026-02-06 03:30:00,541.3750472200057,187.2697061540589,370.97571810870676,787.0668388525365,0.3200023906842183,0.05927583972164954,0.887175167290348,0.5848733761187137,3.9090552905884497,0,TC5,int_inf
2026-02-05 16:00:00,2026-02-04 16:00:00,2026-02-06 15:30:00,416.55045044779934,257.3098983787339,358.73609503828243,705.759685224729,0.31964437573196586,0.08611348496958242,0.7675476274072616,0.6245090952395991,4.099036767744472,0,TC5,int_inf
2026-02-06 04:00:00,2026-02-05 04:00:00,2026-02-07 03:30:00,349.76893255029523,315.25258608985735,341.10269955262214,636.8913264328262,0.35957545462507806,0.12250589414134223,0.8340166107440128,0.8049738242279869,4.067862033848095,0,TC5,int_inf
2026-02-06 16:00:00,2026-02-05 16:00:00,2026-02-07 15:30:00,1366.7452945251644,,1368.4436275606374,,0.36641504882449427,5.329451047142442e-10,0.9576720270977992,-5.852335283051957e-09,0.2907181183775229,1,TC5,int_inf
2026-02-07 04:00:00,2026-02-06 04:00:00,2026-02-08 03:30:00,1292.8801056651948,,1619.4152606121024,,0.3500066383066127,4.43271848393767e-09,0.9629309272800611,-3.412330173979683e-08,6.240122135376861,1,TC5,int_inf
2026-02-07 16:00:00,2026-02-06 16:00:00,2026-02-08 15:30:00,366.4659236882079,315.4880077637884,327.67424325914993,636.6137175240896,0.3542702716147512,0.12080024943163727,0.9789935067284639,0.4162913957148503,3.8661726365911733,0,TC5,int_inf
2026-02-08 04:00:00,2026-02-07 04:00:00,2026-02-09 03:30:00,671.0660612443311,202.68391526324694,293.1083056074852,769.6700320012058,0.3580882095466243,0.07277950580453313,0.9810785125896803,0.23748548813870196,2.8274142092725247,1,TC5,int_inf
2026-02-08 16:00:00,2026-02-07 16:00:00,2026-02-09 15:30:00,450.50944278795447,253.44031062790472,340.6244253813941,710.3571879838828,0.36414585634135604,0.09636928672518623,0.9798941681702201,0.5431350529163913,3.808046495492165,0,TC5,int_inf
2026-02-09 04:00:00,2026-02-08 04:00:00,2026-02-10 03:30:00,1291.9203036047384,,1540.2817406775712,,0.35598738925642376,1.1308518330088724e-08,0.96824518606901,-1.8440405247233116e-07,5.96620351363616,1,TC5,int_inf
2026-02-09 16:00:00,2026-02-08 16:00:00,2026-02-10 15:30:00,-1331.9441771714723,,-882.2252224122835,-31275105127.48866,2.3949854877081123e-09,0.07753933992945591,1.028862539609321e-08,0.8578109820762658,3.986897934293964,1,TC5,int_inf
2026-02-10 04:00:00,2026-02-09 04:00:00,2026-02-11 03:30:00,474.89504834471046,240.608471559609,341.0610161710981,725.553628678453,0.3723833100093187,0.09269124315646603,0.9379558989121103,0.821216462503732,3.7533485262280504,0,TC5,int_inf
2026-02-10 16:00:00,2026-02-09 16:00:00,2026-02-11 15:30:00,628.1647340721887,193.29491889842663,320.64649093799017,780.3133244162273,0.3897523901733649,0.07492085146625647,0.9461647171127304,0.6616443912057812,3.187020038422075,0,TC5,int_inf
2026-02-11 04:00:00,2026-02-10 04:00:00,2026-02-12 03:30:00,443.17222911296085,256.872586976055,341.19889002974395,706.2795272642348,0.38384370520103955,0.10320248344122929,0.9275926575281651,0.6932114955564953,3.8325351749863117,0,TC5,int_inf
2026-02-11 16:00:00,2026-02-10 16:00:00,2026-02-12 15:30:00,-1334.4451116914815,,-795.2130593469997,-4771350203.99503,1.4783410606789005e-08,0.07301909451050956,5.237790401402265e-08,0.38237954196942026,3.419052053022481,1,TC5,int_inf
2026-02-12 04:00:00,2026-02-11 04:00:00,2026-02-13 03:30:00,386.35977984490717,283.4978242845407,349.0865352412184,674.5690541419307,0.3910336985153212,0.11797185271276425,0.7675263111354214,0.47153779056302303,4.066694175718817,0,TC5,int_inf
2026-02-12 16:00:00,2026-02-11 16:00:00,2026-02-13 15:30:00,-1346.5068732277582,,-921.1122517456641,-19724330809.663696,3.6199929165370293e-09,0.07391463584835059,1.1816425171673473e-08,0.16803106247971622,2.9394210719212595,1,TC5,int_inf
2026-02-13 04:00:00,2026-02-12 04:00:00,2026-02-14 03:30:00,366.8487848421392,290.95824797370267,355.50273527423064,665.68658437107,0.4010025654485161,0.12466662221574938,0.8680903151847629,0.3156343312856532,4.193488496259368,0,TC5,int_inf
2026-02-13 16:00:00,2026-02-12 16:00:00,2026-02-14 15:30:00,-1339.8484032900362,,-898.6596746998532,-22934674385.14028,3.5654834085185882e-09,0.08465087247831314,1.4922881153012213e-08,0.23504391206234254,3.428855459267427,1,TC5,int_inf
2026-02-14 04:00:00,2026-02-13 04:00:00,2026-02-15 03:30:00,446.63048361032423,248.05314620032877,349.61630693626694,716.7475360687832,0.37248149603467345,0.09611121925182942,0.9607404872388619,0.5491441869697098,3.9183507479139053,0,TC5,int_inf
2026-02-14 16:00:00,2026-02-13 16:00:00,2026-02-15 15:30:00,544.1243890683459,242.2426652681554,302.93249449750596,723.6234026545604,0.3594596746469716,0.09019263067216136,0.909554833238053,0.8420260737634813,3.186276640764028,0,TC5,int_inf
2026-02-15 04:00:00,2026-02-14 04:00:00,2026-02-16 03:30:00,1287.178650822954,,1569.9283207134224,,0.35012864373215313,9.291083180595905e-09,0.9146329804516495,-1.2066515897579677e-07,6.233436849796739,1,TC5,int_inf
2026-02-15 16:00:00,2026-02-14 16:00:00,2026-02-16 15:30:00,598.4936100686457,215.39776124212352,308.0266600966525,755.0556224319598,0.3496351837741035,0.07635100054806297,0.9802511735813189,0.5756032056225312,3.1242137128584577,0,TC5,int_inf
2026-02-16 04:00:00,2026-02-15 04:00:00,2026-02-17 03:30:00,1345.6341875705007,,1348.5302927330442,,0.35962456519643876,1.1484914713699723e-08,0.980732363461208,1.7064834656466132e-07,3.079455784104263,1,TC5,int_inf
2026-02-16 16:00:00,2026-02-15 16:00:00,2026-02-17 15:30:00,569.3751247448779,218.62081814795832,317.35282426209636,751.3186309370358,0.36954323617977664,0.08212796609213847,0.9684168783210263,0.8553823205310893,3.282434082082253,0,TC5,int_inf
2026-02-17 04:00:00,2026-02-16 04:00:00,2026-02-18 03:30:00,1344.1587782096585,,1299.9586480750067,,0.3730669125318326,2.4217036501128497e-08,0.953272946188571,3.6885138687825503e-07,3.0562065009170833,1,TC5,int_inf
2026-02-17 16:00:00,2026-02-16 16:00:00,2026-02-18 15:30:00,569.8227736923594,220.5003933554163,315.0109664123757,749.1339699440491,0.3799128912186513,0.08529172583422048,0.9648498196799122,0.7805715196420561,3.257237994937457,0,TC5,int_inf
2026-02-18 04:00:00,2026-02-17 04:00:00,2026-02-19 03:30:00,1342.8141920509192,,1413.3098931491477,,0.38891816546444397,6.482577502575637e-09,0.9832185886045358,1.0878485612320077e-07,3.4062591974664405,1,TC5,int_inf
2026-02-18 16:00:00,2026-02-17 16:00:00,2026-02-19 15:30:00,540.4393280759501,226.14490712385685,322.5579117029536,742.5510834030247,0.37982458029711186,0.08786023099994981,0.975673119906884,0.8676415100593962,3.400965886892192,0,TC5,int_inf
2026-02-19 04:00:00,2026-02-18 04:00:00,2026-02-20 03:30:00,569.3052819706608,208.87294633850644,328.7581259589123,762.5825176651111,0.3914131521850059,0.08242439233110055,0.9454188557808453,0.8540076499850738,3.4005596339867674,0,TC5,int_inf
2026-02-19 16:00:00,2026-02-18 16:00:00,2026-02-20 15:30:00,457.9087394278877,249.10364045425445,341.1823324396924,715.5024921674504,0.36979351868166643,0.09589425311486012,0.8297919423918644,0.7768541244161424,3.796129244733621,0,TC5,int_inf
2026-02-20 04:00:00,2026-02-19 04:00:00,2026-02-21 03:30:00,1311.2339163306506,,1539.7200408136948,,0.34755779365157785,5.6178143387208834e-09,0.7664676326307803,-4.169958467414858e-08,5.282082512497021,1,TC5,int_inf
2026-02-20 16:00:00,2026-02-19 16:00:00,2026-02-21 15:30:00,-1331.2484867774626,,-973.2515073816189,-197581710267.1381,4.173867362844419e-10,0.08537010357004488,1.6602139663035587e-09,0.3187222858223254,4.4573383219343015,1,TC5,int_inf
2026-02-21 04:00:00,2026-02-20 04:00:00,2026-02-22 03:30:00,612.0992613846344,209.82788650206447,308.46396231348353,761.484294682144,0.3452866262959988,0.07310354267224523,0.8994058789567758,0.39064355135686457,3.0998603520846792,0,TC5,int_inf
2026-02-21 16:00:00,2026-02-20 16:00:00,2026-02-22 15:30:00,604.1910606276264,189.0409318722972,336.45426602541437,785.0881224876182,0.3791698169115683,0.07101242646103739,0.9168583706853132,0.6846904465545611,3.3993883887462633,0,TC5,int_inf
2026-02-22 04:00:00,2026-02-21 04:00:00,2026-02-23 03:30:00,474.39807014028963,240.0429826969692,342.0398782859159,726.2211533979574,0.39220072539361694,0.09735304914782296,0.9672561786625387,0.7318294120523601,3.765332070339337,0,TC5,int_inf
2026-02-22 16:00:00,2026-02-21 16:00:00,2026-02-23 15:30:00,1299.4263183007379,,1607.4056965024272,,0.36205469751069813,4.1761533536854856e-09,0.9220981052190809,-5.772387146052438e-08,5.9655241505250585,1,TC5,int_inf
2026-02-23 04:00:00,2026-02-22 04:00:00,2026-02-24 03:30:00,606.4246476830023,201.1103483240194,320.8831746859086,771.4633160031606,0.37159397060056193,0.07483465544938465,0.8315692933683008,0.6188082069123917,3.237148485727805,0,TC5,int_inf
2026-02-23 16:00:00,2026-02-22 16:00:00,2026-02-24 15:30:00,1366.8039396981317,,1302.4675005510728,,0.3636246611618447,1.3214446481502051e-09,0.803530225828083,-1.0602138500459546e-08,0.21135067145948305,1,TC5,int_inf
2026-02-24 04:00:00,2026-02-23 04:00:00,2026-02-25 03:30:00,641.8211316075389,229.4382187023305,276.3108983498139,738.6960332953591,0.3509683188145337,0.08258587436403138,0.8787218757049846,0.30207340966547513,2.7205576430760448,0,TC5,int_inf
2025-12-22 16:00:00,2025-12-21 16:00:00,2025-12-23 15:30:00,-2720.300373256219,,-511.4662809289119,-26720373079.420322,7.33346450232375e-09,0.20284866288577866,4.547806131682819e-09,0.457875768810286,1.7073058812604027,1,TC5,sup_inf
2025-12-23 04:00:00,2025-12-22 04:00:00,2025-12-24 03:30:00,2279.6373729190163,282.94315357586385,132.29414794437727,878.4795866514345,2.758422451082466,0.24992955774345593,0.939815509046311,0.9018212290018076,1.589375561372104,0,TC5,sup_inf
2025-12-23 16:00:00,2025-12-22 16:00:00,2025-12-24 15:30:00,2730.156712810456,,649.0179404625367,,2.734304450083309,2.2419073097967868e-08,0.9311284402632367,1.1329313731600621e-07,0.9581877994177735,1,TC5,sup_inf
2025-12-24 04:00:00,2025-12-23 04:00:00,2025-12-25 03:30:00,2313.3018456567543,296.51362172696383,123.8929118928016,868.4877750298739,2.7300810228193932,0.2756000621218781,0.9376658578666179,0.9336797870415636,1.4440542707530488,0,TC5,sup_inf
2025-12-24 16:00:00,2025-12-23 16:00:00,2025-12-25 15:30:00,2243.0633086076964,329.84022083246145,115.42313900557846,841.9006984984209,2.549914215628791,0.32759284899435165,0.8714018637436324,0.9538364540459595,1.4296586083087877,0,TC5,sup_inf
2025-12-25 04:00:00,2025-12-24 04:00:00,2025-12-26 03:30:00,2524.8283668276717,261.44399081960313,121.30436503101815,893.2197460204443,2.8193418293299666,0.2124292244117145,0.8653587297605033,0.4790153032709171,1.0734575126919994,0,TC5,sup_inf
2025-12-25 16:00:00,2025-12-24 16:00:00,2025-12-26 15:30:00,2730.1434569591856,,684.2121079502474,,2.56270091592425,7.669102408680573e-09,0.8775779145771123,1.7271499452853334e-08,1.0119114580405353,1,TC5,sup_inf
2025-12-26 04:00:00,2025-12-25 04:00:00,2025-12-27 03:30:00,2733.1097717431603,,651.3636790428825,,2.596073680596789,1.1606397121166623e-08,0.888884811374411,2.558329870172571e-08,0.4224675098905868,1,TC5,sup_inf
2025-12-26 16:00:00,2025-12-25 16:00:00,2025-12-27 15:30:00,2254.1649597472992,304.6064218383548,124.73737317301436,862.2898717001791,2.58120592324184,0.27713225918326023,0.909474870901857,0.6700409410571686,1.531145858525374,0,TC5,sup_inf
2025-12-27 04:00:00,2025-12-26 04:00:00,2025-12-28 03:30:00,2384.276469296332,290.3438935101879,121.1672989401115,873.0940936526861,2.4510687380328755,0.235746214844185,0.9256230524504467,0.7926450057023388,1.3134492669809266,0,TC5,sup_inf
2025-12-27 16:00:00,2025-12-26 16:00:00,2025-12-28 15:30:00,2484.919362160597,270.06539552070114,121.35444044934383,887.4742159543217,2.500741229991543,0.2032973028256445,0.9057404307068952,0.8544556345408049,1.1509448878876085,0,TC5,sup_inf
2025-12-28 04:00:00,2025-12-27 04:00:00,2025-12-29 03:30:00,2733.5357288624996,,669.2290153829829,,2.7619402801235196,6.1273006113360395e-09,0.9338122902369972,2.7467439767114854e-08,0.2606342900329617,1,TC5,sup_inf
2025-12-28 16:00:00,2025-12-27 16:00:00,2025-12-29 15:30:00,2376.4353960433396,273.7450586362351,128.86590028919943,884.953878838904,2.6802122450715857,0.22488012020612064,0.9228684770527186,0.44612060796316644,1.4091148723461862,0,TC5,sup_inf
2025-12-29 04:00:00,2025-12-28 04:00:00,2025-12-30 03:30:00,2616.5764885673784,,861.6345742160299,,2.8370311331962497,6.130816049276788e-09,0.9259807054066792,1.71480508681654e-08,6.038235322845036,1,TC5,sup_inf
2025-12-29 16:00:00,2025-12-28 16:00:00,2025-12-30 15:30:00,-2646.3914897909785,,-488.798423823509,-424226153395.2109,4.817342080798426e-10,0.21155600085981238,-2.6619950688200333e-10,0.46852845251007424,5.155914891509168,1,TC5,sup_inf
2025-12-30 04:00:00,2025-12-29 04:00:00,2025-12-31 03:30:00,2695.5978052910023,212.87646587386905,118.9987345819876,921.2038745801076,2.886462513725784,0.13386888987691428,0.9155861898147026,0.3242382848062475,0.5186326785195039,0,TC5,sup_inf
2025-12-30 16:00:00,2025-12-29 16:00:00,2025-12-31 15:30:00,2676.0812698078767,,772.9088642399554,,2.869209919186174,1.2052068926182713e-08,0.9161957738373874,-5.6723616026488344e-08,4.026482554086132,1,TC5,sup_inf
2025-12-31 04:00:00,2025-12-30 04:00:00,2026-01-01 03:30:00,2697.2796152070473,,788.7851846872833,,2.879058529695983,3.888228683468498e-09,0.9159116148795776,-2.1414232165284375e-08,3.370677407357295,1,TC5,sup_inf
2025-12-31 16:00:00,2025-12-30 16:00:00,2026-01-01 15:30:00,2683.6592147916967,,783.2878559648785,,2.895059802544459,7.389728162721099e-09,0.9216663397494275,-5.4780534775034084e-08,3.841447064683635,1,TC5,sup_inf
2026-01-01 04:00:00,2025-12-31 04:00:00,2026-01-02 03:30:00,2729.7232566571683,,683.5818054551199,,2.924045569294101,9.405859174860254e-09,0.9231362618832928,1.1466850446950616e-07,1.065125435364763,1,TC5,sup_inf
2026-01-01 16:00:00,2025-12-31 16:00:00,2026-01-02 15:30:00,2501.5661799992135,238.43990028281294,133.864850206056,907.4207530293409,2.938748386537023,0.17822434948577717,0.9170043671303036,0.8110550171451099,1.235294499551209,0,TC5,sup_inf
2026-01-02 04:00:00,2026-01-01 04:00:00,2026-01-03 03:30:00,2581.1817338207206,228.12306264216147,130.00820300960885,913.2401940304329,2.9175524035259297,0.1593628779180783,0.9119744020091056,0.7460965390189324,1.0143394009235323,0,TC5,sup_inf
2026-01-02 16:00:00,2026-01-01 16:00:00,2026-01-03 15:30:00,-973.1592253897468,,89.46529536674225,-4117.444003010385,8.07584665807326e-10,4.249785356957858e-09,4.1057712785175227e-10,-3.548637095285301e-08,4.359267885816006,1,TC5,sup_inf
2026-01-03 04:00:00,2026-01-02 04:00:00,2026-01-04 03:30:00,2731.605733112142,,706.8095187920255,,2.9282119146703796,3.6446951290347585e-09,0.919219840794654,1.73494902888649e-08,0.8162980482943789,1,TC5,sup_inf
2026-01-03 16:00:00,2026-01-02 16:00:00,2026-01-04 15:30:00,-2724.9565474578308,,-500.9604917039518,-13250254718.513027,1.0933993710438017e-08,0.14997659880168346,5.780315781578338e-09,0.31849432999789784,1.3228001559319922,1,TC5,sup_inf
2026-01-04 04:00:00,2026-01-03 04:00:00,2026-01-05 03:30:00,2681.1788174149638,,795.7261244273836,,3.045366622140575,6.1620466507150695e-09,0.9294990974682877,-3.143363902502472e-08,3.984345949502453,1,TC5,sup_inf
2026-01-04 16:00:00,2026-01-03 16:00:00,2026-01-05 15:30:00,2565.7730963028735,236.97726238071797,127.74140737504791,908.2667623397194,2.892348750905573,0.17287731681388818,0.9269672325692536,0.8195913611639261,1.0360367322634343,0,TC5,sup_inf
2026-01-05 04:00:00,2026-01-04 04:00:00,2026-01-06 03:30:00,2704.148691904296,,845.261528032518,,2.926933463354177,6.671925650847399e-10,0.9194884851422295,-4.358091887368687e-09,3.2951460379016875,1,TC5,sup_inf
2026-01-05 16:00:00,2026-01-04 16:00:00,2026-01-06 15:30:00,2488.71345558773,220.50358186303234,144.0690753676045,917.3154081161242,2.8810723923518786,0.1452161005916829,0.9014350529901908,0.5630312853608771,1.3581027121314193,0,TC5,sup_inf
2026-01-06 04:00:00,2026-01-05 04:00:00,2026-01-07 03:30:00,2589.340845958403,223.77949479343152,131.03738604685006,915.5866119350864,2.7247915622976757,0.14221538105502285,0.8971934908096387,0.6970270144087019,0.999896314246187,0,TC5,sup_inf
2026-01-06 16:00:00,2026-01-05 16:00:00,2026-01-07 15:30:00,2576.6644793925598,184.5394446385344,152.96300742373748,933.9759171792929,2.894919351915188,0.09598592197543031,0.9098519879331531,0.3220922195110929,1.2075692119176247,0,TC5,sup_inf
2026-01-07 04:00:00,2026-01-06 04:00:00,2026-01-08 03:30:00,2668.2151568102363,,805.4612673304981,,2.7777452281843034,6.547220710029222e-09,0.9079489409878748,-1.5112702644870524e-08,4.43061685770183,1,TC5,sup_inf
2026-01-07 16:00:00,2026-01-06 16:00:00,2026-01-08 15:30:00,-1817.0085457540022,,6.7276711561958225,-3988.9415696240376,7.294119974687874e-09,3.741384474453824e-08,4.186744506640139e-09,7.504505494804192e-08,1.8379103248584632,1,TC5,sup_inf
2026-01-08 04:00:00,2026-01-07 04:00:00,2026-01-09 03:30:00,2673.6283988164478,,801.9368838057779,,2.278526087192787,4.998800651190294e-09,0.819378942834188,-1.5119171914435015e-08,4.252573077645843,1,TC5,sup_inf
2026-01-08 16:00:00,2026-01-07 16:00:00,2026-01-09 15:30:00,2477.551393833624,245.09254875151535,133.0876077236509,903.486039275951,2.3556627071127716,0.1524573714134057,0.8245147620300781,0.35424760106651076,1.2768527864770234,0,TC5,sup_inf
2026-01-09 04:00:00,2026-01-08 04:00:00,2026-01-10 03:30:00,1394.1529736260131,568.5240852481845,89.16943722143586,611.0334446779419,2.700103429731371e-08,9.921901938936273e-09,2.1327739352372532e-08,3.283493310579644e-08,1.6886370200189509,1,TC5,sup_inf
2026-01-09 16:00:00,2026-01-08 16:00:00,2026-01-10 15:30:00,2593.8873869613244,,793.1341946148359,,2.4210602319872283,3.874357494548786e-08,0.8772598125800594,6.078854075663997e-08,5.9741329174681415,1,TC5,sup_inf
2026-01-10 04:00:00,2026-01-09 04:00:00,2026-01-11 03:30:00,2369.375887428417,225.35639458044622,153.36028546124328,914.7418966991413,2.8114088419450263,0.1491946198839889,0.891073003627098,0.32155409359420106,1.6898745976041791,0,TC5,sup_inf
2026-01-10 16:00:00,2026-01-09 16:00:00,2026-01-11 15:30:00,-2339.1378318737084,,-24.0051717384771,-5071.792450329917,3.581642094019344e-09,2.2386241249616745e-08,-2.02823224881854e-09,-1.194176018071147e-07,1.1085168296218875,1,TC5,sup_inf
2026-01-11 04:00:00,2026-01-10 04:00:00,2026-01-12 03:30:00,2730.0630201923627,194.08452938914127,114.70445050317274,929.9675948759827,2.9511599066565166,0.11009615179790046,0.9165035911955247,0.12965813331972564,0.17142360330035267,1,TC5,sup_inf
2026-01-11 16:00:00,2026-01-10 16:00:00,2026-01-12 15:30:00,705.4321523040029,484.24894468015987,199.840332182879,694.9008721090939,7.668292223428352e-09,2.1520677184749815e-09,-4.280930054889609e-09,4.495011252103609e-09,4.757454897155639,1,TC5,sup_inf
2026-01-12 04:00:00,2026-01-11 04:00:00,2026-01-13 03:30:00,1176.157990062328,227.686235249436,299.07556363090157,913.4789592315142,2.844526937034911,0.1546709978606538,0.914361414997861,0.14606002090336578,6.109666960432429,1,TC5,sup_inf
2026-01-12 16:00:00,2026-01-11 16:00:00,2026-01-13 15:30:00,2296.1850089214972,256.38202209129525,143.60731946183824,896.4871910736118,2.789995751079238,0.20078111948756522,0.9169845627051775,0.26553772504915485,1.7002888783330683,1,TC5,sup_inf
2026-01-13 04:00:00,2026-01-12 04:00:00,2026-01-14 03:30:00,2728.850489479309,210.2723729386739,108.94258714518189,922.4876595094117,2.773929182791334,0.1249633507421868,0.9136070517627857,0.21022501413780703,0.1862187355868654,1,TC5,sup_inf
2026-01-13 16:00:00,2026-01-12 16:00:00,2026-01-14 15:30:00,872.1445466810146,395.13501805396027,219.04471702240102,783.0677628192448,2.5456959207303953e-08,4.820922396472684e-09,1.3676513366256415e-08,-3.58424603330576e-08,4.943389976132398,1,TC5,sup_inf
2026-01-14 04:00:00,2026-01-13 04:00:00,2026-01-15 03:30:00,2733.2433252499427,,700.7461183030085,,2.6809833167424064,2.6604243252847937e-09,0.8997126607411302,2.8221223136171147e-08,0.40681875331821526,1,TC5,sup_inf
2026-01-14 16:00:00,2026-01-13 16:00:00,2026-01-15 15:30:00,2640.0484529412033,205.875340625034,132.49240961738806,924.6046536484396,2.8231059643759027,0.12099190966514134,0.9129270546424176,0.6382757629001485,0.8467218892705561,0,TC5,sup_inf
2026-01-15 04:00:00,2026-01-14 04:00:00,2026-01-16 03:30:00,2732.3719975736076,,745.686976487345,,2.7519875793719835,9.411924295488205e-10,0.9197711624352516,5.802260227838474e-09,0.6972123039517069,1,TC5,sup_inf
2026-01-15 16:00:00,2026-01-14 16:00:00,2026-01-16 15:30:00,2704.5375679558438,203.32387737471421,120.93492380436274,925.8038971193793,2.861790183456737,0.11909706985768467,0.9318558865032596,0.37441266004434737,0.46869953518044916,0,TC5,sup_inf
2026-01-16 04:00:00,2026-01-15 04:00:00,2026-01-17 03:30:00,2455.8895646860637,233.63503598799616,140.72172985869972,910.1740023726167,2.7739882676576015,0.16032599963226182,0.925985275317834,0.5010829496708646,1.3939938541629875,0,TC5,sup_inf
2026-01-16 16:00:00,2026-01-15 16:00:00,2026-01-17 15:30:00,2707.511789901472,202.14585624217102,120.62817486371188,926.3503652729977,2.7151344440561007,0.11145785474360306,0.9384626895317316,0.3243669984630695,0.44576010900036134,0,TC5,sup_inf
2026-01-17 04:00:00,2026-01-16 04:00:00,2026-01-18 03:30:00,2430.272081697987,224.9018251415009,147.72077013300978,914.9862359282396,2.6519544140174283,0.14006198241829587,0.9426687516293929,0.5014039484151387,1.5149826918394806,0,TC5,sup_inf
2026-01-17 16:00:00,2026-01-16 16:00:00,2026-01-18 15:30:00,2659.5271359486624,216.73919776322543,124.28347329818557,919.2584811618965,2.452670092917815,0.11868970325751156,0.8879243159545054,0.5920265912522231,0.7205512405194532,0,TC5,sup_inf
2026-01-18 04:00:00,2026-01-17 04:00:00,2026-01-19 03:30:00,2673.243596563648,172.87316735485894,143.18943993449767,938.4751416526234,2.6956754898601787,0.07682439699943976,0.9030215990141346,0.31462749241471966,0.7613818324164816,0,TC5,sup_inf
2026-01-18 16:00:00,2026-01-17 16:00:00,2026-01-19 15:30:00,2467.9855942151175,232.40481155088997,140.14684657926236,910.8669117845584,2.593790611241014,0.1480507495234207,0.9155559290381354,0.3021672820271958,1.3641642912448975,0,TC5,sup_inf
2026-01-19 04:00:00,2026-01-18 04:00:00,2026-01-20 03:30:00,2601.490673758678,,825.3489660539202,,2.7780087442040147,1.8649002689330452e-08,0.919752302593547,4.50561615794598e-08,6.077180097284831,1,TC5,sup_inf
2026-01-19 16:00:00,2026-01-18 16:00:00,2026-01-20 15:30:00,2404.4982624439735,232.5389928735934,146.2022111412028,910.7915740332767,2.8048442465821584,0.16031620854385706,0.9224060870981843,0.319436840681395,1.54818783005532,0,TC5,sup_inf
2026-01-20 04:00:00,2026-01-19 04:00:00,2026-01-21 03:30:00,2727.2098575285972,194.60199210340156,116.36617056883468,929.7418013807402,2.86642944408626,0.10760518936434872,0.9282307156182226,0.3036830129735377,0.2277947640353295,0,TC5,sup_inf
2026-01-20 16:00:00,2026-01-19 16:00:00,2026-01-21 15:30:00,2467.2887184846413,221.1296543236084,145.97796817617595,916.9877320899924,2.8368979058217763,0.14395184860380328,0.9259095445126595,0.5086895317138562,1.422391145220309,0,TC5,sup_inf
2026-01-21 04:00:00,2026-01-20 04:00:00,2026-01-22 03:30:00,2706.501933120255,189.92964445450343,126.45562778633479,931.7488469032431,2.7709462441079395,0.09826364294415264,0.9269045721451208,0.3065952289105205,0.47520353351047273,0,TC5,sup_inf
2026-01-21 16:00:00,2026-01-20 16:00:00,2026-01-22 15:30:00,2506.624801507721,218.0632112894484,143.40895980765688,918.5803705615124,2.6538540895061513,0.13028834304048503,0.9126215763186633,0.5183765572115924,1.3118671996122335,0,TC5,sup_inf
2026-01-22 04:00:00,2026-01-21 04:00:00,2026-01-23 03:30:00,953.7802698449352,291.28754233365015,285.2214814412964,872.3963555980736,2.7905510879419944,0.2704135557917345,0.8630461691806312,0.0598229467524547,6.269572885853983,1,TC5,sup_inf
2026-01-22 16:00:00,2026-01-21 16:00:00,2026-01-23 15:30:00,2710.0272250695302,264.7860429468586,95.97073089636494,891.0193049662635,3.047401356840629,0.23655445165030162,0.8898266049575672,0.04644986820005792,0.3390603396480165,1,TC5,sup_inf
2026-01-23 04:00:00,2026-01-22 04:00:00,2026-01-24 03:30:00,2733.4926197902537,272.63054054146613,83.64120483235581,885.721506038623,3.10198454917392,0.25780347639059326,0.9025557993989575,0.05647590706923067,0.03541041204145934,1,TC5,sup_inf
2026-01-23 16:00:00,2026-01-22 16:00:00,2026-01-24 15:30:00,-2730.3013283118125,,-521.1300005263988,-14943730949.841572,1.4848207996465135e-08,0.22969605291781706,7.0202356150517176e-09,0.04553853067439051,0.8346684643640905,1,TC5,sup_inf
2026-01-24 04:00:00,2026-01-23 04:00:00,2026-01-25 03:30:00,2513.007108531308,214.1755869346121,144.7245188367424,920.5550765843884,3.086847866695254,0.14523561751281244,0.9226903540756308,0.5723053829361848,1.3090204658396365,0,TC5,sup_inf
2026-01-24 16:00:00,2026-01-23 16:00:00,2026-01-25 15:30:00,-2729.5643289219265,,-538.8405790285004,-28775136040.30607,2.7195512508626507e-09,0.08100933547369374,1.3891359174067475e-09,0.15623048744659151,0.9556543006024404,1,TC5,sup_inf
2026-01-25 04:00:00,2026-01-24 04:00:00,2026-01-26 03:30:00,2672.883729233363,,757.2645185445245,,2.8096909240906327,1.911515662422758e-08,0.8771426232547566,-8.385962169121797e-08,4.036783305548969,1,TC5,sup_inf
2026-01-25 16:00:00,2026-01-24 16:00:00,2026-01-26 15:30:00,2725.5570595310037,184.67120599398413,121.64432644825305,933.9226013264104,2.6551080320857947,0.08818111511273449,0.8667993959625524,0.28109183889389167,0.26451441450190827,1,TC5,sup_inf
2026-01-26 04:00:00,2026-01-25 04:00:00,2026-01-27 03:30:00,2561.7585123083327,190.93071363678112,151.38521006371653,931.3248286873736,2.63105512171308,0.09445768117346776,0.8795654852620003,0.5518130636719625,1.2394981405785321,0,TC5,sup_inf
2026-01-26 16:00:00,2026-01-25 16:00:00,2026-01-27 15:30:00,2733.0223280215696,,617.9979835141382,,2.7141724037566775,3.331560245734e-08,0.8619962474203922,4.836673415109516e-07,0.4259844778967947,1,TC5,sup_inf
2026-01-27 04:00:00,2026-01-26 04:00:00,2026-01-28 03:30:00,2582.3732501799705,181.80345392084715,153.71607883933345,935.0703251608553,2.99855971857175,0.096025161073399,0.8984121837273099,0.8098257072905731,1.1955192607372505,0,TC5,sup_inf
2026-01-27 16:00:00,2026-01-26 16:00:00,2026-01-28 15:30:00,2694.8870139592564,,851.5713087723466,,3.3114088190993263,9.750078938663975e-10,0.9132724661778393,-1.3392188913385894e-08,3.741426967569261,1,TC5,sup_inf
2026-01-28 04:00:00,2026-01-27 04:00:00,2026-01-29 03:30:00,2730.309988207478,,683.1205486506079,,3.402384327200359,1.0273181527686859e-08,0.9090756536169937,1.4698688033387697e-07,0.9879073920079069,1,TC5,sup_inf
2026-01-28 16:00:00,2026-01-27 16:00:00,2026-01-29 15:30:00,2631.9546679149416,190.3277264029574,141.58227339666448,931.5806244582518,3.181403357806198,0.1133733415541286,0.8744919083834104,0.9170192547763293,0.9363926006936818,0,TC5,sup_inf
2026-01-29 04:00:00,2026-01-28 04:00:00,2026-01-30 03:30:00,2711.22581454718,151.17919056517857,144.5928369611096,945.7038514907713,3.2064936582065204,0.06738777443178348,0.875198803121027,0.2685776469035345,0.49912700596272064,1,TC5,sup_inf
2026-01-29 16:00:00,2026-01-28 16:00:00,2026-01-30 15:30:00,2514.42527518261,208.38416557177442,147.62865070380323,923.4045551489563,3.02572686850507,0.13343473563353864,0.8924318826395748,0.3151109015945234,1.3318769023291428,0,TC5,sup_inf
2026-01-30 04:00:00,2026-01-29 04:00:00,2026-01-31 03:30:00,1421.8893152878431,161.86948394124158,324.8206942273389,942.323295684091,3.1003747985018024,0.07600740195090219,0.8956077340181017,0.10432812532784441,6.089664824062802,1,TC5,sup_inf
2026-01-30 16:00:00,2026-01-29 16:00:00,2026-01-31 15:30:00,2727.675884540495,,734.0353322106873,,3.038531569826024,2.946839328110684e-09,0.8801184046257698,1.5183330037693565e-08,1.3880340715620214,1,TC5,sup_inf
2026-01-31 04:00:00,2026-01-30 04:00:00,2026-02-01 03:30:00,2661.958459584851,190.89901951779663,136.10129363722896,931.3383033086801,2.7278608101191417,0.09789505809637301,0.8308076820664682,0.4461343404163619,0.7780750785266992,0,TC5,sup_inf
2026-01-31 16:00:00,2026-01-30 16:00:00,2026-02-01 15:30:00,2709.277818898206,150.22468321807472,145.8342022378421,945.9889127429287,2.8580499798566494,0.05922148085199165,0.8652729577002626,0.11696298510184688,0.5224315624553983,1,TC5,sup_inf
2026-02-01 04:00:00,2026-01-31 04:00:00,2026-02-02 03:30:00,2445.3922218827174,234.7371480302149,141.1873500534354,909.5490786453106,2.5099507949281503,0.14668936087286186,0.8797956137214409,0.24969151238692333,1.4191700010529802,1,TC5,sup_inf
2026-02-01 16:00:00,2026-01-31 16:00:00,2026-02-02 15:30:00,1349.4669207726006,185.37965917108295,310.921380602508,933.6349694034101,2.8280083159155898,0.09476550826274038,0.8621529240288452,0.11902477342859319,5.982921567720787,1,TC5,sup_inf
2026-02-02 04:00:00,2026-02-01 04:00:00,2026-02-03 03:30:00,2669.7237586259143,,756.4112264117517,,2.7654039341843437,2.0977745429640038e-08,0.8245540321892402,-8.080344215954938e-08,4.119912367908798,1,TC5,sup_inf
2026-02-02 16:00:00,2026-02-01 16:00:00,2026-02-03 15:30:00,1422.3525975269336,174.45371806506085,309.7079640857468,937.8910794834809,3.0843847730053877,0.089767139858243,0.8142573341953099,0.14623070797030469,5.8053531992086365,1,TC5,sup_inf
2026-02-03 04:00:00,2026-02-02 04:00:00,2026-02-04 03:30:00,2680.89252919111,,804.7446425641151,,3.168294792938899,5.1577423304527414e-09,0.8303368260521587,-1.506286162467063e-08,4.038904417795033,1,TC5,sup_inf
2026-02-03 16:00:00,2026-02-02 16:00:00,2026-02-04 15:30:00,1640.0439880861265,122.84525663874714,333.5617078180951,953.0503709890346,3.6278098769762717,0.04865249523917013,0.8562286119751569,0.13054025203725894,5.750100951791292,1,TC5,sup_inf
2026-02-04 04:00:00,2026-02-03 04:00:00,2026-02-05 03:30:00,2732.328851322269,,752.7727381958325,,3.8894126412406336,1.0927130450477662e-09,0.8803978484098972,2.694346235010414e-08,0.7142885941642207,1,TC5,sup_inf
2026-02-04 16:00:00,2026-02-03 16:00:00,2026-02-05 15:30:00,2617.582045878138,103.6082281749066,200.8121478607972,,4.251324172736278,0.04044154348695234,0.8626724622517123,0.5551690665672545,1.4023060080855947,0,TC5,sup_inf
2026-02-05 04:00:00,2026-02-04 04:00:00,2026-02-06 03:30:00,2560.3265332911665,122.81333089481458,196.45948168697777,953.0573986017065,4.422346488941883,0.05927583972164954,0.8472409601721057,0.5848733761187137,1.613913531736288,0,TC5,sup_inf
2026-02-05 16:00:00,2026-02-04 16:00:00,2026-02-06 15:30:00,2536.3378537466688,152.24661445420963,178.8110632889089,945.3818440928779,4.033537247490702,0.08611348496958242,0.8131498020423957,0.6245090952395991,1.5470455696424266,0,TC5,sup_inf
2026-02-06 04:00:00,2026-02-05 04:00:00,2026-02-07 03:30:00,2450.0816362707906,177.53615629422617,173.280407925531,936.7291342455294,4.042221339857176,0.12250589414134223,0.8606036506021139,0.8049738242279869,1.7305575866866727,0,TC5,sup_inf
2026-02-06 16:00:00,2026-02-05 16:00:00,2026-02-07 15:30:00,2689.156629858332,,884.7760215944816,,3.352118860429424,5.329451047142442e-10,0.897858846083013,-5.852335283051957e-09,4.12679045366872,1,TC5,sup_inf
2026-02-07 04:00:00,2026-02-06 04:00:00,2026-02-08 03:30:00,2687.8403784883762,,802.4109215472597,,3.2549857430038336,4.43271848393767e-09,0.8974303327036116,-3.412330173979683e-08,3.7900281950722743,1,TC5,sup_inf
2026-02-07 16:00:00,2026-02-06 16:00:00,2026-02-08 15:30:00,-2712.9367784049723,,-488.3017952570365,-19444044199.131416,6.001513508380185e-09,0.12080024943163727,2.8194676593429335e-09,0.4162913957148503,2.088169699471246,1,TC5,sup_inf
2026-02-08 04:00:00,2026-02-07 04:00:00,2026-02-09 03:30:00,2715.9098981917837,154.36635884065663,141.02695236391824,944.7322461812184,3.304880122916994,0.07277950580453313,0.9077571626263198,0.23748548813870196,0.43831184655709965,1,TC5,sup_inf
2026-02-08 16:00:00,2026-02-07 16:00:00,2026-02-09 15:30:00,2536.529565028214,172.06831827913504,165.8580165325448,938.7695119479541,3.4180296969335706,0.09636928672518623,0.9142220487376885,0.5431350529163913,1.4344220321835426,0,TC5,sup_inf
2026-02-09 04:00:00,2026-02-08 04:00:00,2026-02-10 03:30:00,2691.151105515377,,763.4133271814765,,3.454325147331965,1.1308518330088724e-08,0.9143276305974428,-1.8440405247233116e-07,3.4907822414716616,1,TC5,sup_inf
2026-02-09 16:00:00,2026-02-08 16:00:00,2026-02-10 15:30:00,2632.6291736240614,153.1281856178764,162.66233981958484,945.1133274216719,3.585246685927695,0.07753933992945591,0.9103054907367478,0.8578109820762658,1.0728603278824091,0,TC5,sup_inf
2026-02-10 04:00:00,2026-02-09 04:00:00,2026-02-11 03:30:00,2593.2894187962333,164.69993575914748,162.20496074377624,941.3695935507774,3.63454927582918,0.09269124315646603,0.9121000470504033,0.821216462503732,1.2238943931361472,0,TC5,sup_inf
2026-02-10 16:00:00,2026-02-09 16:00:00,2026-02-11 15:30:00,2670.329538083617,147.8214775398934,158.1451220282868,946.6946329465882,3.7478444520126093,0.07492085146625647,0.911764307093374,0.6616443912057812,0.8578931408857668,0,TC5,sup_inf
2026-02-11 04:00:00,2026-02-10 04:00:00,2026-02-12 03:30:00,2584.1301756062644,170.5071862383046,160.07967042902112,939.3346453984065,3.737950571683613,0.10320248344122929,0.906801120318755,0.6932114955564953,1.2391522255880103,0,TC5,sup_inf
2026-02-11 16:00:00,2026-02-10 16:00:00,2026-02-12 15:30:00,2705.7406807887187,143.1621716352959,151.10809899546572,948.0144507507223,3.9206732995883047,0.07301909451050956,0.9184692605315469,0.38237954196942026,0.574829787010608,0,TC5,sup_inf
2026-02-12 04:00:00,2026-02-11 04:00:00,2026-02-13 03:30:00,2543.969683545616,179.5643891837995,160.29543638533448,935.9480016277272,3.7914542504147524,0.11797185271276425,0.9111509338871029,0.47153779056302303,1.3652017122535725,0,TC5,sup_inf
2026-02-12 16:00:00,2026-02-11 16:00:00,2026-02-13 15:30:00,-2665.9773610997318,,-431.1917077588756,-19590389331.437057,3.644743173936149e-09,0.07391463584835059,-1.442894470571332e-09,0.16803106247971622,3.818375521016172,1,TC5,sup_inf
2026-02-13 04:00:00,2026-02-12 04:00:00,2026-02-14 03:30:00,2491.68162309969,180.28476968329198,166.5171202529424,935.667384207807,3.969555095106939,0.12466662221574938,0.9269896211208473,0.3156343312856532,1.562169540288803,0,TC5,sup_inf
2026-02-13 16:00:00,2026-02-12 16:00:00,2026-02-14 15:30:00,-2728.054429441071,,-466.70823155045633,-3329718146.3006096,2.455858938432698e-08,0.08465087247831314,1.000877614121265e-08,0.23504391206234254,0.974879731927562,1,TC5,sup_inf
2026-02-14 04:00:00,2026-02-13 04:00:00,2026-02-15 03:30:00,2573.2910494726743,165.48004911658236,164.76586666069198,941.1023651710403,3.7282107859313705,0.09611121925182942,0.9243318176602027,0.5491441869697098,1.3119320233901135,0,TC5,sup_inf
2026-02-14 16:00:00,2026-02-13 16:00:00,2026-02-15 15:30:00,2688.582032364227,162.75829801166557,145.08575719751818,942.0264893129198,3.6334586003101723,0.09019263067216136,0.9269178945530681,0.8420260737634813,0.6804729426256608,0,TC5,sup_inf
2026-02-15 04:00:00,2026-02-14 04:00:00,2026-02-16 03:30:00,2689.2541310303204,,773.9892260422405,,3.4774207393693857,9.291083180595905e-09,0.9162779362355534,-1.2066515897579677e-07,3.6066359747749126,1,TC5,sup_inf
2026-02-15 16:00:00,2026-02-14 16:00:00,2026-02-16 15:30:00,2696.0286437632144,152.5995629988568,148.73610372718883,945.2746200047916,3.5577673938767447,0.07635100054806297,0.9040313834223039,0.5756032056225312,0.645029656509607,0,TC5,sup_inf
2026-02-16 04:00:00,2026-02-15 04:00:00,2026-02-17 03:30:00,2732.8603734749,,665.3390422579797,,3.6066987061367564,1.1484914713699723e-08,0.8913872640983269,1.7064834656466132e-07,0.5047151735102107,1,TC5,sup_inf
2026-02-16 16:00:00,2026-02-15 16:00:00,2026-02-17 15:30:00,2676.9735708591757,155.11692141016252,152.2550942583932,944.4989881262668,3.6889401544345177,0.08212796609213847,0.8854690883381455,0.8553823205310893,0.787910353112101,0,TC5,sup_inf
2026-02-17 04:00:00,2026-02-16 04:00:00,2026-02-18 03:30:00,2733.0523754123087,,639.5811533774057,,3.7601080909535027,2.4217036501128497e-08,0.8821188365387582,3.6885138687825503e-07,0.4321038179143253,1,TC5,sup_inf
2026-02-17 16:00:00,2026-02-16 16:00:00,2026-02-18 15:30:00,-2724.5114140153682,,-484.46501118883964,-7987136304.382339,1.0315619913825458e-08,0.08529172583422048,3.982089658016719e-09,0.7805715196420561,1.3141966085836387,1,TC5,sup_inf
2026-02-18 04:00:00,2026-02-17 04:00:00,2026-02-19 03:30:00,2731.5818661018657,,697.5977521850948,,3.9698986196379566,6.482577502575637e-09,0.9029991385158569,1.0878485612320077e-07,0.8099249379254818,1,TC5,sup_inf
2026-02-18 16:00:00,2026-02-17 16:00:00,2026-02-19 15:30:00,-2615.831916527217,,-341.37186771061175,-2553844289.3300304,3.3233596319348635e-08,0.08786023099994981,-1.2537301641302179e-08,0.8676415100593962,4.490323287861297,1,TC5,sup_inf
2026-02-19 04:00:00,2026-02-18 04:00:00,2026-02-20 03:30:00,-2728.18607557721,,-444.67639239186576,-1617288890.6666067,4.923199892203911e-08,0.08242439233110055,2.198455972823865e-08,0.8540076499850738,0.917326986073637,1,TC5,sup_inf
2026-02-19 16:00:00,2026-02-18 16:00:00,2026-02-20 15:30:00,2629.6107881723287,165.5836917426228,155.68268803548318,941.066719608257,3.7144777453211884,0.09589425311486012,0.894498100526014,0.7768541244161424,1.0393711922443116,0,TC5,sup_inf
2026-02-20 04:00:00,2026-02-19 04:00:00,2026-02-21 03:30:00,2707.098195781863,,767.6587559325285,,3.6777975757704326,5.6178143387208834e-09,0.8900082912171394,-4.169958467414858e-08,2.8565436701692866,1,TC5,sup_inf
2026-02-20 16:00:00,2026-02-19 16:00:00,2026-02-21 15:30:00,2582.756292063262,158.98447350592613,167.41278898318473,943.2699228251184,3.6272734228577854,0.08537010357004488,0.8995341351246913,0.3187222858223254,1.3007126920037286,0,TC5,sup_inf
2026-02-21 04:00:00,2026-02-20 04:00:00,2026-02-22 03:30:00,2708.2155836488987,149.57404888343362,146.57596657866637,946.1816678940116,3.5623075654622296,0.07310354267224523,0.900547728695136,0.39064355135686457,0.5351301868983507,0,TC5,sup_inf
2026-02-21 16:00:00,2026-02-20 16:00:00,2026-02-22 15:30:00,2650.315507277447,143.21552770266808,165.41609490011575,947.9996952962497,3.8098030107584955,0.07101242646103739,0.9114066347019104,0.6846904465545611,1.0072457297956356,0,TC5,sup_inf
2026-02-22 04:00:00,2026-02-21 04:00:00,2026-02-23 03:30:00,2590.363174186125,164.73155444704517,162.64098007556822,941.3587993933506,3.8156731769553405,0.09735304914782296,0.9100495026112077,0.7318294120523601,1.2374848290961227,0,TC5,sup_inf
2026-02-22 16:00:00,2026-02-21 16:00:00,2026-02-23 15:30:00,2698.173455108224,,793.7290497340568,,3.645754412005276,4.1761533536854856e-09,0.8902967559293473,-5.772387146052438e-08,3.355144411102113,1,TC5,sup_inf
2026-02-23 04:00:00,2026-02-22 04:00:00,2026-02-24 03:30:00,2670.5918674907625,148.5161094791556,157.66323450369111,946.4924069046272,3.7047359822798773,0.07483465544938465,0.901031656503544,0.6188082069123917,0.8537748666571199,0,TC5,sup_inf
2026-02-23 16:00:00,2026-02-22 16:00:00,2026-02-24 15:30:00,2501.7810020968764,247.48140867439554,129.6459946377249,902.0386519384508,1.995601950355308e-08,1.3214446481502051e-09,-8.411301655186776e-09,-1.0602138500459546e-08,1.1959247153305221,1,TC5,sup_inf
2026-02-24 04:00:00,2026-02-23 04:00:00,2026-02-25 03:30:00,2724.9574600021947,156.83360333232054,135.39884908241683,943.9590658087876,3.6186611018205777,0.08258587436403138,0.8933138636404633,0.30207340966547513,0.30424226728154835,0,TC5,sup_inf
